0 3.314189255069311e-02 -3.281250529929518e-01 3.297945351934582e-01
1 3.314189255024949e-02 -3.281250529932903e-01 3.297945351937504e-01
2 3.314189255070291e-02 -3.281250529929601e-01 3.297945351934674e-01
3 3.314189255025128e-02 -3.281250529932880e-01 3.297945351937482e-01
4 3.314189255024913e-02 3.281250529932891e-01 3.297945351937492e-01
5 3.314189255069343e-02 3.281250529929514e-01 3.297945351934577e-01
6 3.314189255024727e-02 3.281250529932981e-01 3.297945351937580e-01
7 3.314189255068834e-02 3.281250529929560e-01 3.297945351934619e-01
8 1.398362993602800e-01 -6.468474266465055e-01 6.617898336919239e-01
9 1.398362993593177e-01 -6.468474266473458e-01 6.617898336925419e-01
10 1.398362993602993e-01 -6.468474266464861e-01 6.617898336919089e-01
11 1.398362993593368e-01 -6.468474266473285e-01 6.617898336925289e-01
12 1.398362993593264e-01 6.468474266473424e-01 6.617898336925404e-01
13 1.398362993602886e-01 6.468474266465025e-01 6.617898336919227e-01
14 1.398362993593146e-01 6.468474266473182e-01 6.617898336925142e-01
15 1.398362993602748e-01 6.468474266464760e-01 6.617898336918938e-01
16 1.481725187085940e-01 -5.377526200019379e-01 5.577929504927409e-01
17 1.481725187098876e-01 -5.377526200009647e-01 5.577929504921463e-01
18 1.481725187108005e-01 -5.377526198827024e-01 5.577929503783754e-01
19 1.481725187121025e-01 -5.377526198817326e-01 5.577929503777863e-01
20 1.481725187086015e-01 -5.377526200019465e-01 5.577929504927511e-01
21 1.481725187121071e-01 -5.377526198817283e-01 5.577929503777833e-01
22 1.481725187098960e-01 5.377526200009788e-01 5.577929504921620e-01
23 1.481725187085993e-01 5.377526200019515e-01 5.577929504927553e-01
24 1.481725187108096e-01 5.377526198827079e-01 5.577929503783832e-01
25 1.481725187121104e-01 5.377526198817358e-01 5.577929503777915e-01
26 1.481725187121033e-01 5.377526198817316e-01 5.577929503777855e-01
27 1.481725187108132e-01 5.377526198826943e-01 5.577929503783710e-01
28 1.481725187098976e-01 -5.377526200009706e-01 5.577929504921546e-01
29 1.481725187108090e-01 -5.377526198827036e-01 5.577929503783787e-01
30 1.481725187085860e-01 5.377526200019482e-01 5.577929504927487e-01
31 1.481725187099103e-01 5.377526200009655e-01 5.577929504921531e-01
32 2.549220776324634e-01 -7.732334395965885e-01 8.141714916249665e-01
33 2.549220776292017e-01 -7.732334395990315e-01 8.141714916262653e-01
34 2.549220776340268e-01 -7.732334395138731e-01 8.141714915468997e-01
35 2.549220776307666e-01 -7.732334395163069e-01 8.141714915481902e-01
36 2.549220776307927e-01 -7.732334395163326e-01 8.141714915482229e-01
37 2.549220776292287e-01 -7.732334395990528e-01 8.141714916262939e-01
38 2.549220776324898e-01 -7.732334395966128e-01 8.141714916249977e-01
39 3.455574696282329e-01 -9.750499901613342e-01 1.034472062517633e+00
40 3.455574696268694e-01 -9.750499901624906e-01 1.034472062518267e+00
41 2.549220776307686e-01 7.732334395163211e-01 8.141714915482043e-01
42 2.549220776340306e-01 7.732334395138820e-01 8.141714915469094e-01
43 2.549220776324654e-01 7.732334395966064e-01 8.141714916249840e-01
44 2.549220776292054e-01 7.732334395990447e-01 8.141714916262790e-01
45 2.549220776340547e-01 -7.732334395138891e-01 8.141714915469236e-01
46 2.549220776340448e-01 7.732334395138833e-01 8.141714915469149e-01
47 2.549220776308012e-01 7.732334395163299e-01 8.141714915482230e-01
48 2.549220776324826e-01 7.732334395966022e-01 8.141714916249855e-01
49 2.549220776292231e-01 7.732334395990365e-01 8.141714916262768e-01
50 3.455574696268788e-01 -9.750499901625093e-01 1.034472062518288e+00
51 3.455574696282168e-01 -9.750499901613673e-01 1.034472062517659e+00
52 3.455574696268537e-01 9.750499901624796e-01 1.034472062518252e+00
53 3.455574696282163e-01 9.750499901613243e-01 1.034472062517618e+00
54 3.455574696282476e-01 9.750499901613622e-01 1.034472062517664e+00
55 3.455574696268880e-01 9.750499901625169e-01 1.034472062518298e+00
56 3.308458884127845e-01 -7.321730662514125e-01 8.034527993750723e-01
57 3.308458884192332e-01 -7.321730662448290e-01 8.034527993717282e-01
58 3.308458884178430e-01 -7.321730659745611e-01 8.034527991248651e-01
59 3.308458884242899e-01 -7.321730659679734e-01 8.034527991215166e-01
60 3.308458884242794e-01 -7.321730659679883e-01 8.034527991215257e-01
61 3.308458884178334e-01 -7.321730659745662e-01 8.034527991248658e-01
62 3.308458884192462e-01 -7.321730662448364e-01 8.034527993717403e-01
63 3.308458884127867e-01 -7.321730662514226e-01 8.034527993750824e-01
64 3.308458884184974e-01 -7.321730661096930e-01 8.034527992482781e-01
65 3.308458884185589e-01 -7.321730661096889e-01 8.034527992482996e-01
66 4.608644757054245e-01 -1.060704498657042e+00 1.156499069795788e+00
67 3.308458884185079e-01 -7.321730661096886e-01 8.034527992482783e-01
68 3.308458884185190e-01 -7.321730661097181e-01 8.034527992483099e-01
69 4.608644757099474e-01 -1.060704498653610e+00 1.156499069794442e+00
70 4.608644757054429e-01 -1.060704498657045e+00 1.156499069795798e+00
71 4.608644757106505e-01 -1.060704498593330e+00 1.156499069739436e+00
72 4.608644757061460e-01 -1.060704498596749e+00 1.156499069740777e+00
73 4.608644757061482e-01 -1.060704498596761e+00 1.156499069740788e+00
74 3.308458884242979e-01 7.321730659679668e-01 8.034527991215139e-01
75 3.308458884178492e-01 7.321730659745495e-01 8.034527991248570e-01
76 3.308458884242938e-01 7.321730659679638e-01 8.034527991215095e-01
77 3.308458884178426e-01 7.321730659745515e-01 8.034527991248561e-01
78 3.308458884192390e-01 7.321730662448174e-01 8.034527993717199e-01
79 3.308458884185267e-01 7.321730661096917e-01 8.034527992482888e-01
80 3.308458884185140e-01 7.321730661096868e-01 8.034527992482793e-01
81 3.308458884192402e-01 7.321730662448296e-01 8.034527993717315e-01
82 3.308458884184993e-01 7.321730661097029e-01 8.034527992482878e-01
83 3.308458884127916e-01 7.321730662514030e-01 8.034527993750663e-01
84 3.308458884128016e-01 7.321730662514097e-01 8.034527993750765e-01
85 4.608644757106581e-01 -1.060704498593340e+00 1.156499069739448e+00
86 4.608644757099385e-01 -1.060704498653632e+00 1.156499069794459e+00
87 3.308458884185383e-01 7.321730661096787e-01 8.034527992482817e-01
88 4.608644757099445e-01 1.060704498653606e+00 1.156499069794438e+00
89 4.608644757061405e-01 1.060704498596735e+00 1.156499069740762e+00
90 4.608644757106504e-01 1.060704498593326e+00 1.156499069739432e+00
91 4.608644757061367e-01 1.060704498596776e+00 1.156499069740798e+00
92 4.608644757099349e-01 1.060704498653653e+00 1.156499069794477e+00
93 4.608644757054218e-01 1.060704498657029e+00 1.156499069795775e+00
94 4.608644757054338e-01 1.060704498657060e+00 1.156499069795808e+00
95 4.608644757106567e-01 1.060704498593350e+00 1.156499069739456e+00
96 4.382148319933791e-01 -9.149744656542543e-01 1.014500129018362e+00
97 4.382148319762317e-01 -9.149744656707803e-01 1.014500129025860e+00
98 4.382148319781719e-01 -9.149744658903268e-01 1.014500129224706e+00
99 4.382148319953146e-01 -9.149744658738057e-01 1.014500129217211e+00
100 4.382148319933944e-01 -9.149744656542461e-01 1.014500129018362e+00
101 4.382148319762537e-01 -9.149744656707678e-01 1.014500129025858e+00
102 4.382148319953377e-01 -9.149744658738066e-01 1.014500129217222e+00
103 4.382148319781938e-01 -9.149744658903286e-01 1.014500129224718e+00
104 4.382148319857698e-01 -9.149744657722922e-01 1.014500129121533e+00
105 4.382148319858238e-01 -9.149744657723221e-01 1.014500129121584e+00
106 4.382148319933993e-01 9.149744656542544e-01 1.014500129018371e+00
107 4.382148319762505e-01 9.149744656707767e-01 1.014500129025865e+00
108 4.382148319953363e-01 9.149744658738028e-01 1.014500129217218e+00
109 4.382148319762845e-01 9.149744656707811e-01 1.014500129025884e+00
110 4.382148319781940e-01 9.149744658903267e-01 1.014500129224716e+00
111 4.382148319857902e-01 9.149744657723008e-01 1.014500129121550e+00
112 4.382148319858041e-01 9.149744657723078e-01 1.014500129121562e+00
113 4.382148319782199e-01 9.149744658903277e-01 1.014500129224728e+00
114 4.382148319934338e-01 9.149744656542625e-01 1.014500129018393e+00
115 4.382148319953781e-01 9.149744658738129e-01 1.014500129217245e+00
116 4.382148319857552e-01 -9.149744657722855e-01 1.014500129121521e+00
117 4.382148319857658e-01 -9.149744657722736e-01 1.014500129121515e+00
118 4.382148319858017e-01 9.149744657722815e-01 1.014500129121537e+00
119 4.382148319857827e-01 9.149744657722794e-01 1.014500129121527e+00
120 6.348765589322994e-01 -1.246360014504842e+00 1.398742839423397e+00
121 6.348765589339735e-01 -1.246360014503366e+00 1.398742839422842e+00
122 6.348765589339869e-01 -1.246360014503381e+00 1.398742839422861e+00
123 6.348765589323189e-01 -1.246360014504851e+00 1.398742839423414e+00
124 6.348765589339873e-01 1.246360014503371e+00 1.398742839422852e+00
125 6.348765589323117e-01 1.246360014504847e+00 1.398742839423407e+00
126 6.348765589339753e-01 1.246360014503386e+00 1.398742839422860e+00
127 6.348765589323273e-01 1.246360014504830e+00 1.398742839423399e+00
128 5.938968068514014e-01 -9.209617422576843e-01 1.095848505903348e+00
129 5.938968068514137e-01 -9.209617422576943e-01 1.095848505903363e+00
130 5.938968068514192e-01 -9.209617422577117e-01 1.095848505903381e+00
131 5.938968068514416e-01 -9.209617422577344e-01 1.095848505903412e+00
132 5.938968068513838e-01 9.209617422577200e-01 1.095848505903368e+00
133 5.595846584395934e-01 -8.758361563216137e-01 1.039338233050807e+00
134 5.595846584450302e-01 -8.758361563141497e-01 1.039338233047445e+00
135 5.595846584396148e-01 -8.758361563216190e-01 1.039338233050823e+00
136 5.595846584450673e-01 -8.758361563141820e-01 1.039338233047492e+00
137 5.595846584416901e-01 -8.758361560275778e-01 1.039338232804156e+00
138 5.595846584362472e-01 -8.758361560350354e-01 1.039338232807510e+00
139 5.595846584362620e-01 -8.758361560350345e-01 1.039338232807517e+00
140 5.595846584416799e-01 -8.758361560276094e-01 1.039338232804178e+00
141 6.456094543637679e-01 -1.159145988568607e+00 1.326812341809713e+00
142 6.456094543863213e-01 -1.159145988544350e+00 1.326812341799496e+00
143 6.456094543771648e-01 -1.159145988739583e+00 1.326812341965602e+00
144 6.456094543997333e-01 -1.159145988715337e+00 1.326812341955402e+00
145 6.456094543863369e-01 -1.159145988544364e+00 1.326812341799515e+00
146 6.456094543771848e-01 -1.159145988739594e+00 1.326812341965621e+00
147 6.456094543817550e-01 -1.159145988641983e+00 1.326812341882569e+00
148 6.456094543818072e-01 -1.159145988642018e+00 1.326812341882625e+00
149 5.595846584406601e-01 -8.758361561745105e-01 1.039338232927420e+00
150 5.595846584406821e-01 -8.758361561746822e-01 1.039338232927576e+00
151 5.938968068514605e-01 9.209617422577374e-01 1.095848505903425e+00
152 5.938968068514199e-01 9.209617422576644e-01 1.095848505903341e+00
153 6.456094543997721e-01 -1.159145988715357e+00 1.326812341955438e+00
154 6.456094543637569e-01 -1.159145988568584e+00 1.326812341809687e+00
155 5.595846584406272e-01 -8.758361561745363e-01 1.039338232927424e+00
156 5.595846584406514e-01 -8.758361561747141e-01 1.039338232927587e+00
157 5.595846584395929e-01 8.758361563216083e-01 1.039338233050803e+00
158 5.595846584450305e-01 8.758361563141476e-01 1.039338233047443e+00
159 5.595846584362474e-01 8.758361560350297e-01 1.039338232807506e+00
160 5.595846584416873e-01 8.758361560275696e-01 1.039338232804148e+00
161 5.938968068513845e-01 9.209617422576891e-01 1.095848505903343e+00
162 6.456094543817610e-01 -1.159145988641965e+00 1.326812341882557e+00
163 5.595846584416875e-01 8.758361560275700e-01 1.039338232804148e+00
164 5.595846584362395e-01 8.758361560350283e-01 1.039338232807500e+00
165 5.595846584396039e-01 8.758361563215907e-01 1.039338233050794e+00
166 5.595846584450224e-01 8.758361563141550e-01 1.039338233047445e+00
167 5.595846584406448e-01 8.758361561745068e-01 1.039338232927409e+00
168 7.503130899388470e-01 -1.310951917697441e+00 1.510484910036568e+00
169 7.503130899441649e-01 -1.310951917692974e+00 1.510484910035332e+00
170 7.503130899439215e-01 -1.310951917644251e+00 1.510484909992925e+00
171 5.595846584406690e-01 8.758361561746854e-01 1.039338232927572e+00
172 5.595846584406157e-01 8.758361561745188e-01 1.039338232927403e+00
173 7.503130899439103e-01 -1.310951917644277e+00 1.510484909992942e+00
174 6.456094543863495e-01 1.159145988544368e+00 1.326812341799525e+00
175 6.456094543637858e-01 1.159145988568615e+00 1.326812341809729e+00
176 6.456094543771893e-01 1.159145988739605e+00 1.326812341965633e+00
177 6.456094543997585e-01 1.159145988715340e+00 1.326812341955416e+00
178 7.503130899388143e-01 -1.310951917697442e+00 1.510484910036553e+00
179 7.503130899441597e-01 -1.310951917692998e+00 1.510484910035351e+00
180 7.503130899386178e-01 -1.310951917648725e+00 1.510484909994173e+00
181 7.503130899385934e-01 -1.310951917648739e+00 1.510484909994173e+00
182 6.456094543997677e-01 1.159145988715349e+00 1.326812341955429e+00
183 6.456094543863686e-01 1.159145988544386e+00 1.326812341799550e+00
184 5.595846584406607e-01 8.758361561746724e-01 1.039338232927557e+00
185 6.456094543637610e-01 1.159145988568631e+00 1.326812341809731e+00
186 6.456094543771947e-01 1.159145988739605e+00 1.326812341965636e+00
187 6.456094543817986e-01 1.159145988641967e+00 1.326812341882577e+00
188 6.456094543817760e-01 1.159145988641971e+00 1.326812341882569e+00
189 6.456094543817450e-01 -1.159145988642020e+00 1.326812341882597e+00
190 7.503130899385972e-01 1.310951917648723e+00 1.510484909994161e+00
191 7.503130899439049e-01 1.310951917644239e+00 1.510484909992906e+00
192 7.503130899441462e-01 1.310951917692971e+00 1.510484910035321e+00
193 7.503130899388298e-01 1.310951917697427e+00 1.510484910036547e+00
194 7.503130899438951e-01 1.310951917644264e+00 1.510484909992923e+00
195 7.503130899385654e-01 1.310951917648728e+00 1.510484909994150e+00
196 7.503130899388207e-01 1.310951917697453e+00 1.510484910036565e+00
197 7.503130899441254e-01 1.310951917692989e+00 1.510484910035326e+00
198 7.038470546242774e-01 -1.088803199836973e+00 1.296492608647848e+00
199 6.456094543817363e-01 1.159145988641981e+00 1.326812341882559e+00
200 6.456094543817587e-01 1.159145988641983e+00 1.326812341882571e+00
201 7.038470546242610e-01 -1.088803199836985e+00 1.296492608647849e+00
202 6.625943619022614e-01 -1.034673539049452e+00 1.228649917931785e+00
203 6.625943618861586e-01 -1.034673539067443e+00 1.228649917938252e+00
204 6.625943618896472e-01 -1.034673539309313e+00 1.228649918143817e+00
205 6.625943619057473e-01 -1.034673539291320e+00 1.228649918137348e+00
206 6.625943619022190e-01 -1.034673539049434e+00 1.228649917931748e+00
207 6.625943618861325e-01 -1.034673539067431e+00 1.228649917938228e+00
208 7.038470546243002e-01 -1.088803199836984e+00 1.296492608647870e+00
209 6.625943618896051e-01 -1.034673539309281e+00 1.228649918143767e+00
210 7.038470546242568e-01 1.088803199836983e+00 1.296492608647845e+00
211 7.038470546242875e-01 -1.088803199836979e+00 1.296492608647859e+00
212 6.625943619057140e-01 -1.034673539291300e+00 1.228649918137313e+00
213 6.625943618959571e-01 -1.034673539179592e+00 1.228649918037980e+00
214 6.625943618959423e-01 -1.034673539179154e+00 1.228649918037602e+00
215 7.038470546242535e-01 1.088803199837000e+00 1.296492608647858e+00
216 6.625943619022285e-01 1.034673539049443e+00 1.228649917931760e+00
217 6.625943618861402e-01 1.034673539067431e+00 1.228649917938232e+00
218 6.625943618896168e-01 1.034673539309298e+00 1.228649918143789e+00
219 6.625943619057207e-01 1.034673539291312e+00 1.228649918137327e+00
220 7.038470546243094e-01 1.088803199836977e+00 1.296492608647869e+00
221 6.625943619022333e-01 1.034673539049455e+00 1.228649917931773e+00
222 6.625943618861382e-01 1.034673539067444e+00 1.228649917938241e+00
223 6.625943618959391e-01 -1.034673539179158e+00 1.228649918037604e+00
224 6.625943618959488e-01 -1.034673539179615e+00 1.228649918037994e+00
225 6.625943618896261e-01 1.034673539309318e+00 1.228649918143811e+00
226 6.625943618959275e-01 1.034673539179169e+00 1.228649918037607e+00
227 6.625943619057246e-01 1.034673539291325e+00 1.228649918137340e+00
228 6.625943618959540e-01 1.034673539179628e+00 1.228649918038007e+00
229 6.625943618959120e-01 1.034673539179185e+00 1.228649918037613e+00
230 6.625943618959184e-01 1.034673539179605e+00 1.228649918037969e+00
231 7.038470546242509e-01 1.088803199836977e+00 1.296492608647837e+00
232 9.162069272577540e-01 -1.329358769189291e+00 1.614506076413329e+00
233 9.162069272577367e-01 -1.329358769189266e+00 1.614506076413299e+00
234 9.162069272577482e-01 -1.329358769189266e+00 1.614506076413305e+00
235 9.858452061663580e-01 -1.434362797546919e+00 1.740484819097200e+00
236 9.858452061644546e-01 -1.434362797548836e+00 1.740484819097702e+00
237 9.858452061644657e-01 -1.434362797548791e+00 1.740484819097671e+00
238 9.858452061663691e-01 -1.434362797546923e+00 1.740484819097209e+00
239 8.606863428204011e-01 -1.264567546369240e+00 1.529677109735214e+00
240 8.606863428449236e-01 -1.264567546344933e+00 1.529677109728917e+00
241 8.606863428409254e-01 -1.264567546147901e+00 1.529677109563783e+00
242 8.606863428164192e-01 -1.264567546172246e+00 1.529677109570120e+00
243 9.162069272577815e-01 -1.329358769189273e+00 1.614506076413330e+00
244 9.349978730942239e-01 -1.377297704394191e+00 1.664683149797652e+00
245 9.349978730461092e-01 -1.377297704290284e+00 1.664683149684659e+00
246 8.110719378716214e-01 -9.626916095107002e-01 1.258814054348429e+00
247 8.110719378644026e-01 -9.626916095167686e-01 1.258814054348419e+00
248 8.110719378715957e-01 -9.626916095107244e-01 1.258814054348431e+00
249 8.606863428203818e-01 -1.264567546369229e+00 1.529677109735194e+00
250 8.110719378543394e-01 -9.626916094038921e-01 1.258814054255611e+00
251 8.110719378615548e-01 -9.626916093978123e-01 1.258814054255611e+00
252 9.349978730728399e-01 -1.377297704426554e+00 1.664683149812417e+00
253 9.349978730675003e-01 -1.377297704257942e+00 1.664683149669915e+00
254 8.606863428448872e-01 -1.264567546344891e+00 1.529677109728862e+00
255 8.110719378543341e-01 -9.626916094039309e-01 1.258814054255638e+00
256 8.606863428408993e-01 -1.264567546147874e+00 1.529677109563746e+00
257 8.606863428163968e-01 -1.264567546172229e+00 1.529677109570093e+00
258 8.606863428307019e-01 -1.264567546258268e+00 1.529677109649270e+00
259 8.606863428306671e-01 -1.264567546258850e+00 1.529677109649732e+00
260 9.349978730728288e-01 -1.377297704426526e+00 1.664683149812388e+00
261 9.349978730674937e-01 -1.377297704257915e+00 1.664683149669888e+00
262 9.858452061663483e-01 1.434362797546848e+00 1.740484819097136e+00
263 9.858452061644468e-01 1.434362797548770e+00 1.740484819097643e+00
264 9.162069272577527e-01 1.329358769189256e+00 1.614506076413300e+00
265 9.162069272577799e-01 1.329358769189247e+00 1.614506076413308e+00
266 8.606863428307272e-01 -1.264567546258263e+00 1.529677109649280e+00
267 9.858452061663500e-01 1.434362797546893e+00 1.740484819097174e+00
268 9.858452061644577e-01 1.434362797548813e+00 1.740484819097684e+00
269 8.606863428306982e-01 -1.264567546258851e+00 1.529677109649751e+00
270 9.162069272577529e-01 1.329358769189295e+00 1.614506076413331e+00
271 9.162069272577359e-01 1.329358769189253e+00 1.614506076413287e+00
272 5.796823366947431e+00 2.746907098195877e-01 5.803328022234220e+00
273 5.796823366969051e+00 2.746907095992060e-01 5.803328022245385e+00
274 5.796823366947468e+00 -2.746907098196374e-01 5.803328022234259e+00
275 5.796823366952272e+00 -2.746907096299821e-01 5.803328022230080e+00
276 5.796823366969084e+00 -2.746907095992501e-01 5.803328022245418e+00
277 5.796823366968901e+00 -2.746907095992405e-01 5.803328022245235e+00
278 5.796823366952162e+00 -2.746907096299790e-01 5.803328022229970e+00
279 5.796823366969087e+00 2.746907095992341e-01 5.803328022245421e+00
280 5.796823366947407e+00 2.746907098196204e-01 5.803328022234197e+00
281 5.796823366964214e+00 2.746907097888689e-01 5.803328022249530e+00
282 5.796823366947250e+00 -2.746907098196134e-01 5.803328022234040e+00
283 8.606863428409233e-01 1.264567546147878e+00 1.529677109563763e+00
284 8.606863428164137e-01 1.264567546172215e+00 1.529677109570092e+00
285 8.606863428449241e-01 1.264567546344897e+00 1.529677109728888e+00
286 8.606863428449412e-01 1.264567546344922e+00 1.529677109728918e+00
287 5.796823366952349e+00 2.746907096299728e-01 5.803328022230157e+00
288 8.110719378615638e-01 9.626916093978193e-01 1.258814054255622e+00
289 5.796823366964171e+00 -2.746907097888887e-01 5.803328022249488e+00
290 8.606863428409478e-01 1.264567546147895e+00 1.529677109563791e+00
291 8.606863428164374e-01 1.264567546172230e+00 1.529677109570117e+00
292 8.606863428204197e-01 1.264567546369243e+00 1.529677109735226e+00
293 8.606863428204030e-01 1.264567546369257e+00 1.529677109735229e+00
294 8.110719378716225e-01 9.626916095107082e-01 1.258814054348436e+00
295 8.110719378615483e-01 9.626916093978304e-01 1.258814054255621e+00
296 8.110719378543455e-01 9.626916094038981e-01 1.258814054255620e+00
297 8.110719378644037e-01 9.626916095167741e-01 1.258814054348424e+00
298 8.110719378716179e-01 9.626916095107089e-01 1.258814054348434e+00
299 8.110719378543226e-01 9.626916094038993e-01 1.258814054255606e+00
300 5.796823366952360e+00 2.746907096299220e-01 5.803328022230165e+00
301 8.110719378643887e-01 9.626916095167841e-01 1.258814054348422e+00
302 5.796823366964262e+00 2.746907097888196e-01 5.803328022249576e+00
303 5.796823366964048e+00 -2.746907097888955e-01 5.803328022249366e+00
304 8.606863428306939e-01 1.264567546258302e+00 1.529677109649294e+00
305 5.796823366958244e+00 -2.746907097096898e-01 5.803328022239819e+00
306 5.796823366958273e+00 -2.746907097092005e-01 5.803328022239826e+00
307 5.796823366958207e+00 -2.746907097096536e-01 5.803328022239779e+00
308 5.796823366958280e+00 2.746907097096742e-01 5.803328022239855e+00
309 5.796823366958369e+00 2.746907097092182e-01 5.803328022239922e+00
310 5.796823366958043e+00 2.746907097096827e-01 5.803328022239619e+00
311 5.796823366958270e+00 2.746907097092037e-01 5.803328022239822e+00
312 8.606863428306619e-01 1.264567546258262e+00 1.529677109649243e+00
313 8.606863428306611e-01 1.264567546258886e+00 1.529677109649758e+00
314 5.796823366958241e+00 -2.746907097091830e-01 5.803328022239791e+00
315 8.606863428306173e-01 1.264567546258886e+00 1.529677109649733e+00
316 9.349978730728699e-01 1.377297704426546e+00 1.664683149812427e+00
317 9.349978730942583e-01 1.377297704394201e+00 1.664683149797679e+00
318 9.349978730941975e-01 1.377297704394180e+00 1.664683149797628e+00
319 9.349978730701602e-01 1.377297704342241e+00 1.664683149741154e+00
320 9.349978730461469e-01 1.377297704290287e+00 1.664683149684682e+00
321 9.349978730675242e-01 1.377297704257932e+00 1.664683149669920e+00
322 9.349978730675360e-01 1.377297704257953e+00 1.664683149669944e+00
323 9.349978730461008e-01 1.377297704290277e+00 1.664683149684648e+00
324 9.349978730728141e-01 1.377297704426525e+00 1.664683149812378e+00
325 9.349978730701577e-01 1.377297704342228e+00 1.664683149741142e+00
326 9.349978730701761e-01 1.377297704342294e+00 1.664683149741207e+00
327 9.349978730701923e-01 1.377297704342280e+00 1.664683149741205e+00
328 5.725362654666077e+00 3.518026785603954e-01 5.736160968111621e+00
329 8.110719378643759e-01 -9.626916095167923e-01 1.258814054348420e+00
330 8.110719378615483e-01 -9.626916093978169e-01 1.258814054255610e+00
331 5.755191833753631e+00 3.695575445609917e-01 5.767044808395928e+00
332 5.755191833733890e+00 3.695575443633666e-01 5.767044808363564e+00
333 5.725362654665870e+00 -3.518026785603615e-01 5.736160968111412e+00
334 5.755191833722066e+00 3.695575445827157e-01 5.767044808365821e+00
335 5.755191833753735e+00 3.695575445609479e-01 5.767044808396030e+00
336 5.755191833765431e+00 3.695575443416486e-01 5.767044808393649e+00
337 5.755191833733940e+00 3.695575443633241e-01 5.767044808363612e+00
338 9.349978730942403e-01 -1.377297704394209e+00 1.664683149797676e+00
339 9.349978730461177e-01 -1.377297704290295e+00 1.664683149684672e+00
340 5.725362654665900e+00 -3.518026785603179e-01 5.736160968111440e+00
341 9.123834477116314e-01 1.100686219780638e+00 1.429669091109252e+00
342 9.349978730701798e-01 -1.377297704342235e+00 1.664683149741160e+00
343 5.755191833733870e+00 -3.695575443633459e-01 5.767044808363543e+00
344 5.755191833753634e+00 -3.695575445609685e-01 5.767044808395931e+00
345 5.755191833722056e+00 -3.695575445827023e-01 5.767044808365809e+00
346 9.349978730701884e-01 -1.377297704342249e+00 1.664683149741176e+00
347 5.755191833733943e+00 -3.695575443633272e-01 5.767044808363615e+00
348 5.755191833753704e+00 -3.695575445609872e-01 5.767044808396001e+00
349 5.755191833722112e+00 -3.695575445826983e-01 5.767044808365865e+00
350 5.755191833722003e+00 3.695575445826756e-01 5.767044808365756e+00
351 5.755191833765411e+00 -3.695575443416168e-01 5.767044808393627e+00
352 5.755191833765427e+00 3.695575443416155e-01 5.767044808393643e+00
353 9.349978730701274e-01 -1.377297704342262e+00 1.664683149741153e+00
354 9.349978730702010e-01 -1.377297704342292e+00 1.664683149741219e+00
355 5.755191833765485e+00 -3.695575443415844e-01 5.767044808393698e+00
356 9.123834477033193e-01 -1.100686219893368e+00 1.429669091190737e+00
357 9.123834477219309e-01 -1.100686219877968e+00 1.429669091190758e+00
358 5.716405253236719e+00 6.727337523270283e-01 5.755854386687727e+00
359 5.716405253236737e+00 6.727337523428748e-01 5.755854386689598e+00
360 5.716405253234652e+00 6.727337522540839e-01 5.755854386677149e+00
361 5.716405253234832e+00 6.727337522699264e-01 5.755854386679180e+00
362 5.716405253234831e+00 6.727337522699106e-01 5.755854386679177e+00
363 5.716405253236717e+00 6.727337523428391e-01 5.755854386689573e+00
364 5.716405253234536e+00 -6.727337522540742e-01 5.755854386677033e+00
365 5.716405253236635e+00 -6.727337523270547e-01 5.755854386687647e+00
366 5.716405253236546e+00 -6.727337523428569e-01 5.755854386689407e+00
367 9.123834477115876e-01 -1.100686219780575e+00 1.429669091109175e+00
368 9.123834477033331e-01 -1.100686219893438e+00 1.429669091190799e+00
369 9.123834477219495e-01 -1.100686219878045e+00 1.429669091190829e+00
370 5.716405253236802e+00 -6.727337523428804e-01 5.755854386689663e+00
371 5.716405253234734e+00 6.727337522540742e-01 5.755854386677229e+00
372 9.123834476929581e-01 -1.100686219795962e+00 1.429669091109133e+00
373 5.716405253234783e+00 -6.727337522541061e-01 5.755854386677283e+00
374 5.716405253236651e+00 -6.727337523270088e-01 5.755854386687658e+00
375 5.716405253235695e+00 6.727337522984644e-01 5.755854386683372e+00
376 5.716405253235818e+00 6.727337522985952e-01 5.755854386683510e+00
377 9.123834477115990e-01 -1.100686219780614e+00 1.429669091109213e+00
378 5.716405253235761e+00 6.727337522984166e-01 5.755854386683432e+00
379 8.679396520370106e-01 -1.004618925881926e+00 1.327621341278560e+00
380 8.679396520277231e-01 -1.004618925895628e+00 1.327621341282856e+00
381 8.679396520072736e-01 -1.004618926260017e+00 1.327621341545223e+00
382 8.679396520165610e-01 -1.004618926246313e+00 1.327621341540925e+00
383 5.716405253234823e+00 -6.727337522699406e-01 5.755854386679172e+00
384 5.716405253235772e+00 -6.727337522985237e-01 5.755854386683456e+00
385 5.716405253235787e+00 -6.727337522983805e-01 5.755854386683454e+00
386 9.123834476929751e-01 -1.100686219795999e+00 1.429669091109172e+00
387 5.716405253234883e+00 -6.727337522699361e-01 5.755854386679231e+00
388 8.679396520370024e-01 -1.004618925881918e+00 1.327621341278548e+00
389 8.679396520277193e-01 -1.004618925895624e+00 1.327621341282851e+00
390 8.679396520072665e-01 -1.004618926260012e+00 1.327621341545214e+00
391 8.679396520165557e-01 -1.004618926246316e+00 1.327621341540923e+00
392 8.679396520277022e-01 1.004618925895608e+00 1.327621341282827e+00
393 8.679396520277048e-01 1.004618925895602e+00 1.327621341282824e+00
394 8.679396520369902e-01 1.004618925881912e+00 1.327621341278536e+00
395 8.679396520222095e-01 1.004618926071148e+00 1.327621341412069e+00
396 8.679396520221019e-01 1.004618926070779e+00 1.327621341411719e+00
397 8.679396520369940e-01 1.004618925881905e+00 1.327621341278533e+00
398 8.679396520165334e-01 1.004618926246298e+00 1.327621341540895e+00
399 8.679396520072538e-01 1.004618926260007e+00 1.327621341545203e+00
400 8.679396520072648e-01 1.004618926260023e+00 1.327621341545221e+00
401 8.679396520165554e-01 1.004618926246318e+00 1.327621341540924e+00
402 8.679396520221077e-01 -1.004618926070806e+00 1.327621341411743e+00
403 8.679396520222054e-01 -1.004618926071179e+00 1.327621341412089e+00
404 8.679396520220617e-01 1.004618926070773e+00 1.327621341411688e+00
405 8.679396520221567e-01 1.004618926071173e+00 1.327621341412053e+00
406 8.679396520222087e-01 -1.004618926071194e+00 1.327621341412103e+00
407 8.679396520220650e-01 -1.004618926070804e+00 1.327621341411714e+00
408 5.716405253235729e+00 6.727337522984032e-01 5.755854386683399e+00
409 5.716405253235627e+00 -6.727337522985355e-01 5.755854386683312e+00
410 5.716405253235659e+00 -6.727337522984176e-01 5.755854386683332e+00
411 9.123834477033088e-01 1.100686219893386e+00 1.429669091190744e+00
412 9.123834477219421e-01 1.100686219878004e+00 1.429669091190793e+00
413 9.123834477115796e-01 1.100686219780596e+00 1.429669091109187e+00
414 9.123834477033467e-01 1.100686219893417e+00 1.429669091190792e+00
415 9.123834477219688e-01 1.100686219878017e+00 1.429669091190820e+00
416 9.123834476929704e-01 1.100686219795993e+00 1.429669091109165e+00
417 9.123834476929997e-01 1.100686219796014e+00 1.429669091109199e+00
418 1.100709345311067e+00 1.486369608948895e+00 1.849555535057547e+00
419 1.100709345305374e+00 1.486369608954755e+00 1.849555535058869e+00
420 1.100709345306623e+00 1.486369608997280e+00 1.849555535093786e+00
421 1.100709345312362e+00 1.486369608991424e+00 1.849555535092496e+00
422 1.100709345305380e+00 -1.486369608954757e+00 1.849555535058873e+00
423 1.100709345312382e+00 -1.486369608991422e+00 1.849555535092505e+00
424 1.100709345306648e+00 -1.486369608997276e+00 1.849555535093798e+00
425 1.100709345311102e+00 -1.486369608948904e+00 1.849555535057575e+00
426 1.100709345311101e+00 -1.486369608948923e+00 1.849555535057590e+00
427 1.100709345312366e+00 -1.486369608991420e+00 1.849555535092495e+00
428 1.100709345306642e+00 -1.486369608997297e+00 1.849555535093811e+00
429 1.100709345305382e+00 -1.486369608954766e+00 1.849555535058882e+00
430 5.725362654665823e+00 -3.518026785603333e-01 5.736160968111364e+00
431 5.725362654665892e+00 3.518026785603070e-01 5.736160968111431e+00
432 5.725362654665871e+00 3.518026785603983e-01 5.736160968111417e+00
433 5.725362654665742e+00 3.518026785603417e-01 5.736160968111284e+00
434 5.716405253236598e+00 6.727337523270567e-01 5.755854386687610e+00
435 5.725362654665891e+00 -3.518026785603303e-01 5.736160968111433e+00
436 5.675929931529112e+00 7.152224411468697e-01 5.720814953129331e+00
437 5.675929931557041e+00 7.152224410050266e-01 5.720814953139308e+00
438 5.675929931556949e+00 -7.152224410050151e-01 5.720814953139215e+00
439 5.675929931550446e+00 -7.152224411172211e-01 5.720814953146792e+00
440 5.675929931529041e+00 -7.152224411468611e-01 5.720814953129261e+00
441 5.675929931529081e+00 7.152224411468602e-01 5.720814953129300e+00
442 5.675929931535670e+00 7.152224410346673e-01 5.720814953121811e+00
443 5.675929931557075e+00 7.152224410050092e-01 5.720814953139340e+00
444 5.675929931550479e+00 7.152224411172456e-01 5.720814953146829e+00
445 5.675929931550466e+00 7.152224411172207e-01 5.720814953146811e+00
446 5.675929931535653e+00 -7.152224410346674e-01 5.720814953121794e+00
447 5.675929931556998e+00 -7.152224410049782e-01 5.720814953139259e+00
448 5.675929931550379e+00 -7.152224411171864e-01 5.720814953146721e+00
449 5.675929931535530e+00 7.152224410346602e-01 5.720814953121671e+00
450 5.675929931529097e+00 -7.152224411468530e-01 5.720814953129316e+00
451 5.675929931535604e+00 -7.152224410346827e-01 5.720814953121747e+00
452 5.722657910885374e+00 3.108657307836022e-01 5.731095101949939e+00
453 5.722657910920010e+00 3.108657305774357e-01 5.731095101973341e+00
454 5.722657910964126e+00 3.108657307494292e-01 5.731095102026722e+00
455 5.722657910885363e+00 3.108657307836539e-01 5.731095101949930e+00
456 5.722657910998876e+00 3.108657305432224e-01 5.731095102050236e+00
457 5.722657910920063e+00 3.108657305774145e-01 5.731095101973392e+00
458 5.722657910998925e+00 3.108657305432135e-01 5.731095102050283e+00
459 5.722657910964165e+00 3.108657307493927e-01 5.731095102026758e+00
460 5.722657910941654e+00 3.108657306639149e-01 5.731095101999644e+00
461 5.722657910942600e+00 3.108657306629578e-01 5.731095102000536e+00
462 5.722657910941586e+00 3.108657306638899e-01 5.731095101999575e+00
463 5.684215156859112e+00 4.626812703547212e-01 5.703014633279834e+00
464 5.684215156806546e+00 4.626812701470853e-01 5.703014633210596e+00
465 5.684215156859206e+00 4.626812703547518e-01 5.703014633279930e+00
466 5.722657910998783e+00 -3.108657305432159e-01 5.731095102050141e+00
467 5.722657910885275e+00 -3.108657307836291e-01 5.731095101949840e+00
468 5.722657910920003e+00 -3.108657305774286e-01 5.731095101973334e+00
469 5.722657910998930e+00 -3.108657305432180e-01 5.731095102050288e+00
470 5.722657910885330e+00 -3.108657307836358e-01 5.731095101949895e+00
471 5.684215156821233e+00 4.626812700796568e-01 5.703014633219763e+00
472 5.684215156873718e+00 4.626812702872735e-01 5.703014633288920e+00
473 5.722657910964151e+00 -3.108657307493837e-01 5.731095102026744e+00
474 5.722657910920054e+00 -3.108657305773886e-01 5.731095101973382e+00
475 5.722657910942552e+00 -3.108657306628710e-01 5.731095102000484e+00
476 5.722657910941550e+00 -3.108657306638631e-01 5.731095101999538e+00
477 5.684215156873632e+00 -4.626812702872600e-01 5.703014633288833e+00
478 5.684215156821169e+00 -4.626812700796260e-01 5.703014633219698e+00
479 5.684215156859035e+00 -4.626812703547018e-01 5.703014633279755e+00
480 5.684215156821192e+00 -4.626812700796591e-01 5.703014633219724e+00
481 5.722657910942693e+00 -3.108657306629343e-01 5.731095102000627e+00
482 5.684215156806508e+00 -4.626812701470917e-01 5.703014633210558e+00
483 5.684215156859096e+00 -4.626812703547288e-01 5.703014633279818e+00
484 5.684215156806566e+00 -4.626812701470462e-01 5.703014633210612e+00
485 5.684215156821245e+00 4.626812700796812e-01 5.703014633219778e+00
486 5.684215156873690e+00 4.626812702873007e-01 5.703014633288894e+00
487 5.722657910964206e+00 -3.108657307493767e-01 5.731095102026798e+00
488 5.722657910941584e+00 -3.108657306639165e-01 5.731095101999575e+00
489 5.722657910942559e+00 3.108657306629268e-01 5.731095102000494e+00
490 1.100709345311095e+00 1.486369608948884e+00 1.849555535057555e+00
491 1.100709345305362e+00 1.486369608954735e+00 1.849555535058845e+00
492 1.100709345306629e+00 1.486369608997254e+00 1.849555535093769e+00
493 5.684215156873638e+00 -4.626812702872742e-01 5.703014633288841e+00
494 1.100709345312349e+00 1.486369608991425e+00 1.849555535092488e+00
495 5.684215156806730e+00 4.626812701471383e-01 5.703014633210784e+00
496 9.760541854623334e-01 -1.155408361945611e+00 1.512498018449075e+00
497 9.760541854377631e-01 -1.155408361978444e+00 1.512498018458301e+00
498 9.760541854426323e-01 -1.155408362262808e+00 1.512498018678671e+00
499 9.760541854180612e-01 -1.155408362295656e+00 1.512498018687908e+00
500 9.760541854402464e-01 -1.155408362121050e+00 1.512498018568841e+00
501 9.760541854400653e-01 -1.155408362120177e+00 1.512498018568057e+00
502 9.760541854402426e-01 -1.155408362121057e+00 1.512498018568844e+00
503 9.760541854400913e-01 -1.155408362120150e+00 1.512498018568054e+00
504 9.760541854623110e-01 -1.155408361945578e+00 1.512498018449036e+00
505 9.760541854377329e-01 -1.155408361978428e+00 1.512498018458269e+00
506 9.760541854180350e-01 -1.155408362295625e+00 1.512498018687867e+00
507 9.760541854425898e-01 -1.155408362262792e+00 1.512498018678631e+00
508 5.629839796749868e+00 -7.095423361466413e-01 5.674376306154979e+00
509 5.629839796749637e+00 -7.095423361466788e-01 5.674376306154755e+00
510 5.629839796749762e+00 7.095423361466808e-01 5.674376306154879e+00
511 5.629839796749752e+00 7.095423361466857e-01 5.674376306154869e+00
512 5.629839796749753e+00 7.095423361466047e-01 5.674376306154860e+00
513 1.141214928845816e+00 -1.489660347467300e+00 1.876555212253814e+00
514 1.141214928840507e+00 -1.489660347302206e+00 1.876555212119530e+00
515 1.141214928845772e+00 -1.489660347467285e+00 1.876555212253775e+00
516 1.141214928874733e+00 -1.489660347436915e+00 1.876555212247280e+00
517 1.141214928869400e+00 -1.489660347271830e+00 1.876555212112988e+00
518 1.141214928840455e+00 -1.489660347302211e+00 1.876555212119502e+00
519 1.141214928874650e+00 -1.489660347436879e+00 1.876555212247201e+00
520 1.141214928857573e+00 -1.489660347369864e+00 1.876555212183616e+00
521 1.141214928857592e+00 -1.489660347369214e+00 1.876555212183112e+00
522 9.760541854180413e-01 1.155408362295647e+00 1.512498018687888e+00
523 9.760541854377401e-01 1.155408361978436e+00 1.512498018458280e+00
524 1.141214928869357e+00 -1.489660347271827e+00 1.876555212112959e+00
525 9.760541854623065e-01 1.155408361945604e+00 1.512498018449053e+00
526 9.760541854377901e-01 1.155408361978418e+00 1.512498018458298e+00
527 9.760541854426162e-01 1.155408362262812e+00 1.512498018678663e+00
528 9.760541854623730e-01 1.155408361945606e+00 1.512498018449097e+00
529 9.760541854180714e-01 1.155408362295647e+00 1.512498018687907e+00
530 5.629839796749744e+00 -7.095423361467144e-01 5.674376306154865e+00
531 9.760541854426275e-01 1.155408362262806e+00 1.512498018678666e+00
532 5.606785227474605e+00 7.565200972795632e-01 5.657593414572608e+00
533 5.606785227450038e+00 7.565200972226913e-01 5.657593414540655e+00
534 5.606785227456878e+00 7.565200973399456e-01 5.657593414563115e+00
535 5.606785227467762e+00 7.565200971623103e-01 5.657593414550147e+00
536 5.606785227449970e+00 7.565200972226557e-01 5.657593414540585e+00
537 5.606785227474582e+00 7.565200972795213e-01 5.657593414572579e+00
538 5.606785227456832e+00 7.565200973399363e-01 5.657593414563068e+00
539 9.760541854402534e-01 1.155408362121070e+00 1.512498018568861e+00
540 9.760541854400823e-01 1.155408362120205e+00 1.512498018568090e+00
541 9.760541854402640e-01 1.155408362121024e+00 1.512498018568833e+00
542 5.653242462448679e+00 -6.949950524940625e-01 5.695802705696892e+00
543 5.653242462374861e+00 -6.949950525422167e-01 5.695802705629500e+00
544 5.653242462386157e+00 -6.949950526019683e-01 5.695802705648003e+00
545 5.653242462312440e+00 -6.949950526501522e-01 5.695802705580716e+00
546 5.653242462312522e+00 6.949950526502069e-01 5.695802705580804e+00
547 5.653242462448663e+00 6.949950524941075e-01 5.695802705696882e+00
548 5.653242462448710e+00 -6.949950524940537e-01 5.695802705696922e+00
549 5.653242462386231e+00 -6.949950526020274e-01 5.695802705648084e+00
550 5.606785227456729e+00 -7.565200973399322e-01 5.657593414562965e+00
551 5.606785227467611e+00 -7.565200971623148e-01 5.657593414549999e+00
552 5.606785227467767e+00 -7.565200971623232e-01 5.657593414550153e+00
553 1.141214928869435e+00 1.489660347271856e+00 1.876555212113029e+00
554 1.141214928840522e+00 1.489660347302248e+00 1.876555212119572e+00
555 5.653242462375019e+00 -6.949950525422853e-01 5.695802705629666e+00
556 5.653242462312558e+00 -6.949950526501739e-01 5.695802705580835e+00
557 5.653242462312408e+00 6.949950526501647e-01 5.695802705580686e+00
558 5.653242462448634e+00 6.949950524940804e-01 5.695802705696848e+00
559 1.141214928869438e+00 1.489660347271843e+00 1.876555212113021e+00
560 1.141214928840539e+00 1.489660347302237e+00 1.876555212119574e+00
561 5.606785227457021e+00 -7.565200973399105e-01 5.657593414563252e+00
562 5.653242462374937e+00 6.949950525422462e-01 5.695802705629580e+00
563 1.141214928857593e+00 1.489660347369225e+00 1.876555212183122e+00
564 1.141214928857559e+00 1.489660347369881e+00 1.876555212183622e+00
565 5.606785227449994e+00 -7.565200972226847e-01 5.657593414540612e+00
566 5.653242462386113e+00 6.949950526019683e-01 5.695802705647960e+00
567 1.141214928874724e+00 1.489660347436955e+00 1.876555212247305e+00
568 1.141214928874720e+00 1.489660347436897e+00 1.876555212247258e+00
569 5.606785227474528e+00 -7.565200972795058e-01 5.657593414572524e+00
570 5.653242462374870e+00 6.949950525422492e-01 5.695802705629514e+00
571 5.653242462386158e+00 6.949950526019769e-01 5.695802705648005e+00
572 5.653242462380595e+00 -6.949950525720405e-01 5.695802705638831e+00
573 5.653242462380562e+00 -6.949950525722305e-01 5.695802705638821e+00
574 5.653242462380565e+00 6.949950525722048e-01 5.695802705638822e+00
575 1.141214928845844e+00 1.489660347467298e+00 1.876555212253830e+00
576 5.653242462380352e+00 6.949950525720481e-01 5.695802705638591e+00
577 5.606785227474610e+00 -7.565200972795026e-01 5.657593414572604e+00
578 9.760541854400793e-01 1.155408362120207e+00 1.512498018568089e+00
579 5.606785227467629e+00 7.565200971622920e-01 5.657593414550013e+00
580 5.653242462380609e+00 -6.949950525720414e-01 5.695802705638845e+00
581 5.653242462380395e+00 -6.949950525722273e-01 5.695802705638656e+00
582 5.606785227450124e+00 -7.565200972226940e-01 5.657593414540742e+00
583 5.653242462380653e+00 6.949950525721564e-01 5.695802705638902e+00
584 5.653242462380490e+00 6.949950525720276e-01 5.695802705638726e+00
585 1.141214928845820e+00 1.489660347467272e+00 1.876555212253795e+00
586 1.216008321132509e+00 -1.560024917194535e+00 1.977967133026056e+00
587 1.216008321132535e+00 -1.560024917194495e+00 1.977967133026042e+00
588 5.629839796749675e+00 -7.095423361466979e-01 5.674376306154795e+00
589 5.629839796749681e+00 7.095423361467045e-01 5.674376306154802e+00
590 1.216008321132500e+00 -1.560024917194492e+00 1.977967133026018e+00
591 1.216008321132499e+00 -1.560024917194505e+00 1.977967133026027e+00
592 1.216008321132495e+00 1.560024917194513e+00 1.977967133026031e+00
593 1.216008321132594e+00 1.560024917194577e+00 1.977967133026143e+00
594 1.216008321132486e+00 1.560024917194491e+00 1.977967133026008e+00
595 1.141214928857543e+00 -1.489660347369878e+00 1.876555212183609e+00
596 1.141214928857571e+00 -1.489660347369221e+00 1.876555212183105e+00
597 1.107843267003076e+00 -1.304241744926694e+00 1.711246105460426e+00
598 1.107843267017293e+00 -1.304241744825400e+00 1.711246105392428e+00
599 1.107843267028022e+00 -1.304241744905369e+00 1.711246105460323e+00
600 1.107843266992369e+00 -1.304241744846755e+00 1.711246105392568e+00
601 1.141214928857594e+00 1.489660347369216e+00 1.876555212183115e+00
602 5.569239402388479e+00 -7.441953741259748e-01 5.618741342684043e+00
603 1.141214928857565e+00 1.489660347369866e+00 1.876555212183614e+00
604 5.569239402389460e+00 -7.441953741249698e-01 5.618741342684882e+00
605 5.611468203655805e+00 -4.366064604026771e-01 5.628427897904126e+00
606 5.611468203653686e+00 -4.366064604009872e-01 5.628427897901883e+00
607 5.611468203655727e+00 4.366064604026820e-01 5.628427897904048e+00
608 5.611468203653600e+00 4.366064604009919e-01 5.628427897901798e+00
609 5.511151598369391e+00 -1.033921454417484e+00 5.607297523238290e+00
610 5.569239402389371e+00 7.441953741249554e-01 5.618741342684793e+00
611 5.569239402388407e+00 7.441953741259623e-01 5.618741342683969e+00
612 5.511151598364728e+00 -1.033921454360597e+00 5.607297523223218e+00
613 5.511151598367102e+00 -1.033921454407119e+00 5.607297523234129e+00
614 5.511151598369337e+00 -1.033921454417485e+00 5.607297523238238e+00
615 5.611468203655760e+00 4.366064604026847e-01 5.628427897904081e+00
616 5.611468203653657e+00 4.366064604009929e-01 5.628427897901854e+00
617 5.511151598366741e+00 -1.033921454370876e+00 5.607297523227091e+00
618 5.511151598364667e+00 -1.033921454360597e+00 5.607297523223157e+00
619 5.611468203655736e+00 -4.366064604027247e-01 5.628427897904061e+00
620 5.611468203653581e+00 -4.366064604010315e-01 5.628427897901781e+00
621 5.511151598369336e+00 1.033921454417492e+00 5.607297523238238e+00
622 5.511151598364682e+00 1.033921454360611e+00 5.607297523223175e+00
623 5.511151598366997e+00 1.033921454388981e+00 5.607297523230681e+00
624 5.511151598366969e+00 1.033921454389083e+00 5.607297523230672e+00
625 5.511151598366756e+00 -1.033921454370877e+00 5.607297523227106e+00
626 5.628097074326965e+00 4.278779593586166e-01 5.644338422362061e+00
627 5.628097074327016e+00 -4.278779593586051e-01 5.644338422362111e+00
628 5.511151598366788e+00 1.033921454370863e+00 5.607297523227135e+00
629 5.511151598367166e+00 1.033921454407149e+00 5.607297523234197e+00
630 5.511151598369305e+00 1.033921454417469e+00 5.607297523238202e+00
631 5.628097074649697e+00 4.278779588803181e-01 5.644338422647606e+00
632 5.628097074327018e+00 4.278779593586363e-01 5.644338422362115e+00
633 5.628097074649652e+00 -4.278779588803037e-01 5.644338422647560e+00
634 5.628097074502938e+00 4.278779591875370e-01 5.644338422524557e+00
635 5.628097074473826e+00 4.278779590514231e-01 5.644338422485212e+00
636 5.628097074649710e+00 4.278779588803391e-01 5.644338422647620e+00
637 5.628097074502826e+00 4.278779591874986e-01 5.644338422524444e+00
638 5.628097074326903e+00 -4.278779593585760e-01 5.644338422361996e+00
639 5.511151598367025e+00 1.033921454389097e+00 5.607297523230731e+00
640 5.628097074649626e+00 -4.278779588802761e-01 5.644338422647533e+00
641 5.628097074502960e+00 -4.278779591875463e-01 5.644338422524581e+00
642 5.628097074473837e+00 -4.278779590514120e-01 5.644338422485221e+00
643 5.511151598366898e+00 1.033921454370872e+00 5.607297523227245e+00
644 5.511151598367227e+00 1.033921454407198e+00 5.607297523234267e+00
645 5.628097074473698e+00 4.278779590513686e-01 5.644338422485079e+00
646 5.628097074502834e+00 -4.278779591875201e-01 5.644338422524453e+00
647 5.628097074473871e+00 -4.278779590514084e-01 5.644338422485255e+00
648 5.511151598366985e+00 1.033921454389010e+00 5.607297523230676e+00
649 5.628097074489180e+00 -4.278779591195199e-01 5.644338422505683e+00
650 5.628097074489096e+00 4.278779591195283e-01 5.644338422505601e+00
651 5.628097074487557e+00 4.278779591194246e-01 5.644338422504059e+00
652 5.628097074488974e+00 4.278779591194794e-01 5.644338422505476e+00
653 5.628097074487417e+00 4.278779591194043e-01 5.644338422503917e+00
654 5.628097074487589e+00 -4.278779591194215e-01 5.644338422504091e+00
655 5.628097074487403e+00 -4.278779591194170e-01 5.644338422503904e+00
656 5.628097074489038e+00 -4.278779591195362e-01 5.644338422505544e+00
657 1.107843266992385e+00 -1.304241744846737e+00 1.711246105392565e+00
658 1.107843267003080e+00 -1.304241744926675e+00 1.711246105460414e+00
659 1.107843267028014e+00 -1.304241744905364e+00 1.711246105460314e+00
660 1.107843267017293e+00 -1.304241744825398e+00 1.711246105392427e+00
661 1.216008321132527e+00 1.560024917194506e+00 1.977967133026045e+00
662 1.107843267017294e+00 1.304241744825433e+00 1.711246105392454e+00
663 1.107843267003062e+00 1.304241744926721e+00 1.711246105460438e+00
664 1.107843266992357e+00 1.304241744846772e+00 1.711246105392574e+00
665 1.107843267028010e+00 1.304241744905386e+00 1.711246105460328e+00
666 1.107843267017331e+00 1.304241744825420e+00 1.711246105392467e+00
667 1.107843266992378e+00 1.304241744846755e+00 1.711246105392574e+00
668 1.107843267028016e+00 1.304241744905353e+00 1.711246105460307e+00
669 1.107843267003066e+00 1.304241744926688e+00 1.711246105460415e+00
670 1.065802711705633e+00 -9.947820303516046e-01 1.457918621936609e+00
671 1.065802711711104e+00 -9.947820303479196e-01 1.457918621938095e+00
672 5.569239402389561e+00 7.441953741250531e-01 5.618741342684993e+00
673 5.569239402388567e+00 7.441953741259827e-01 5.618741342684131e+00
674 5.569239402388475e+00 -7.441953741260026e-01 5.618741342684043e+00
675 5.569239402389436e+00 -7.441953741249880e-01 5.618741342684861e+00
676 5.511151598364616e+00 1.033921454360616e+00 5.607297523223111e+00
677 5.511151598367090e+00 -1.033921454407174e+00 5.607297523234127e+00
678 5.511151598366924e+00 -1.033921454389032e+00 5.607297523230619e+00
679 5.511151598367044e+00 -1.033921454389098e+00 5.607297523230748e+00
680 5.511151598367001e+00 -1.033921454389076e+00 5.607297523230702e+00
681 5.511151598367082e+00 -1.033921454388977e+00 5.607297523230764e+00
682 5.470590676927928e+00 -1.063480044798673e+00 5.573002077890853e+00
683 5.470590676939460e+00 -1.063480044699406e+00 5.573002077883229e+00
684 5.470590676928110e+00 -1.063480044722279e+00 5.573002077876452e+00
685 5.470590676928039e+00 1.063480044722237e+00 5.573002077876374e+00
686 5.470590676927908e+00 1.063480044798661e+00 5.573002077890830e+00
687 5.470590676928035e+00 1.063480044722273e+00 5.573002077876377e+00
688 5.470590676939226e+00 1.063480044775783e+00 5.573002077897574e+00
689 5.470590676939397e+00 1.063480044699382e+00 5.573002077883163e+00
690 5.470590676927841e+00 1.063480044798664e+00 5.573002077890764e+00
691 5.470590676927988e+00 -1.063480044722283e+00 5.573002077876333e+00
692 5.470590676927841e+00 -1.063480044798692e+00 5.573002077890770e+00
693 5.470590676939318e+00 -1.063480044775830e+00 5.573002077897673e+00
694 5.470590676939381e+00 -1.063480044699397e+00 5.573002077883150e+00
695 5.569123928495910e+00 7.559824111272824e-01 5.620200239927358e+00
696 5.470590676939263e+00 1.063480044775809e+00 5.573002077897616e+00
697 5.470590676939399e+00 1.063480044699398e+00 5.573002077883168e+00
698 5.569123928264181e+00 7.559824115076110e-01 5.620200239748895e+00
699 5.569123928496046e+00 7.559824111272900e-01 5.620200239927494e+00
700 5.569123928264148e+00 7.559824115076115e-01 5.620200239748862e+00
701 5.569123928366499e+00 7.559824113072542e-01 5.620200239823332e+00
702 5.569123928393553e+00 7.559824113276031e-01 5.620200239852877e+00
703 5.470590676939183e+00 -1.063480044775776e+00 5.573002077897531e+00
704 5.569123928264081e+00 -7.559824115075732e-01 5.620200239748790e+00
705 5.569123928495821e+00 -7.559824111272433e-01 5.620200239927264e+00
706 5.569123928264094e+00 -7.559824115076220e-01 5.620200239748810e+00
707 5.569123928495875e+00 -7.559824111272996e-01 5.620200239927327e+00
708 5.569123928366443e+00 -7.559824113072378e-01 5.620200239823274e+00
709 5.569123928393525e+00 -7.559824113275933e-01 5.620200239852848e+00
710 5.569123928379798e+00 -7.559824113173701e-01 5.620200239837871e+00
711 5.569123928380237e+00 -7.559824113174909e-01 5.620200239838321e+00
712 5.569123928393483e+00 7.559824113275866e-01 5.620200239852806e+00
713 5.569123928379737e+00 7.559824113173558e-01 5.620200239837808e+00
714 5.569123928380214e+00 7.559824113174916e-01 5.620200239838299e+00
715 5.569123928366595e+00 -7.559824113072466e-01 5.620200239823426e+00
716 5.569123928393621e+00 -7.559824113275955e-01 5.620200239852943e+00
717 5.569123928379725e+00 -7.559824113173708e-01 5.620200239837799e+00
718 5.569123928366517e+00 7.559824113072824e-01 5.620200239823353e+00
719 5.569123928379870e+00 7.559824113174076e-01 5.620200239837947e+00
720 5.569123928380287e+00 7.559824113175260e-01 5.620200239838375e+00
721 1.065802711711044e+00 -9.947820303479231e-01 1.457918621938053e+00
722 1.065802711705600e+00 -9.947820303516218e-01 1.457918621936596e+00
723 1.065802711711072e+00 9.947820303479089e-01 1.457918621938064e+00
724 1.065802711705579e+00 9.947820303515804e-01 1.457918621936553e+00
725 1.065802711711093e+00 9.947820303479054e-01 1.457918621938076e+00
726 1.065802711705615e+00 9.947820303515879e-01 1.457918621936584e+00
727 5.569123928380166e+00 -7.559824113174853e-01 5.620200239838251e+00
728 1.184923648664572e+00 -1.377427005083149e+00 1.816961531650270e+00
729 1.184923648644731e+00 -1.377427005349784e+00 1.816961531839465e+00
730 1.184923648664537e+00 -1.377427005083181e+00 1.816961531650272e+00
731 1.184923648630798e+00 -1.377427005125234e+00 1.816961531660149e+00
732 1.184923648610960e+00 -1.377427005391888e+00 1.816961531849360e+00
733 1.184923648637798e+00 -1.377427005238020e+00 1.816961531750216e+00
734 1.184923648637688e+00 -1.377427005237016e+00 1.816961531749383e+00
735 1.184923648644697e+00 -1.377427005349784e+00 1.816961531839443e+00
736 5.542217873116669e+00 -6.027797545572460e-01 5.574901109938896e+00
737 5.542217873080531e+00 6.027797545552026e-01 5.574901109902750e+00
738 5.542217873116657e+00 6.027797545572285e-01 5.574901109938883e+00
739 5.542217873080551e+00 -6.027797545552032e-01 5.574901109902770e+00
740 5.542217873071277e+00 -6.027797547516820e-01 5.574901109914794e+00
741 5.542217873080522e+00 6.027797545552025e-01 5.574901109902741e+00
742 5.542217873116668e+00 6.027797545572118e-01 5.574901109938891e+00
743 5.542217873071275e+00 6.027797547516770e-01 5.574901109914792e+00
744 5.542217873035128e+00 6.027797547496485e-01 5.574901109878638e+00
745 1.184923648610914e+00 -1.377427005391880e+00 1.816961531849324e+00
746 1.184923648637737e+00 -1.377427005237009e+00 1.816961531749410e+00
747 1.184923648637821e+00 -1.377427005238013e+00 1.816961531750226e+00
748 5.542217873071301e+00 -6.027797547516709e-01 5.574901109914817e+00
749 5.542217873035123e+00 -6.027797547496524e-01 5.574901109878633e+00
750 5.542217873071264e+00 6.027797547516891e-01 5.574901109914783e+00
751 5.542217873035078e+00 6.027797547496220e-01 5.574901109878585e+00
752 5.542217873080546e+00 -6.027797545552127e-01 5.574901109902767e+00
753 1.184923648630768e+00 -1.377427005125237e+00 1.816961531660132e+00
754 5.542217873035193e+00 -6.027797547496332e-01 5.574901109878701e+00
755 1.279332110889896e+00 -1.527413509546838e+00 1.992406253528679e+00
756 1.184923648664551e+00 1.377427005083154e+00 1.816961531650260e+00
757 1.279332110889895e+00 -1.527413509546815e+00 1.992406253528661e+00
758 1.279332110875507e+00 -1.527413509584199e+00 1.992406253548081e+00
759 1.279332110875514e+00 -1.527413509584225e+00 1.992406253548106e+00
760 1.279332110910165e+00 -1.527413509690674e+00 1.992406253651960e+00
761 1.279332110910183e+00 -1.527413509690660e+00 1.992406253651962e+00
762 1.279332110924562e+00 -1.527413509653319e+00 1.992406253632568e+00
763 1.184923648610925e+00 1.377427005391872e+00 1.816961531849326e+00
764 1.184923648644705e+00 1.377427005349793e+00 1.816961531839455e+00
765 1.184923648630774e+00 1.377427005125238e+00 1.816961531660137e+00
766 1.184923648664539e+00 1.377427005083119e+00 1.816961531650225e+00
767 5.449229595005810e+00 1.053523903755167e+00 5.550136556416492e+00
768 5.449229594958510e+00 1.053523903846780e+00 5.550136556387441e+00
769 5.449229595013674e+00 1.053523903794898e+00 5.550136556431754e+00
770 5.449229595013705e+00 1.053523903794935e+00 5.550136556431791e+00
771 1.279332110900060e+00 -1.527413509618764e+00 1.992406253590345e+00
772 1.279332110900032e+00 -1.527413509618760e+00 1.992406253590324e+00
773 1.184923648644747e+00 1.377427005349817e+00 1.816961531839501e+00
774 5.449229595060810e+00 1.053523903703287e+00 5.550136556460645e+00
775 1.184923648610913e+00 1.377427005391844e+00 1.816961531849297e+00
776 1.184923648630750e+00 1.377427005125221e+00 1.816961531660108e+00
777 1.184923648637674e+00 1.377427005236991e+00 1.816961531749356e+00
778 1.184923648637771e+00 1.377427005237989e+00 1.816961531750175e+00
779 5.449229595060922e+00 1.053523903703325e+00 5.550136556460761e+00
780 1.279332110924567e+00 -1.527413509653344e+00 1.992406253632591e+00
781 1.184923648637801e+00 1.377427005237990e+00 1.816961531750195e+00
782 1.184923648637698e+00 1.377427005236993e+00 1.816961531749372e+00
783 5.449229595060844e+00 -1.053523903703330e+00 5.550136556460685e+00
784 5.449229595060849e+00 -1.053523903703294e+00 5.550136556460685e+00
785 1.279332110910178e+00 1.527413509690680e+00 1.992406253651973e+00
786 1.279332110889899e+00 1.527413509546851e+00 1.992406253528690e+00
787 1.279332110910153e+00 1.527413509690677e+00 1.992406253651955e+00
788 5.449229594958592e+00 -1.053523903846811e+00 5.550136556387527e+00
789 5.449229595013595e+00 -1.053523903794929e+00 5.550136556431682e+00
790 5.449229595013633e+00 -1.053523903794939e+00 5.550136556431722e+00
791 1.279332110889923e+00 1.527413509546857e+00 1.992406253528710e+00
792 1.279332110924561e+00 1.527413509653324e+00 1.992406253632571e+00
793 5.449229594958656e+00 1.053523903846829e+00 5.550136556387594e+00
794 5.449229594958597e+00 -1.053523903846807e+00 5.550136556387532e+00
795 1.279332110900000e+00 1.527413509618734e+00 1.992406253590284e+00
796 1.279332110924546e+00 1.527413509653312e+00 1.992406253632552e+00
797 1.279332110900018e+00 -1.527413509618733e+00 1.992406253590294e+00
798 1.279332110900002e+00 -1.527413509618726e+00 1.992406253590279e+00
799 5.449229595009812e+00 1.053523903775042e+00 5.550136556424193e+00
800 5.449229595009702e+00 1.053523903775041e+00 5.550136556424086e+00
801 1.279332110875512e+00 1.527413509584213e+00 1.992406253548095e+00
802 5.449229595005752e+00 -1.053523903755175e+00 5.550136556416437e+00
803 5.449229595009847e+00 -1.053523903775044e+00 5.550136556424228e+00
804 1.279332110875510e+00 1.527413509584190e+00 1.992406253548076e+00
805 1.279332110900002e+00 1.527413509618754e+00 1.992406253590300e+00
806 1.279332110900008e+00 1.527413509618724e+00 1.992406253590280e+00
807 1.279332110900062e+00 1.527413509618736e+00 1.992406253590325e+00
808 5.449229595005742e+00 -1.053523903755179e+00 5.550136556416427e+00
809 5.449229595009862e+00 -1.053523903775097e+00 5.550136556424253e+00
810 5.449229595009752e+00 -1.053523903775025e+00 5.550136556424131e+00
811 5.449229595009752e+00 -1.053523903775115e+00 5.550136556424149e+00
812 5.423223115938511e+00 1.065461833921466e+00 5.526894054059034e+00
813 5.542217873116720e+00 -6.027797545572314e-01 5.574901109938946e+00
814 5.423223115938509e+00 1.065461833921457e+00 5.526894054059030e+00
815 5.423223115938616e+00 -1.065461833921528e+00 5.526894054059149e+00
816 5.423223115938514e+00 1.065461833921504e+00 5.526894054059045e+00
817 1.164405090849269e+00 -1.121199549807646e+00 1.616455271909670e+00
818 1.164405090834981e+00 -1.121199549817185e+00 1.616455271905993e+00
819 1.164405090835051e+00 -1.121199549817194e+00 1.616455271906050e+00
820 5.423223115938364e+00 1.065461833921449e+00 5.526894054058886e+00
821 5.423223115938529e+00 -1.065461833921493e+00 5.526894054059056e+00
822 5.423223115938626e+00 -1.065461833921465e+00 5.526894054059147e+00
823 5.423223115938653e+00 -1.065461833921479e+00 5.526894054059176e+00
824 1.164405090849312e+00 -1.121199549807677e+00 1.616455271909721e+00
825 5.449229595005809e+00 1.053523903755180e+00 5.550136556416494e+00
826 1.131067151660003e+00 -1.021249980561425e+00 1.523897773592765e+00
827 1.131067151651125e+00 -1.021249980569729e+00 1.523897773591740e+00
828 1.131067151618188e+00 -1.021249980742016e+00 1.523897773682752e+00
829 1.131067151627070e+00 -1.021249980733702e+00 1.523897773683773e+00
830 1.164405090849324e+00 1.121199549807671e+00 1.616455271909726e+00
831 1.164405090835030e+00 1.121199549817206e+00 1.616455271906043e+00
832 1.131067151660036e+00 -1.021249980561426e+00 1.523897773592789e+00
833 1.131067151651146e+00 -1.021249980569731e+00 1.523897773591757e+00
834 1.131067151618210e+00 -1.021249980742021e+00 1.523897773682772e+00
835 1.131067151627073e+00 -1.021249980733715e+00 1.523897773683784e+00
836 5.449229595009809e+00 1.053523903775129e+00 5.550136556424207e+00
837 5.449229595009690e+00 1.053523903775049e+00 5.550136556424075e+00
838 5.454726843004308e+00 8.541335576947318e-01 5.521194532542030e+00
839 5.454726842972056e+00 8.541335576817999e-01 5.521194532508166e+00
840 5.454726843042001e+00 8.541335575663344e-01 5.521194532559406e+00
841 5.454726843009764e+00 8.541335575534111e-01 5.521194532525558e+00
842 1.164405090834982e+00 1.121199549817224e+00 1.616455271906021e+00
843 1.164405090849303e+00 1.121199549807668e+00 1.616455271909709e+00
844 5.398320962269599e+00 -1.091888467585191e+00 5.507639207257943e+00
845 5.398320962263582e+00 -1.091888467705349e+00 5.507639207275866e+00
846 5.398320962274933e+00 -1.091888467663854e+00 5.507639207278766e+00
847 5.398320962258177e+00 -1.091888467626695e+00 5.507639207254977e+00
848 5.398320962275044e+00 -1.091888467663853e+00 5.507639207278875e+00
849 5.454726843041980e+00 8.541335575663627e-01 5.521194532559390e+00
850 5.454726843009853e+00 8.541335575534554e-01 5.521194532525652e+00
851 5.398320962269732e+00 1.091888467585235e+00 5.507639207258083e+00
852 5.398320962275048e+00 1.091888467663862e+00 5.507639207278880e+00
853 5.398320962263728e+00 1.091888467705382e+00 5.507639207276017e+00
854 5.398320962258235e+00 1.091888467626688e+00 5.507639207255031e+00
855 5.398320962269581e+00 -1.091888467585212e+00 5.507639207257930e+00
856 5.398320962263597e+00 -1.091888467705383e+00 5.507639207275887e+00
857 5.398320962258229e+00 -1.091888467626698e+00 5.507639207255027e+00
858 5.398320962269568e+00 1.091888467585224e+00 5.507639207257919e+00
859 5.398320962274973e+00 1.091888467663884e+00 5.507639207278813e+00
860 5.398320962263556e+00 1.091888467705306e+00 5.507639207275833e+00
861 5.398320962258192e+00 1.091888467626750e+00 5.507639207255002e+00
862 1.131067151627033e+00 1.021249980733689e+00 1.523897773683737e+00
863 1.131067151618159e+00 1.021249980741999e+00 1.523897773682720e+00
864 1.131067151651092e+00 1.021249980569716e+00 1.523897773591706e+00
865 1.131067151659970e+00 1.021249980561405e+00 1.523897773592726e+00
866 1.131067151627071e+00 1.021249980733701e+00 1.523897773683774e+00
867 5.454726842972060e+00 -8.541335576818136e-01 5.521194532508171e+00
868 5.454726843042002e+00 -8.541335575663322e-01 5.521194532559408e+00
869 5.454726843009760e+00 -8.541335575534282e-01 5.521194532525556e+00
870 5.454726843004296e+00 -8.541335576947368e-01 5.521194532542019e+00
871 5.454726843004292e+00 -8.541335576947854e-01 5.521194532542022e+00
872 1.131067151618193e+00 1.021249980741989e+00 1.523897773682739e+00
873 1.131067151651128e+00 1.021249980569707e+00 1.523897773591727e+00
874 1.131067151659993e+00 1.021249980561392e+00 1.523897773592734e+00
875 5.454726842971970e+00 -8.541335576818180e-01 5.521194532508084e+00
876 5.454726843042018e+00 -8.541335575663233e-01 5.521194532559421e+00
877 5.454726843009711e+00 -8.541335575534207e-01 5.521194532525507e+00
878 5.454726843004352e+00 8.541335576948068e-01 5.521194532542085e+00
879 5.454726842972129e+00 8.541335576818438e-01 5.521194532508245e+00
880 5.433697451768012e+00 -8.510196328548227e-01 5.499936582621161e+00
881 5.433697451764902e+00 -8.510196328633044e-01 5.499936582619402e+00
882 5.369750581134247e+00 1.088465814933732e+00 5.478957851076329e+00
883 5.433697451764902e+00 -8.510196328632755e-01 5.499936582619398e+00
884 5.433697451768011e+00 -8.510196328547904e-01 5.499936582621156e+00
885 5.369750581132836e+00 1.088465814934997e+00 5.478957851075196e+00
886 5.369750581134168e+00 1.088465814933795e+00 5.478957851076264e+00
887 5.369750581132859e+00 1.088465814935048e+00 5.478957851075229e+00
888 5.369750581132781e+00 -1.088465814935060e+00 5.478957851075155e+00
889 5.369750581134166e+00 -1.088465814933791e+00 5.478957851076260e+00
890 1.371998045505619e+00 1.524842082136087e+00 2.051224515338181e+00
891 1.371998045503598e+00 1.524842082138630e+00 2.051224515338720e+00
892 5.433697451764905e+00 8.510196328632400e-01 5.499936582619394e+00
893 5.433697451768010e+00 8.510196328547580e-01 5.499936582621150e+00
894 1.371998045505629e+00 1.524842082136133e+00 2.051224515338221e+00
895 5.433697451764966e+00 8.510196328632942e-01 5.499936582619464e+00
896 5.433697451767925e+00 8.510196328547727e-01 5.499936582621069e+00
897 1.371998045503589e+00 1.524842082138600e+00 2.051224515338692e+00
898 1.371998045503628e+00 -1.524842082138641e+00 2.051224515338748e+00
899 1.371998045505653e+00 -1.524842082136100e+00 2.051224515338213e+00
900 5.447362950637847e+00 5.593082812405852e-01 5.476001175077134e+00
901 5.447362950645486e+00 5.593082812254627e-01 5.476001175083190e+00
902 1.371998045505651e+00 -1.524842082136120e+00 2.051224515338227e+00
903 5.447362950645340e+00 5.593082812254462e-01 5.476001175083043e+00
904 5.369750581134331e+00 -1.088465814933787e+00 5.478957851076421e+00
905 5.369750581132912e+00 -1.088465814935058e+00 5.478957851075283e+00
906 1.371998045503593e+00 -1.524842082138613e+00 2.051224515338703e+00
907 5.447362950637589e+00 5.593082812405462e-01 5.476001175076875e+00
908 5.447362950637806e+00 -5.593082812405720e-01 5.476001175077093e+00
909 1.582046761067442e+00 -1.732886951065288e+00 2.346437542185245e+00
910 5.369210517159290e+00 1.098955713089292e+00 5.480522350734967e+00
911 5.369210517144288e+00 1.098955713084567e+00 5.480522350719321e+00
912 5.369210517228341e+00 1.098955712929675e+00 5.480522350770610e+00
913 5.369210517075264e+00 1.098955713244173e+00 5.480522350683705e+00
914 5.369210517151821e+00 1.098955713087043e+00 5.480522350727198e+00
915 5.369210517151521e+00 1.098955713086808e+00 5.480522350726856e+00
916 5.447362950637711e+00 -5.593082812406065e-01 5.476001175077002e+00
917 5.447362950645442e+00 -5.593082812254496e-01 5.476001175083145e+00
918 1.582046761067405e+00 -1.732886951065233e+00 2.346437542185180e+00
919 5.447362950645364e+00 -5.593082812254551e-01 5.476001175083067e+00
920 1.383201604174915e+00 -1.503547664106865e+00 2.043013033740428e+00
921 1.383201604147029e+00 -1.503547664133052e+00 2.043013033740821e+00
922 1.383201604174924e+00 -1.503547664106858e+00 2.043013033740429e+00
923 1.383201604147064e+00 -1.503547664133050e+00 2.043013033740843e+00
924 1.383201604158001e+00 -1.503547664199389e+00 2.043013033797070e+00
925 1.383201604185808e+00 -1.503547664173186e+00 2.043013033796612e+00
926 1.383201604157972e+00 -1.503547664199363e+00 2.043013033797031e+00
927 5.369210517228169e+00 1.098955712929679e+00 5.480522350770442e+00
928 5.369210517075085e+00 1.098955713244179e+00 5.480522350683530e+00
929 1.383201604185830e+00 -1.503547664173189e+00 2.043013033796630e+00
930 5.369210517075307e+00 -1.098955713244161e+00 5.480522350683744e+00
931 5.369210517228404e+00 -1.098955712929651e+00 5.480522350770666e+00
932 1.488636491684626e+00 -1.664334766092082e+00 2.232946219235452e+00
933 1.488636491658781e+00 -1.664334766270938e+00 2.232946219351532e+00
934 1.488636491654238e+00 -1.664334766127717e+00 2.232946219241753e+00
935 5.369210517075277e+00 -1.098955713244198e+00 5.480522350683721e+00
936 5.369210517228321e+00 -1.098955712929684e+00 5.480522350770592e+00
937 5.369210517144354e+00 -1.098955713084567e+00 5.480522350719387e+00
938 5.369210517159328e+00 -1.098955713089294e+00 5.480522350735004e+00
939 5.369210517159251e+00 -1.098955713089275e+00 5.480522350734924e+00
940 1.236133172708997e+00 -1.161037146541545e+00 1.695886929108466e+00
941 1.488636491684600e+00 -1.664334766092089e+00 2.232946219235439e+00
942 1.488636491658741e+00 -1.664334766270959e+00 2.232946219351521e+00
943 5.369210517151948e+00 -1.098955713087084e+00 5.480522350727330e+00
944 5.369210517151716e+00 -1.098955713086861e+00 5.480522350727060e+00
945 1.236133172686846e+00 -1.161037146562344e+00 1.695886929106560e+00
946 1.488636491654294e+00 -1.664334766127736e+00 2.232946219241806e+00
947 1.488636491689146e+00 -1.664334766235287e+00 2.232946219345203e+00
948 5.369210517144210e+00 -1.098955713084542e+00 5.480522350719240e+00
949 1.236133172657229e+00 -1.161037146714983e+00 1.695886929189472e+00
950 1.236133172709008e+00 -1.161037146541564e+00 1.695886929108487e+00
951 1.236133172686866e+00 -1.161037146562366e+00 1.695886929106590e+00
952 1.236133172657220e+00 -1.161037146715012e+00 1.695886929189486e+00
953 1.236133172679392e+00 -1.161037146694182e+00 1.695886929191386e+00
954 1.488636491689149e+00 -1.664334766235283e+00 2.232946219345202e+00
955 1.488636491671638e+00 -1.664334766181147e+00 2.232946219293178e+00
956 1.236133172679401e+00 -1.161037146694196e+00 1.695886929191401e+00
957 1.488636491671706e+00 -1.664334766181818e+00 2.232946219293723e+00
958 1.178355171934879e+00 -1.043789342102193e+00 1.574171878135233e+00
959 1.178355171939517e+00 -1.043789342094978e+00 1.574171878133920e+00
960 1.178355171920418e+00 -1.043789342514758e+00 1.574171878397968e+00
961 1.178355171927648e+00 -1.043789342308796e+00 1.574171878266813e+00
962 1.178355171927682e+00 -1.043789342308181e+00 1.574171878266431e+00
963 1.178355171934898e+00 -1.043789342102212e+00 1.574171878135260e+00
964 1.178355171915794e+00 -1.043789342521977e+00 1.574171878399294e+00
965 1.178355171915803e+00 -1.043789342521988e+00 1.574171878399307e+00
966 1.178355171927675e+00 -1.043789342308808e+00 1.574171878266841e+00
967 1.178355171927718e+00 -1.043789342308203e+00 1.574171878266472e+00
968 1.178355171939518e+00 -1.043789342094998e+00 1.574171878133935e+00
969 1.178355171920415e+00 -1.043789342514774e+00 1.574171878397977e+00
970 1.488636491671708e+00 -1.664334766181194e+00 2.232946219293259e+00
971 1.488636491671781e+00 -1.664334766181861e+00 2.232946219293805e+00
972 5.369210517159171e+00 1.098955713089280e+00 5.480522350734848e+00
973 5.369210517144232e+00 1.098955713084556e+00 5.480522350719265e+00
974 1.582046761067436e+00 -1.732886951065256e+00 2.346437542185217e+00
975 5.369210517151987e+00 1.098955713087096e+00 5.480522350727371e+00
976 1.582046761067448e+00 -1.732886951065201e+00 2.346437542185185e+00
977 5.369210517151657e+00 1.098955713086882e+00 5.480522350727005e+00
978 5.369210517151919e+00 -1.098955713087038e+00 5.480522350727293e+00
979 5.369210517151692e+00 -1.098955713086812e+00 5.480522350727025e+00
980 5.209727467188966e+00 -1.329885052402740e+00 5.376788496397026e+00
981 5.209727467194995e+00 -1.329885052448031e+00 5.376788496414070e+00
982 5.209727467191958e+00 -1.329885052439593e+00 5.376788496409041e+00
983 5.209727467192026e+00 -1.329885052411131e+00 5.376788496402067e+00
984 5.209727467195055e+00 -1.329885052448022e+00 5.376788496414127e+00
985 5.209727467191957e+00 -1.329885052425447e+00 5.376788496405541e+00
986 5.209727467188891e+00 -1.329885052402697e+00 5.376788496396943e+00
987 1.582046761067423e+00 1.732886951065205e+00 2.346437542185171e+00
988 1.383201604185806e+00 1.503547664173176e+00 2.043013033796603e+00
989 1.383201604174880e+00 1.503547664106892e+00 2.043013033740424e+00
990 1.383201604185824e+00 1.503547664173218e+00 2.043013033796647e+00
991 1.383201604147050e+00 1.503547664133072e+00 2.043013033740849e+00
992 1.383201604157942e+00 1.503547664199405e+00 2.043013033797041e+00
993 1.383201604147059e+00 1.503547664133079e+00 2.043013033740861e+00
994 1.383201604157974e+00 1.503547664199411e+00 2.043013033797067e+00
995 1.582046761067428e+00 1.732886951065203e+00 2.346437542185173e+00
996 1.355378590004959e+00 -1.309604254113361e+00 1.884705394653404e+00
997 1.355378589985283e+00 -1.309604254127105e+00 1.884705394648804e+00
998 1.582046761067471e+00 1.732886951065227e+00 2.346437542185219e+00
999 1.178355171939535e+00 1.043789342094983e+00 1.574171878133938e+00
1000 1.178355171934907e+00 1.043789342102194e+00 1.574171878135254e+00
1001 1.178355171927677e+00 1.043789342308172e+00 1.574171878266421e+00
1002 1.178355171927643e+00 1.043789342308777e+00 1.574171878266797e+00
1003 1.178355171915828e+00 1.043789342521981e+00 1.574171878399322e+00
1004 1.178355171939520e+00 1.043789342094988e+00 1.574171878133930e+00
1005 1.383201604174922e+00 1.503547664106898e+00 2.043013033740457e+00
1006 1.178355171934898e+00 1.043789342102210e+00 1.574171878135258e+00
1007 1.178355171927663e+00 1.043789342308159e+00 1.574171878266402e+00
1008 1.178355171927618e+00 1.043789342308752e+00 1.574171878266761e+00
1009 1.178355171920445e+00 1.043789342514766e+00 1.574171878397994e+00
1010 1.178355171915805e+00 1.043789342521996e+00 1.574171878399314e+00
1011 1.178355171920422e+00 1.043789342514781e+00 1.574171878397987e+00
1012 1.582046761067465e+00 1.732886951065246e+00 2.346437542185229e+00
1013 1.480143825793207e+00 -1.594270408815891e+00 2.175436480676864e+00
1014 1.480143825831646e+00 -1.594270408767800e+00 2.175436480667774e+00
1015 1.488636491658728e+00 1.664334766270913e+00 2.232946219351479e+00
1016 1.488636491654229e+00 1.664334766127709e+00 2.232946219241742e+00
1017 1.488636491684590e+00 1.664334766092042e+00 2.232946219235397e+00
1018 1.236133172679372e+00 1.161037146694176e+00 1.695886929191367e+00
1019 1.236133172708982e+00 1.161037146541540e+00 1.695886929108452e+00
1020 1.236133172679403e+00 1.161037146694191e+00 1.695886929191400e+00
1021 1.236133172657209e+00 1.161037146714988e+00 1.695886929189460e+00
1022 1.236133172657249e+00 1.161037146714989e+00 1.695886929189490e+00
1023 1.236133172709009e+00 1.161037146541540e+00 1.695886929108471e+00
1024 1.236133172686830e+00 1.161037146562344e+00 1.695886929106548e+00
1025 1.488636491658745e+00 1.664334766270924e+00 2.232946219351498e+00
1026 1.488636491654225e+00 1.664334766127717e+00 2.232946219241745e+00
1027 1.488636491689124e+00 1.664334766235262e+00 2.232946219345170e+00
1028 1.236133172686871e+00 1.161037146562349e+00 1.695886929106582e+00
1029 1.488636491684612e+00 1.664334766092100e+00 2.232946219235456e+00
1030 1.488636491671665e+00 1.664334766181812e+00 2.232946219293691e+00
1031 1.480143825814475e+00 -1.594270408584397e+00 2.175436480521684e+00
1032 1.480143825852933e+00 -1.594270408536308e+00 2.175436480512609e+00
1033 1.480143825823087e+00 -1.594270408676597e+00 2.175436480595113e+00
1034 1.488636491671633e+00 1.664334766181156e+00 2.232946219293181e+00
1035 1.480143825823076e+00 -1.594270408675607e+00 2.175436480594379e+00
1036 5.209727467188992e+00 1.329885052402763e+00 5.376788496397057e+00
1037 5.209727467191872e+00 1.329885052411053e+00 5.376788496401899e+00
1038 1.488636491689148e+00 1.664334766235303e+00 2.232946219345217e+00
1039 1.488636491671675e+00 1.664334766181788e+00 2.232946219293680e+00
1040 5.209727467195131e+00 1.329885052448057e+00 5.376788496414209e+00
1041 5.209727467188887e+00 1.329885052402711e+00 5.376788496396943e+00
1042 5.209727467191947e+00 1.329885052425333e+00 5.376788496405504e+00
1043 5.209727467192001e+00 1.329885052425420e+00 5.376788496405577e+00
1044 5.209727467191976e+00 1.329885052411121e+00 5.376788496402016e+00
1045 5.209727467191994e+00 1.329885052439667e+00 5.376788496409093e+00
1046 5.209727467195004e+00 1.329885052448005e+00 5.376788496414073e+00
1047 5.209727467191852e+00 1.329885052439634e+00 5.376788496408948e+00
1048 5.209727467192004e+00 1.329885052425339e+00 5.376788496405560e+00
1049 5.209727467191991e+00 1.329885052425425e+00 5.376788496405568e+00
1050 1.480143825823047e+00 -1.594270408675589e+00 2.175436480594346e+00
1051 1.488636491671732e+00 1.664334766181185e+00 2.232946219293269e+00
1052 1.484830551217134e+00 -1.569131344916208e+00 2.160299734626268e+00
1053 1.484830551222798e+00 -1.569131344908588e+00 2.160299734624627e+00
1054 1.484830551225040e+00 -1.569131344947762e+00 2.160299734654622e+00
1055 1.484830551217120e+00 -1.569131344916206e+00 2.160299734626257e+00
1056 1.484830551225048e+00 -1.569131344947774e+00 2.160299734654636e+00
1057 1.484830551222805e+00 -1.569131344908590e+00 2.160299734624632e+00
1058 1.484830551219354e+00 -1.569131344955373e+00 2.160299734656241e+00
1059 1.484830551219360e+00 -1.569131344955373e+00 2.160299734656245e+00
1060 1.355378590004962e+00 -1.309604254113404e+00 1.884705394653436e+00
1061 1.355378589985286e+00 -1.309604254127152e+00 1.884705394648839e+00
1062 1.480143825831618e+00 -1.594270408767795e+00 2.175436480667752e+00
1063 1.480143825793150e+00 -1.594270408815891e+00 2.175436480676825e+00
1064 1.480143825852919e+00 -1.594270408536325e+00 2.175436480512611e+00
1065 1.480143825814415e+00 -1.594270408584389e+00 2.175436480521637e+00
1066 1.480143825823026e+00 -1.594270408676546e+00 2.175436480595033e+00
1067 5.381102383382561e+00 5.932714692617651e-01 5.413707961895017e+00
1068 5.381102383240009e+00 5.932714687023524e-01 5.413707961692019e+00
1069 5.244172566928906e+00 -1.160719560454587e+00 5.371090746743310e+00
1070 1.355378590004979e+00 1.309604254113379e+00 1.884705394653431e+00
1071 1.355378589985313e+00 1.309604254127133e+00 1.884705394648845e+00
1072 5.244172566928905e+00 -1.160719560454586e+00 5.371090746743308e+00
1073 5.244172566928427e+00 -1.160719560461298e+00 5.371090746744292e+00
1074 5.209727467191932e+00 -1.329885052411115e+00 5.376788496401972e+00
1075 5.209727467191869e+00 -1.329885052439591e+00 5.376788496408954e+00
1076 1.355378589985281e+00 1.309604254127102e+00 1.884705394648801e+00
1077 1.355378590004954e+00 1.309604254113356e+00 1.884705394653397e+00
1078 5.244172566928835e+00 1.160719560454591e+00 5.371090746743242e+00
1079 5.244172566928330e+00 1.160719560461315e+00 5.371090746744200e+00
1080 5.244172566928782e+00 1.160719560454593e+00 5.371090746743190e+00
1081 5.209727467191962e+00 -1.329885052425340e+00 5.376788496405520e+00
1082 5.244172566928406e+00 1.160719560461291e+00 5.371090746744271e+00
1083 5.244172566928310e+00 -1.160719560461259e+00 5.371090746744170e+00
1084 5.209727467191948e+00 -1.329885052425418e+00 5.376788496405525e+00
1085 5.209727467192026e+00 -1.329885052425332e+00 5.376788496405580e+00
1086 5.168870676827600e+00 -1.355084902202396e+00 5.343545561323968e+00
1087 5.168870676835589e+00 1.355084902184886e+00 5.343545561327256e+00
1088 5.168870676827679e+00 1.355084902202438e+00 5.343545561324056e+00
1089 5.168870676827634e+00 -1.355084902202365e+00 5.343545561323994e+00
1090 5.168870676835534e+00 -1.355084902184886e+00 5.343545561327203e+00
1091 5.168870676832905e+00 -1.355084902124231e+00 5.343545561309278e+00
1092 5.168870676835575e+00 -1.355084902184833e+00 5.343545561327230e+00
1093 5.168870676833007e+00 -1.355084902124216e+00 5.343545561309373e+00
1094 5.168870676827689e+00 1.355084902202422e+00 5.343545561324062e+00
1095 5.168870676835515e+00 1.355084902184861e+00 5.343545561327178e+00
1096 5.168870676825024e+00 1.355084902141779e+00 5.343545561306104e+00
1097 5.168870676832984e+00 1.355084902124264e+00 5.343545561309363e+00
1098 5.168870676824961e+00 -1.355084902141765e+00 5.343545561306041e+00
1099 5.168870676824981e+00 -1.355084902141738e+00 5.343545561306054e+00
1100 5.249769559164026e+00 1.163155751821392e+00 5.377082083000077e+00
1101 5.249769559182685e+00 1.163155751829644e+00 5.377082083020079e+00
1102 5.168870676824988e+00 1.355084902141769e+00 5.343545561306068e+00
1103 5.249769559163930e+00 -1.163155751821381e+00 5.377082082999981e+00
1104 5.249769559182585e+00 -1.163155751829625e+00 5.377082083019977e+00
1105 5.249769559182669e+00 1.163155751829656e+00 5.377082083020065e+00
1106 5.249769559164026e+00 1.163155751821395e+00 5.377082083000077e+00
1107 5.249769559207383e+00 1.163155751728238e+00 5.377082083022255e+00
1108 5.249769559188724e+00 1.163155751719998e+00 5.377082083002256e+00
1109 5.249769559207325e+00 -1.163155751728249e+00 5.377082083022202e+00
1110 5.249769559163948e+00 -1.163155751821338e+00 5.377082082999988e+00
1111 5.249769559182571e+00 -1.163155751829593e+00 5.377082083019956e+00
1112 5.249769559188709e+00 -1.163155751720002e+00 5.377082083002243e+00
1113 5.249769559207338e+00 -1.163155751728217e+00 5.377082083022207e+00
1114 5.249769559188678e+00 -1.163155751719960e+00 5.377082083002203e+00
1115 5.249769559207345e+00 1.163155751728263e+00 5.377082083022224e+00
1116 5.249769559188715e+00 1.163155751720006e+00 5.377082083002248e+00
1117 1.286197448219445e+00 -1.188290793520479e+00 1.751096481000330e+00
1118 1.286197448217280e+00 -1.188290793873907e+00 1.751096481238576e+00
1119 1.286197448204181e+00 -1.188290793890718e+00 1.751096481240362e+00
1120 5.168870676833036e+00 1.355084902124227e+00 5.343545561309404e+00
1121 1.286197448217302e+00 -1.188290793873947e+00 1.751096481238619e+00
1122 1.286197448219448e+00 -1.188290793520493e+00 1.751096481000342e+00
1123 1.286197448232554e+00 -1.188290793503675e+00 1.751096480998556e+00
1124 1.286197448204206e+00 -1.188290793890746e+00 1.751096481240400e+00
1125 1.286197448232564e+00 -1.188290793503691e+00 1.751096480998575e+00
1126 1.286197448218422e+00 -1.188290793696507e+00 1.751096481119031e+00
1127 1.286197448218322e+00 -1.188290793697901e+00 1.751096481119904e+00
1128 1.484830551222788e+00 1.569131344908602e+00 2.160299734624630e+00
1129 1.484830551217134e+00 1.569131344916215e+00 2.160299734626273e+00
1130 1.484830551219338e+00 1.569131344955370e+00 2.160299734656229e+00
1131 1.484830551225027e+00 1.569131344947751e+00 2.160299734654604e+00
1132 1.480143825831661e+00 1.594270408767805e+00 2.175436480667788e+00
1133 1.480143825814458e+00 1.594270408584369e+00 2.175436480521652e+00
1134 1.480143825852922e+00 1.594270408536319e+00 2.175436480512609e+00
1135 1.480143825793228e+00 1.594270408815913e+00 2.175436480676894e+00
1136 1.480143825852923e+00 1.594270408536305e+00 2.175436480512599e+00
1137 1.480143825823071e+00 1.594270408676592e+00 2.175436480595098e+00
1138 1.480143825823060e+00 1.594270408675609e+00 2.175436480594370e+00
1139 1.484830551222772e+00 1.569131344908602e+00 2.160299734624620e+00
1140 1.484830551217102e+00 1.569131344916209e+00 2.160299734626247e+00
1141 1.484830551219337e+00 1.569131344955381e+00 2.160299734656236e+00
1142 1.484830551225016e+00 1.569131344947751e+00 2.160299734654597e+00
1143 1.480143825814511e+00 1.594270408584410e+00 2.175436480521718e+00
1144 1.480143825831693e+00 1.594270408767814e+00 2.175436480667816e+00
1145 1.480143825823025e+00 1.594270408676591e+00 2.175436480595065e+00
1146 1.480143825823047e+00 1.594270408675621e+00 2.175436480594370e+00
1147 1.480143825793189e+00 1.594270408815875e+00 2.175436480676840e+00
1148 1.286197448218308e+00 -1.188290793697905e+00 1.751096481119896e+00
1149 1.286197448218394e+00 -1.188290793696503e+00 1.751096481119008e+00
1150 1.286197448232535e+00 1.188290793503693e+00 1.751096480998555e+00
1151 1.286197448232580e+00 1.188290793503682e+00 1.751096480998580e+00
1152 1.286197448219435e+00 1.188290793520508e+00 1.751096481000343e+00
1153 1.286197448218338e+00 1.188290793697905e+00 1.751096481119919e+00
1154 1.286197448218420e+00 1.188290793696496e+00 1.751096481119023e+00
1155 1.286197448219462e+00 1.188290793520508e+00 1.751096481000363e+00
1156 1.286197448217278e+00 1.188290793873925e+00 1.751096481238586e+00
1157 1.286197448204172e+00 1.188290793890729e+00 1.751096481240364e+00
1158 1.286197448217295e+00 1.188290793873921e+00 1.751096481238597e+00
1159 1.286197448204199e+00 1.188290793890752e+00 1.751096481240400e+00
1160 1.286197448218417e+00 1.188290793696509e+00 1.751096481119029e+00
1161 5.121292270642058e+00 -1.360909459057918e+00 5.299029069281598e+00
1162 5.121292270641981e+00 -1.360909459057838e+00 5.299029069281504e+00
1163 5.121292270642178e+00 1.360909459057967e+00 5.299029069281727e+00
1164 5.381102383382514e+00 -5.932714692617476e-01 5.413707961894968e+00
1165 5.381102383240005e+00 5.932714687023166e-01 5.413707961692011e+00
1166 5.381102383230216e+00 5.932714690672107e-01 5.413707961722268e+00
1167 5.381102383382443e+00 5.932714692617409e-01 5.413707961894898e+00
1168 5.381102383392314e+00 5.932714688968700e-01 5.413707961864723e+00
1169 5.147705650925333e+00 1.349997031009335e+00 5.321782168813623e+00
1170 5.147705650925320e+00 1.349997031009275e+00 5.321782168813595e+00
1171 5.147705651001097e+00 1.349997030878503e+00 5.321782168853719e+00
1172 5.121292270642266e+00 1.360909459057980e+00 5.299029069281816e+00
1173 5.381102383240009e+00 -5.932714687023363e-01 5.413707961692016e+00
1174 5.381102383392275e+00 5.932714688969070e-01 5.413707961864688e+00
1175 5.147705650967163e+00 1.349997030960110e+00 5.321782168841596e+00
1176 5.381102383230260e+00 5.932714690671836e-01 5.413707961722309e+00
1177 5.147705651001092e+00 1.349997030878462e+00 5.321782168853704e+00
1178 5.147705650959405e+00 1.349997030927715e+00 5.321782168825875e+00
1179 5.121292270642191e+00 1.360909459057934e+00 5.299029069281731e+00
1180 5.381102383310234e+00 5.932714689844910e-01 5.413707961792739e+00
1181 5.381102383312345e+00 5.932714689795709e-01 5.413707961794299e+00
1182 5.381102383392286e+00 -5.932714688969185e-01 5.413707961864700e+00
1183 5.381102383382604e+00 -5.932714692617731e-01 5.413707961895060e+00
1184 5.381102383239989e+00 -5.932714687023452e-01 5.413707961691998e+00
1185 5.381102383230147e+00 -5.932714690672217e-01 5.413707961722201e+00
1186 5.341054484169899e+00 3.298668801699876e-01 5.351231181840723e+00
1187 5.341054484277769e+00 3.298668799811544e-01 5.351231181936748e+00
1188 5.381102383392314e+00 -5.932714688969183e-01 5.413707961864727e+00
1189 5.381102383230194e+00 -5.932714690672090e-01 5.413707961722245e+00
1190 5.381102383312318e+00 -5.932714689795774e-01 5.413707961794273e+00
1191 5.381102383310185e+00 5.932714689845100e-01 5.413707961792693e+00
1192 5.341054484169919e+00 3.298668801699858e-01 5.351231181840744e+00
1193 5.341054484277747e+00 3.298668799811751e-01 5.351231181936728e+00
1194 5.381102383310197e+00 -5.932714689845148e-01 5.413707961792706e+00
1195 5.381102383312364e+00 5.932714689796196e-01 5.413707961794323e+00
1196 5.341054484225229e+00 3.298668801010003e-01 5.351231181891697e+00
1197 5.381102383310187e+00 -5.932714689844937e-01 5.413707961792692e+00
1198 5.381102383312204e+00 -5.932714689795270e-01 5.413707961794154e+00
1199 5.341054484222385e+00 3.298668800501264e-01 5.351231181885721e+00
1200 5.341054484225263e+00 3.298668801009982e-01 5.351231181891730e+00
1201 5.341054484277755e+00 -3.298668799811603e-01 5.351231181936734e+00
1202 5.341054484277789e+00 -3.298668799811431e-01 5.351231181936767e+00
1203 5.147705651001068e+00 -1.349997030878463e+00 5.321782168853682e+00
1204 5.147705650925285e+00 -1.349997031009291e+00 5.321782168813565e+00
1205 5.341054484169891e+00 -3.298668801699902e-01 5.351231181840715e+00
1206 5.341054484225250e+00 -3.298668801010023e-01 5.351231181891717e+00
1207 5.147705650967148e+00 -1.349997030960103e+00 5.321782168841581e+00
1208 5.341054484169992e+00 -3.298668801699775e-01 5.351231181840815e+00
1209 5.147705650967025e+00 -1.349997030960132e+00 5.321782168841470e+00
1210 5.147705651001121e+00 -1.349997030878484e+00 5.321782168853737e+00
1211 5.147705650925230e+00 -1.349997031009297e+00 5.321782168813513e+00
1212 5.147705650963199e+00 -1.349997030943840e+00 5.321782168833636e+00
1213 5.147705650963255e+00 -1.349997030943894e+00 5.321782168833703e+00
1214 5.341054484222471e+00 3.298668800501270e-01 5.351231181885807e+00
1215 5.147705650959382e+00 -1.349997030927695e+00 5.321782168825847e+00
1216 5.147705650959277e+00 -1.349997030927726e+00 5.321782168825754e+00
1217 5.147705650963191e+00 -1.349997030943894e+00 5.321782168833642e+00
1218 5.147705650963232e+00 -1.349997030943843e+00 5.321782168833669e+00
1219 5.341054484225276e+00 -3.298668801010018e-01 5.351231181891743e+00
1220 5.341054484222387e+00 -3.298668800501443e-01 5.351231181885725e+00
1221 5.341054484222410e+00 -3.298668800501265e-01 5.351231181885747e+00
1222 5.313939859875987e+00 8.862250322397776e-01 5.387332516389463e+00
1223 5.313939859741805e+00 8.862250321461378e-01 5.387332516241704e+00
1224 5.313939859771991e+00 8.862250323574894e-01 5.387332516306247e+00
1225 5.313939859826137e+00 8.862250322992242e-01 5.387332516350070e+00
1226 5.313939859821986e+00 8.862250322980555e-01 5.387332516345784e+00
1227 5.313939859772036e+00 8.862250323575062e-01 5.387332516306294e+00
1228 5.313939859906289e+00 8.862250324511791e-01 5.387332516454128e+00
1229 5.313939859876086e+00 8.862250322397944e-01 5.387332516389564e+00
1230 5.313939859741730e+00 8.862250321461169e-01 5.387332516241627e+00
1231 5.313939859906222e+00 8.862250324511400e-01 5.387332516454055e+00
1232 5.313939859821914e+00 8.862250322980393e-01 5.387332516345710e+00
1233 5.313939859826026e+00 8.862250322992107e-01 5.387332516349959e+00
1234 1.286197448218306e+00 1.188290793697909e+00 1.751096481119898e+00
1235 5.121292270642246e+00 -1.360909459057950e+00 5.299029069281788e+00
1236 5.121292270642181e+00 1.360909459057886e+00 5.299029069281708e+00
1237 5.121292270642290e+00 -1.360909459057918e+00 5.299029069281823e+00
1238 5.147705650967131e+00 1.349997030960131e+00 5.321782168841572e+00
1239 5.147705650959346e+00 1.349997030927708e+00 5.321782168825816e+00
1240 5.147705650963307e+00 1.349997030943962e+00 5.321782168833772e+00
1241 5.147705650963175e+00 1.349997030943851e+00 5.321782168833615e+00
1242 5.147705650963268e+00 1.349997030943886e+00 5.321782168833715e+00
1243 5.094095374492401e+00 -1.380435345871048e+00 5.277822413510613e+00
1244 5.094095374497187e+00 -1.380435345779798e+00 5.277822413491366e+00
1245 5.094095374487143e+00 -1.380435345809967e+00 5.277822413489562e+00
1246 5.094095374487119e+00 -1.380435345809929e+00 5.277822413489529e+00
1247 5.094095374502485e+00 -1.380435345840891e+00 5.277822413512459e+00
1248 5.094095374492464e+00 -1.380435345871052e+00 5.277822413510675e+00
1249 5.094095374497156e+00 -1.380435345779737e+00 5.277822413491321e+00
1250 5.147705650963152e+00 1.349997030943897e+00 5.321782168833605e+00
1251 5.094095374502456e+00 -1.380435345840892e+00 5.277822413512431e+00
1252 5.094095374497188e+00 1.380435345779810e+00 5.277822413491370e+00
1253 5.094095374497209e+00 1.380435345779834e+00 5.277822413491396e+00
1254 5.094095374492460e+00 1.380435345871089e+00 5.277822413510681e+00
1255 5.094095374487151e+00 1.380435345809995e+00 5.277822413489577e+00
1256 5.094095374492409e+00 1.380435345871077e+00 5.277822413510628e+00
1257 5.094095374487117e+00 1.380435345809992e+00 5.277822413489544e+00
1258 5.313939859741759e+00 -8.862250321461023e-01 5.387332516241654e+00
1259 5.313939859876021e+00 -8.862250322397395e-01 5.387332516389489e+00
1260 5.313939859906235e+00 -8.862250324511214e-01 5.387332516454064e+00
1261 5.313939859741778e+00 -8.862250321461169e-01 5.387332516241674e+00
1262 5.313939859875878e+00 -8.862250322397668e-01 5.387332516389354e+00
1263 5.313939859771989e+00 -8.862250323574580e-01 5.387332516306240e+00
1264 5.313939859906270e+00 -8.862250324511406e-01 5.387332516454103e+00
1265 5.313939859771989e+00 -8.862250323574411e-01 5.387332516306238e+00
1266 5.094095374502462e+00 1.380435345840927e+00 5.277822413512445e+00
1267 5.094095374502535e+00 1.380435345840905e+00 5.277822413512511e+00
1268 5.313939859821798e+00 -8.862250322979996e-01 5.387332516345590e+00
1269 5.313939859825918e+00 -8.862250322992018e-01 5.387332516349850e+00
1270 5.324686399696039e+00 2.481666570389325e-01 5.330466390924329e+00
1271 5.324686399850554e+00 2.481666571622906e-01 5.330466391084420e+00
1272 5.324686399696044e+00 2.481666570388970e-01 5.330466390924333e+00
1273 5.324686399850560e+00 2.481666571622698e-01 5.330466391084425e+00
1274 5.324686399789544e+00 2.481666571235227e-01 5.330466391021671e+00
1275 5.324686399757027e+00 2.481666570776926e-01 5.330466390987056e+00
1276 5.324686399774341e+00 2.481666571040055e-01 5.330466391005577e+00
1277 5.324686399772268e+00 2.481666570971858e-01 5.330466391003188e+00
1278 5.324686399772237e+00 2.481666570972006e-01 5.330466391003158e+00
1279 5.324686399774293e+00 2.481666571039843e-01 5.330466391005528e+00
1280 5.313939859821990e+00 -8.862250322980145e-01 5.387332516345781e+00
1281 5.324686399696130e+00 -2.481666570388912e-01 5.330466390924419e+00
1282 5.324686399757188e+00 -2.481666570776791e-01 5.330466390987216e+00
1283 5.324686399850679e+00 -2.481666571622646e-01 5.330466391084545e+00
1284 5.324686399696088e+00 -2.481666570388975e-01 5.330466390924378e+00
1285 5.324686399774386e+00 -2.481666571039961e-01 5.330466391005621e+00
1286 5.324686399757185e+00 -2.481666570776793e-01 5.330466390987214e+00
1287 5.324686399850575e+00 -2.481666571622775e-01 5.330466391084439e+00
1288 5.324686399772335e+00 -2.481666570971920e-01 5.330466391003255e+00
1289 5.324686399789677e+00 -2.481666571235307e-01 5.330466391021804e+00
1290 5.324686399789690e+00 -2.481666571235470e-01 5.330466391021818e+00
1291 5.324686399789608e+00 2.481666571235302e-01 5.330466391021736e+00
1292 5.324686399757081e+00 2.481666570776559e-01 5.330466390987108e+00
1293 5.313939859826070e+00 -8.862250322991796e-01 5.387332516349998e+00
1294 5.324686399772331e+00 -2.481666570971560e-01 5.330466391003249e+00
1295 5.324686399774384e+00 -2.481666571039941e-01 5.330466391005618e+00
1296 1.438867702886076e+00 -1.368823034094075e+00 1.985954874883909e+00
1297 1.438867702831056e+00 -1.368823034253345e+00 1.985954874953822e+00
1298 1.438867702886098e+00 -1.368823034094088e+00 1.985954874883934e+00
1299 1.438867702857493e+00 -1.368823034122085e+00 1.985954874882506e+00
1300 1.438867702857487e+00 -1.368823034122085e+00 1.985954874882502e+00
1301 1.335670266526259e+00 -9.853255948053224e-01 1.659783596936899e+00
1302 1.438867702831100e+00 -1.368823034253363e+00 1.985954874953867e+00
1303 1.335670266533743e+00 -9.853255948009192e-01 1.659783596940307e+00
1304 1.335670266526360e+00 -9.853255948053443e-01 1.659783596936993e+00
1305 1.335670266533811e+00 -9.853255948009324e-01 1.659783596940370e+00
1306 1.438867702859690e+00 -1.368823034225352e+00 1.985954874955275e+00
1307 1.438867702859664e+00 -1.368823034225345e+00 1.985954874955251e+00
1308 5.071196052670854e+00 -1.380523703170862e+00 5.255746864113704e+00
1309 5.071196052672162e+00 -1.380523703169128e+00 5.255746864114512e+00
1310 5.071196052670813e+00 -1.380523703170840e+00 5.255746864113660e+00
1311 5.071196052672120e+00 -1.380523703169100e+00 5.255746864114463e+00
1312 5.071196052670870e+00 1.380523703170903e+00 5.255746864113731e+00
1313 5.071196052672173e+00 1.380523703169168e+00 5.255746864114532e+00
1314 5.071196052670806e+00 1.380523703170857e+00 5.255746864113657e+00
1315 5.071196052672136e+00 1.380523703169135e+00 5.255746864114488e+00
1316 1.335670266533784e+00 9.853255948008897e-01 1.659783596940323e+00
1317 5.268008454194267e+00 8.923106077953755e-01 5.343045133090906e+00
1318 5.268008454182563e+00 8.923106077595886e-01 5.343045133073390e+00
1319 1.335670266526270e+00 9.853255948052775e-01 1.659783596936881e+00
1320 5.268008454214638e+00 8.923106076195660e-01 5.343045133081631e+00
1321 5.268008454194323e+00 8.923106077953467e-01 5.343045133090957e+00
1322 5.268008454182690e+00 8.923106077596391e-01 5.343045133073524e+00
1323 5.268008454214804e+00 8.923106076195610e-01 5.343045133081794e+00
1324 5.268008454226478e+00 8.923106076552914e-01 5.343045133099269e+00
1325 1.335670266533777e+00 9.853255948009443e-01 1.659783596940349e+00
1326 5.268008454226594e+00 8.923106076552906e-01 5.343045133099384e+00
1327 5.268008454226578e+00 -8.923106076552871e-01 5.343045133099368e+00
1328 5.268008454194424e+00 -8.923106077953452e-01 5.343045133091056e+00
1329 1.438867702831074e+00 1.368823034253362e+00 1.985954874953847e+00
1330 1.438867702857493e+00 1.368823034122084e+00 1.985954874882506e+00
1331 1.438867702831064e+00 1.368823034253366e+00 1.985954874953843e+00
1332 1.438867702857497e+00 1.368823034122113e+00 1.985954874882528e+00
1333 1.438867702886083e+00 1.368823034094093e+00 1.985954874883926e+00
1334 1.438867702886105e+00 1.368823034094126e+00 1.985954874883965e+00
1335 5.268008454182602e+00 -8.923106077595636e-01 5.343045133073425e+00
1336 5.268008454226544e+00 -8.923106076552855e-01 5.343045133099334e+00
1337 1.438867702859688e+00 1.368823034225358e+00 1.985954874955277e+00
1338 5.268008454214769e+00 -8.923106076195561e-01 5.343045133081758e+00
1339 5.268008454214858e+00 -8.923106076195698e-01 5.343045133081849e+00
1340 1.438867702859672e+00 1.368823034225368e+00 1.985954874955272e+00
1341 5.268008454194486e+00 -8.923106077953536e-01 5.343045133091119e+00
1342 1.335670266526310e+00 9.853255948053498e-01 1.659783596936957e+00
1343 5.268008454182561e+00 -8.923106077595909e-01 5.343045133073388e+00
1344 5.273102778165205e+00 5.988375617278607e-01 5.306997205052003e+00
1345 5.273102778275796e+00 5.988375618335299e-01 5.306997205173811e+00
1346 5.273102778125693e+00 5.988375621820669e-01 5.306997205063997e+00
1347 5.273102778014982e+00 5.988375620763988e-01 5.306997204942069e+00
1348 5.127020643388743e+00 1.197488376101867e+00 5.265008935285239e+00
1349 5.127020643333915e+00 1.197488376001921e+00 5.265008935209116e+00
1350 5.127020643336005e+00 1.197488376001050e+00 5.265008935210953e+00
1351 5.127020643366450e+00 1.197488375960342e+00 5.265008935231341e+00
1352 5.273102778014883e+00 5.988375620763851e-01 5.306997204941969e+00
1353 5.067899489560949e+00 -1.390006713476378e+00 5.255066498133162e+00
1354 5.067899489670452e+00 -1.390006713203468e+00 5.255066498166578e+00
1355 5.273102778165025e+00 5.988375617278098e-01 5.306997205051818e+00
1356 5.273102778275723e+00 5.988375618335100e-01 5.306997205173736e+00
1357 5.067899489670499e+00 -1.390006713203493e+00 5.255066498166630e+00
1358 5.273102778125455e+00 5.988375621820173e-01 5.306997205063754e+00
1359 5.067899489561015e+00 -1.390006713476412e+00 5.255066498133234e+00
1360 5.067899489670434e+00 1.390006713203501e+00 5.255066498166569e+00
1361 5.067899489560935e+00 1.390006713476413e+00 5.255066498133157e+00
1362 5.067899489610544e+00 -1.390006713339313e+00 5.255066498144735e+00
1363 5.067899489670388e+00 1.390006713203505e+00 5.255066498166525e+00
1364 5.067899489560992e+00 1.390006713476406e+00 5.255066498133211e+00
1365 5.067899489620901e+00 1.390006713340582e+00 5.255066498155059e+00
1366 5.067899489610672e+00 1.390006713339330e+00 5.255066498144862e+00
1367 5.067899489620759e+00 -1.390006713340542e+00 5.255066498154911e+00
1368 5.067899489610525e+00 -1.390006713339285e+00 5.255066498144710e+00
1369 5.067899489620756e+00 -1.390006713340555e+00 5.255066498154912e+00
1370 5.067899489615931e+00 -1.390006713340074e+00 5.255066498150131e+00
1371 5.067899489610677e+00 1.390006713339291e+00 5.255066498144858e+00
1372 5.067899489620866e+00 1.390006713340562e+00 5.255066498155021e+00
1373 5.273102778125689e+00 -5.988375621820574e-01 5.306997205063991e+00
1374 5.273102778015010e+00 -5.988375620763904e-01 5.306997204942096e+00
1375 5.273102778275830e+00 -5.988375618335092e-01 5.306997205173843e+00
1376 5.273102778015036e+00 -5.988375620763755e-01 5.306997204942119e+00
1377 5.263844885071252e+00 4.053794154466139e-01 5.279431356174509e+00
1378 5.263844885058972e+00 4.053794154088657e-01 5.279431356159368e+00
1379 5.263844885032697e+00 4.053794155101750e-01 5.279431356140948e+00
1380 5.263844885055237e+00 4.053794155455061e-01 5.279431356166135e+00
1381 5.263844885029000e+00 4.053794156467715e-01 5.279431356147751e+00
1382 5.067899489615792e+00 1.390006713339978e+00 5.255066498149973e+00
1383 5.067899489615580e+00 1.390006713339855e+00 5.255066498149735e+00
1384 5.273102778165233e+00 -5.988375617278598e-01 5.306997205052031e+00
1385 5.273102778275834e+00 -5.988375618334806e-01 5.306997205173843e+00
1386 5.273102778165172e+00 -5.988375617278184e-01 5.306997205051965e+00
1387 5.273102778125663e+00 -5.988375621820407e-01 5.306997205063964e+00
1388 5.067899489615865e+00 1.390006713340044e+00 5.255066498150060e+00
1389 5.263844885016675e+00 4.053794156090125e-01 5.279431356132563e+00
1390 5.067899489615672e+00 -1.390006713339851e+00 5.255066498149823e+00
1391 5.263844885016679e+00 4.053794156090285e-01 5.279431356132569e+00
1392 5.067899489615863e+00 -1.390006713340068e+00 5.255066498150065e+00
1393 5.067899489615656e+00 1.390006713339841e+00 5.255066498149805e+00
1394 1.494859832129086e+00 -1.402717901881632e+00 2.049932542785788e+00
1395 1.494859832140087e+00 -1.402717901565410e+00 2.049932542577427e+00
1396 1.494859832120091e+00 -1.402717901585642e+00 2.049932542576690e+00
1397 1.494859832129092e+00 -1.402717901881632e+00 2.049932542785793e+00
1398 1.494859832109131e+00 -1.402717901901889e+00 2.049932542785097e+00
1399 1.494859832124532e+00 -1.402717901734466e+00 2.049932542681765e+00
1400 1.494859832124624e+00 -1.402717901732794e+00 2.049932542680688e+00
1401 1.494859832109109e+00 -1.402717901901861e+00 2.049932542785063e+00
1402 1.494859832140057e+00 -1.402717901565396e+00 2.049932542577396e+00
1403 1.494859832120087e+00 -1.402717901585649e+00 2.049932542576693e+00
1404 1.494859832124555e+00 -1.402717901734478e+00 2.049932542681790e+00
1405 1.494859832124649e+00 -1.402717901732801e+00 2.049932542680711e+00
1406 5.067899489615687e+00 -1.390006713339832e+00 5.255066498149833e+00
1407 1.719078115273038e+00 -1.655126861980981e+00 2.386351712481149e+00
1408 5.127020643388659e+00 -1.197488376101840e+00 5.265008935285151e+00
1409 5.127020643303381e+00 -1.197488376042656e+00 5.265008935188648e+00
1410 5.127020643281079e+00 -1.197488375901124e+00 5.265008935134739e+00
1411 5.127020643281156e+00 -1.197488375901150e+00 5.265008935134821e+00
1412 1.719078115291294e+00 -1.655126861893405e+00 2.386351712433559e+00
1413 1.719078115273075e+00 -1.655126861980981e+00 2.386351712481175e+00
1414 5.127020643388756e+00 -1.197488376101851e+00 5.265008935285247e+00
1415 5.127020643366505e+00 -1.197488375960311e+00 5.265008935231388e+00
1416 1.719078115291300e+00 -1.655126861893401e+00 2.386351712433560e+00
1417 1.719078115301982e+00 -1.655126861949903e+00 2.386351712480444e+00
1418 1.719078115262380e+00 -1.655126861924525e+00 2.386351712434314e+00
1419 1.719078115302016e+00 -1.655126861949905e+00 2.386351712480470e+00
1420 1.650121582564977e+00 -1.594134639385882e+00 2.294377145487790e+00
1421 1.650121582590516e+00 -1.594134639507850e+00 2.294377145590901e+00
1422 1.650121582577654e+00 -1.594134639446817e+00 2.294377145539245e+00
1423 1.650121582597929e+00 -1.594134639470394e+00 2.294377145570208e+00
1424 1.650121582577669e+00 -1.594134639446813e+00 2.294377145539254e+00
1425 1.650121582564914e+00 -1.594134639385847e+00 2.294377145487721e+00
1426 1.650121582590459e+00 -1.594134639507801e+00 2.294377145590826e+00
1427 1.650121582557498e+00 -1.594134639423324e+00 2.294377145508425e+00
1428 1.650121582597867e+00 -1.594134639470338e+00 2.294377145570125e+00
1429 5.263844885016619e+00 -4.053794156090191e-01 5.279431356132508e+00
1430 1.719078115262352e+00 -1.655126861924481e+00 2.386351712434264e+00
1431 5.263844885071252e+00 -4.053794154466015e-01 5.279431356174508e+00
1432 5.263844885028993e+00 -4.053794156467842e-01 5.279431356147745e+00
1433 5.263844885032696e+00 -4.053794155101797e-01 5.279431356140948e+00
1434 5.263844885016729e+00 -4.053794156090267e-01 5.279431356132618e+00
1435 5.263844885071270e+00 -4.053794154466324e-01 5.279431356174529e+00
1436 5.263844885058956e+00 -4.053794154088536e-01 5.279431356159350e+00
1437 5.263844885055234e+00 -4.053794155454722e-01 5.279431356166130e+00
1438 5.263844885032689e+00 -4.053794155101590e-01 5.279431356140940e+00
1439 5.263844885055279e+00 -4.053794155454952e-01 5.279431356166175e+00
1440 1.650121582557472e+00 -1.594134639423271e+00 2.294377145508371e+00
1441 5.127020643333815e+00 -1.197488376001924e+00 5.265008935209019e+00
1442 5.127020643335896e+00 -1.197488376001054e+00 5.265008935210848e+00
1443 5.263844885058897e+00 -4.053794154088806e-01 5.279431356159294e+00
1444 4.947191337513106e+00 -1.432102835018106e+00 5.150302967790497e+00
1445 4.947191337512445e+00 -1.432102835012634e+00 5.150302967788342e+00
1446 1.435958706234443e+00 -1.118202270883523e+00 1.819987286938995e+00
1447 1.435958706253627e+00 -1.118202270872173e+00 1.819987286947157e+00
1448 1.435958706253585e+00 -1.118202270872160e+00 1.819987286947116e+00
1449 1.435958706234398e+00 -1.118202270883510e+00 1.819987286938952e+00
1450 5.199730667413454e+00 3.978855761329836e-01 5.214931633812148e+00
1451 5.199730667401797e+00 3.978855761523287e-01 5.214931633802000e+00
1452 5.199730667401608e+00 -3.978855761523339e-01 5.214931633801814e+00
1453 5.199730667413331e+00 -3.978855761329927e-01 5.214931633812026e+00
1454 1.624748590756603e+00 -1.494592341369466e+00 2.207626383708492e+00
1455 1.624748590779338e+00 -1.494592341351650e+00 2.207626383713161e+00
1456 1.624748590756598e+00 -1.494592341369467e+00 2.207626383708488e+00
1457 5.199730667401771e+00 -3.978855761523565e-01 5.214931633801976e+00
1458 5.199730667413500e+00 -3.978855761330217e-01 5.214931633812196e+00
1459 1.624748590779350e+00 -1.494592341351607e+00 2.207626383713141e+00
1460 5.263844885028967e+00 -4.053794156467837e-01 5.279431356147719e+00
1461 5.199730667401727e+00 3.978855761523347e-01 5.214931633801932e+00
1462 5.263844885029069e+00 4.053794156467694e-01 5.279431356147820e+00
1463 5.263844885058989e+00 4.053794154088701e-01 5.279431356159385e+00
1464 5.263844885071285e+00 4.053794154466172e-01 5.279431356174542e+00
1465 5.263844885055239e+00 4.053794155455037e-01 5.279431356166136e+00
1466 5.263844885032685e+00 4.053794155101670e-01 5.279431356140936e+00
1467 1.494859832140062e+00 1.402717901565406e+00 2.049932542577407e+00
1468 1.494859832120094e+00 1.402717901585667e+00 2.049932542576709e+00
1469 1.494859832124665e+00 1.402717901732808e+00 2.049932542680728e+00
1470 1.494859832124573e+00 1.402717901734482e+00 2.049932542681806e+00
1471 1.494859832129075e+00 1.402717901881642e+00 2.049932542785787e+00
1472 1.494859832109111e+00 1.402717901901887e+00 2.049932542785081e+00
1473 1.494859832129122e+00 1.402717901881640e+00 2.049932542785819e+00
1474 1.494859832124645e+00 1.402717901732802e+00 2.049932542680709e+00
1475 1.650121582577724e+00 -1.594134639446783e+00 2.294377145539272e+00
1476 1.494859832140098e+00 1.402717901565401e+00 2.049932542577429e+00
1477 1.494859832109144e+00 1.402717901901868e+00 2.049932542785093e+00
1478 1.494859832124554e+00 1.402717901734472e+00 2.049932542681785e+00
1479 1.494859832120125e+00 1.402717901585652e+00 2.049932542576721e+00
1480 1.650121582577760e+00 -1.594134639446858e+00 2.294377145539349e+00
1481 5.127020643303187e+00 -1.197488376042631e+00 5.265008935188453e+00
1482 5.127020643281114e+00 1.197488375901149e+00 5.265008935134779e+00
1483 5.127020643303209e+00 1.197488376042674e+00 5.265008935188483e+00
1484 1.840855495648668e+00 -1.757872634185252e+00 2.545361497681085e+00
1485 1.840855495608150e+00 -1.757872634239184e+00 2.545361497689029e+00
1486 1.840855495631498e+00 -1.757872634027101e+00 2.545361497559446e+00
1487 1.840855495672056e+00 -1.757872633973191e+00 2.545361497551547e+00
1488 5.127020643388647e+00 1.197488376101839e+00 5.265008935285140e+00
1489 5.127020643366357e+00 1.197488375960318e+00 5.265008935231245e+00
1490 5.127020643281108e+00 1.197488375901141e+00 5.265008935134771e+00
1491 5.127020643333918e+00 1.197488376001954e+00 5.265008935209126e+00
1492 1.840855495631517e+00 -1.757872634027065e+00 2.545361497559435e+00
1493 1.840855495608116e+00 -1.757872634239136e+00 2.545361497688970e+00
1494 1.840855495672006e+00 -1.757872633973126e+00 2.545361497551466e+00
1495 5.127020643303295e+00 1.197488376042663e+00 5.265008935188565e+00
1496 5.127020643366491e+00 -1.197488375960312e+00 5.265008935231374e+00
1497 5.218546827411841e+00 6.810634982969982e-01 5.262801390761648e+00
1498 5.127020643335957e+00 1.197488376001051e+00 5.265008935210906e+00
1499 5.127020643335877e+00 -1.197488376001038e+00 5.265008935210826e+00
1500 5.218546827429848e+00 6.810634982288253e-01 5.262801390770682e+00
1501 5.218546827412340e+00 6.810634982916025e-01 5.262801390761445e+00
1502 5.218546827394260e+00 6.810634983597688e-01 5.262801390752338e+00
1503 5.218546827412314e+00 6.810634982915893e-01 5.262801390761417e+00
1504 5.127020643333796e+00 -1.197488376001912e+00 5.265008935208998e+00
1505 5.218546827429908e+00 6.810634982288120e-01 5.262801390770739e+00
1506 5.218546827394319e+00 6.810634983597509e-01 5.262801390752394e+00
1507 1.650121582557485e+00 1.594134639423290e+00 2.294377145508393e+00
1508 1.650121582597931e+00 1.594134639470376e+00 2.294377145570197e+00
1509 1.650121582557476e+00 1.594134639423261e+00 2.294377145508367e+00
1510 1.650121582564953e+00 1.594134639385866e+00 2.294377145487761e+00
1511 1.650121582590470e+00 1.594134639507829e+00 2.294377145590854e+00
1512 1.650121582597913e+00 1.594134639470343e+00 2.294377145570162e+00
1513 1.650121582577677e+00 1.594134639446828e+00 2.294377145539270e+00
1514 1.650121582577697e+00 1.594134639446825e+00 2.294377145539282e+00
1515 1.650121582590464e+00 1.594134639507807e+00 2.294377145590834e+00
1516 1.650121582564934e+00 1.594134639385857e+00 2.294377145487742e+00
1517 5.199730667413425e+00 3.978855761330025e-01 5.214931633812121e+00
1518 4.947191337513090e+00 -1.432102835018090e+00 5.150302967790478e+00
1519 4.947191337512396e+00 -1.432102835012594e+00 5.150302967788283e+00
1520 1.435958706253609e+00 1.118202270872151e+00 1.819987286947130e+00
1521 1.435958706253597e+00 1.118202270872161e+00 1.819987286947126e+00
1522 1.435958706234424e+00 1.118202270883503e+00 1.819987286938967e+00
1523 1.435958706234436e+00 1.118202270883543e+00 1.819987286939001e+00
1524 1.427896012168841e+00 -9.928679960798414e-01 1.739158957429504e+00
1525 1.427896012168373e+00 -9.928679958872247e-01 1.739158957319157e+00
1526 1.427896012158919e+00 -9.928679958922494e-01 1.739158957314263e+00
1527 1.427896012178302e+00 -9.928679960747909e-01 1.739158957434389e+00
1528 1.988599087058948e+00 -1.822248329328430e+00 2.697242166137838e+00
1529 4.948573041841199e+00 -1.437052856540928e+00 5.153008447783673e+00
1530 4.948573041868166e+00 -1.437052856457693e+00 5.153008447786358e+00
1531 4.948573041858118e+00 -1.437052856453021e+00 5.153008447775406e+00
1532 4.948573041851263e+00 -1.437052856545600e+00 5.153008447794640e+00
1533 4.947191337512400e+00 1.432102835012627e+00 5.150302967788297e+00
1534 4.947191337513065e+00 1.432102835018099e+00 5.150302967790456e+00
1535 4.948573041858026e+00 -1.437052856452992e+00 5.153008447775309e+00
1536 4.948573041851303e+00 -1.437052856545604e+00 5.153008447794680e+00
1537 5.218546827411911e+00 6.810634982969964e-01 5.262801390761718e+00
1538 1.840855495648674e+00 -1.757872634185231e+00 2.545361497681075e+00
1539 4.947191337512510e+00 1.432102835012645e+00 5.150302967788407e+00
1540 4.947191337513041e+00 1.432102835018092e+00 5.150302967790432e+00
1541 5.218546827394355e+00 -6.810634983597668e-01 5.262801390752432e+00
1542 5.218546827412395e+00 -6.810634982916230e-01 5.262801390761501e+00
1543 5.218546827429964e+00 -6.810634982288193e-01 5.262801390770795e+00
1544 5.218546827394344e+00 -6.810634983597843e-01 5.262801390752424e+00
1545 5.218546827411894e+00 -6.810634982970171e-01 5.262801390761704e+00
1546 5.218546827429942e+00 -6.810634982288372e-01 5.262801390770776e+00
1547 1.840855495640160e+00 -1.757872634105686e+00 2.545361497619983e+00
1548 1.840855495640075e+00 -1.757872634106656e+00 2.545361497620591e+00
1549 1.840855495640134e+00 -1.757872634106706e+00 2.545361497620669e+00
1550 5.218546827412404e+00 -6.810634982916397e-01 5.262801390761513e+00
1551 5.218546827411921e+00 -6.810634982970306e-01 5.262801390761731e+00
1552 1.719078115273040e+00 1.655126861980997e+00 2.386351712481161e+00
1553 1.719078115262317e+00 1.655126861924480e+00 2.386351712434237e+00
1554 1.719078115301931e+00 1.655126861949876e+00 2.386351712480388e+00
1555 1.719078115291265e+00 1.655126861893389e+00 2.386351712433527e+00
1556 1.719078115291338e+00 1.655126861893435e+00 2.386351712433612e+00
1557 4.948573041841214e+00 1.437052856540930e+00 5.153008447783687e+00
1558 4.948573041851263e+00 1.437052856545598e+00 5.153008447794640e+00
1559 4.948573041868178e+00 1.437052856457711e+00 5.153008447786373e+00
1560 4.948573041868213e+00 1.437052856457707e+00 5.153008447786407e+00
1561 4.948573041858093e+00 1.437052856453042e+00 5.153008447775387e+00
1562 4.948573041841311e+00 1.437052856540886e+00 5.153008447783769e+00
1563 5.080699823120469e+00 -1.194706368390737e+00 5.219275236977808e+00
1564 5.080699823097562e+00 -1.194706368521910e+00 5.219275236985535e+00
1565 1.719078115273075e+00 1.655126861980981e+00 2.386351712481175e+00
1566 1.719078115262419e+00 1.655126861924513e+00 2.386351712434334e+00
1567 1.719078115301987e+00 1.655126861949892e+00 2.386351712480440e+00
1568 5.080699823120312e+00 -1.194706368390682e+00 5.219275236977643e+00
1569 5.080699823122454e+00 -1.194706368415897e+00 5.219275236985498e+00
1570 5.080699823095355e+00 -1.194706368496712e+00 5.219275236977618e+00
1571 5.080699823120357e+00 1.194706368390694e+00 5.219275236977688e+00
1572 5.080699823122394e+00 1.194706368415916e+00 5.219275236985446e+00
1573 5.080699823097467e+00 -1.194706368521895e+00 5.219275236985438e+00
1574 5.080699823122616e+00 -1.194706368415924e+00 5.219275236985663e+00
1575 5.080699823095443e+00 -1.194706368496721e+00 5.219275236977706e+00
1576 5.080699823097441e+00 1.194706368521848e+00 5.219275236985403e+00
1577 5.080699823120433e+00 1.194706368390748e+00 5.219275236977775e+00
1578 5.080699823095284e+00 1.194706368496733e+00 5.219275236977555e+00
1579 5.080699823122474e+00 1.194706368415893e+00 5.219275236985518e+00
1580 5.080699823097421e+00 1.194706368521895e+00 5.219275236985395e+00
1581 5.080699823095474e+00 1.194706368496729e+00 5.219275236977738e+00
1582 1.988599087058867e+00 -1.822248329328420e+00 2.697242166137772e+00
1583 1.650121582577729e+00 1.594134639446818e+00 2.294377145539300e+00
1584 1.840855495640196e+00 -1.757872634105722e+00 2.545361497620034e+00
1585 1.624748590779344e+00 1.494592341351661e+00 2.207626383713173e+00
1586 1.624748590779370e+00 1.494592341351672e+00 2.207626383713200e+00
1587 1.624748590756605e+00 1.494592341369473e+00 2.207626383708497e+00
1588 1.624748590756649e+00 1.494592341369483e+00 2.207626383708537e+00
1589 4.948573041841201e+00 -1.437052856540915e+00 5.153008447783671e+00
1590 4.948573041868128e+00 -1.437052856457686e+00 5.153008447786320e+00
1591 4.948573041851304e+00 1.437052856545678e+00 5.153008447794702e+00
1592 4.948573041858113e+00 1.437052856453018e+00 5.153008447775401e+00
1593 5.207456941911556e+00 7.190709986931823e-01 5.256868925798367e+00
1594 5.207456941889212e+00 7.190709987166668e-01 5.256868925779444e+00
1595 5.207456941922328e+00 7.190709982678768e-01 5.256868925750861e+00
1596 1.881297632159544e+00 -1.759381247050971e+00 2.575791752693477e+00
1597 1.881297632158928e+00 -1.759381246919347e+00 2.575791752603123e+00
1598 1.881297632190425e+00 -1.759381246877822e+00 2.575791752597764e+00
1599 1.881297632159523e+00 -1.759381247050939e+00 2.575791752693441e+00
1600 1.881297632191012e+00 -1.759381247009428e+00 2.575791752688085e+00
1601 1.881297632191021e+00 -1.759381247009431e+00 2.575791752688094e+00
1602 1.881297632174933e+00 -1.759381246964063e+00 2.575791752645355e+00
1603 1.881297632175021e+00 -1.759381246964699e+00 2.575791752645853e+00
1604 1.881297632175057e+00 -1.759381246964725e+00 2.575791752645899e+00
1605 1.881297632174970e+00 -1.759381246964106e+00 2.575791752645412e+00
1606 5.207456941889340e+00 7.190709987166448e-01 5.256868925779569e+00
1607 5.207456941944582e+00 7.190709982444983e-01 5.256868925769707e+00
1608 1.881297632158998e+00 -1.759381246919384e+00 2.575791752603199e+00
1609 1.881297632190393e+00 -1.759381246877811e+00 2.575791752597732e+00
1610 5.207456941919590e+00 7.190709984717170e-01 5.256868925776031e+00
1611 5.207456941944568e+00 7.190709982444812e-01 5.256868925769691e+00
1612 5.207456941914351e+00 7.190709984894177e-01 5.256868925773262e+00
1613 5.207456941919562e+00 7.190709984716924e-01 5.256868925775999e+00
1614 5.205815940856654e+00 6.395849397540543e-01 5.244958389276072e+00
1615 5.205815940820212e+00 6.395849396658384e-01 5.244958389229144e+00
1616 5.205815940849236e+00 6.395849397253799e-01 5.244958389265213e+00
1617 5.207456941914367e+00 7.190709984893960e-01 5.256868925773277e+00
1618 5.205815940856676e+00 6.395849397540525e-01 5.244958389276094e+00
1619 5.205815940820178e+00 6.395849396658193e-01 5.244958389229109e+00
1620 5.205815940849239e+00 6.395849397253781e-01 5.244958389265215e+00
1621 5.205815940827555e+00 6.395849396944879e-01 5.244958389239926e+00
1622 5.205815940838391e+00 6.395849397091329e-01 5.244958389252467e+00
1623 5.205815940838452e+00 6.395849397107030e-01 5.244958389252719e+00
1624 5.207456941944547e+00 -7.190709982444936e-01 5.256868925769672e+00
1625 5.207456941911531e+00 -7.190709986931558e-01 5.256868925798337e+00
1626 5.207456941889228e+00 -7.190709987167029e-01 5.256868925779465e+00
1627 5.207456941911587e+00 -7.190709986932680e-01 5.256868925798409e+00
1628 5.207456941922272e+00 -7.190709982679140e-01 5.256868925750810e+00
1629 5.207456941944576e+00 -7.190709982444797e-01 5.256868925769699e+00
1630 5.207456941922374e+00 -7.190709982678903e-01 5.256868925750909e+00
1631 1.840855495631535e+00 1.757872634027122e+00 2.545361497559488e+00
1632 5.207456941889236e+00 -7.190709987165823e-01 5.256868925779457e+00
1633 5.207456941914368e+00 -7.190709984894414e-01 5.256868925773283e+00
1634 1.840855495631476e+00 1.757872634027080e+00 2.545361497559415e+00
1635 1.840855495672049e+00 1.757872633973173e+00 2.545361497551530e+00
1636 1.840855495608134e+00 1.757872634239172e+00 2.545361497689009e+00
1637 1.840855495648718e+00 1.757872634185288e+00 2.545361497681147e+00
1638 1.840855495648661e+00 1.757872634185232e+00 2.545361497681067e+00
1639 1.840855495608153e+00 1.757872634239158e+00 2.545361497689013e+00
1640 1.840855495672038e+00 1.757872633973160e+00 2.545361497551513e+00
1641 1.840855495640055e+00 1.757872634106632e+00 2.545361497620560e+00
1642 1.840855495640092e+00 1.757872634106664e+00 2.545361497620609e+00
1643 5.207456941919541e+00 -7.190709984717367e-01 5.256868925775986e+00
1644 5.205815940827605e+00 6.395849396944988e-01 5.244958389239977e+00
1645 1.840855495640139e+00 1.757872634105695e+00 2.545361497619974e+00
1646 5.207456941914222e+00 -7.190709984894200e-01 5.256868925773135e+00
1647 5.207456941919594e+00 -7.190709984717130e-01 5.256868925776034e+00
1648 5.148935810952060e+00 -9.378016051144904e-01 5.233642310653247e+00
1649 5.148935810928010e+00 -9.378016053236499e-01 5.233642310667065e+00
1650 5.148935810902625e+00 -9.378016050818461e-01 5.233642310598762e+00
1651 5.148935810951883e+00 -9.378016051145120e-01 5.233642310653078e+00
1652 5.148935810902740e+00 -9.378016050818705e-01 5.233642310598881e+00
1653 5.148935810922770e+00 -9.378016052065452e-01 5.233642310640926e+00
1654 5.148935810878640e+00 -9.378016052910350e-01 5.233642310612651e+00
1655 5.148935810878672e+00 -9.378016052910143e-01 5.233642310612678e+00
1656 5.148935810922734e+00 -9.378016052065403e-01 5.233642310640890e+00
1657 5.148935810907900e+00 -9.378016051990085e-01 5.233642310624946e+00
1658 5.148935810908023e+00 -9.378016051990298e-01 5.233642310625072e+00
1659 1.840855495640186e+00 1.757872634105684e+00 2.545361497620001e+00
1660 5.148935810927896e+00 -9.378016053236987e-01 5.233642310666962e+00
1661 5.205815940856680e+00 -6.395849397540729e-01 5.244958389276101e+00
1662 5.205815940820188e+00 -6.395849396658344e-01 5.244958389229120e+00
1663 5.205815940827533e+00 -6.395849396944937e-01 5.244958389239905e+00
1664 5.205815940838368e+00 -6.395849397091637e-01 5.244958389252449e+00
1665 5.205815940849247e+00 -6.395849397253863e-01 5.244958389265225e+00
1666 5.205815940849307e+00 -6.395849397253919e-01 5.244958389265285e+00
1667 5.205815940838463e+00 -6.395849397107383e-01 5.244958389252734e+00
1668 5.205815940856727e+00 -6.395849397540726e-01 5.244958389276147e+00
1669 5.205815940820207e+00 -6.395849396658355e-01 5.244958389229139e+00
1670 5.205815940838433e+00 -6.395849397106999e-01 5.244958389252701e+00
1671 5.205815940827661e+00 -6.395849396945164e-01 5.244958389240035e+00
1672 5.205815940838455e+00 -6.395849397091651e-01 5.244958389252535e+00
1673 1.427896012158942e+00 -9.928679958922786e-01 1.739158957314299e+00
1674 1.427896012178323e+00 -9.928679960748280e-01 1.739158957434427e+00
1675 1.724920879968102e+00 -1.573024467235094e+00 2.334471678275447e+00
1676 1.427896012168877e+00 9.928679960798589e-01 1.739158957429543e+00
1677 1.427896012158949e+00 9.928679958922715e-01 1.739158957314301e+00
1678 1.427896012168396e+00 9.928679958872355e-01 1.739158957319182e+00
1679 1.427896012168405e+00 9.928679958872469e-01 1.739158957319196e+00
1680 1.724920879937248e+00 -1.573024467268112e+00 2.334471678274897e+00
1681 1.724920879943675e+00 -1.573024467351350e+00 2.334471678335735e+00
1682 1.724920879968136e+00 -1.573024467235086e+00 2.334471678275468e+00
1683 1.724920879943702e+00 -1.573024467351381e+00 2.334471678335776e+00
1684 1.427896012158967e+00 9.928679958922779e-01 1.739158957314319e+00
1685 1.427896012168867e+00 9.928679960798549e-01 1.739158957429533e+00
1686 1.427896012178332e+00 9.928679960748263e-01 1.739158957434433e+00
1687 1.724920879937267e+00 -1.573024467268147e+00 2.334471678274935e+00
1688 1.724920879912777e+00 -1.573024467384408e+00 2.334471678335180e+00
1689 1.724920879912861e+00 -1.573024467384431e+00 2.334471678335257e+00
1690 1.427896012178320e+00 9.928679960748308e-01 1.739158957434426e+00
1691 5.207456941911548e+00 7.190709986932164e-01 5.256868925798363e+00
1692 5.207456941922314e+00 7.190709982678811e-01 5.256868925750847e+00
1693 5.148935810951929e+00 9.378016051145114e-01 5.233642310653122e+00
1694 5.148935810902595e+00 9.378016050818417e-01 5.233642310598732e+00
1695 5.148935810927942e+00 9.378016053236604e-01 5.233642310667001e+00
1696 5.148935810902656e+00 9.378016050818742e-01 5.233642310598799e+00
1697 5.148935810922724e+00 9.378016052065550e-01 5.233642310640883e+00
1698 5.148935810922788e+00 9.378016052065279e-01 5.233642310640942e+00
1699 5.148935810951995e+00 9.378016051145239e-01 5.233642310653189e+00
1700 5.148935810927962e+00 9.378016053236872e-01 5.233642310667024e+00
1701 5.148935810907889e+00 9.378016051990208e-01 5.233642310624939e+00
1702 5.148935810878595e+00 9.378016052910443e-01 5.233642310612608e+00
1703 5.148935810878609e+00 9.378016052910382e-01 5.233642310612621e+00
1704 5.205815940838450e+00 6.395849397092057e-01 5.244958389252536e+00
1705 5.205815940838514e+00 6.395849397107266e-01 5.244958389252783e+00
1706 5.148935810907962e+00 9.378016051990036e-01 5.233642310625007e+00
1707 1.427896012168878e+00 -9.928679960798560e-01 1.739158957429543e+00
1708 1.427896012168407e+00 -9.928679958872365e-01 1.739158957319192e+00
1709 1.988599087059015e+00 -1.822248329328459e+00 2.697242166137907e+00
1710 1.650121582577693e+00 1.594134639446827e+00 2.294377145539280e+00
1711 1.988599087058949e+00 -1.822248329328389e+00 2.697242166137811e+00
1712 5.144958371076679e+00 5.782665565138574e-01 5.177353460069573e+00
1713 5.144958371076628e+00 5.782665565138994e-01 5.177353460069527e+00
1714 5.144958371076585e+00 5.782665565138876e-01 5.177353460069484e+00
1715 5.144958371076583e+00 -5.782665565138627e-01 5.177353460069479e+00
1716 5.144958371076680e+00 -5.782665565138768e-01 5.177353460069577e+00
1717 5.144958371076617e+00 -5.782665565138951e-01 5.177353460069517e+00
1718 5.144958371076843e+00 -5.782665565139222e-01 5.177353460069744e+00
1719 1.724920879968144e+00 1.573024467235109e+00 2.334471678275488e+00
1720 1.724920879912811e+00 1.573024467384415e+00 2.334471678335210e+00
1721 1.724920879937244e+00 1.573024467268142e+00 2.334471678274916e+00
1722 1.724920879943673e+00 1.573024467351382e+00 2.334471678335755e+00
1723 5.144958371076751e+00 5.782665565138672e-01 5.177353460069646e+00
1724 4.837781373181189e+00 1.537940392152215e+00 5.076355904042996e+00
1725 5.147960846826943e+00 -6.053975338430668e-01 5.183435834892379e+00
1726 5.147960846671325e+00 -6.053975338257501e-01 5.183435834735802e+00
1727 4.837781373173741e+00 1.537940392111218e+00 5.076355904023478e+00
1728 4.837781373177496e+00 1.537940392144207e+00 5.076355904037050e+00
1729 4.837781373173658e+00 -1.537940392111170e+00 5.076355904023384e+00
1730 4.837781373181071e+00 -1.537940392152156e+00 5.076355904042865e+00
1731 4.837781373177357e+00 1.537940392119216e+00 5.076355904029347e+00
1732 4.837781373177470e+00 -1.537940392144177e+00 5.076355904037015e+00
1733 5.147960846826967e+00 6.053975338430613e-01 5.183435834892402e+00
1734 5.147960847032113e+00 6.053975335507942e-01 5.183435835062008e+00
1735 5.147960846876528e+00 6.053975335334649e-01 5.183435834905464e+00
1736 5.147960846671380e+00 6.053975338257505e-01 5.183435834735857e+00
1737 4.837781373173735e+00 -1.537940392111213e+00 5.076355904023470e+00
1738 4.837781373181157e+00 -1.537940392152253e+00 5.076355904042976e+00
1739 4.837781373177426e+00 -1.537940392119252e+00 5.076355904029423e+00
1740 4.837781373177442e+00 -1.537940392119244e+00 5.076355904029436e+00
1741 4.837781373177531e+00 -1.537940392144185e+00 5.076355904037077e+00
1742 1.988599087058947e+00 1.822248329328481e+00 2.697242166137872e+00
1743 4.837781373181088e+00 1.537940392152199e+00 5.076355904042894e+00
1744 4.837781373177480e+00 1.537940392131682e+00 5.076355904033240e+00
1745 4.837781373177553e+00 1.537940392131741e+00 5.076355904033328e+00
1746 5.120488351800772e+00 7.628501058147589e-01 5.177001182621941e+00
1747 1.988599087058904e+00 1.822248329328364e+00 2.697242166137761e+00
1748 4.837781373173689e+00 1.537940392111205e+00 5.076355904023424e+00
1749 1.988599087058888e+00 1.822248329328397e+00 2.697242166137772e+00
1750 5.120488351800872e+00 7.628501058147855e-01 5.177001182622043e+00
1751 4.837781373177436e+00 1.537940392119257e+00 5.076355904029434e+00
1752 5.147960847032108e+00 6.053975335507904e-01 5.183435835062003e+00
1753 5.147960846826950e+00 6.053975338430814e-01 5.183435834892387e+00
1754 5.147960846671386e+00 6.053975338257702e-01 5.183435834735865e+00
1755 5.147960846876539e+00 6.053975335334709e-01 5.183435834905476e+00
1756 5.120488351800907e+00 -7.628501058147634e-01 5.177001182622075e+00
1757 5.120488351800816e+00 -7.628501058147323e-01 5.177001182621981e+00
1758 5.147960846876525e+00 -6.053975335334760e-01 5.183435834905461e+00
1759 5.147960847032090e+00 -6.053975335507797e-01 5.183435835061983e+00
1760 5.147960846876591e+00 -6.053975335334695e-01 5.183435834905527e+00
1761 5.147960847032200e+00 -6.053975335508021e-01 5.183435835062095e+00
1762 5.147960846826956e+00 -6.053975338430733e-01 5.183435834892392e+00
1763 5.147960846671387e+00 -6.053975338257630e-01 5.183435834735866e+00
1764 4.796411941582803e+00 -1.561997440139725e+00 5.044343715128973e+00
1765 5.143708609240657e+00 7.236514964742384e-01 5.194363266573282e+00
1766 5.143708609221821e+00 7.236514964544725e-01 5.194363266551877e+00
1767 5.143708609229561e+00 7.236514965077973e-01 5.194363266566969e+00
1768 4.796411941587270e+00 -1.561997440193234e+00 5.044343715149790e+00
1769 4.796411941580621e+00 -1.561997440207518e+00 5.044343715147891e+00
1770 4.796411941580629e+00 -1.561997440207498e+00 5.044343715147892e+00
1771 4.796411941582764e+00 -1.561997440139676e+00 5.044343715128921e+00
1772 4.796411941576212e+00 -1.561997440153970e+00 5.044343715127116e+00
1773 5.143708609237590e+00 7.236514965384808e-01 5.194363266579195e+00
1774 4.796411941582831e+00 1.561997440139686e+00 5.044343715128988e+00
1775 4.796411941576246e+00 1.561997440153967e+00 5.044343715127148e+00
1776 5.143708609226375e+00 7.236514965720173e-01 5.194363266572761e+00
1777 4.796411941576228e+00 -1.561997440153951e+00 5.044343715127126e+00
1778 4.837781373177531e+00 -1.537940392131669e+00 5.076355904033285e+00
1779 4.796411941587265e+00 -1.561997440193216e+00 5.044343715149779e+00
1780 5.143708609245221e+00 7.236514965917582e-01 5.194363266594174e+00
1781 4.837781373177478e+00 -1.537940392131738e+00 5.076355904033256e+00
1782 4.837781373177614e+00 -1.537940392131809e+00 5.076355904033406e+00
1783 4.837781373177587e+00 -1.537940392131727e+00 5.076355904033357e+00
1784 1.789894932959706e+00 -1.613253107429051e+00 2.409628489967762e+00
1785 1.789894932976148e+00 -1.613253107280060e+00 2.409628489880227e+00
1786 1.789894932976188e+00 -1.613253107278311e+00 2.409628489879085e+00
1787 1.789894932992607e+00 -1.613253107129385e+00 2.409628489791574e+00
1788 1.789894932966693e+00 -1.613253107151035e+00 2.409628489786820e+00
1789 1.789894932992623e+00 -1.613253107129379e+00 2.409628489791582e+00
1790 1.789894932976216e+00 -1.613253107280101e+00 2.409628489880304e+00
1791 1.789894932976252e+00 -1.613253107278360e+00 2.409628489879165e+00
1792 1.789894932985617e+00 -1.613253107407399e+00 2.409628489972513e+00
1793 1.789894932985650e+00 -1.613253107407377e+00 2.409628489972524e+00
1794 4.796411941576189e+00 1.561997440153934e+00 5.044343715127084e+00
1795 4.796411941582861e+00 1.561997440139684e+00 5.044343715129016e+00
1796 4.796411941580641e+00 1.561997440207475e+00 5.044343715147896e+00
1797 1.789894932966750e+00 -1.613253107151055e+00 2.409628489786876e+00
1798 1.881297632190449e+00 1.759381246877811e+00 2.575791752597774e+00
1799 1.881297632158928e+00 1.759381246919338e+00 2.575791752603116e+00
1800 1.881297632159568e+00 1.759381247050972e+00 2.575791752693496e+00
1801 1.881297632159578e+00 1.759381247050959e+00 2.575791752693493e+00
1802 1.881297632191042e+00 1.759381247009466e+00 2.575791752688133e+00
1803 1.881297632191124e+00 1.759381247009470e+00 2.575791752688196e+00
1804 1.881297632158964e+00 1.759381246919346e+00 2.575791752603148e+00
1805 1.881297632174917e+00 1.759381246964063e+00 2.575791752645344e+00
1806 1.531727687206351e+00 -1.131560093408605e+00 1.904368124273615e+00
1807 1.531727687230811e+00 -1.131560093396570e+00 1.904368124286138e+00
1808 1.531727687218089e+00 -1.131560093573095e+00 1.904368124380795e+00
1809 1.881297632190469e+00 1.759381246877823e+00 2.575791752597797e+00
1810 1.881297632174993e+00 1.759381246964679e+00 2.575791752645820e+00
1811 1.881297632175045e+00 1.759381246964696e+00 2.575791752645870e+00
1812 1.531727687206393e+00 -1.131560093408593e+00 1.904368124273642e+00
1813 1.531727687230859e+00 -1.131560093396560e+00 1.904368124286170e+00
1814 1.531727687218127e+00 -1.131560093573092e+00 1.904368124380824e+00
1815 1.471018756678561e+00 -1.018775924323872e+00 1.789357584856113e+00
1816 1.471018756676199e+00 -1.018775924329205e+00 1.789357584857207e+00
1817 1.471018756664504e+00 -1.018775924638163e+00 1.789357585023498e+00
1818 1.471018756662134e+00 -1.018775924643484e+00 1.789357585024580e+00
1819 1.471018756672238e+00 -1.018775924481864e+00 1.789357584940867e+00
1820 1.471018756668430e+00 -1.018775924485463e+00 1.789357584939786e+00
1821 1.881297632174957e+00 1.759381246964084e+00 2.575791752645387e+00
1822 1.531727687242562e+00 -1.131560093561049e+00 1.904368124393322e+00
1823 1.471018756672222e+00 -1.018775924481878e+00 1.789357584940863e+00
1824 1.471018756676170e+00 -1.018775924329204e+00 1.789357584857183e+00
1825 1.471018756678531e+00 -1.018775924323889e+00 1.789357584856098e+00
1826 1.471018756664502e+00 -1.018775924638184e+00 1.789357585023509e+00
1827 1.471018756662137e+00 -1.018775924643493e+00 1.789357585024588e+00
1828 1.471018756668434e+00 -1.018775924485488e+00 1.789357584939804e+00
1829 1.531727687242602e+00 -1.131560093561052e+00 1.904368124393356e+00
1830 4.796411941580552e+00 1.561997440207449e+00 5.044343715147804e+00
1831 4.796411941587282e+00 1.561997440193233e+00 5.044343715149801e+00
1832 4.796411941587314e+00 1.561997440193243e+00 5.044343715149833e+00
1833 5.143708609237595e+00 -7.236514965384888e-01 5.194363266579201e+00
1834 5.143708609240730e+00 -7.236514964741978e-01 5.194363266573349e+00
1835 5.143708609221881e+00 -7.236514964544751e-01 5.194363266551936e+00
1836 5.143708609221891e+00 -7.236514964544624e-01 5.194363266551944e+00
1837 5.143708609237603e+00 -7.236514965384737e-01 5.194363266579207e+00
1838 5.143708609226471e+00 -7.236514965719646e-01 5.194363266572849e+00
1839 5.143708609229626e+00 -7.236514965077778e-01 5.194363266567031e+00
1840 5.143708609226412e+00 -7.236514965719838e-01 5.194363266572792e+00
1841 5.143708609245331e+00 -7.236514965917720e-01 5.194363266594285e+00
1842 5.143708609245297e+00 -7.236514965917801e-01 5.194363266594253e+00
1843 5.143708609229632e+00 -7.236514965077600e-01 5.194363266567034e+00
1844 1.724920879968117e+00 1.573024467235097e+00 2.334471678275460e+00
1845 1.724920879912784e+00 1.573024467384400e+00 2.334471678335180e+00
1846 1.988599087058853e+00 1.822248329328440e+00 2.697242166137774e+00
1847 5.120488351800919e+00 7.628501058147488e-01 5.177001182622085e+00
1848 1.765003994110234e+00 -1.513334704326498e+00 2.324956134326849e+00
1849 1.514494750619600e+00 -1.019236980809890e+00 1.825524136434461e+00
1850 1.514494750619626e+00 -1.019236980809917e+00 1.825524136434498e+00
1851 1.628964740984506e+00 -1.316477537371378e+00 2.094430527321001e+00
1852 1.628964740958504e+00 -1.316477537387537e+00 2.094430527310935e+00
1853 1.628964740984509e+00 -1.316477537371405e+00 2.094430527321021e+00
1854 1.628964740958501e+00 -1.316477537387579e+00 2.094430527310958e+00
1855 4.837781373177501e+00 1.537940392144159e+00 5.076355904037040e+00
1856 4.837781373177632e+00 1.537940392131759e+00 5.076355904033408e+00
1857 5.120488351800718e+00 -7.628501058147377e-01 5.177001182621884e+00
1858 1.789894932959738e+00 -1.613253107429046e+00 2.409628489967783e+00
1859 4.837781373177426e+00 1.537940392131720e+00 5.076355904033200e+00
1860 5.120488351800903e+00 -7.628501058147884e-01 5.177001182622075e+00
1861 5.143708609245352e+00 7.236514965917757e-01 5.194363266594307e+00
1862 5.143708609240741e+00 7.236514964742334e-01 5.194363266573364e+00
1863 5.143708609229567e+00 7.236514965078031e-01 5.194363266566977e+00
1864 5.143708609221852e+00 7.236514964544625e-01 5.194363266551906e+00
1865 5.143708609226467e+00 7.236514965720034e-01 5.194363266572851e+00
1866 5.143708609240734e+00 -7.236514964742083e-01 5.194363266573355e+00
1867 5.143708609237648e+00 7.236514965384391e-01 5.194363266579247e+00
1868 1.471018756672247e+00 1.018775924481890e+00 1.789357584940889e+00
1869 1.471018756668437e+00 1.018775924485489e+00 1.789357584939806e+00
1870 1.471018756676194e+00 1.018775924329197e+00 1.789357584857198e+00
1871 1.471018756662136e+00 1.018775924643491e+00 1.789357585024586e+00
1872 1.471018756664502e+00 1.018775924638156e+00 1.789357585023493e+00
1873 1.471018756662149e+00 1.018775924643522e+00 1.789357585024614e+00
1874 1.471018756664503e+00 1.018775924638148e+00 1.789357585023489e+00
1875 1.471018756678551e+00 1.018775924323869e+00 1.789357584856102e+00
1876 1.471018756672184e+00 1.018775924481886e+00 1.789357584940836e+00
1877 1.471018756668375e+00 1.018775924485496e+00 1.789357584939760e+00
1878 1.471018756676209e+00 1.018775924329230e+00 1.789357584857229e+00
1879 1.471018756678555e+00 1.018775924323866e+00 1.789357584856104e+00
1880 4.774780177532979e+00 -1.559649326867598e+00 5.023050046193092e+00
1881 4.774780177472822e+00 -1.559649326987752e+00 5.023050046173216e+00
1882 4.774780177472907e+00 -1.559649326987781e+00 5.023050046173306e+00
1883 4.774780177533043e+00 -1.559649326867619e+00 5.023050046193158e+00
1884 4.774780177498791e+00 -1.559649326912779e+00 5.023050046174623e+00
1885 4.774780177507034e+00 -1.559649326942566e+00 5.023050046191706e+00
1886 4.774780177507036e+00 -1.559649326942575e+00 5.023050046191711e+00
1887 4.774780177498818e+00 -1.559649326912782e+00 5.023050046174649e+00
1888 4.774780177502984e+00 -1.559649326927650e+00 5.023050046183225e+00
1889 4.774780177502906e+00 -1.559649326927740e+00 5.023050046183179e+00
1890 1.724920879937239e+00 1.573024467268110e+00 2.334471678274889e+00
1891 1.724920879943637e+00 1.573024467351352e+00 2.334471678335707e+00
1892 1.514494750619593e+00 -1.019236980809892e+00 1.825524136434456e+00
1893 1.514494750619579e+00 -1.019236980809869e+00 1.825524136434432e+00
1894 5.120488351800923e+00 7.628501058147477e-01 5.177001182622089e+00
1895 1.765003994112187e+00 -1.513334704323109e+00 2.324956134326126e+00
1896 1.765003994110175e+00 -1.513334704326453e+00 2.324956134326776e+00
1897 1.765003994112143e+00 -1.513334704323075e+00 2.324956134326071e+00
1898 4.747926203005717e+00 -1.570179123678485e+00 5.000826502651738e+00
1899 1.514494750619555e+00 1.019236980809871e+00 1.825524136434413e+00
1900 4.747926203005671e+00 1.570179123678490e+00 5.000826502651696e+00
1901 4.747926203005746e+00 1.570179123678501e+00 5.000826502651771e+00
1902 1.514494750619624e+00 1.019236980809863e+00 1.825524136434466e+00
1903 4.747926203005789e+00 -1.570179123678470e+00 5.000826502651802e+00
1904 5.045185069754583e+00 -9.024265519966579e-01 5.125257658871712e+00
1905 4.747926203005621e+00 -1.570179123678472e+00 5.000826502651643e+00
1906 5.045185069754536e+00 -9.024265519966344e-01 5.125257658871660e+00
1907 4.747926203005628e+00 -1.570179123678487e+00 5.000826502651655e+00
1908 1.531727687218123e+00 1.131560093573068e+00 1.904368124380806e+00
1909 1.531727687206377e+00 1.131560093408604e+00 1.904368124273636e+00
1910 1.531727687230832e+00 1.131560093396553e+00 1.904368124286144e+00
1911 1.531727687230847e+00 1.131560093396576e+00 1.904368124286171e+00
1912 1.531727687242589e+00 1.131560093561034e+00 1.904368124393335e+00
1913 4.747926203005619e+00 1.570179123678450e+00 5.000826502651635e+00
1914 4.747926203005818e+00 1.570179123678503e+00 5.000826502651840e+00
1915 1.531727687218121e+00 1.131560093573090e+00 1.904368124380817e+00
1916 1.531727687242568e+00 1.131560093561053e+00 1.904368124393329e+00
1917 4.719377967678923e+00 -1.587474966472512e+00 4.979217325141589e+00
1918 4.719377967684717e+00 -1.587474966525332e+00 4.979217325163919e+00
1919 4.719377967668684e+00 -1.587474966495755e+00 4.979217325139293e+00
1920 4.719377967674393e+00 -1.587474966548549e+00 4.979217325161535e+00
1921 4.774780177533011e+00 1.559649326867608e+00 5.023050046193125e+00
1922 4.774780177472808e+00 1.559649326987743e+00 5.023050046173198e+00
1923 4.774780177472912e+00 1.559649326987802e+00 5.023050046173316e+00
1924 4.774780177533029e+00 1.559649326867635e+00 5.023050046193150e+00
1925 4.774780177498870e+00 1.559649326912833e+00 5.023050046174713e+00
1926 4.774780177507116e+00 1.559649326942623e+00 5.023050046191803e+00
1927 4.832141706584685e+00 -1.468871523686126e+00 5.050463050613395e+00
1928 4.832141706672816e+00 -1.468871523845436e+00 5.050463050744050e+00
1929 4.832141706605394e+00 -1.468871523800074e+00 5.050463050666349e+00
1930 4.832141706605426e+00 -1.468871523800085e+00 5.050463050666382e+00
1931 4.774780177498915e+00 1.559649326912794e+00 5.023050046174744e+00
1932 4.774780177507162e+00 1.559649326942576e+00 5.023050046191830e+00
1933 4.774780177502977e+00 1.559649326927727e+00 5.023050046183243e+00
1934 4.774780177502972e+00 1.559649326927683e+00 5.023050046183225e+00
1935 4.832141706584722e+00 -1.468871523686116e+00 5.050463050613427e+00
1936 4.832141706652177e+00 -1.468871523731517e+00 5.050463050691169e+00
1937 4.832141706672798e+00 -1.468871523845405e+00 5.050463050744022e+00
1938 1.514494750619567e+00 1.019236980809908e+00 1.825524136434443e+00
1939 1.514494750619567e+00 1.019236980809877e+00 1.825524136434427e+00
1940 1.628964740958558e+00 1.316477537387580e+00 2.094430527311004e+00
1941 1.628964740984560e+00 1.316477537371416e+00 2.094430527321067e+00
1942 1.628964740984492e+00 1.316477537371380e+00 2.094430527320992e+00
1943 1.531727687206446e+00 1.131560093408650e+00 1.904368124273718e+00
1944 1.628964740958486e+00 1.316477537387536e+00 2.094430527310920e+00
1945 1.789894932959741e+00 1.613253107429023e+00 2.409628489967770e+00
1946 1.789894932985663e+00 1.613253107407374e+00 2.409628489972532e+00
1947 1.789894932992639e+00 1.613253107129351e+00 2.409628489791575e+00
1948 1.789894932966732e+00 1.613253107151014e+00 2.409628489786835e+00
1949 1.789894932976182e+00 1.613253107278313e+00 2.409628489879082e+00
1950 1.789894932985657e+00 1.613253107407350e+00 2.409628489972511e+00
1951 1.789894932976149e+00 1.613253107280060e+00 2.409628489880227e+00
1952 1.789894932976214e+00 1.613253107280110e+00 2.409628489880308e+00
1953 5.045185069754654e+00 -9.024265519966375e-01 5.125257658871777e+00
1954 5.045185069754563e+00 -9.024265519966224e-01 5.125257658871685e+00
1955 5.045185069754649e+00 9.024265519966019e-01 5.125257658871766e+00
1956 4.700515061143709e+00 -1.589328986358998e+00 4.961935959574627e+00
1957 4.700515061144799e+00 -1.589328986356881e+00 4.961935959574981e+00
1958 4.700515061143794e+00 -1.589328986359023e+00 4.961935959574715e+00
1959 5.045185069754716e+00 9.024265519966405e-01 5.125257658871838e+00
1960 4.700515061144928e+00 -1.589328986356905e+00 4.961935959575110e+00
1961 4.719377967678928e+00 -1.587474966472500e+00 4.979217325141589e+00
1962 5.045185069754697e+00 9.024265519966401e-01 5.125257658871820e+00
1963 4.719377967684555e+00 -1.587474966525267e+00 4.979217325163746e+00
1964 4.719377967668611e+00 -1.587474966495718e+00 4.979217325139212e+00
1965 4.774780177502921e+00 -1.559649326927737e+00 5.023050046183192e+00
1966 4.774780177502943e+00 -1.559649326927658e+00 5.023050046183188e+00
1967 4.959349150283656e+00 -1.224244610874388e+00 5.108220713876232e+00
1968 4.959349150255997e+00 -1.224244611025820e+00 5.108220713885672e+00
1969 4.959349150225257e+00 -1.224244610875489e+00 5.108220713819798e+00
1970 4.719377967674495e+00 -1.587474966548525e+00 4.979217325161626e+00
1971 4.774780177502924e+00 1.559649326927780e+00 5.023050046183209e+00
1972 4.959349150255944e+00 -1.224244611025832e+00 5.108220713885623e+00
1973 4.959349150244849e+00 -1.224244610950330e+00 5.108220713856756e+00
1974 4.959349150197611e+00 -1.224244611026926e+00 5.108220713829253e+00
1975 4.700515061143739e+00 1.589328986358994e+00 4.961935959574654e+00
1976 4.700515061144871e+00 1.589328986356896e+00 4.961935959575054e+00
1977 5.090459709053300e+00 6.448729924701575e-01 5.131144241386361e+00
1978 5.090459709129483e+00 6.448729926656938e-01 5.131144241486516e+00
1979 5.090459709158440e+00 6.448729923167963e-01 5.131144241471395e+00
1980 4.959349150197573e+00 -1.224244611026933e+00 5.108220713829217e+00
1981 5.090459709234705e+00 6.448729925123464e-01 5.131144241571631e+00
1982 5.090459709129438e+00 6.448729926656955e-01 5.131144241486471e+00
1983 5.090459709158481e+00 6.448729923168222e-01 5.131144241471439e+00
1984 5.090459709119212e+00 6.448729925125293e-01 5.131144241457076e+00
1985 4.774780177502983e+00 1.559649326927644e+00 5.023050046183222e+00
1986 5.090459709168751e+00 6.448729924699579e-01 5.131144241500873e+00
1987 4.832141706652189e+00 -1.468871523731533e+00 5.050463050691187e+00
1988 4.832141706584711e+00 1.468871523686164e+00 5.050463050613430e+00
1989 4.832141706672817e+00 1.468871523845465e+00 5.050463050744058e+00
1990 4.832141706628181e+00 -1.468871523766439e+00 5.050463050678369e+00
1991 4.832141706629350e+00 -1.468871523765111e+00 5.050463050679101e+00
1992 4.832141706629372e+00 -1.468871523765125e+00 5.050463050679126e+00
1993 4.832141706628247e+00 -1.468871523766437e+00 5.050463050678431e+00
1994 4.719377967668665e+00 1.587474966495751e+00 4.979217325139274e+00
1995 4.719377967684692e+00 1.587474966525331e+00 4.979217325163895e+00
1996 4.719377967678938e+00 1.587474966472527e+00 4.979217325141607e+00
1997 4.719377967668635e+00 1.587474966495757e+00 4.979217325139246e+00
1998 4.719377967684618e+00 1.587474966525283e+00 4.979217325163810e+00
1999 4.719377967674398e+00 1.587474966548541e+00 4.979217325161538e+00
2000 4.832141706584689e+00 1.468871523686158e+00 5.050463050613407e+00
2001 4.832141706605265e+00 1.468871523800090e+00 5.050463050666230e+00
2002 4.832141706672775e+00 1.468871523845431e+00 5.050463050744008e+00
2003 4.832141706652189e+00 1.468871523731557e+00 5.050463050691193e+00
2004 4.832141706605365e+00 1.468871523800051e+00 5.050463050666314e+00
2005 4.832141706652182e+00 1.468871523731510e+00 5.050463050691173e+00
2006 4.719377967679015e+00 1.587474966472510e+00 4.979217325141674e+00
2007 4.719377967674506e+00 1.587474966548523e+00 4.979217325161636e+00
2008 4.832141706628163e+00 1.468871523766452e+00 5.050463050678355e+00
2009 4.832141706629278e+00 1.468871523765123e+00 5.050463050679035e+00
2010 5.090459709158391e+00 -6.448729923168228e-01 5.131144241471349e+00
2011 5.090459709053198e+00 -6.448729924701503e-01 5.131144241386259e+00
2012 5.090459709129451e+00 -6.448729926657002e-01 5.131144241486485e+00
2013 5.090459709158397e+00 -6.448729923168102e-01 5.131144241471353e+00
2014 5.090459709129456e+00 -6.448729926656943e-01 5.131144241486489e+00
2015 5.090459709053293e+00 -6.448729924701886e-01 5.131144241386359e+00
2016 5.090459709234649e+00 -6.448729925123668e-01 5.131144241571578e+00
2017 5.090459709119259e+00 -6.448729925125440e-01 5.131144241457125e+00
2018 5.090459709234616e+00 -6.448729925123420e-01 5.131144241571541e+00
2019 4.832141706629383e+00 1.468871523765143e+00 5.050463050679142e+00
2020 4.832141706628161e+00 1.468871523766425e+00 5.050463050678346e+00
2021 5.090459709119354e+00 -6.448729925124896e-01 5.131144241457213e+00
2022 5.090459709168698e+00 -6.448729924699793e-01 5.131144241500823e+00
2023 4.959349150197621e+00 1.224244611026922e+00 5.108220713829262e+00
2024 4.959349150283582e+00 1.224244610874391e+00 5.108220713876161e+00
2025 4.959349150256020e+00 1.224244611025822e+00 5.108220713885694e+00
2026 4.959349150236473e+00 1.224244610951003e+00 5.108220713848786e+00
2027 4.959349150256075e+00 1.224244611025826e+00 5.108220713885749e+00
2028 4.959349150236442e+00 1.224244610951057e+00 5.108220713848768e+00
2029 4.959349150197663e+00 1.224244611026937e+00 5.108220713829304e+00
2030 5.090459709168726e+00 -6.448729924699785e-01 5.131144241500850e+00
2031 4.959349150283655e+00 1.224244610874438e+00 5.108220713876243e+00
2032 4.959349150225216e+00 1.224244610875481e+00 5.108220713819757e+00
2033 4.959349150244808e+00 1.224244610950332e+00 5.108220713856716e+00
2034 4.959349150225265e+00 1.224244610875487e+00 5.108220713819805e+00
2035 4.959349150244801e+00 1.224244610950372e+00 5.108220713856721e+00
2036 1.765003994110202e+00 1.513334704326480e+00 2.324956134326813e+00
2037 1.765003994112163e+00 1.513334704323098e+00 2.324956134326102e+00
2038 5.045185069754709e+00 9.024265519966379e-01 5.125257658871831e+00
2039 1.789894932959756e+00 1.613253107429024e+00 2.409628489967781e+00
2040 1.789894932992627e+00 1.613253107129335e+00 2.409628489791556e+00
2041 1.789894932966710e+00 1.613253107150993e+00 2.409628489786805e+00
2042 1.789894932976235e+00 1.613253107278342e+00 2.409628489879141e+00
2043 4.700515061143705e+00 1.589328986359017e+00 4.961935959574628e+00
2044 1.578356107104267e+00 -1.164261418728677e+00 1.961303814296359e+00
2045 1.578356107086678e+00 -1.164261419015374e+00 1.961303814452393e+00
2046 1.578356107093327e+00 -1.164261419003626e+00 1.961303814450769e+00
2047 1.578356107097606e+00 -1.164261418740443e+00 1.961303814297983e+00
2048 1.578356107090592e+00 -1.164261418876197e+00 1.961303814372925e+00
2049 1.578356107100358e+00 -1.164261418867842e+00 1.961303814375824e+00
2050 1.578356107090587e+00 -1.164261418876195e+00 1.961303814372919e+00
2051 4.700515061144847e+00 1.589328986356921e+00 4.961935959575039e+00
2052 1.578356107100353e+00 -1.164261418867857e+00 1.961303814375829e+00
2053 5.090459709053255e+00 6.448729924701602e-01 5.131144241386318e+00
2054 4.959349150283588e+00 -1.224244610874389e+00 5.108220713876165e+00
2055 5.090459709234755e+00 6.448729925123458e-01 5.131144241571680e+00
2056 5.090459709119222e+00 6.448729925125509e-01 5.131144241457089e+00
2057 4.959349150225220e+00 -1.224244610875506e+00 5.108220713819767e+00
2058 5.090459709168762e+00 6.448729924699929e-01 5.131144241500889e+00
2059 4.959349150236475e+00 -1.224244610950989e+00 5.108220713848784e+00
2060 4.959349150236402e+00 -1.224244610950989e+00 5.108220713848714e+00
2061 5.012336238536880e+00 1.008253836527970e+00 5.112738049912533e+00
2062 5.012336238536832e+00 -1.008253836527967e+00 5.112738049912485e+00
2063 5.012336238557737e+00 -1.008253836420711e+00 5.112738049911829e+00
2064 5.012336238557836e+00 -1.008253836420732e+00 5.112738049911930e+00
2065 5.012336238536969e+00 -1.008253836527979e+00 5.112738049912622e+00
2066 5.012336238547504e+00 1.008253836473367e+00 5.112738049912180e+00
2067 5.012336238547115e+00 1.008253836475335e+00 5.112738049912187e+00
2068 5.012336238557815e+00 1.008253836420749e+00 5.112738049911911e+00
2069 5.012336238547128e+00 -1.008253836475351e+00 5.112738049912203e+00
2070 5.012336238557804e+00 1.008253836420709e+00 5.112738049911894e+00
2071 5.012336238547555e+00 -1.008253836473397e+00 5.112738049912236e+00
2072 4.693415625286935e+00 -1.598668081890113e+00 4.958214382995330e+00
2073 4.693415625199413e+00 -1.598668082138045e+00 4.958214382992423e+00
2074 4.693415625287003e+00 -1.598668081890120e+00 4.958214382995396e+00
2075 4.693415625199564e+00 -1.598668082138113e+00 4.958214382992587e+00
2076 4.693415625247493e+00 -1.598668082014194e+00 4.958214382998001e+00
2077 4.693415625238683e+00 -1.598668082013935e+00 4.958214382989579e+00
2078 4.693415625238778e+00 -1.598668082013965e+00 4.958214382989678e+00
2079 4.693415625247586e+00 -1.598668082014210e+00 4.958214382998095e+00
2080 4.693415625243078e+00 -1.598668082014033e+00 4.958214382993771e+00
2081 4.693415625243386e+00 -1.598668082014214e+00 4.958214382994121e+00
2082 4.693415625243475e+00 -1.598668082014265e+00 4.958214382994221e+00
2083 5.012336238547525e+00 -1.008253836473367e+00 5.112738049912201e+00
2084 4.693415625243192e+00 -1.598668082014016e+00 4.958214382993873e+00
2085 1.624378822058467e+00 -1.169763170400655e+00 2.001737353495169e+00
2086 4.959349150244721e+00 -1.224244610950331e+00 5.108220713856633e+00
2087 1.578356107104268e+00 -1.164261418728675e+00 1.961303814296359e+00
2088 1.578356107086673e+00 -1.164261419015370e+00 1.961303814452386e+00
2089 1.578356107093328e+00 -1.164261419003611e+00 1.961303814450762e+00
2090 1.578356107097616e+00 -1.164261418740436e+00 1.961303814297988e+00
2091 5.012336238536838e+00 1.008253836527952e+00 5.112738049912488e+00
2092 5.012336238547038e+00 -1.008253836475340e+00 5.112738049912113e+00
2093 4.784373545524676e+00 -1.461529376232817e+00 5.002629142831582e+00
2094 4.784373545542855e+00 -1.461529376121976e+00 5.002629142816585e+00
2095 4.784373545522447e+00 -1.461529376212738e+00 5.002629142823584e+00
2096 4.784373545542878e+00 -1.461529376121954e+00 5.002629142816600e+00
2097 4.784373545545122e+00 -1.461529376142046e+00 5.002629142824617e+00
2098 4.784373545545206e+00 -1.461529376142048e+00 5.002629142824698e+00
2099 4.784373545524738e+00 -1.461529376232822e+00 5.002629142831642e+00
2100 4.784373545522500e+00 -1.461529376212731e+00 5.002629142823632e+00
2101 5.012336238547571e+00 1.008253836473375e+00 5.112738049912248e+00
2102 5.012336238547190e+00 1.008253836475350e+00 5.112738049912264e+00
2103 4.784373545524632e+00 1.461529376232838e+00 5.002629142831545e+00
2104 4.784373545542796e+00 1.461529376121988e+00 5.002629142816533e+00
2105 4.784373545522479e+00 1.461529376212712e+00 5.002629142823607e+00
2106 4.784373545545207e+00 1.461529376142032e+00 5.002629142824693e+00
2107 4.784373545524667e+00 1.461529376232800e+00 5.002629142831568e+00
2108 4.784373545522372e+00 1.461529376212715e+00 5.002629142823505e+00
2109 4.784373545542863e+00 1.461529376121957e+00 5.002629142816588e+00
2110 4.784373545545108e+00 1.461529376142054e+00 5.002629142824606e+00
2111 4.693415625199445e+00 1.598668082138070e+00 4.958214382992462e+00
2112 4.693415625286933e+00 1.598668081890124e+00 4.958214382995333e+00
2113 4.693415625199475e+00 1.598668082138079e+00 4.958214382992492e+00
2114 4.693415625286981e+00 1.598668081890114e+00 4.958214382995374e+00
2115 4.693415625238778e+00 1.598668082013968e+00 4.958214382989680e+00
2116 4.693415625247579e+00 1.598668082014244e+00 4.958214382998100e+00
2117 4.693415625238819e+00 1.598668082013984e+00 4.958214382989723e+00
2118 4.693415625247630e+00 1.598668082014251e+00 4.958214382998150e+00
2119 4.693415625243455e+00 1.598668082014275e+00 4.958214382994206e+00
2120 4.693415625243128e+00 1.598668082014011e+00 4.958214382993812e+00
2121 1.578356107104289e+00 1.164261418728689e+00 1.961303814296384e+00
2122 1.578356107100379e+00 1.164261418867877e+00 1.961303814375862e+00
2123 1.578356107090596e+00 1.164261418876227e+00 1.961303814372945e+00
2124 1.578356107104263e+00 1.164261418728670e+00 1.961303814296352e+00
2125 1.578356107097638e+00 1.164261418740450e+00 1.961303814298013e+00
2126 1.578356107097615e+00 1.164261418740443e+00 1.961303814297990e+00
2127 1.578356107090572e+00 1.164261418876204e+00 1.961303814372912e+00
2128 1.578356107093365e+00 1.164261419003648e+00 1.961303814450813e+00
2129 1.578356107086696e+00 1.164261419015383e+00 1.961303814452412e+00
2130 1.578356107086633e+00 1.164261419015368e+00 1.961303814452353e+00
2131 4.693415625243410e+00 1.598668082014218e+00 4.958214382994145e+00
2132 4.693415625243084e+00 1.598668082014030e+00 4.958214382993776e+00
2133 1.578356107093303e+00 1.164261419003600e+00 1.961303814450735e+00
2134 1.578356107100359e+00 1.164261418867861e+00 1.961303814375837e+00
2135 1.765003994112174e+00 1.513334704323096e+00 2.324956134326107e+00
2136 1.765003994110225e+00 1.513334704326482e+00 2.324956134326833e+00
2137 1.624378822058410e+00 -1.169763170400651e+00 2.001737353495121e+00
2138 1.624378822058431e+00 -1.169763170400633e+00 2.001737353495127e+00
2139 1.624378822058452e+00 -1.169763170400653e+00 2.001737353495156e+00
2140 1.952767586687134e+00 -1.633743319436535e+00 2.546059402570843e+00
2141 1.952767586711357e+00 -1.633743319414074e+00 2.546059402575010e+00
2142 1.952767586711363e+00 -1.633743319414070e+00 2.546059402575012e+00
2143 1.952767586687138e+00 -1.633743319436528e+00 2.546059402570842e+00
2144 4.998511158147165e+00 -8.601067002472425e-01 5.071971740253677e+00
2145 4.998511158147339e+00 8.601067002473086e-01 5.071971740253860e+00
2146 4.998511158147281e+00 -8.601067002473277e-01 5.071971740253805e+00
2147 4.998511158147243e+00 8.601067002472939e-01 5.071971740253764e+00
2148 4.998511158147164e+00 8.601067002472877e-01 5.071971740253684e+00
2149 4.998511158147258e+00 -8.601067002472972e-01 5.071971740253778e+00
2150 1.624378822058413e+00 1.169763170400666e+00 2.001737353495132e+00
2151 1.624378822058408e+00 1.169763170400652e+00 2.001737353495120e+00
2152 1.624378822058478e+00 1.169763170400674e+00 2.001737353495189e+00
2153 4.998511158147238e+00 -8.601067002472559e-01 5.071971740253751e+00
2154 1.873966007001086e+00 -1.554469127045529e+00 2.434773677846318e+00
2155 1.873966007006176e+00 -1.554469127035913e+00 2.434773677844096e+00
2156 1.873966007003464e+00 -1.554469126998121e+00 2.434773677817881e+00
2157 5.005478226934191e+00 -9.785417550225324e-01 5.100230999340601e+00
2158 5.005478226930375e+00 -9.785417550048572e-01 5.100230999333465e+00
2159 5.005478226947266e+00 -9.785417550448650e-01 5.100230999357719e+00
2160 5.005478226930371e+00 -9.785417550048431e-01 5.100230999333458e+00
2161 5.005478226951161e+00 -9.785417550625458e-01 5.100230999364934e+00
2162 5.005478226951134e+00 -9.785417550625255e-01 5.100230999364904e+00
2163 1.624378822058387e+00 1.169763170400641e+00 2.001737353495097e+00
2164 4.998511158147257e+00 8.601067002472861e-01 5.071971740253774e+00
2165 5.005478226934254e+00 -9.785417550225500e-01 5.100230999340667e+00
2166 5.005478226947378e+00 -9.785417550448816e-01 5.100230999357832e+00
2167 5.005478226940796e+00 -9.785417550343279e-01 5.100230999349347e+00
2168 1.873966007001045e+00 -1.554469127045511e+00 2.434773677846274e+00
2169 1.873966007006136e+00 -1.554469127035886e+00 2.434773677844048e+00
2170 1.873966006998405e+00 -1.554469127007750e+00 2.434773677820134e+00
2171 1.873966007003433e+00 -1.554469126998104e+00 2.434773677817846e+00
2172 5.005478226951090e+00 9.785417550625448e-01 5.100230999364864e+00
2173 5.005478226930329e+00 9.785417550048533e-01 5.100230999333419e+00
2174 1.733324879465211e+00 -1.336289446624046e+00 2.188626195340787e+00
2175 1.733324879444590e+00 -1.336289446778766e+00 2.188626195418922e+00
2176 1.733324879479456e+00 -1.336289446763042e+00 2.188626195436933e+00
2177 1.733324879430354e+00 -1.336289446639804e+00 2.188626195322802e+00
2178 5.005478226951081e+00 9.785417550625690e-01 5.100230999364859e+00
2179 5.005478226930319e+00 9.785417550048678e-01 5.100230999333412e+00
2180 1.873966006998371e+00 -1.554469127007731e+00 2.434773677820096e+00
2181 1.733324879465183e+00 -1.336289446624025e+00 2.188626195340752e+00
2182 5.005478226940654e+00 -9.785417550330305e-01 5.100230999348958e+00
2183 5.005478226947244e+00 9.785417550448613e-01 5.100230999357696e+00
2184 5.005478226934184e+00 9.785417550225257e-01 5.100230999340594e+00
2185 5.005478226940815e+00 9.785417550343473e-01 5.100230999349369e+00
2186 5.005478226940689e+00 9.785417550330656e-01 5.100230999348999e+00
2187 1.733324879479440e+00 -1.336289446763018e+00 2.188626195436907e+00
2188 5.005478226940782e+00 9.785417550343287e-01 5.100230999349334e+00
2189 5.005478226947240e+00 9.785417550448567e-01 5.100230999357691e+00
2190 5.005478226934211e+00 9.785417550225487e-01 5.100230999340624e+00
2191 5.005478226940688e+00 9.785417550330369e-01 5.100230999348993e+00
2192 1.733324879430325e+00 -1.336289446639777e+00 2.188626195322763e+00
2193 5.005478226940768e+00 -9.785417550343545e-01 5.100230999349325e+00
2194 1.733324879444563e+00 -1.336289446778754e+00 2.188626195418892e+00
2195 4.575849125370254e+00 -1.629211008487910e+00 4.857234164453049e+00
2196 4.575849125368991e+00 -1.629211008483104e+00 4.857234164450247e+00
2197 4.575849125370131e+00 -1.629211008487900e+00 4.857234164452930e+00
2198 4.879468719271316e+00 -1.178455786281852e+00 5.019758263359743e+00
2199 4.879468719271332e+00 -1.178455786281885e+00 5.019758263359769e+00
2200 4.879468719271273e+00 -1.178455786281872e+00 5.019758263359708e+00
2201 4.948345021176896e+00 7.353068212854065e-01 5.002678739439004e+00
2202 4.948345021194076e+00 7.353068212683116e-01 5.002678739453486e+00
2203 4.879468719271331e+00 1.178455786281869e+00 5.019758263359763e+00
2204 4.879468719271334e+00 1.178455786281905e+00 5.019758263359773e+00
2205 4.575849125368946e+00 -1.629211008483123e+00 4.857234164450211e+00
2206 5.005478226940665e+00 -9.785417550330263e-01 5.100230999348968e+00
2207 1.901120182224575e+00 -1.512553506897204e+00 2.429418872588387e+00
2208 1.901120182194678e+00 -1.512553506917890e+00 2.429418872577871e+00
2209 4.879468719271235e+00 1.178455786281845e+00 5.019758263359663e+00
2210 4.948345021176989e+00 -7.353068212854317e-01 5.002678739439099e+00
2211 4.948345021194136e+00 -7.353068212683305e-01 5.002678739453547e+00
2212 4.948345021176867e+00 -7.353068212854078e-01 5.002678739438976e+00
2213 4.948345021194037e+00 -7.353068212683062e-01 5.002678739453446e+00
2214 4.946314088568971e+00 -1.043496211279887e+00 5.055186189027202e+00
2215 4.946314088573785e+00 -1.043496211250774e+00 5.055186189025903e+00
2216 4.946314088564590e+00 -1.043496211234078e+00 5.055186189013460e+00
2217 4.946314088569386e+00 -1.043496211204918e+00 5.055186189012132e+00
2218 4.946314088562351e+00 -1.043496211185458e+00 5.055186189001233e+00
2219 4.946314088562346e+00 -1.043496211185487e+00 5.055186189001234e+00
2220 1.952767586711400e+00 1.633743319414093e+00 2.546059402575055e+00
2221 1.952767586711416e+00 1.633743319414081e+00 2.546059402575059e+00
2222 1.952767586687191e+00 1.633743319436556e+00 2.546059402570900e+00
2223 1.952767586687204e+00 1.633743319436543e+00 2.546059402570902e+00
2224 4.575849125368943e+00 1.629211008483154e+00 4.857234164450219e+00
2225 4.575849125370178e+00 1.629211008487947e+00 4.857234164452990e+00
2226 4.575942258348077e+00 -1.636124965678671e+00 4.859645301362304e+00
2227 4.575942258364142e+00 -1.636124965600754e+00 4.859645301351200e+00
2228 4.575942258361037e+00 -1.636124965597028e+00 4.859645301347022e+00
2229 4.575942258361105e+00 -1.636124965596953e+00 4.859645301347061e+00
2230 4.946314088575968e+00 -1.043496211299383e+00 5.055186189038073e+00
2231 4.575942258351229e+00 -1.636124965682455e+00 4.859645301366546e+00
2232 4.575849125368981e+00 1.629211008483135e+00 4.857234164450248e+00
2233 4.575849125370189e+00 1.629211008487918e+00 4.857234164452990e+00
2234 4.575942258364074e+00 -1.636124965600849e+00 4.859645301351167e+00
2235 4.946314088575946e+00 -1.043496211299414e+00 5.055186189038058e+00
2236 2.073834881427056e+00 -1.727415007006583e+00 2.699028292155369e+00
2237 2.073834881458225e+00 -1.727415006969180e+00 2.699028292155379e+00
2238 2.073834881450590e+00 -1.727415006898815e+00 2.699028292104479e+00
2239 2.073834881481719e+00 -1.727415006861434e+00 2.699028292104472e+00
2240 2.073834881458195e+00 -1.727415006969198e+00 2.699028292155368e+00
2241 2.073834881481717e+00 -1.727415006861443e+00 2.699028292104476e+00
2242 2.073834881427060e+00 -1.727415007006607e+00 2.699028292155386e+00
2243 4.575942258348146e+00 -1.636124965678687e+00 4.859645301362375e+00
2244 4.575942258351226e+00 -1.636124965682414e+00 4.859645301366530e+00
2245 4.575942258348165e+00 1.636124965678639e+00 4.859645301362378e+00
2246 2.073834881450521e+00 -1.727415006898829e+00 2.699028292104433e+00
2247 4.575942258348160e+00 1.636124965678707e+00 4.859645301362396e+00
2248 2.093017425731844e+00 -1.734759310104611e+00 2.718476008430419e+00
2249 2.093017425760926e+00 -1.734759310068202e+00 2.718476008429575e+00
2250 2.093017425722281e+00 -1.734759310055039e+00 2.718476008391422e+00
2251 4.575942258364238e+00 1.636124965600771e+00 4.859645301351295e+00
2252 4.575942258351295e+00 1.636124965682490e+00 4.859645301366620e+00
2253 2.093017425751339e+00 -1.734759310018580e+00 2.718476008390528e+00
2254 4.575942258361152e+00 1.636124965597073e+00 4.859645301347145e+00
2255 4.575942258351327e+00 1.636124965682467e+00 4.859645301366644e+00
2256 2.093017425731885e+00 -1.734759310104629e+00 2.718476008430462e+00
2257 2.093017425760933e+00 -1.734759310068184e+00 2.718476008429569e+00
2258 2.093017425722288e+00 -1.734759310054993e+00 2.718476008391398e+00
2259 1.733324879465169e+00 1.336289446624042e+00 2.188626195340751e+00
2260 1.733324879430278e+00 1.336289446639774e+00 2.188626195322724e+00
2261 1.733324879444535e+00 1.336289446778754e+00 2.188626195418871e+00
2262 1.733324879465150e+00 1.336289446624037e+00 2.188626195340733e+00
2263 1.733324879479395e+00 1.336289446763018e+00 2.188626195436871e+00
2264 1.733324879444536e+00 1.336289446778745e+00 2.188626195418866e+00
2265 1.873966007001046e+00 1.554469127045541e+00 2.434773677846294e+00
2266 1.873966007006133e+00 1.554469127035899e+00 2.434773677844054e+00
2267 1.873966006998373e+00 1.554469127007747e+00 2.434773677820107e+00
2268 1.873966007003437e+00 1.554469126998128e+00 2.434773677817863e+00
2269 1.733324879430301e+00 1.336289446639773e+00 2.188626195322742e+00
2270 1.733324879479398e+00 1.336289446763002e+00 2.188626195436864e+00
2271 1.873966007001064e+00 1.554469127045516e+00 2.434773677846292e+00
2272 1.873966006998369e+00 1.554469127007739e+00 2.434773677820100e+00
2273 1.873966007003470e+00 1.554469126998113e+00 2.434773677817880e+00
2274 2.093017425751432e+00 -1.734759310018627e+00 2.718476008390631e+00
2275 1.873966007006156e+00 1.554469127035915e+00 2.434773677844081e+00
2276 4.946314088568913e+00 1.043496211279916e+00 5.055186189027152e+00
2277 4.946314088569328e+00 1.043496211204974e+00 5.055186189012088e+00
2278 4.946314088564502e+00 1.043496211234076e+00 5.055186189013374e+00
2279 4.946314088573761e+00 1.043496211250785e+00 5.055186189025881e+00
2280 4.946314088575940e+00 1.043496211299353e+00 5.055186189038039e+00
2281 4.946314088568888e+00 1.043496211279928e+00 5.055186189027130e+00
2282 4.946314088573702e+00 1.043496211250732e+00 5.055186189025814e+00
2283 4.946314088564509e+00 1.043496211234083e+00 5.055186189013381e+00
2284 4.946314088562271e+00 1.043496211185447e+00 5.055186189001152e+00
2285 4.946314088569372e+00 1.043496211204959e+00 5.055186189012129e+00
2286 4.946314088562350e+00 1.043496211185445e+00 5.055186189001229e+00
2287 4.946314088575948e+00 1.043496211299378e+00 5.055186189038052e+00
2288 2.241210301743778e+00 -1.841602223185558e+00 2.900779613325430e+00
2289 2.241210301759805e+00 -1.841602223330358e+00 2.900779613429740e+00
2290 2.241210301785110e+00 -1.841602223125040e+00 2.900779613318943e+00
2291 2.241210301718466e+00 -1.841602223390873e+00 2.900779613436220e+00
2292 2.241210301751701e+00 -1.841602223258450e+00 2.900779613377827e+00
2293 2.241210301751900e+00 -1.841602223257530e+00 2.900779613377397e+00
2294 2.241210301751627e+00 -1.841602223258407e+00 2.900779613377743e+00
2295 2.241210301751821e+00 -1.841602223257442e+00 2.900779613377280e+00
2296 2.241210301785104e+00 -1.841602223125053e+00 2.900779613318946e+00
2297 2.241210301743808e+00 -1.841602223185541e+00 2.900779613325442e+00
2298 2.241210301759819e+00 -1.841602223330340e+00 2.900779613429739e+00
2299 2.241210301718461e+00 -1.841602223390880e+00 2.900779613436220e+00
2300 4.879468719271287e+00 1.178455786281829e+00 5.019758263359710e+00
2301 4.948345021176905e+00 7.353068212854481e-01 5.002678739439019e+00
2302 4.948345021194102e+00 7.353068212683210e-01 5.002678739453512e+00
2303 4.879468719271294e+00 -1.178455786281842e+00 5.019758263359721e+00
2304 4.946314088569351e+00 -1.043496211204961e+00 5.055186189012108e+00
2305 4.946314088568928e+00 -1.043496211279905e+00 5.055186189027164e+00
2306 4.946314088573748e+00 -1.043496211250773e+00 5.055186189025866e+00
2307 4.946314088564501e+00 -1.043496211234073e+00 5.055186189013372e+00
2308 4.575942258364187e+00 1.636124965600780e+00 4.859645301351251e+00
2309 4.575942258361118e+00 1.636124965596991e+00 4.859645301347085e+00
2310 1.901120182224483e+00 -1.512553506897159e+00 2.429418872588288e+00
2311 1.901120182194591e+00 -1.512553506917856e+00 2.429418872577782e+00
2312 2.073834881481673e+00 1.727415006861427e+00 2.699028292104432e+00
2313 2.073834881427010e+00 1.727415007006589e+00 2.699028292155337e+00
2314 2.073834881450538e+00 1.727415006898833e+00 2.699028292104449e+00
2315 2.073834881481694e+00 1.727415006861440e+00 2.699028292104457e+00
2316 2.073834881427026e+00 1.727415007006599e+00 2.699028292155356e+00
2317 2.073834881458177e+00 1.727415006969195e+00 2.699028292155352e+00
2318 1.836246990512014e+00 -1.390973201247395e+00 2.303607921663939e+00
2319 2.073834881458190e+00 1.727415006969176e+00 2.699028292155350e+00
2320 2.093017425731852e+00 1.734759310104580e+00 2.718476008430405e+00
2321 2.093017425722314e+00 1.734759310055003e+00 2.718476008391425e+00
2322 2.093017425760973e+00 1.734759310068158e+00 2.718476008429584e+00
2323 2.093017425751370e+00 1.734759310018590e+00 2.718476008390559e+00
2324 2.093017425760919e+00 1.734759310068185e+00 2.718476008429559e+00
2325 1.836246990512021e+00 -1.390973201247409e+00 2.303607921663954e+00
2326 2.093017425722291e+00 1.734759310055020e+00 2.718476008391418e+00
2327 1.631767770236779e+00 -9.172588433593198e-01 1.871905404048075e+00
2328 1.631767770222291e+00 -9.172588433678226e-01 1.871905404039612e+00
2329 1.631767770168976e+00 -9.172588434706069e-01 1.871905404043502e+00
2330 1.631767770222240e+00 -9.172588433678057e-01 1.871905404039559e+00
2331 1.631767770236727e+00 -9.172588433593072e-01 1.871905404048023e+00
2332 1.631767770183498e+00 -9.172588434621052e-01 1.871905404051996e+00
2333 1.631767770168928e+00 -9.172588434705852e-01 1.871905404043450e+00
2334 2.241210301785127e+00 1.841602223125040e+00 2.900779613318956e+00
2335 2.241210301751950e+00 1.841602223257510e+00 2.900779613377423e+00
2336 2.241210301751765e+00 1.841602223258461e+00 2.900779613377884e+00
2337 2.241210301759810e+00 1.841602223330345e+00 2.900779613429736e+00
2338 2.241210301759773e+00 1.841602223330354e+00 2.900779613429713e+00
2339 2.241210301718501e+00 1.841602223390872e+00 2.900779613436246e+00
2340 2.150672820369251e+00 -1.772345685920666e+00 2.786862538891472e+00
2341 2.150672820337116e+00 -1.772345685944229e+00 2.786862538881659e+00
2342 2.150672820366510e+00 -1.772345686176622e+00 2.786862539052136e+00
2343 2.241210301751782e+00 1.841602223258527e+00 2.900779613377939e+00
2344 2.241210301751966e+00 1.841602223257582e+00 2.900779613377481e+00
2345 1.631767770183436e+00 -9.172588434620847e-01 1.871905404051931e+00
2346 2.150672820369273e+00 -1.772345685920712e+00 2.786862538891518e+00
2347 2.150672820334410e+00 -1.772345686200199e+00 2.786862539042358e+00
2348 2.241210301743795e+00 1.841602223185554e+00 2.900779613325440e+00
2349 2.241210301743780e+00 1.841602223185567e+00 2.900779613325437e+00
2350 2.150672820337165e+00 -1.772345685944260e+00 2.786862538881716e+00
2351 2.150672820366565e+00 -1.772345686176649e+00 2.786862539052196e+00
2352 2.150672820334450e+00 -1.772345686200211e+00 2.786862539042397e+00
2353 2.150672820351932e+00 -1.772345686061344e+00 2.786862538967573e+00
2354 2.150672820351795e+00 -1.772345686059552e+00 2.786862538966328e+00
2355 1.785965248560221e+00 -1.379268736548816e+00 2.256558024223117e+00
2356 1.785965248558075e+00 -1.379268736665780e+00 2.256558024292910e+00
2357 1.785965248544260e+00 -1.379268736675930e+00 2.256558024288180e+00
2358 1.785965248542129e+00 -1.379268736792918e+00 2.256558024358000e+00
2359 1.785965248552188e+00 -1.379268736779669e+00 2.256558024357863e+00
2360 1.785965248552157e+00 -1.379268736779649e+00 2.256558024357827e+00
2361 1.785965248560197e+00 -1.379268736548795e+00 2.256558024223085e+00
2362 1.785965248542084e+00 -1.379268736792880e+00 2.256558024357941e+00
2363 1.785965248550143e+00 -1.379268736562047e+00 2.256558024223228e+00
2364 1.785965248558058e+00 -1.379268736665794e+00 2.256558024292906e+00
2365 1.785965248544268e+00 -1.379268736675937e+00 2.256558024288191e+00
2366 1.785965248550125e+00 -1.379268736562039e+00 2.256558024223209e+00
2367 2.150672820351864e+00 -1.772345686061303e+00 2.786862538967495e+00
2368 2.150672820351725e+00 -1.772345686059525e+00 2.786862538966257e+00
2369 2.073834881450532e+00 1.727415006898829e+00 2.699028292104442e+00
2370 1.901120182194667e+00 1.512553506917878e+00 2.429418872577854e+00
2371 1.901120182194630e+00 1.512553506917865e+00 2.429418872577818e+00
2372 1.901120182224583e+00 1.512553506897192e+00 2.429418872588386e+00
2373 1.901120182224515e+00 1.512553506897171e+00 2.429418872588320e+00
2374 2.093017425731825e+00 1.734759310104597e+00 2.718476008430394e+00
2375 2.093017425751352e+00 1.734759310018587e+00 2.718476008390543e+00
2376 1.631767770168972e+00 9.172588434706106e-01 1.871905404043501e+00
2377 1.631767770183481e+00 9.172588434621004e-01 1.871905404051978e+00
2378 1.631767770236818e+00 9.172588433593392e-01 1.871905404048119e+00
2379 1.631767770236823e+00 9.172588433593092e-01 1.871905404048108e+00
2380 1.631767770222279e+00 9.172588433678214e-01 1.871905404039601e+00
2381 1.631767770222302e+00 9.172588433678041e-01 1.871905404039613e+00
2382 2.150672820369271e+00 1.772345685920677e+00 2.786862538891495e+00
2383 2.150672820366535e+00 1.772345686176624e+00 2.786862539052157e+00
2384 2.150672820351784e+00 1.772345686059529e+00 2.786862538966305e+00
2385 2.150672820334409e+00 1.772345686200189e+00 2.786862539042350e+00
2386 2.150672820351895e+00 1.772345686061309e+00 2.786862538967522e+00
2387 1.631767770168943e+00 9.172588434705526e-01 1.871905404043447e+00
2388 1.631767770183487e+00 9.172588434620851e-01 1.871905404051976e+00
2389 2.150672820337122e+00 1.772345685944212e+00 2.786862538881653e+00
2390 4.917898285551146e+00 8.432837559744267e-01 4.989674442297537e+00
2391 2.150672820334463e+00 1.772345686200230e+00 2.786862539042418e+00
2392 2.150672820351892e+00 1.772345686061341e+00 2.786862538967541e+00
2393 1.785965248542075e+00 1.379268736792894e+00 2.256558024357942e+00
2394 1.785965248560182e+00 1.379268736548787e+00 2.256558024223069e+00
2395 1.785965248557995e+00 1.379268736665742e+00 2.256558024292824e+00
2396 1.785965248550121e+00 1.379268736562020e+00 2.256558024223195e+00
2397 1.785965248558063e+00 1.379268736665790e+00 2.256558024292908e+00
2398 1.785965248544198e+00 1.379268736675887e+00 2.256558024288105e+00
2399 1.785965248544253e+00 1.379268736675952e+00 2.256558024288188e+00
2400 4.903587141859393e+00 8.408209803683544e-01 4.975152940245795e+00
2401 4.903587141941784e+00 8.408209802329394e-01 4.975152940304114e+00
2402 4.903587141859371e+00 8.408209803683415e-01 4.975152940245771e+00
2403 4.903587141921862e+00 8.408209803194159e-01 4.975152940299094e+00
2404 4.903587141921874e+00 8.408209803194318e-01 4.975152940299108e+00
2405 1.785965248542112e+00 1.379268736792907e+00 2.256558024357979e+00
2406 1.785965248552171e+00 1.379268736779644e+00 2.256558024357834e+00
2407 1.785965248560216e+00 1.379268736548821e+00 2.256558024223116e+00
2408 4.903587141941787e+00 8.408209802329293e-01 4.975152940304116e+00
2409 4.903587141879316e+00 8.408209802818876e-01 4.975152940250817e+00
2410 1.785965248550146e+00 1.379268736562051e+00 2.256558024223233e+00
2411 4.903587141879313e+00 8.408209802818862e-01 4.975152940250814e+00
2412 1.785965248552180e+00 1.379268736779674e+00 2.256558024357859e+00
2413 4.903587141859289e+00 -8.408209803683269e-01 4.975152940245686e+00
2414 4.903587141921778e+00 -8.408209803193695e-01 4.975152940299003e+00
2415 4.903587141921737e+00 -8.408209803193811e-01 4.975152940298964e+00
2416 4.925975457410104e+00 8.568286466168384e-01 4.999938953294323e+00
2417 4.925975457395640e+00 8.568286468144504e-01 4.999938953313937e+00
2418 4.925975457389036e+00 8.568286467144004e-01 4.999938953290285e+00
2419 4.925975457354135e+00 8.568286466835739e-01 4.999938953250618e+00
2420 4.925975457354197e+00 8.568286466835863e-01 4.999938953250680e+00
2421 4.903587141859273e+00 -8.408209803683232e-01 4.975152940245670e+00
2422 4.903587141941700e+00 -8.408209802329181e-01 4.975152940304028e+00
2423 4.903587141879312e+00 -8.408209802818529e-01 4.975152940250807e+00
2424 4.903587141941730e+00 -8.408209802329140e-01 4.975152940304057e+00
2425 4.925975457410090e+00 8.568286466168391e-01 4.999938953294308e+00
2426 4.925975457451499e+00 8.568286467477286e-01 4.999938953357536e+00
2427 4.925975457395634e+00 8.568286468144374e-01 4.999938953313929e+00
2428 4.925975457389089e+00 8.568286467144340e-01 4.999938953290344e+00
2429 4.925975457416712e+00 8.568286467168468e-01 4.999938953317971e+00
2430 4.925975457451515e+00 8.568286467477111e-01 4.999938953357549e+00
2431 4.925975457410152e+00 -8.568286466168757e-01 4.999938953294375e+00
2432 4.925975457354231e+00 -8.568286466835773e-01 4.999938953250713e+00
2433 4.925975457451511e+00 -8.568286467477182e-01 4.999938953357545e+00
2434 4.925975457395653e+00 -8.568286468144720e-01 4.999938953313954e+00
2435 4.925975457395636e+00 -8.568286468144545e-01 4.999938953313934e+00
2436 4.903587141879235e+00 -8.408209802818455e-01 4.975152940250731e+00
2437 4.925975457451540e+00 -8.568286467477331e-01 4.999938953357577e+00
2438 4.925975457410100e+00 -8.568286466168178e-01 4.999938953294316e+00
2439 4.925975457354246e+00 -8.568286466835626e-01 4.999938953250726e+00
2440 4.925975457389089e+00 -8.568286467144162e-01 4.999938953290339e+00
2441 4.925975457416718e+00 -8.568286467168560e-01 4.999938953317979e+00
2442 4.917898285527142e+00 -8.432837556369939e-01 4.989674442216850e+00
2443 4.917898285527752e+00 -8.432837556637270e-01 4.989674442221970e+00
2444 4.917898285563338e+00 -8.432837557832273e-01 4.989674442277241e+00
2445 4.917898285515012e+00 -8.432837558281473e-01 4.989674442237200e+00
2446 4.917898285550481e+00 -8.432837559476827e-01 4.989674442292363e+00
2447 4.917898285563320e+00 -8.432837557832494e-01 4.989674442277226e+00
2448 4.917898285514978e+00 -8.432837558281375e-01 4.989674442237166e+00
2449 4.917898285550529e+00 -8.432837559476833e-01 4.989674442292410e+00
2450 4.917898285527134e+00 -8.432837556369588e-01 4.989674442216836e+00
2451 4.917898285527720e+00 -8.432837556636904e-01 4.989674442221932e+00
2452 4.917898285551087e+00 -8.432837559744112e-01 4.989674442297476e+00
2453 4.917898285551141e+00 -8.432837559744327e-01 4.989674442297533e+00
2454 4.925975457389089e+00 -8.568286467144486e-01 4.999938953290346e+00
2455 4.925975457416774e+00 -8.568286467168909e-01 4.999938953318040e+00
2456 4.925975457416651e+00 8.568286467168543e-01 4.999938953317912e+00
2457 2.241210301785137e+00 1.841602223125071e+00 2.900779613318983e+00
2458 2.241210301718481e+00 1.841602223390904e+00 2.900779613436251e+00
2459 2.150672820337159e+00 1.772345685944240e+00 2.786862538881699e+00
2460 4.665534959193862e+00 -1.480784335015392e+00 4.894889038812529e+00
2461 4.665534959193927e+00 -1.480784335015440e+00 4.894889038812606e+00
2462 4.665534959219856e+00 -1.480784334891056e+00 4.894889038799692e+00
2463 4.665534959272174e+00 -1.480784334884403e+00 4.894889038847546e+00
2464 4.665534959219923e+00 -1.480784334891053e+00 4.894889038799755e+00
2465 4.665534959272241e+00 -1.480784334884413e+00 4.894889038847613e+00
2466 4.665534959229618e+00 -1.480784334951156e+00 4.894889038827177e+00
2467 4.665534959236345e+00 -1.480784334948672e+00 4.894889038832837e+00
2468 4.665534959246140e+00 -1.480784335008745e+00 4.894889038860348e+00
2469 4.665534959246235e+00 -1.480784335008767e+00 4.894889038860444e+00
2470 4.665534959236445e+00 -1.480784334948683e+00 4.894889038832936e+00
2471 4.665534959193915e+00 1.480784335015418e+00 4.894889038812588e+00
2472 4.665534959246185e+00 1.480784335008750e+00 4.894889038860391e+00
2473 4.665534959236439e+00 1.480784334948675e+00 4.894889038832929e+00
2474 4.665534959193857e+00 1.480784335015398e+00 4.894889038812526e+00
2475 4.665534959246174e+00 1.480784335008753e+00 4.894889038860382e+00
2476 4.665534959219898e+00 1.480784334891048e+00 4.894889038799730e+00
2477 4.665534959272165e+00 1.480784334884380e+00 4.894889038847530e+00
2478 4.665534959236393e+00 1.480784334948667e+00 4.894889038832882e+00
2479 4.665534959229718e+00 1.480784334951163e+00 4.894889038827275e+00
2480 4.665534959272144e+00 1.480784334884412e+00 4.894889038847519e+00
2481 4.917898285527169e+00 8.432837556369663e-01 4.989674442216872e+00
2482 4.917898285563306e+00 8.432837557832307e-01 4.989674442277209e+00
2483 4.917898285514983e+00 8.432837558281541e-01 4.989674442237173e+00
2484 4.917898285550577e+00 8.432837559477007e-01 4.989674442292459e+00
2485 4.917898285551070e+00 8.432837559744143e-01 4.989674442297460e+00
2486 4.917898285563293e+00 8.432837557832414e-01 4.989674442277198e+00
2487 4.665534959219868e+00 1.480784334891045e+00 4.894889038799700e+00
2488 4.917898285514950e+00 8.432837558281288e-01 4.989674442237137e+00
2489 4.917898285527751e+00 8.432837556637085e-01 4.989674442221966e+00
2490 4.917898285527754e+00 8.432837556637023e-01 4.989674442221967e+00
2491 4.917898285550490e+00 8.432837559476767e-01 4.989674442292371e+00
2492 4.917898285527177e+00 8.432837556369833e-01 4.989674442216883e+00
2493 4.665534959229778e+00 -1.480784334951165e+00 4.894889038827333e+00
2494 4.665534959229758e+00 1.480784334951142e+00 4.894889038827307e+00
2495 1.836246990512075e+00 -1.390973201247412e+00 2.303607921663999e+00
2496 1.836246990512091e+00 -1.390973201247397e+00 2.303607921664002e+00
2497 1.836246990512084e+00 1.390973201247433e+00 2.303607921664018e+00
2498 1.836246990512031e+00 1.390973201247416e+00 2.303607921663966e+00
2499 1.836246990511994e+00 1.390973201247403e+00 2.303607921663928e+00
2500 2.150672820369291e+00 1.772345685920692e+00 2.786862538891520e+00
2501 2.150672820366600e+00 1.772345686176657e+00 2.786862539052228e+00
2502 2.150672820351793e+00 1.772345686059547e+00 2.786862538966323e+00
2503 1.836246990512075e+00 1.390973201247410e+00 2.303607921663997e+00
2504 1.732808157322324e+00 -1.060985235279254e+00 2.031825233518710e+00
2505 1.732808157239268e+00 -1.060985235390996e+00 2.031825233506228e+00
2506 1.732808157286304e+00 -1.060985235299583e+00 2.031825233498606e+00
2507 1.732808157275275e+00 -1.060985235370646e+00 2.031825233526309e+00
2508 4.726732874265723e+00 -1.276921781493234e+00 4.896175333943440e+00
2509 4.726732874279215e+00 -1.276921781399869e+00 4.896175333932116e+00
2510 2.022893424824668e+00 -1.575387525803575e+00 2.563970293247639e+00
2511 4.726732874272582e+00 -1.276921781445800e+00 4.896175333937691e+00
2512 4.726732874272274e+00 -1.276921781447294e+00 4.896175333937784e+00
2513 2.022893424847475e+00 -1.575387525913081e+00 2.563970293332918e+00
2514 2.022893424820933e+00 -1.575387525839831e+00 2.563970293266969e+00
2515 2.022893424851298e+00 -1.575387525876847e+00 2.563970293313670e+00
2516 2.022893424824741e+00 -1.575387525803592e+00 2.563970293247707e+00
2517 2.022893424851346e+00 -1.575387525876878e+00 2.563970293313727e+00
2518 2.022893424847561e+00 -1.575387525913129e+00 2.563970293333014e+00
2519 2.022893424820959e+00 -1.575387525839866e+00 2.563970293267011e+00
2520 4.460034685389657e+00 -1.665104589997049e+00 4.760722916796152e+00
2521 4.460034685430842e+00 -1.665104589933629e+00 4.760722916812553e+00
2522 4.460034685367687e+00 -1.665104589893726e+00 4.760722916739431e+00
2523 4.460034685452946e+00 -1.665104590036911e+00 4.760722916869385e+00
2524 4.460034685410587e+00 -1.665104589964439e+00 4.760722916804354e+00
2525 4.460034685409867e+00 -1.665104589966147e+00 4.760722916804276e+00
2526 2.022893424836070e+00 -1.575387525858286e+00 2.563970293290251e+00
2527 4.460034685430871e+00 -1.665104589933621e+00 4.760722916812578e+00
2528 4.460034685389739e+00 -1.665104589997033e+00 4.760722916796222e+00
2529 4.460034685452960e+00 -1.665104590036906e+00 4.760722916869397e+00
2530 4.460034685367616e+00 -1.665104589893737e+00 4.760722916739368e+00
2531 2.022893424836134e+00 -1.575387525858363e+00 2.563970293290349e+00
2532 4.460034685410590e+00 -1.665104589964432e+00 4.760722916804355e+00
2533 4.460034685409880e+00 -1.665104589966143e+00 4.760722916804288e+00
2534 4.839650714203206e+00 -7.463079142726210e-01 4.896855576632166e+00
2535 4.839650714113128e+00 -7.463079144193970e-01 4.896855576565510e+00
2536 4.839650714013488e+00 -7.463079143732503e-01 4.896855576460002e+00
2537 4.839650713995419e+00 -7.463079144106766e-01 4.896855576447848e+00
2538 4.839650714095240e+00 -7.463079144569380e-01 4.896855576553553e+00
2539 4.839650713905394e+00 -7.463079145574594e-01 4.896855576381245e+00
2540 4.839650713905375e+00 -7.463079145574883e-01 4.896855576381231e+00
2541 4.839650714203248e+00 -7.463079142726518e-01 4.896855576632213e+00
2542 4.839650714113185e+00 -7.463079144194390e-01 4.896855576565573e+00
2543 4.839650714095199e+00 -7.463079144568963e-01 4.896855576553506e+00
2544 4.856143448343165e+00 -8.648020689250173e-01 4.932546179135400e+00
2545 4.856143448287876e+00 -8.648020688906413e-01 4.932546179074942e+00
2546 4.856143448278682e+00 -8.648020684949045e-01 4.932546178996506e+00
2547 4.856143448333951e+00 -8.648020685293062e-01 4.932546179056950e+00
2548 4.839650714013366e+00 -7.463079143732136e-01 4.896855576459876e+00
2549 4.839650713995469e+00 -7.463079144106947e-01 4.896855576447900e+00
2550 4.856143448343162e+00 -8.648020689249998e-01 4.932546179135394e+00
2551 4.856143448287877e+00 -8.648020688906710e-01 4.932546179074947e+00
2552 4.856143448278696e+00 -8.648020684948839e-01 4.932546178996517e+00
2553 4.856143448333932e+00 -8.648020685293122e-01 4.932546179056933e+00
2554 4.856143448313062e+00 -8.648020687126435e-01 4.932546179068528e+00
2555 4.839650713905407e+00 7.463079145574691e-01 4.896855576381259e+00
2556 4.839650714203183e+00 7.463079142726250e-01 4.896855576632145e+00
2557 4.839650713905376e+00 7.463079145574859e-01 4.896855576381231e+00
2558 4.839650713995392e+00 7.463079144106955e-01 4.896855576447824e+00
2559 4.839650714095207e+00 7.463079144569633e-01 4.896855576553524e+00
2560 4.839650714113060e+00 7.463079144193430e-01 4.896855576565435e+00
2561 4.839650714113118e+00 7.463079144193258e-01 4.896855576565489e+00
2562 4.856143448312984e+00 -8.648020687126698e-01 4.932546179068457e+00
2563 4.856143448308865e+00 -8.648020687072364e-01 4.932546179063448e+00
2564 4.839650714013458e+00 7.463079143732269e-01 4.896855576459968e+00
2565 4.839650714095304e+00 7.463079144569685e-01 4.896855576553621e+00
2566 4.856143448308845e+00 -8.648020687072377e-01 4.932546179063428e+00
2567 4.839650714203217e+00 7.463079142726285e-01 4.896855576632179e+00
2568 4.839650713995595e+00 7.463079144107120e-01 4.896855576448027e+00
2569 4.824967234474446e+00 -1.034107079843459e+00 4.934540127137923e+00
2570 4.824967234482381e+00 -1.034107079745629e+00 4.934540127125180e+00
2571 4.824967234461932e+00 -1.034107079697219e+00 4.934540127095040e+00
2572 4.824967234483010e+00 -1.034107079506744e+00 4.934540127075734e+00
2573 4.839650714013483e+00 7.463079143731938e-01 4.896855576459988e+00
2574 4.824967234474428e+00 -1.034107079843452e+00 4.934540127137905e+00
2575 4.824967234475196e+00 -1.034107079604556e+00 4.934540127088590e+00
2576 4.824967234461915e+00 -1.034107079697223e+00 4.934540127095024e+00
2577 4.824967234483061e+00 -1.034107079506753e+00 4.934540127075786e+00
2578 4.824967234482284e+00 -1.034107079745637e+00 4.934540127125087e+00
2579 4.856143448278710e+00 8.648020684949214e-01 4.932546178996537e+00
2580 4.856143448287878e+00 8.648020688906359e-01 4.932546179074943e+00
2581 4.856143448343163e+00 8.648020689250309e-01 4.932546179135400e+00
2582 4.856143448333993e+00 8.648020685293041e-01 4.932546179056993e+00
2583 4.856143448333894e+00 8.648020685292993e-01 4.932546179056893e+00
2584 4.856143448343100e+00 8.648020689250072e-01 4.932546179135334e+00
2585 4.824967234495599e+00 -1.034107079652981e+00 4.934540127118688e+00
2586 4.856143448287829e+00 8.648020688906238e-01 4.932546179074890e+00
2587 4.856143448278661e+00 8.648020684948946e-01 4.932546178996484e+00
2588 4.824967234495574e+00 -1.034107079652977e+00 4.934540127118663e+00
2589 4.856143448313011e+00 8.648020687126405e-01 4.932546179068478e+00
2590 4.856143448308839e+00 8.648020687072451e-01 4.932546179063426e+00
2591 4.824967234475093e+00 -1.034107079604532e+00 4.934540127088484e+00
2592 4.856143448312977e+00 8.648020687126605e-01 4.932546179068448e+00
2593 4.856143448308873e+00 8.648020687072694e-01 4.932546179063463e+00
2594 1.732808157322352e+00 -1.060985235279229e+00 2.031825233518721e+00
2595 1.732808157239272e+00 -1.060985235390985e+00 2.031825233506225e+00
2596 1.732808157275297e+00 -1.060985235370651e+00 2.031825233526330e+00
2597 1.732808157286331e+00 -1.060985235299569e+00 2.031825233498622e+00
2598 2.018594634705648e+00 -1.535340043263739e+00 2.536137485963947e+00
2599 2.018594634661230e+00 -1.535340043283748e+00 2.536137485940706e+00
2600 2.018594634678655e+00 -1.535340043403786e+00 2.536137486027245e+00
2601 2.018594634723131e+00 -1.535340043383776e+00 2.536137486050530e+00
2602 2.018594634661150e+00 -1.535340043283757e+00 2.536137485940648e+00
2603 2.018594634705676e+00 -1.535340043263739e+00 2.536137485963969e+00
2604 2.018594634723106e+00 -1.535340043383768e+00 2.536137486050506e+00
2605 2.018594634678650e+00 -1.535340043403808e+00 2.536137486027255e+00
2606 4.726732874279120e+00 -1.276921781399844e+00 4.896175333932018e+00
2607 4.726732874265705e+00 -1.276921781493229e+00 4.896175333943423e+00
2608 4.460034685452825e+00 1.665104590036925e+00 4.760722916869276e+00
2609 4.726732874279210e+00 1.276921781399870e+00 4.896175333932111e+00
2610 4.726732874265685e+00 1.276921781493228e+00 4.896175333943402e+00
2611 4.726732874272631e+00 -1.276921781445793e+00 4.896175333937737e+00
2612 4.726732874272344e+00 -1.276921781447297e+00 4.896175333937851e+00
2613 4.460034685389658e+00 1.665104589997014e+00 4.760722916796141e+00
2614 4.460034685430851e+00 1.665104589933618e+00 4.760722916812558e+00
2615 4.726732874279156e+00 1.276921781399848e+00 4.896175333932052e+00
2616 4.726732874265700e+00 1.276921781493213e+00 4.896175333943413e+00
2617 4.726732874272333e+00 1.276921781447309e+00 4.896175333937844e+00
2618 4.726732874272599e+00 1.276921781445784e+00 4.896175333937704e+00
2619 4.460034685452918e+00 1.665104590036936e+00 4.760722916869367e+00
2620 4.460034685367578e+00 1.665104589893739e+00 4.760722916739333e+00
2621 4.726732874272617e+00 1.276921781445811e+00 4.896175333937728e+00
2622 2.022893424836123e+00 -1.575387525858319e+00 2.563970293290314e+00
2623 2.022893424836152e+00 -1.575387525858368e+00 2.563970293290366e+00
2624 4.460034685367720e+00 1.665104589893770e+00 4.760722916739478e+00
2625 4.824967234482948e+00 1.034107079506715e+00 4.934540127075666e+00
2626 4.824967234474320e+00 1.034107079843426e+00 4.934540127137793e+00
2627 4.824967234483045e+00 1.034107079506764e+00 4.934540127075772e+00
2628 4.824967234474379e+00 1.034107079843444e+00 4.934540127137855e+00
2629 4.824967234461841e+00 1.034107079697203e+00 4.934540127094948e+00
2630 4.824967234495510e+00 1.034107079652983e+00 4.934540127118603e+00
2631 4.824967234461893e+00 1.034107079697209e+00 4.934540127095000e+00
2632 4.824967234482275e+00 1.034107079745623e+00 4.934540127125076e+00
2633 4.824967234495522e+00 1.034107079652981e+00 4.934540127118614e+00
2634 1.732808157286264e+00 1.060985235299556e+00 2.031825233498559e+00
2635 1.732808157322328e+00 1.060985235279235e+00 2.031825233518704e+00
2636 4.824967234475150e+00 1.034107079604555e+00 4.934540127088545e+00
2637 1.732808157286313e+00 1.060985235299579e+00 2.031825233498613e+00
2638 1.732808157239279e+00 1.060985235390961e+00 2.031825233506218e+00
2639 1.732808157322265e+00 1.060985235279194e+00 2.031825233518629e+00
2640 1.732808157275268e+00 1.060985235370643e+00 2.031825233526301e+00
2641 1.732808157239260e+00 1.060985235390956e+00 2.031825233506199e+00
2642 1.732808157275280e+00 1.060985235370636e+00 2.031825233526309e+00
2643 4.824967234482306e+00 1.034107079745633e+00 4.934540127125107e+00
2644 4.824967234475130e+00 1.034107079604559e+00 4.934540127088527e+00
2645 4.590589496563282e+00 1.429417256562546e+00 4.807987689180986e+00
2646 4.726732874272323e+00 1.276921781447317e+00 4.896175333937837e+00
2647 4.460034685389691e+00 1.665104589997020e+00 4.760722916796173e+00
2648 4.460034685430884e+00 1.665104589933630e+00 4.760722916812593e+00
2649 4.460034685410593e+00 1.665104589964453e+00 4.760722916804364e+00
2650 2.407452083959917e+00 -1.817211250949818e+00 3.016302747925273e+00
2651 4.750039117810254e+00 1.124727184695528e+00 4.881381245172388e+00
2652 4.750039117810424e+00 1.124727184695534e+00 4.881381245172555e+00
2653 2.407452083959893e+00 -1.817211250949780e+00 3.016302747925230e+00
2654 4.460034685409896e+00 1.665104589966190e+00 4.760722916804320e+00
2655 4.460034685410671e+00 1.665104589964455e+00 4.760722916804438e+00
2656 2.407452083959818e+00 -1.817211250949765e+00 3.016302747925161e+00
2657 4.750039117810233e+00 1.124727184695505e+00 4.881381245172363e+00
2658 4.750039117810267e+00 1.124727184695530e+00 4.881381245172402e+00
2659 2.407452083959865e+00 -1.817211250949784e+00 3.016302747925210e+00
2660 2.134691399244408e+00 -1.606139938225503e+00 2.671440224143350e+00
2661 2.134691399244375e+00 -1.606139938225477e+00 2.671440224143307e+00
2662 4.590589496563330e+00 -1.429417256562552e+00 4.807987689181035e+00
2663 4.590589496563434e+00 -1.429417256562583e+00 4.807987689181143e+00
2664 4.590589496563217e+00 -1.429417256562533e+00 4.807987689180920e+00
2665 4.460034685410013e+00 1.665104589966218e+00 4.760722916804439e+00
2666 4.590589496563329e+00 -1.429417256562549e+00 4.807987689181032e+00
2667 4.722103241695584e+00 1.251005954401217e+00 4.885005109841671e+00
2668 4.722103241712352e+00 1.251005954445747e+00 4.885005109869285e+00
2669 4.722103241699314e+00 1.251005954414699e+00 4.885005109848730e+00
2670 4.722103241708481e+00 1.251005954432238e+00 4.885005109862083e+00
2671 4.750039117810362e+00 -1.124727184695532e+00 4.881381245172495e+00
2672 4.750039117810350e+00 -1.124727184695492e+00 4.881381245172475e+00
2673 4.722103241703849e+00 1.251005954422875e+00 4.885005109855207e+00
2674 4.750039117810325e+00 -1.124727184695495e+00 4.881381245172451e+00
2675 2.022893424847541e+00 1.575387525913087e+00 2.563970293332972e+00
2676 2.022893424824729e+00 1.575387525803583e+00 2.563970293247693e+00
2677 2.022893424847498e+00 1.575387525913101e+00 2.563970293332948e+00
2678 2.022893424851277e+00 1.575387525876825e+00 2.563970293313640e+00
2679 2.022893424851298e+00 1.575387525876809e+00 2.563970293313647e+00
2680 2.022893424824715e+00 1.575387525803596e+00 2.563970293247690e+00
2681 2.022893424820909e+00 1.575387525839823e+00 2.563970293266945e+00
2682 2.018594634661251e+00 1.535340043283779e+00 2.536137485940742e+00
2683 2.018594634678719e+00 1.535340043403807e+00 2.536137486027308e+00
2684 2.018594634705696e+00 1.535340043263754e+00 2.536137485963994e+00
2685 2.018594634705610e+00 1.535340043263761e+00 2.536137485963929e+00
2686 2.018594634723152e+00 1.535340043383782e+00 2.536137486050552e+00
2687 2.018594634723065e+00 1.535340043383777e+00 2.536137486050479e+00
2688 2.018594634661179e+00 1.535340043283734e+00 2.536137485940658e+00
2689 2.022893424836128e+00 1.575387525858347e+00 2.563970293290334e+00
2690 4.411353907947126e+00 -1.655169233874848e+00 4.711648171704486e+00
2691 4.411353907951913e+00 -1.655169233891562e+00 4.711648171714840e+00
2692 2.022893424820964e+00 1.575387525839826e+00 2.563970293266990e+00
2693 4.411353907970451e+00 -1.655169233806952e+00 4.711648171702474e+00
2694 4.411353907970586e+00 -1.655169233807030e+00 4.711648171702627e+00
2695 2.018594634678684e+00 1.535340043403846e+00 2.536137486027304e+00
2696 2.022893424836115e+00 1.575387525858314e+00 2.563970293290303e+00
2697 4.411353907965767e+00 -1.655169233790272e+00 4.711648171692228e+00
2698 4.722103241704131e+00 1.251005954424085e+00 4.885005109855790e+00
2699 4.750039117810341e+00 -1.124727184695521e+00 4.881381245172473e+00
2700 2.022893424836088e+00 1.575387525858330e+00 2.563970293290292e+00
2701 4.411353907951946e+00 -1.655169233891578e+00 4.711648171714877e+00
2702 4.411353907947214e+00 -1.655169233874879e+00 4.711648171704581e+00
2703 4.411353907965760e+00 -1.655169233790274e+00 4.711648171692223e+00
2704 2.290239761713287e+00 -1.759678361151036e+00 2.888194263001664e+00
2705 2.290239761677236e+00 -1.759678361329271e+00 2.888194263081670e+00
2706 2.290239761709116e+00 -1.759678361280465e+00 2.888194263077214e+00
2707 2.290239761681450e+00 -1.759678361199826e+00 2.888194263006145e+00
2708 2.290239761677323e+00 -1.759678361329298e+00 2.888194263081755e+00
2709 2.290239761713355e+00 -1.759678361151057e+00 2.888194263001732e+00
2710 2.290239761681512e+00 -1.759678361199845e+00 2.888194263006206e+00
2711 2.290239761709151e+00 -1.759678361280463e+00 2.888194263077241e+00
2712 2.079325579550848e+00 -1.589425294473810e+00 2.617225178024930e+00
2713 2.079325579568339e+00 -1.589425294462532e+00 2.617225178031977e+00
2714 2.079325579556414e+00 -1.589425294375786e+00 2.617225177969822e+00
2715 2.079325579549931e+00 -1.589425294573777e+00 2.617225178084911e+00
2716 2.079325579562723e+00 -1.589425294560658e+00 2.617225178087107e+00
2717 2.079325579562777e+00 -1.589425294560634e+00 2.617225178087136e+00
2718 2.079325579556458e+00 -1.589425294375777e+00 2.617225177969853e+00
2719 2.079325579569252e+00 -1.589425294362705e+00 2.617225177972077e+00
2720 2.079325579569268e+00 -1.589425294362682e+00 2.617225177972077e+00
2721 2.079325579549970e+00 -1.589425294573734e+00 2.617225178084916e+00
2722 2.290239761695317e+00 -1.759678361240422e+00 2.888194263041875e+00
2723 2.290239761695227e+00 -1.759678361239808e+00 2.888194263041430e+00
2724 4.722103241699294e+00 -1.251005954414715e+00 4.885005109848715e+00
2725 4.722103241695546e+00 -1.251005954401227e+00 4.885005109841638e+00
2726 4.722103241699411e+00 -1.251005954414728e+00 4.885005109848832e+00
2727 4.722103241708538e+00 -1.251005954432274e+00 4.885005109862147e+00
2728 4.722103241712341e+00 -1.251005954445763e+00 4.885005109869278e+00
2729 4.722103241703733e+00 -1.251005954422846e+00 4.885005109855088e+00
2730 4.722103241704035e+00 -1.251005954424064e+00 4.885005109855692e+00
2731 4.722103241712328e+00 -1.251005954445707e+00 4.885005109869250e+00
2732 4.722103241708579e+00 -1.251005954432258e+00 4.885005109862182e+00
2733 4.722103241695597e+00 -1.251005954401212e+00 4.885005109841683e+00
2734 2.290239761695326e+00 -1.759678361240424e+00 2.888194263041884e+00
2735 2.290239761695251e+00 -1.759678361239824e+00 2.888194263041458e+00
2736 4.722103241703804e+00 -1.251005954422854e+00 4.885005109855158e+00
2737 4.722103241704063e+00 1.251005954424085e+00 4.885005109855723e+00
2738 4.722103241703794e+00 1.251005954422856e+00 4.885005109855149e+00
2739 4.590589496563238e+00 1.429417256562535e+00 4.807987689180941e+00
2740 4.590589496563265e+00 1.429417256562580e+00 4.807987689180981e+00
2741 2.134691399244272e+00 -1.606139938225423e+00 2.671440224143193e+00
2742 2.134691399244406e+00 -1.606139938225499e+00 2.671440224143345e+00
2743 4.590589496563267e+00 1.429417256562511e+00 4.807987689180961e+00
2744 4.723701535548133e+00 1.021679296435647e+00 4.832927144257922e+00
2745 4.723701535532570e+00 1.021679296453777e+00 4.832927144246542e+00
2746 4.723701535548202e+00 -1.021679296435646e+00 4.832927144257989e+00
2747 4.723701535532640e+00 -1.021679296453793e+00 4.832927144246614e+00
2748 2.022893424836179e+00 1.575387525858368e+00 2.563970293290387e+00
2749 4.722103241712268e+00 1.251005954445710e+00 4.885005109869193e+00
2750 4.722103241695561e+00 1.251005954401216e+00 4.885005109841649e+00
2751 4.722103241708499e+00 1.251005954432247e+00 4.885005109862103e+00
2752 2.079325579550903e+00 -1.589425294473856e+00 2.617225178025002e+00
2753 2.407452083959877e+00 1.817211250949794e+00 3.016302747925225e+00
2754 4.722103241699268e+00 1.251005954414696e+00 4.885005109848685e+00
2755 2.407452083959869e+00 1.817211250949800e+00 3.016302747925224e+00
2756 2.079325579568335e+00 -1.589425294462583e+00 2.617225178032005e+00
2757 2.407452083959793e+00 1.817211250949704e+00 3.016302747925104e+00
2758 4.380604093136956e+00 -1.667094989762352e+00 4.687099094930572e+00
2759 4.380604093149016e+00 -1.667094989801476e+00 4.687099094955759e+00
2760 4.380604093143083e+00 -1.667094989813796e+00 4.687099094954595e+00
2761 4.380604093143114e+00 -1.667094989750052e+00 4.687099094931954e+00
2762 2.233517473253896e+00 -1.662431919651188e+00 2.784291685654649e+00
2763 4.380604093148980e+00 -1.667094989801475e+00 4.687099094955725e+00
2764 4.380604093142944e+00 -1.667094989813797e+00 4.687099094954466e+00
2765 4.380604093136904e+00 -1.667094989762328e+00 4.687099094930516e+00
2766 4.380604093143069e+00 -1.667094989750072e+00 4.687099094931917e+00
2767 4.722103241704140e+00 -1.251005954424059e+00 4.885005109855792e+00
2768 2.407452083959811e+00 1.817211250949785e+00 3.016302747925168e+00
2769 2.233517473253904e+00 -1.662431919651192e+00 2.784291685654658e+00
2770 2.233517473285966e+00 -1.662431919625320e+00 2.784291685664929e+00
2771 4.411353907951895e+00 1.655169233891561e+00 4.711648171714823e+00
2772 4.411353907947213e+00 1.655169233874878e+00 4.711648171704578e+00
2773 4.411353907965832e+00 1.655169233790302e+00 4.711648171692301e+00
2774 4.422793023538914e+00 -1.642416403656725e+00 4.717905231356940e+00
2775 4.422793023543690e+00 -1.642416403689089e+00 4.717905231372684e+00
2776 4.422793023547724e+00 -1.642416403697601e+00 4.717905231379429e+00
2777 4.422793023547765e+00 -1.642416403697656e+00 4.717905231379486e+00
2778 4.411353907951955e+00 1.655169233891591e+00 4.711648171714890e+00
2779 2.233517473286000e+00 -1.662431919625315e+00 2.784291685664954e+00
2780 2.134691399244340e+00 1.606139938225470e+00 2.671440224143276e+00
2781 4.411353907965864e+00 1.655169233790317e+00 4.711648171692335e+00
2782 4.411353907970501e+00 1.655169233806979e+00 4.711648171702530e+00
2783 4.422793023538910e+00 -1.642416403656759e+00 4.717905231356947e+00
2784 4.422793023543148e+00 -1.642416403665368e+00 4.717905231363917e+00
2785 4.411353907970517e+00 1.655169233806972e+00 4.711648171702542e+00
2786 2.290239761677271e+00 1.759678361329275e+00 2.888194263081700e+00
2787 2.290239761713317e+00 1.759678361151060e+00 2.888194263001704e+00
2788 2.290239761709151e+00 1.759678361280488e+00 2.888194263077256e+00
2789 2.290239761677220e+00 1.759678361329218e+00 2.888194263081625e+00
2790 1.746580280874113e+00 -9.194431381902453e-01 1.973808086391233e+00
2791 1.746580280892155e+00 -9.194431386101469e-01 1.973808086602797e+00
2792 1.746580280889068e+00 -9.194431381899620e-01 1.973808086404335e+00
2793 1.746580280874114e+00 -9.194431381902538e-01 1.973808086391238e+00
2794 1.746580280891031e+00 -9.194431384011079e-01 1.973808086504428e+00
2795 1.746580280890341e+00 -9.194431383990530e-01 1.973808086502861e+00
2796 1.746580280892197e+00 -9.194431386101714e-01 1.973808086602846e+00
2797 1.746580280907079e+00 -9.194431386098587e-01 1.973808086615869e+00
2798 1.746580280907115e+00 -9.194431386098688e-01 1.973808086615906e+00
2799 2.290239761713290e+00 1.759678361150991e+00 2.888194263001640e+00
2800 2.290239761709144e+00 1.759678361280453e+00 2.888194263077229e+00
2801 2.290239761681494e+00 1.759678361199857e+00 2.888194263006199e+00
2802 2.290239761681484e+00 1.759678361199817e+00 2.888194263006167e+00
2803 1.746580280890210e+00 -9.194431383990387e-01 1.973808086502738e+00
2804 2.079325579569223e+00 1.589425294362673e+00 2.617225177972036e+00
2805 2.079325579550872e+00 1.589425294473850e+00 2.617225178024973e+00
2806 2.079325579556415e+00 1.589425294375764e+00 2.617225177969810e+00
2807 2.079325579568341e+00 1.589425294462565e+00 2.617225178031999e+00
2808 2.079325579562739e+00 1.589425294560620e+00 2.617225178087096e+00
2809 2.079325579549948e+00 1.589425294573751e+00 2.617225178084909e+00
2810 2.079325579550835e+00 1.589425294473843e+00 2.617225178024940e+00
2811 2.079325579556468e+00 1.589425294375781e+00 2.617225177969863e+00
2812 2.079325579568387e+00 1.589425294462607e+00 2.617225178032061e+00
2813 2.079325579562743e+00 1.589425294560626e+00 2.617225178087103e+00
2814 2.079325579549994e+00 1.589425294573748e+00 2.617225178084943e+00
2815 2.079325579569300e+00 1.589425294362701e+00 2.617225177972113e+00
2816 1.746580280889036e+00 -9.194431381899647e-01 1.973808086404307e+00
2817 4.723701535548199e+00 -1.021679296435674e+00 4.832927144257992e+00
2818 4.723701535532710e+00 -1.021679296453773e+00 4.832927144246679e+00
2819 4.723701535532665e+00 1.021679296453793e+00 4.832927144246639e+00
2820 4.723701535548215e+00 1.021679296435656e+00 4.832927144258003e+00
2821 4.422793023543623e+00 -1.642416403689085e+00 4.717905231372620e+00
2822 2.134691399244314e+00 1.606139938225424e+00 2.671440224143227e+00
2823 2.134691399244414e+00 1.606139938225494e+00 2.671440224143349e+00
2824 4.422793023543069e+00 -1.642416403665386e+00 4.717905231363850e+00
2825 4.422793023543409e+00 -1.642416403677167e+00 4.717905231368270e+00
2826 4.422793023543408e+00 -1.642416403677273e+00 4.717905231368305e+00
2827 4.411353907947097e+00 1.655169233874844e+00 4.711648171704459e+00
2828 4.422793023543373e+00 -1.642416403677305e+00 4.717905231368284e+00
2829 4.422793023543402e+00 -1.642416403677182e+00 4.717905231368269e+00
2830 4.380604093143017e+00 1.667094989813801e+00 4.687099094954536e+00
2831 4.380604093149090e+00 1.667094989801513e+00 4.687099094955842e+00
2832 4.380604093137075e+00 1.667094989762382e+00 4.687099094930694e+00
2833 4.380604093143068e+00 1.667094989750044e+00 4.687099094931907e+00
2834 4.380604093142883e+00 1.667094989813759e+00 4.687099094954396e+00
2835 4.380604093148974e+00 1.667094989801453e+00 4.687099094955712e+00
2836 4.380604093136919e+00 1.667094989762348e+00 4.687099094930536e+00
2837 2.290239761695289e+00 1.759678361239866e+00 2.888194263041514e+00
2838 4.380604093143002e+00 1.667094989750054e+00 4.687099094931848e+00
2839 2.290239761695386e+00 1.759678361240458e+00 2.888194263041952e+00
2840 2.290239761695412e+00 1.759678361240498e+00 2.888194263041997e+00
2841 4.664414354832193e+00 -1.306541823370149e+00 4.843945995753876e+00
2842 4.664414354825198e+00 -1.306541823264858e+00 4.843945995718742e+00
2843 4.664414354825129e+00 -1.306541823264822e+00 4.843945995718665e+00
2844 4.664414354832160e+00 -1.306541823370128e+00 4.843945995753839e+00
2845 4.664414354826751e+00 -1.306541823288198e+00 4.843945995726532e+00
2846 4.664414354824230e+00 -1.306541823312125e+00 4.843945995730558e+00
2847 4.664414354833045e+00 -1.306541823322874e+00 4.843945995741946e+00
2848 4.664414354833079e+00 -1.306541823322850e+00 4.843945995741972e+00
2849 4.664414354824256e+00 -1.306541823312172e+00 4.843945995730596e+00
2850 4.664414354832282e+00 1.306541823370184e+00 4.843945995753971e+00
2851 4.664414354824273e+00 1.306541823312148e+00 4.843945995730606e+00
2852 4.664414354826723e+00 1.306541823288188e+00 4.843945995726504e+00
2853 4.664414354825237e+00 1.306541823264846e+00 4.843945995718776e+00
2854 4.664414354825104e+00 1.306541823264813e+00 4.843945995718639e+00
2855 4.664414354826802e+00 -1.306541823288240e+00 4.843945995726592e+00
2856 4.664414354830555e+00 1.306541823346742e+00 4.843945995745986e+00
2857 4.664414354830588e+00 -1.306541823346786e+00 4.843945995746029e+00
2858 4.664414354832105e+00 1.306541823370122e+00 4.843945995753785e+00
2859 4.664414354824242e+00 1.306541823312151e+00 4.843945995730577e+00
2860 4.664414354833026e+00 1.306541823322872e+00 4.843945995741928e+00
2861 4.664414354826746e+00 1.306541823288217e+00 4.843945995726531e+00
2862 4.664414354830601e+00 1.306541823346785e+00 4.843945995746042e+00
2863 4.422793023538939e+00 1.642416403656783e+00 4.717905231356983e+00
2864 4.664414354830611e+00 -1.306541823346766e+00 4.843945995746046e+00
2865 4.422793023547741e+00 1.642416403697656e+00 4.717905231379463e+00
2866 4.422793023543607e+00 1.642416403689081e+00 4.717905231372604e+00
2867 4.422793023547825e+00 1.642416403697673e+00 4.717905231379548e+00
2868 4.664414354832997e+00 1.306541823322863e+00 4.843945995741896e+00
2869 4.751000821220315e+00 1.009671302942964e+00 4.857102525500430e+00
2870 4.422793023543058e+00 1.642416403665322e+00 4.717905231363817e+00
2871 4.422793023538857e+00 1.642416403656786e+00 4.717905231356907e+00
2872 4.422793023543591e+00 1.642416403689048e+00 4.717905231372576e+00
2873 4.751000821221356e+00 1.009671302628335e+00 4.857102525436044e+00
2874 4.751000821139603e+00 1.009671303069118e+00 4.857102525447704e+00
2875 4.751000821184962e+00 1.009671302843144e+00 4.857102525445099e+00
2876 4.751000821176072e+00 1.009671302854341e+00 4.857102525438730e+00
2877 4.751000821220267e+00 1.009671302942987e+00 4.857102525500387e+00
2878 4.751000821175992e+00 1.009671302854322e+00 4.857102525438648e+00
2879 4.751000821139709e+00 1.009671303069140e+00 4.857102525447813e+00
2880 4.422793023543086e+00 1.642416403665354e+00 4.717905231363855e+00
2881 4.751000821221441e+00 1.009671302628334e+00 4.857102525436126e+00
2882 4.751000821184964e+00 1.009671302843151e+00 4.857102525445102e+00
2883 4.422793023543300e+00 1.642416403677194e+00 4.717905231368177e+00
2884 4.422793023543399e+00 1.642416403677166e+00 4.717905231368260e+00
2885 4.422793023543353e+00 1.642416403677278e+00 4.717905231368255e+00
2886 1.746580280889064e+00 9.194431381899746e-01 1.973808086404337e+00
2887 1.746580280892155e+00 9.194431386101538e-01 1.973808086602801e+00
2888 1.746580280890290e+00 9.194431383990338e-01 1.973808086502806e+00
2889 4.751000821140552e+00 1.009671302754416e+00 4.857102525383215e+00
2890 1.746580280889075e+00 9.194431381899624e-01 1.973808086404341e+00
2891 1.746580280874114e+00 9.194431381902528e-01 1.973808086391238e+00
2892 1.746580280892160e+00 9.194431386101437e-01 1.973808086602800e+00
2893 1.746580280890973e+00 9.194431384010784e-01 1.973808086504363e+00
2894 1.746580280890923e+00 9.194431384010774e-01 1.973808086504318e+00
2895 1.746580280907100e+00 9.194431386098710e-01 1.973808086615893e+00
2896 1.746580280907112e+00 9.194431386098754e-01 1.973808086615906e+00
2897 1.746580280890255e+00 9.194431383990448e-01 1.973808086502780e+00
2898 1.746580280874103e+00 9.194431381902439e-01 1.973808086391224e+00
2899 4.422793023543342e+00 1.642416403677283e+00 4.717905231368248e+00
2900 4.751000821140636e+00 1.009671302754431e+00 4.857102525383300e+00
2901 1.746580280890954e+00 -9.194431384010675e-01 1.973808086504341e+00
2902 2.316453934964999e+00 -1.703539902192279e+00 2.875414236449438e+00
2903 2.134691399244305e+00 1.606139938225464e+00 2.671440224143244e+00
2904 2.316453934989594e+00 -1.703539902164628e+00 2.875414236452871e+00
2905 2.233517473253912e+00 1.662431919651217e+00 2.784291685654678e+00
2906 2.233517473285990e+00 1.662431919625329e+00 2.784291685664954e+00
2907 2.316453934989525e+00 -1.703539902164575e+00 2.875414236452784e+00
2908 2.233517473253980e+00 1.662431919651270e+00 2.784291685654765e+00
2909 2.290239761695259e+00 1.759678361239853e+00 2.888194263041482e+00
2910 2.233517473285998e+00 1.662431919625331e+00 2.784291685664961e+00
2911 4.330444756192838e+00 -1.676849944980209e+00 4.643767600173180e+00
2912 4.330444756192744e+00 -1.676849944980178e+00 4.643767600173081e+00
2913 4.330444756192750e+00 -1.676849944980127e+00 4.643767600173068e+00
2914 4.330444756192935e+00 -1.676849944980242e+00 4.643767600173283e+00
2915 4.301190704970811e+00 -1.694135472016969e+00 4.622806125944875e+00
2916 4.301190704966606e+00 -1.694135472084958e+00 4.622806125965878e+00
2917 4.301190704959857e+00 -1.694135472035252e+00 4.622806125941383e+00
2918 4.285254920836945e+00 -1.697621556031332e+00 4.609265525445403e+00
2919 4.285254920835972e+00 -1.697621556033814e+00 4.609265525445413e+00
2920 4.285254920836855e+00 -1.697621556031301e+00 4.609265525445308e+00
2921 4.285254920835921e+00 -1.697621556033789e+00 4.609265525445357e+00
2922 4.301190704977548e+00 -1.694135472066656e+00 4.622806125969351e+00
2923 4.751000821221312e+00 -1.009671302628326e+00 4.857102525435998e+00
2924 4.751000821139574e+00 -1.009671303069076e+00 4.857102525447668e+00
2925 4.751000821221267e+00 -1.009671302628298e+00 4.857102525435950e+00
2926 4.751000821140591e+00 -1.009671302754443e+00 4.857102525383258e+00
2927 4.751000821139542e+00 -1.009671303069096e+00 4.857102525447640e+00
2928 4.751000821176023e+00 -1.009671302854321e+00 4.857102525438679e+00
2929 4.751000821220325e+00 -1.009671302942995e+00 4.857102525500446e+00
2930 4.751000821184932e+00 -1.009671302843103e+00 4.857102525445061e+00
2931 4.751000821220336e+00 -1.009671302942992e+00 4.857102525500455e+00
2932 4.357945580664952e+00 -1.666355170104489e+00 4.665664929779156e+00
2933 4.357945580695145e+00 -1.666355170062699e+00 4.665664929792434e+00
2934 4.357945580686383e+00 -1.666355170032584e+00 4.665664929773493e+00
2935 4.357945580716576e+00 -1.666355169990767e+00 4.665664929786760e+00
2936 4.357945580716627e+00 -1.666355169990791e+00 4.665664929786816e+00
2937 4.751000821140627e+00 -1.009671302754426e+00 4.857102525383290e+00
2938 4.751000821176177e+00 -1.009671302854288e+00 4.857102525438822e+00
2939 4.751000821184903e+00 -1.009671302843078e+00 4.857102525445026e+00
2940 4.357945580665054e+00 -1.666355170104549e+00 4.665664929779274e+00
2941 4.357945580690910e+00 -1.666355170047753e+00 4.665664929783140e+00
2942 4.357945580690797e+00 -1.666355170047597e+00 4.665664929782978e+00
2943 4.301190704977532e+00 -1.694135472066679e+00 4.622806125969345e+00
2944 2.316453934964948e+00 -1.703539902192243e+00 2.875414236449376e+00
2945 4.680278045682632e+00 1.111992849819248e+00 4.810564486933729e+00
2946 2.460649252811385e+00 1.806220560331459e+00 3.052413382542627e+00
2947 2.460649252865718e+00 1.806220560185490e+00 3.052413382500051e+00
2948 2.460649252842122e+00 1.806220560289905e+00 3.052413382542815e+00
2949 2.460649252834982e+00 1.806220560227080e+00 3.052413382499884e+00
2950 4.301190704966571e+00 -1.694135472084957e+00 4.622806125965845e+00
2951 4.301190704970799e+00 -1.694135472016970e+00 4.622806125944863e+00
2952 4.357945580695264e+00 -1.666355170062751e+00 4.665664929792563e+00
2953 4.357945580686429e+00 -1.666355170032558e+00 4.665664929773527e+00
2954 4.301190704959850e+00 -1.694135472035258e+00 4.622806125941379e+00
2955 2.460649252865715e+00 -1.806220560185493e+00 3.052413382500050e+00
2956 2.460649252834998e+00 -1.806220560227064e+00 3.052413382499887e+00
2957 2.460649252811383e+00 -1.806220560331440e+00 3.052413382542614e+00
2958 2.460649252842129e+00 -1.806220560289886e+00 3.052413382542810e+00
2959 2.460649252834967e+00 -1.806220560227056e+00 3.052413382499858e+00
2960 2.460649252811418e+00 -1.806220560331460e+00 3.052413382542653e+00
2961 2.460649252842138e+00 -1.806220560289894e+00 3.052413382542821e+00
2962 2.460649252865736e+00 -1.806220560185495e+00 3.052413382500068e+00
2963 1.927303486548142e+00 -1.271179409808205e+00 2.308764999124198e+00
2964 1.927303486457025e+00 -1.271179409914395e+00 2.308764999106603e+00
2965 4.330444756192783e+00 1.676849944980180e+00 4.643767600173118e+00
2966 4.330444756192827e+00 1.676849944980203e+00 4.643767600173168e+00
2967 4.680278045682663e+00 -1.111992849819261e+00 4.810564486933763e+00
2968 4.680278045636697e+00 -1.111992849870313e+00 4.810564486900842e+00
2969 4.680278045682742e+00 -1.111992849819290e+00 4.810564486933846e+00
2970 4.680278045625730e+00 -1.111992849932184e+00 4.810564486904474e+00
2971 1.927303486548193e+00 -1.271179409808208e+00 2.308764999124242e+00
2972 1.927303486457031e+00 -1.271179409914414e+00 2.308764999106618e+00
2973 1.927303486505812e+00 -1.271179409888132e+00 2.308764999132870e+00
2974 4.680278045636690e+00 -1.111992849870303e+00 4.810564486900833e+00
2975 4.680278045671646e+00 -1.111992849881129e+00 4.810564486937345e+00
2976 4.680278045625808e+00 -1.111992849932175e+00 4.810564486904548e+00
2977 4.285254920836858e+00 1.697621556031284e+00 4.609265525445306e+00
2978 4.285254920835902e+00 1.697621556033774e+00 4.609265525445333e+00
2979 1.927303486499395e+00 -1.271179409834443e+00 2.308764999097952e+00
2980 4.285254920836842e+00 1.697621556031328e+00 4.609265525445306e+00
2981 1.927303486505812e+00 -1.271179409888161e+00 2.308764999132885e+00
2982 4.330444756192834e+00 1.676849944980208e+00 4.643767600173176e+00
2983 4.330444756192800e+00 1.676849944980185e+00 4.643767600173137e+00
2984 4.285254920835870e+00 1.697621556033787e+00 4.609265525445308e+00
2985 1.927303486499351e+00 -1.271179409834437e+00 2.308764999097912e+00
2986 1.783941003476061e+00 -9.402571186139261e-01 2.016563649624612e+00
2987 1.783941003468538e+00 -9.402571186272899e-01 2.016563649624189e+00
2988 1.783941003467759e+00 -9.402571189719933e-01 2.016563649784223e+00
2989 1.783941003460240e+00 -9.402571189853735e-01 2.016563649783810e+00
2990 1.783941003476064e+00 -9.402571186139173e-01 2.016563649624612e+00
2991 1.783941003467704e+00 -9.402571189719715e-01 2.016563649784165e+00
2992 1.783941003469135e+00 -9.402571187995989e-01 2.016563649705059e+00
2993 1.783941003467077e+00 -9.402571187996491e-01 2.016563649703262e+00
2994 4.680278045671573e+00 -1.111992849881131e+00 4.810564486937275e+00
2995 1.783941003468484e+00 -9.402571186272648e-01 2.016563649624129e+00
2996 1.783941003460181e+00 -9.402571189853397e-01 2.016563649783742e+00
2997 4.301190704977521e+00 1.694135472066660e+00 4.622806125969328e+00
2998 4.301190704966571e+00 1.694135472084939e+00 4.622806125965838e+00
2999 4.301190704970801e+00 1.694135472016960e+00 4.622806125944862e+00
3000 2.552029710512983e+00 -1.852960468392368e+00 3.153778391194575e+00
3001 4.301190704970817e+00 1.694135472016953e+00 4.622806125944875e+00
3002 2.552029710515444e+00 -1.852960468639178e+00 3.153778391341577e+00
3003 2.552029710534159e+00 -1.852960468502941e+00 3.153778391276676e+00
3004 2.552029710552474e+00 -1.852960468364883e+00 3.153778391210383e+00
3005 2.552029710512978e+00 -1.852960468392407e+00 3.153778391194594e+00
3006 2.552029710552501e+00 -1.852960468364906e+00 3.153778391210419e+00
3007 2.552029710533805e+00 -1.852960468501158e+00 3.153778391275342e+00
3008 4.301190704966555e+00 1.694135472084927e+00 4.622806125965820e+00
3009 4.301190704959896e+00 1.694135472035267e+00 4.622806125941424e+00
3010 4.301190704959848e+00 1.694135472035259e+00 4.622806125941377e+00
3011 2.552029710515405e+00 -1.852960468639184e+00 3.153778391341548e+00
3012 2.552029710534210e+00 -1.852960468502957e+00 3.153778391276727e+00
3013 2.552029710554912e+00 -1.852960468611673e+00 3.153778391357354e+00
3014 4.357945580665016e+00 1.666355170104524e+00 4.665664929779229e+00
3015 4.357945580664953e+00 1.666355170104493e+00 4.665664929779160e+00
3016 4.357945580716601e+00 1.666355169990797e+00 4.665664929786795e+00
3017 4.357945580690747e+00 1.666355170047684e+00 4.665664929782963e+00
3018 4.357945580690722e+00 1.666355170047606e+00 4.665664929782911e+00
3019 4.357945580686453e+00 1.666355170032595e+00 4.665664929773563e+00
3020 4.357945580686362e+00 1.666355170032635e+00 4.665664929773492e+00
3021 4.357945580716579e+00 1.666355169990764e+00 4.665664929786762e+00
3022 4.357945580690711e+00 1.666355170047620e+00 4.665664929782905e+00
3023 4.357945580695193e+00 1.666355170062716e+00 4.665664929792484e+00
3024 4.357945580695134e+00 1.666355170062712e+00 4.665664929792427e+00
3025 2.552029710554921e+00 -1.852960468611730e+00 3.153778391357394e+00
3026 2.552029710533766e+00 -1.852960468501139e+00 3.153778391275300e+00
3027 4.357945580690864e+00 1.666355170047679e+00 4.665664929783070e+00
3028 1.783941003469129e+00 -9.402571187995916e-01 2.016563649705050e+00
3029 1.783941003467075e+00 -9.402571187996425e-01 2.016563649703257e+00
3030 2.460649252865725e+00 1.806220560185506e+00 3.052413382500066e+00
3031 2.460649252811367e+00 1.806220560331450e+00 3.052413382542607e+00
3032 2.316453934989550e+00 1.703539902164596e+00 2.875414236452817e+00
3033 2.316453934964976e+00 1.703539902192255e+00 2.875414236449405e+00
3034 2.316453934989489e+00 1.703539902164588e+00 2.875414236452762e+00
3035 2.316453934964930e+00 1.703539902192260e+00 2.875414236449372e+00
3036 4.357945580690759e+00 -1.666355170047630e+00 4.665664929782954e+00
3037 4.357945580690715e+00 -1.666355170047659e+00 4.665664929782924e+00
3038 4.273767822732703e+00 -1.706700284885685e+00 4.601947116716392e+00
3039 4.273767822654319e+00 -1.706700285122295e+00 4.601947116731348e+00
3040 1.927303486457008e+00 1.271179409914378e+00 2.308764999106580e+00
3041 1.927303486499388e+00 1.271179409834461e+00 2.308764999097956e+00
3042 1.927303486505761e+00 1.271179409888127e+00 2.308764999132824e+00
3043 1.927303486499426e+00 1.271179409834467e+00 2.308764999097991e+00
3044 1.927303486548122e+00 1.271179409808180e+00 2.308764999124169e+00
3045 4.301190704977501e+00 1.694135472066675e+00 4.622806125969316e+00
3046 4.680278045625718e+00 1.111992849932179e+00 4.810564486904460e+00
3047 4.680278045671633e+00 1.111992849881115e+00 4.810564486937329e+00
3048 4.680278045682702e+00 1.111992849819291e+00 4.810564486933807e+00
3049 4.680278045636724e+00 1.111992849870313e+00 4.810564486900868e+00
3050 4.680278045625807e+00 1.111992849932204e+00 4.810564486904553e+00
3051 4.680278045671678e+00 1.111992849881144e+00 4.810564486937380e+00
3052 4.680278045636788e+00 1.111992849870335e+00 4.810564486900935e+00
3053 1.783941003476015e+00 9.402571186139070e-01 2.016563649624564e+00
3054 1.783941003468495e+00 9.402571186272846e-01 2.016563649624149e+00
3055 1.783941003460179e+00 9.402571189853560e-01 2.016563649783749e+00
3056 1.783941003468486e+00 9.402571186272889e-01 2.016563649624142e+00
3057 1.783941003467715e+00 9.402571189719934e-01 2.016563649784185e+00
3058 1.783941003476015e+00 9.402571186139165e-01 2.016563649624567e+00
3059 1.783941003460180e+00 9.402571189853636e-01 2.016563649783753e+00
3060 1.783941003467670e+00 9.402571189719857e-01 2.016563649784141e+00
3061 1.783941003469134e+00 9.402571187996096e-01 2.016563649705063e+00
3062 4.697319122307896e+00 1.114566456280177e+00 4.827739152260028e+00
3063 4.697319122307793e+00 -1.114566456280165e+00 4.827739152259925e+00
3064 4.697319122307899e+00 1.114566456280176e+00 4.827739152260031e+00
3065 4.697319122241290e+00 1.114566456435093e+00 4.827739152230987e+00
3066 4.697319122241309e+00 1.114566456435092e+00 4.827739152231005e+00
3067 1.783941003467103e+00 9.402571187996607e-01 2.016563649703290e+00
3068 4.697319122257062e+00 1.114566456338939e+00 4.827739152224134e+00
3069 4.697319122307814e+00 -1.114566456280154e+00 4.827739152259944e+00
3070 4.697319122292122e+00 -1.114566456376329e+00 4.827739152266879e+00
3071 4.697319122241256e+00 -1.114566456435091e+00 4.827739152230953e+00
3072 4.697319122241299e+00 -1.114566456435042e+00 4.827739152230984e+00
3073 4.697319122283296e+00 -1.114566456360458e+00 4.827739152254627e+00
3074 4.697319122292139e+00 -1.114566456376320e+00 4.827739152266894e+00
3075 4.697319122257016e+00 -1.114566456338920e+00 4.827739152224084e+00
3076 4.697319122265863e+00 1.114566456354762e+00 4.827739152236349e+00
3077 4.697319122292161e+00 1.114566456376341e+00 4.827739152266918e+00
3078 4.697319122283210e+00 1.114566456360438e+00 4.827739152254540e+00
3079 4.697319122265940e+00 -1.114566456354799e+00 4.827739152236433e+00
3080 4.697319122257051e+00 -1.114566456338925e+00 4.827739152224120e+00
3081 1.783941003469148e+00 9.402571187996144e-01 2.016563649705078e+00
3082 4.697319122292146e+00 1.114566456376314e+00 4.827739152266899e+00
3083 4.697319122257062e+00 1.114566456338921e+00 4.827739152224130e+00
3084 4.697319122265858e+00 1.114566456354783e+00 4.827739152236350e+00
3085 4.697319122283193e+00 1.114566456360436e+00 4.827739152254521e+00
3086 4.697319122283249e+00 -1.114566456360431e+00 4.827739152254575e+00
3087 4.697319122265881e+00 -1.114566456354785e+00 4.827739152236372e+00
3088 1.783941003467097e+00 9.402571187996456e-01 2.016563649703278e+00
3089 4.622976307388337e+00 -1.275878667788278e+00 4.795808202335774e+00
3090 4.622976307366395e+00 -1.275878668092578e+00 4.795808202395579e+00
3091 4.622976307388261e+00 -1.275878667788249e+00 4.795808202335694e+00
3092 4.622976307378697e+00 -1.275878667881846e+00 4.795808202351376e+00
3093 4.622976307376050e+00 -1.275878667998991e+00 4.795808202379989e+00
3094 4.622976307366376e+00 -1.275878668092594e+00 4.795808202395566e+00
3095 4.622976307378706e+00 -1.275878667881822e+00 4.795808202351378e+00
3096 4.622976307375974e+00 -1.275878667998960e+00 4.795808202379907e+00
3097 4.622976307370986e+00 -1.275878667956622e+00 4.795808202363835e+00
3098 4.622976307383729e+00 -1.275878667924227e+00 4.795808202367501e+00
3099 4.622976307383706e+00 -1.275878667924192e+00 4.795808202367469e+00
3100 4.622976307370990e+00 -1.275878667956600e+00 4.795808202363833e+00
3101 2.460649252842177e+00 1.806220560289922e+00 3.052413382542869e+00
3102 2.460649252834991e+00 1.806220560227090e+00 3.052413382499897e+00
3103 1.927303486457046e+00 1.271179409914391e+00 2.308764999106619e+00
3104 1.927303486548195e+00 1.271179409808222e+00 2.308764999124253e+00
3105 1.927303486505794e+00 1.271179409888138e+00 2.308764999132857e+00
3106 4.273767822732802e+00 1.706700284885720e+00 4.601947116716496e+00
3107 4.273767822732752e+00 1.706700284885699e+00 4.601947116716442e+00
3108 4.273767822654420e+00 1.706700285122326e+00 4.601947116731453e+00
3109 4.273767822698191e+00 1.706700285003976e+00 4.601947116728210e+00
3110 4.273767822688912e+00 1.706700285004091e+00 4.601947116719635e+00
3111 4.273767822654326e+00 1.706700285122308e+00 4.601947116731359e+00
3112 4.273767822654435e+00 -1.706700285122341e+00 4.601947116731472e+00
3113 4.273767822732767e+00 -1.706700284885715e+00 4.601947116716461e+00
3114 4.159373961227004e+00 -1.730941322292276e+00 4.505169209980038e+00
3115 2.552029710515396e+00 1.852960468639192e+00 3.153778391341547e+00
3116 2.552029710552442e+00 1.852960468364883e+00 3.153778391210357e+00
3117 2.552029710554879e+00 1.852960468611688e+00 3.153778391357336e+00
3118 2.552029710512961e+00 1.852960468392385e+00 3.153778391194568e+00
3119 4.159373961227073e+00 -1.730941322292332e+00 4.505169209980123e+00
3120 4.273767822698264e+00 -1.706700285003957e+00 4.601947116728272e+00
3121 4.273767822688947e+00 -1.706700285004079e+00 4.601947116719664e+00
3122 2.552029710515321e+00 1.852960468639140e+00 3.153778391341455e+00
3123 2.552029710552385e+00 1.852960468364848e+00 3.153778391210290e+00
3124 2.552029710554834e+00 1.852960468611655e+00 3.153778391357280e+00
3125 2.552029710512926e+00 1.852960468392354e+00 3.153778391194521e+00
3126 4.159373961225375e+00 -1.730941322287748e+00 4.505169209976794e+00
3127 4.159373961225370e+00 -1.730941322287763e+00 4.505169209976795e+00
3128 1.850880789066849e+00 -1.070747404152155e+00 2.138284288591042e+00
3129 1.850880789041977e+00 -1.070747403794372e+00 2.138284288390353e+00
3130 1.850880789007414e+00 -1.070747403797340e+00 2.138284288361922e+00
3131 1.850880789007413e+00 -1.070747403797354e+00 2.138284288361928e+00
3132 1.850880789066830e+00 -1.070747404152171e+00 2.138284288591033e+00
3133 4.273767822698213e+00 -1.706700285003926e+00 4.601947116728213e+00
3134 4.273767822688850e+00 -1.706700285004045e+00 4.601947116719562e+00
3135 1.850880789032320e+00 -1.070747404155156e+00 2.138284288562657e+00
3136 1.850880789041960e+00 -1.070747403794358e+00 2.138284288390331e+00
3137 4.622976307388386e+00 1.275878667788278e+00 4.795808202335823e+00
3138 4.622976307366480e+00 1.275878668092599e+00 4.795808202395667e+00
3139 1.850880789032272e+00 -1.070747404155131e+00 2.138284288562603e+00
3140 4.622976307366377e+00 1.275878668092594e+00 4.795808202395567e+00
3141 4.622976307388375e+00 1.275878667788283e+00 4.795808202335812e+00
3142 4.622976307383752e+00 1.275878667924209e+00 4.795808202367517e+00
3143 4.622976307371003e+00 1.275878667956626e+00 4.795808202363853e+00
3144 4.622976307383747e+00 1.275878667924220e+00 4.795808202367517e+00
3145 4.622976307378750e+00 1.275878667881863e+00 4.795808202351430e+00
3146 2.552029710534052e+00 1.852960468502934e+00 3.153778391276586e+00
3147 4.273767822693475e+00 -1.706700285003941e+00 4.601947116723817e+00
3148 4.273767822693777e+00 -1.706700285004108e+00 4.601947116724159e+00
3149 4.622976307376060e+00 1.275878667998984e+00 4.795808202379996e+00
3150 4.622976307378671e+00 1.275878667881858e+00 4.795808202351354e+00
3151 2.552029710533739e+00 1.852960468501141e+00 3.153778391275279e+00
3152 4.622976307371037e+00 1.275878667956627e+00 4.795808202363886e+00
3153 4.622976307376031e+00 1.275878667998990e+00 4.795808202379970e+00
3154 4.273767822693471e+00 -1.706700285003942e+00 4.601947116723815e+00
3155 4.273767822693666e+00 -1.706700285004070e+00 4.601947116724042e+00
3156 2.552029710533742e+00 1.852960468501137e+00 3.153778391275279e+00
3157 4.657003842701370e+00 9.538648738910055e-01 4.753687304459396e+00
3158 4.657003842701364e+00 9.538648738909811e-01 4.753687304459385e+00
3159 4.657003842701346e+00 -9.538648738909958e-01 4.753687304459369e+00
3160 4.657003842701338e+00 -9.538648738909505e-01 4.753687304459353e+00
3161 4.657003842701344e+00 -9.538648738910035e-01 4.753687304459369e+00
3162 4.657003842701277e+00 9.538648738910139e-01 4.753687304459306e+00
3163 2.552029710534121e+00 1.852960468502936e+00 3.153778391276643e+00
3164 4.159127802412461e+00 -1.739442079058603e+00 4.508215037373442e+00
3165 4.159127802412491e+00 -1.739442079065817e+00 4.508215037376253e+00
3166 4.159127802401155e+00 -1.739442079139295e+00 4.508215037394145e+00
3167 4.159127802401088e+00 -1.739442079146444e+00 4.508215037396841e+00
3168 4.159127802401072e+00 -1.739442079146448e+00 4.508215037396829e+00
3169 4.159127802412546e+00 -1.739442079058592e+00 4.508215037373517e+00
3170 2.498053908174510e+00 -1.767396867334565e+00 3.060059642361563e+00
3171 1.850880789037591e+00 -1.070747403976702e+00 2.138284288477859e+00
3172 2.498053908174545e+00 -1.767396867334613e+00 3.060059642361620e+00
3173 4.273767822698237e+00 1.706700285003945e+00 4.601947116728241e+00
3174 4.273767822688877e+00 1.706700285004058e+00 4.601947116719591e+00
3175 4.273767822693722e+00 1.706700285004110e+00 4.601947116724109e+00
3176 4.273767822693408e+00 1.706700285003929e+00 4.601947116723752e+00
3177 4.297040722484449e+00 -1.665725460846103e+00 4.608600685848216e+00
3178 4.297040722456863e+00 -1.665725460954165e+00 4.608600685861551e+00
3179 4.297040722406500e+00 -1.665725460955325e+00 4.608600685815013e+00
3180 2.366975111778484e+00 -1.682443574259707e+00 2.903995103361323e+00
3181 2.366975111833677e+00 -1.682443574230838e+00 2.903995103389584e+00
3182 2.366975111811957e+00 -1.682443574123502e+00 2.903995103309695e+00
3183 4.297040722406420e+00 -1.665725460955291e+00 4.608600685814925e+00
3184 2.366975111756688e+00 -1.682443574152377e+00 2.903995103281376e+00
3185 1.850880789036672e+00 -1.070747403972791e+00 2.138284288475105e+00
3186 1.850880789037584e+00 -1.070747403976696e+00 2.138284288477850e+00
3187 4.297040722484433e+00 -1.665725460846077e+00 4.608600685848191e+00
3188 4.297040722434102e+00 -1.665725460847265e+00 4.608600685801691e+00
3189 4.297040722456813e+00 -1.665725460954132e+00 4.608600685861493e+00
3190 4.297040722441912e+00 -1.665725460903054e+00 4.608600685829138e+00
3191 4.297040722448961e+00 -1.665725460898328e+00 4.608600685834002e+00
3192 1.850880789036685e+00 -1.070747403972786e+00 2.138284288475113e+00
3193 1.850880789066824e+00 1.070747404152170e+00 2.138284288591028e+00
3194 1.850880789032290e+00 1.070747404155145e+00 2.138284288562625e+00
3195 1.850880789041960e+00 1.070747403794376e+00 2.138284288390341e+00
3196 1.850880789007388e+00 1.070747403797337e+00 2.138284288361898e+00
3197 4.297040722433999e+00 -1.665725460847230e+00 4.608600685801583e+00
3198 1.850880789007414e+00 1.070747403797336e+00 2.138284288361920e+00
3199 4.273767822693710e+00 1.706700285004093e+00 4.601947116724092e+00
3200 4.159373961227057e+00 1.730941322292303e+00 4.505169209980097e+00
3201 4.159373961225381e+00 1.730941322287755e+00 4.505169209976802e+00
3202 1.850880789041970e+00 1.070747403794362e+00 2.138284288390342e+00
3203 1.850880789066840e+00 1.070747404152169e+00 2.138284288591042e+00
3204 1.850880789032293e+00 1.070747404155131e+00 2.138284288562621e+00
3205 1.850880789037596e+00 1.070747403976734e+00 2.138284288477879e+00
3206 4.297040722448984e+00 -1.665725460898369e+00 4.608600685834039e+00
3207 4.159373961227066e+00 1.730941322292304e+00 4.505169209980105e+00
3208 4.159373961225443e+00 1.730941322287757e+00 4.505169209976859e+00
3209 1.850880789037595e+00 1.070747403976730e+00 2.138284288477875e+00
3210 1.850880789036723e+00 1.070747403972840e+00 2.138284288475174e+00
3211 2.437613824719621e+00 -1.747326169237515e+00 2.999184872622305e+00
3212 2.437613824734939e+00 -1.747326169224895e+00 2.999184872627402e+00
3213 2.437613824725721e+00 -1.747326169060887e+00 2.999184872524359e+00
3214 2.437613824741018e+00 -1.747326169048225e+00 2.999184872529415e+00
3215 2.437613824741065e+00 -1.747326169048285e+00 2.999184872529487e+00
3216 2.437613824741287e+00 -1.747326169136323e+00 2.999184872580959e+00
3217 2.437613824719334e+00 -1.747326169149508e+00 2.999184872570799e+00
3218 2.437613824719360e+00 -1.747326169149507e+00 2.999184872570818e+00
3219 4.159127802412478e+00 1.739442079065856e+00 4.508215037376256e+00
3220 4.159127802401099e+00 1.739442079146488e+00 4.508215037396869e+00
3221 4.159127802412501e+00 1.739442079065812e+00 4.508215037376259e+00
3222 4.159127802412471e+00 1.739442079058643e+00 4.508215037373467e+00
3223 4.159127802401168e+00 1.739442079146488e+00 4.508215037396933e+00
3224 4.159127802412532e+00 1.739442079058631e+00 4.508215037373517e+00
3225 4.159127802401138e+00 1.739442079139291e+00 4.508215037394128e+00
3226 4.159127802401157e+00 1.739442079139303e+00 4.508215037394150e+00
3227 2.437613824734938e+00 -1.747326169224918e+00 2.999184872627415e+00
3228 2.437613824725732e+00 -1.747326169060903e+00 2.999184872524377e+00
3229 1.850880789036697e+00 1.070747403972830e+00 2.138284288475145e+00
3230 4.297040722484438e+00 1.665725460846109e+00 4.608600685848207e+00
3231 4.297040722434092e+00 1.665725460847248e+00 4.608600685801676e+00
3232 4.297040722434061e+00 1.665725460847278e+00 4.608600685801658e+00
3233 4.297040722406523e+00 1.665725460955314e+00 4.608600685815030e+00
3234 4.297040722456893e+00 1.665725460954149e+00 4.608600685861574e+00
3235 4.297040722456865e+00 1.665725460954166e+00 4.608600685861554e+00
3236 4.297040722406519e+00 1.665725460955318e+00 4.608600685815028e+00
3237 4.297040722441963e+00 1.665725460903074e+00 4.608600685829193e+00
3238 4.297040722449057e+00 1.665725460898369e+00 4.608600685834107e+00
3239 4.297040722449002e+00 1.665725460898370e+00 4.608600685834055e+00
3240 4.297040722441947e+00 1.665725460903063e+00 4.608600685829174e+00
3241 4.297040722484342e+00 1.665725460846085e+00 4.608600685848109e+00
3242 4.657003842701311e+00 -9.538648738909815e-01 4.753687304459333e+00
3243 4.657003842701322e+00 9.538648738909897e-01 4.753687304459345e+00
3244 4.159127802412479e+00 -1.739442079065865e+00 4.508215037376261e+00
3245 4.159127802401149e+00 -1.739442079139270e+00 4.508215037394129e+00
3246 4.297040722441891e+00 -1.665725460903070e+00 4.608600685829124e+00
3247 4.273767822693451e+00 1.706700285003974e+00 4.601947116723808e+00
3248 2.498053908174496e+00 -1.767396867334620e+00 3.060059642361583e+00
3249 2.498053908174470e+00 -1.767396867334616e+00 3.060059642361560e+00
3250 2.498053908174530e+00 1.767396867334619e+00 3.060059642361610e+00
3251 2.366975111811925e+00 -1.682443574123469e+00 2.903995103309651e+00
3252 2.366975111833675e+00 -1.682443574230798e+00 2.903995103389560e+00
3253 2.366975111778438e+00 -1.682443574259669e+00 2.903995103361264e+00
3254 2.498053908174565e+00 1.767396867334619e+00 3.060059642361639e+00
3255 2.366975111756692e+00 -1.682443574152358e+00 2.903995103281369e+00
3256 2.498053908174497e+00 1.767396867334607e+00 3.060059642361577e+00
3257 2.437613824719632e+00 -1.747326169237549e+00 2.999184872622333e+00
3258 2.366975111811898e+00 1.682443574123467e+00 2.903995103309628e+00
3259 2.366975111756714e+00 1.682443574152337e+00 2.903995103281374e+00
3260 2.366975111833661e+00 1.682443574230801e+00 2.903995103389550e+00
3261 2.366975111778410e+00 1.682443574259679e+00 2.903995103361247e+00
3262 1.895006952272748e+00 -1.097391203231171e+00 2.189821637049741e+00
3263 1.895006952262754e+00 -1.097391202950518e+00 2.189821636900448e+00
3264 1.895006952285877e+00 -1.097391202922656e+00 2.189821636906495e+00
3265 1.895006952269338e+00 -1.097391203090599e+00 2.189821636976344e+00
3266 1.895006952266190e+00 -1.097391203091092e+00 2.189821636973868e+00
3267 2.437613824741272e+00 -1.747326169136302e+00 2.999184872580934e+00
3268 1.895006952249659e+00 -1.097391203259056e+00 2.189821637043734e+00
3269 1.895006952269330e+00 -1.097391203090620e+00 2.189821636976348e+00
3270 1.895006952266228e+00 -1.097391203091126e+00 2.189821636973918e+00
3271 1.895006952272740e+00 -1.097391203231172e+00 2.189821637049735e+00
3272 1.895006952262718e+00 -1.097391202950536e+00 2.189821636900426e+00
3273 1.895006952285838e+00 -1.097391202922660e+00 2.189821636906463e+00
3274 1.895006952249640e+00 -1.097391203259052e+00 2.189821637043716e+00
3275 1.895006952285893e+00 1.097391202922664e+00 2.189821636906513e+00
3276 1.895006952262786e+00 1.097391202950545e+00 2.189821636900489e+00
3277 1.895006952266187e+00 1.097391203091109e+00 2.189821636973873e+00
3278 1.895006952262780e+00 1.097391202950539e+00 2.189821636900481e+00
3279 2.437613824734923e+00 1.747326169224905e+00 2.999184872627394e+00
3280 2.437613824719621e+00 1.747326169237531e+00 2.999184872622314e+00
3281 2.437613824734920e+00 1.747326169224895e+00 2.999184872627386e+00
3282 2.437613824741300e+00 1.747326169136334e+00 2.999184872580976e+00
3283 2.437613824741006e+00 1.747326169048209e+00 2.999184872529395e+00
3284 1.895006952272780e+00 1.097391203231198e+00 2.189821637049782e+00
3285 1.895006952285884e+00 1.097391202922654e+00 2.189821636906500e+00
3286 1.895006952266184e+00 1.097391203091120e+00 2.189821636973876e+00
3287 2.437613824719648e+00 1.747326169237549e+00 2.999184872622346e+00
3288 2.437613824719389e+00 1.747326169149534e+00 2.999184872570857e+00
3289 2.437613824741268e+00 1.747326169136288e+00 2.999184872580923e+00
3290 1.895006952272775e+00 1.097391203231189e+00 2.189821637049773e+00
3291 2.437613824719316e+00 1.747326169149511e+00 2.999184872570785e+00
3292 1.895006952269331e+00 1.097391203090607e+00 2.189821636976343e+00
3293 1.895006952249683e+00 1.097391203259067e+00 2.189821637043760e+00
3294 1.895006952269344e+00 1.097391203090631e+00 2.189821636976366e+00
3295 2.437613824741065e+00 1.747326169048265e+00 2.999184872529476e+00
3296 2.437613824725728e+00 1.747326169060878e+00 2.999184872524360e+00
3297 1.895006952249684e+00 1.097391203259076e+00 2.189821637043766e+00
3298 2.437613824725725e+00 1.747326169060900e+00 2.999184872524370e+00
3299 2.652708341879320e+00 -1.834324949206366e+00 3.225152642334479e+00
3300 2.652708341947922e+00 -1.834324948929491e+00 3.225152642233429e+00
3301 2.652708341920934e+00 -1.834324949138161e+00 3.225152642329914e+00
3302 2.652708341906330e+00 -1.834324948997696e+00 3.225152642238012e+00
3303 2.498053908174408e+00 1.767396867334546e+00 3.060059642361469e+00
3304 2.652708341879353e+00 -1.834324949206363e+00 3.225152642334504e+00
3305 2.652708341947908e+00 -1.834324948929478e+00 3.225152642233411e+00
3306 2.652708341920927e+00 -1.834324949138134e+00 3.225152642329893e+00
3307 2.652708341906330e+00 -1.834324948997685e+00 3.225152642238006e+00
3308 2.366975111811930e+00 1.682443574123478e+00 2.903995103309660e+00
3309 2.366975111756704e+00 1.682443574152362e+00 2.903995103281380e+00
3310 2.366975111833688e+00 1.682443574230827e+00 2.903995103389588e+00
3311 2.366975111778441e+00 1.682443574259695e+00 2.903995103361282e+00
3312 4.459230111330608e+00 -1.362846527471065e+00 4.662840748217499e+00
3313 4.459230111330523e+00 -1.362846527470996e+00 4.662840748217397e+00
3314 4.573657854640839e+00 -8.571944976943651e-01 4.653292230044802e+00
3315 4.573657854452954e+00 -8.571944978462320e-01 4.653292229888110e+00
3316 4.573657854526184e+00 -8.571944978214905e-01 4.653292229955529e+00
3317 4.573657854567670e+00 -8.571944977191324e-01 4.653292229977448e+00
3318 4.573657854640818e+00 -8.571944976943811e-01 4.653292230044785e+00
3319 4.573657854526098e+00 -8.571944978214885e-01 4.653292229955443e+00
3320 4.459230111330629e+00 -1.362846527471058e+00 4.662840748217516e+00
3321 4.459230111330669e+00 -1.362846527471063e+00 4.662840748217556e+00
3322 4.573657854640844e+00 8.571944976943697e-01 4.653292230044809e+00
3323 4.573657854526154e+00 8.571944978214836e-01 4.653292229955498e+00
3324 4.573657854567645e+00 -8.571944977191245e-01 4.653292229977422e+00
3325 4.573657854452978e+00 -8.571944978462402e-01 4.653292229888135e+00
3326 4.573657854640801e+00 8.571944976943806e-01 4.653292230044768e+00
3327 4.573657854526115e+00 8.571944978214885e-01 4.653292229955460e+00
3328 4.573657854453019e+00 8.571944978462321e-01 4.653292229888174e+00
3329 4.551542199482107e+00 1.110814001699550e+00 4.685130109189944e+00
3330 4.551542199482217e+00 1.110814001699577e+00 4.685130109190058e+00
3331 4.573657854567662e+00 8.571944977191182e-01 4.653292229977438e+00
3332 4.573657854452978e+00 8.571944978462356e-01 4.653292229888134e+00
3333 4.573657854567634e+00 8.571944977191126e-01 4.653292229977410e+00
3334 4.551542199482168e+00 -1.110814001699552e+00 4.685130109190005e+00
3335 4.551542199482130e+00 1.110814001699532e+00 4.685130109189963e+00
3336 4.551542199482093e+00 -1.110814001699524e+00 4.685130109189925e+00
3337 4.551542199482133e+00 -1.110814001699582e+00 4.685130109189978e+00
3338 4.551542199482136e+00 -1.110814001699529e+00 4.685130109189968e+00
3339 4.617731491392369e+00 9.271606742827689e-01 4.709890767579783e+00
3340 4.617731491653204e+00 9.271606742588985e-01 4.709890767830814e+00
3341 4.617731491653331e+00 9.271606742589253e-01 4.709890767830945e+00
3342 4.617731491392489e+00 9.271606742828078e-01 4.709890767579907e+00
3343 4.617731491577041e+00 9.271606743275652e-01 4.709890767769659e+00
3344 4.617731491577024e+00 9.271606743275610e-01 4.709890767769642e+00
3345 4.617731491468659e+00 9.271606742141594e-01 4.709890767641073e+00
3346 4.617731491491130e+00 9.271606742611926e-01 4.709890767672364e+00
3347 4.617731491490995e+00 9.271606742611714e-01 4.709890767672228e+00
3348 4.617731491468738e+00 9.271606742141696e-01 4.709890767641153e+00
3349 4.617731491653287e+00 -9.271606742589249e-01 4.709890767830901e+00
3350 4.617731491392447e+00 -9.271606742828016e-01 4.709890767579865e+00
3351 4.617731491392425e+00 -9.271606742827995e-01 4.709890767579843e+00
3352 4.617731491653298e+00 -9.271606742589200e-01 4.709890767830911e+00
3353 4.545784405756561e+00 -1.244249570992071e+00 4.712994043973904e+00
3354 4.545784405861857e+00 -1.244249570601949e+00 4.712994043972469e+00
3355 4.545784405757831e+00 -1.244249570730310e+00 4.712994043906022e+00
3356 4.545784405861958e+00 -1.244249570601963e+00 4.712994043972570e+00
3357 4.617731491468636e+00 -9.271606742141387e-01 4.709890767641046e+00
3358 4.545784405860759e+00 -1.244249570863801e+00 4.712994044040540e+00
3359 4.617731491468671e+00 -9.271606742141754e-01 4.709890767641089e+00
3360 4.617731491491032e+00 -9.271606742611822e-01 4.709890767672265e+00
3361 4.545784405756707e+00 1.244249570992115e+00 4.712994043974056e+00
3362 4.617731491554673e+00 9.271606742805112e-01 4.709890767738466e+00
3363 4.617731491490990e+00 -9.271606742611850e-01 4.709890767672224e+00
3364 4.545784405756739e+00 1.244249570992118e+00 4.712994043974087e+00
3365 4.545784405860802e+00 1.244249570863801e+00 4.712994044040582e+00
3366 4.545784405757900e+00 1.244249570730317e+00 4.712994043906090e+00
3367 4.545784405756631e+00 -1.244249570992108e+00 4.712994043973980e+00
3368 4.545784405757773e+00 -1.244249570730281e+00 4.712994043905958e+00
3369 4.545784405860757e+00 -1.244249570863779e+00 4.712994044040533e+00
3370 4.617731491577001e+00 -9.271606743275170e-01 4.709890767769611e+00
3371 4.545784405861998e+00 1.244249570602000e+00 4.712994043972619e+00
3372 4.545784405860873e+00 1.244249570863806e+00 4.712994044040651e+00
3373 4.617731491554567e+00 9.271606742804961e-01 4.709890767738359e+00
3374 4.617731491577067e+00 -9.271606743275754e-01 4.709890767769687e+00
3375 4.545784405813199e+00 -1.244249570793501e+00 4.712994043976108e+00
3376 4.545784405862002e+00 1.244249570601985e+00 4.712994043972619e+00
3377 4.545784405757828e+00 1.244249570730294e+00 4.712994043906015e+00
3378 4.545784405805478e+00 -1.244249570800578e+00 4.712994043970530e+00
3379 4.617731491554600e+00 -9.271606742804998e-01 4.709890767738393e+00
3380 4.545784405805414e+00 1.244249570800575e+00 4.712994043970468e+00
3381 4.545784405813150e+00 1.244249570793486e+00 4.712994043976057e+00
3382 4.545784405805474e+00 1.244249570800595e+00 4.712994043970530e+00
3383 4.545784405813092e+00 1.244249570793515e+00 4.712994043976008e+00
3384 4.617731491554595e+00 -9.271606742805232e-01 4.709890767738392e+00
3385 4.459230111330679e+00 1.362846527471047e+00 4.662840748217561e+00
3386 2.137908533514238e+00 -1.404419132773414e+00 2.557937840951775e+00
3387 2.137908533515914e+00 -1.404419132768970e+00 2.557937840950736e+00
3388 4.459230111330583e+00 1.362846527471042e+00 4.662840748217469e+00
3389 2.137908533514215e+00 -1.404419132773423e+00 2.557937840951761e+00
3390 2.137908533515842e+00 -1.404419132768950e+00 2.557937840950664e+00
3391 4.551542199482221e+00 1.110814001699614e+00 4.685130109190071e+00
3392 4.459230111330641e+00 1.362846527471032e+00 4.662840748217521e+00
3393 4.459230111330552e+00 1.362846527471013e+00 4.662840748217430e+00
3394 2.652708341913753e+00 -1.834324949067395e+00 3.225152642283760e+00
3395 2.652708341913460e+00 -1.834324949068385e+00 3.225152642284081e+00
3396 2.652708341913540e+00 -1.834324949068471e+00 3.225152642284196e+00
3397 2.480610988130323e+00 -1.730737415224057e+00 3.024712031729525e+00
3398 2.480610988137139e+00 -1.730737415269529e+00 3.024712031761132e+00
3399 2.480610988130318e+00 -1.730737415224025e+00 3.024712031729502e+00
3400 2.480610988101438e+00 -1.730737415266441e+00 3.024712031730088e+00
3401 2.480610988137143e+00 -1.730737415269516e+00 3.024712031761129e+00
3402 2.480610988108345e+00 -1.730737415311894e+00 3.024712031761760e+00
3403 2.480610988108303e+00 -1.730737415311878e+00 3.024712031761717e+00
3404 2.652708341913813e+00 -1.834324949067450e+00 3.225152642283840e+00
3405 4.545784405805488e+00 -1.244249570800531e+00 4.712994043970527e+00
3406 4.545784405813214e+00 -1.244249570793508e+00 4.712994043976124e+00
3407 2.480610988101512e+00 -1.730737415266399e+00 3.024712031730124e+00
3408 2.652708341879330e+00 1.834324949206368e+00 3.225152642334488e+00
3409 2.652708341947931e+00 1.834324948929501e+00 3.225152642233444e+00
3410 2.652708341920892e+00 1.834324949138145e+00 3.225152642329870e+00
3411 2.652708341879321e+00 1.834324949206352e+00 3.225152642334471e+00
3412 2.652708341947929e+00 1.834324948929489e+00 3.225152642233434e+00
3413 2.652708341913477e+00 1.834324949068411e+00 3.225152642284110e+00
3414 2.652708341913814e+00 1.834324949067440e+00 3.225152642283835e+00
3415 2.652708341906329e+00 1.834324948997704e+00 3.225152642238015e+00
3416 2.652708341920897e+00 1.834324949138151e+00 3.225152642329878e+00
3417 2.480610988130320e+00 1.730737415224010e+00 3.024712031729495e+00
3418 2.480610988108398e+00 1.730737415311859e+00 3.024712031761783e+00
3419 2.480610988130317e+00 1.730737415224052e+00 3.024712031729516e+00
3420 2.480610988101473e+00 1.730737415266437e+00 3.024712031730114e+00
3421 2.480610988137184e+00 1.730737415269569e+00 3.024712031761193e+00
3422 2.480610988137165e+00 1.730737415269510e+00 3.024712031761144e+00
3423 2.652708341906297e+00 1.834324948997691e+00 3.225152642237982e+00
3424 2.652708341913769e+00 1.834324949067388e+00 3.225152642283768e+00
3425 4.583209018299003e+00 9.406893072107620e-01 4.678749969609188e+00
3426 4.583209018262820e+00 9.406893069811296e-01 4.678749969527574e+00
3427 4.583209018333432e+00 -9.406893071903979e-01 4.678749969638820e+00
3428 4.583209018297284e+00 -9.406893069607491e-01 4.678749969557237e+00
3429 4.583209018319106e+00 -9.406893070855632e-01 4.678749969603708e+00
3430 4.583209018277218e+00 -9.406893070859862e-01 4.678749969562761e+00
3431 4.583209018319073e+00 -9.406893070855622e-01 4.678749969603676e+00
3432 4.583209018333418e+00 -9.406893071903831e-01 4.678749969638804e+00
3433 4.583209018299005e+00 -9.406893072107768e-01 4.678749969609193e+00
3434 4.583209018262869e+00 -9.406893069811479e-01 4.678749969527626e+00
3435 4.583209018262841e+00 9.406893069811173e-01 4.678749969527593e+00
3436 4.583209018297289e+00 9.406893069607473e-01 4.678749969557242e+00
3437 4.583209018299019e+00 9.406893072107743e-01 4.678749969609205e+00
3438 4.583209018333430e+00 9.406893071903858e-01 4.678749969638815e+00
3439 4.583209018277181e+00 -9.406893070859831e-01 4.678749969562723e+00
3440 4.583209018297291e+00 -9.406893069607423e-01 4.678749969557243e+00
3441 4.583209018262860e+00 -9.406893069811393e-01 4.678749969527616e+00
3442 4.583209018297255e+00 9.406893069607307e-01 4.678749969557206e+00
3443 4.583209018277215e+00 9.406893070859927e-01 4.678749969562759e+00
3444 4.583209018333475e+00 9.406893071903982e-01 4.678749969638861e+00
3445 4.583209018319093e+00 9.406893070855675e-01 4.678749969603697e+00
3446 4.583209018298987e+00 -9.406893072107669e-01 4.678749969609172e+00
3447 4.583209018319184e+00 9.406893070855635e-01 4.678749969603785e+00
3448 4.583209018277272e+00 9.406893070859842e-01 4.678749969562814e+00
3449 2.137908533515866e+00 1.404419132768973e+00 2.557937840950697e+00
3450 2.652708341913399e+00 1.834324949068407e+00 3.225152642284044e+00
3451 2.137908533514209e+00 1.404419132773417e+00 2.557937840951752e+00
3452 2.137908533515839e+00 1.404419132768977e+00 2.557937840950677e+00
3453 2.137908533514206e+00 1.404419132773432e+00 2.557937840951758e+00
3454 4.379012257382639e+00 -1.464655478795470e+00 4.617462942122328e+00
3455 4.379012257373204e+00 -1.464655478881186e+00 4.617462942140569e+00
3456 4.442163265366105e+00 1.255326176706544e+00 4.616130228458976e+00
3457 4.379012257382686e+00 -1.464655478795467e+00 4.617462942122371e+00
3458 2.480610988101499e+00 1.730737415266417e+00 3.024712031730124e+00
3459 2.480610988108340e+00 1.730737415311903e+00 3.024712031761761e+00
3460 4.226008550600661e+00 -1.608094380168729e+00 4.521627561540219e+00
3461 4.226008550600704e+00 -1.608094380168731e+00 4.521627561540260e+00
3462 4.226008550600516e+00 -1.608094380168687e+00 4.521627561540068e+00
3463 4.442163265379666e+00 1.255326176688977e+00 4.616130228467250e+00
3464 4.226008550600530e+00 1.608094380168671e+00 4.521627561540075e+00
3465 4.442163265379738e+00 -1.255326176688994e+00 4.616130228467324e+00
3466 4.379012257377775e+00 -1.464655478839108e+00 4.617462942131557e+00
3467 4.379012257373113e+00 -1.464655478881183e+00 4.617462942140482e+00
3468 4.226008550600664e+00 -1.608094380168711e+00 4.521627561540216e+00
3469 4.226008550600612e+00 1.608094380168681e+00 4.521627561540155e+00
3470 4.226008550600704e+00 1.608094380168704e+00 4.521627561540250e+00
3471 4.442163265366218e+00 -1.255326176706549e+00 4.616130228459086e+00
3472 4.442163265379671e+00 -1.255326176688994e+00 4.616130228467259e+00
3473 4.442163265366136e+00 -1.255326176706543e+00 4.616130228459006e+00
3474 4.442163265379683e+00 1.255326176688979e+00 4.616130228467267e+00
3475 4.379012257377846e+00 -1.464655478839128e+00 4.617462942131631e+00
3476 4.379012257378042e+00 -1.464655478837552e+00 4.617462942131316e+00
3477 4.379012257378040e+00 -1.464655478837555e+00 4.617462942131316e+00
3478 4.379012257373226e+00 1.464655478881176e+00 4.617462942140587e+00
3479 4.379012257382663e+00 1.464655478795475e+00 4.617462942122352e+00
3480 2.200985124521933e+00 -1.475935537527861e+00 2.650041741049467e+00
3481 4.379012257373137e+00 1.464655478881211e+00 4.617462942140514e+00
3482 4.379012257377823e+00 1.464655478839104e+00 4.617462942131601e+00
3483 4.379012257382607e+00 1.464655478795482e+00 4.617462942122302e+00
3484 2.200985124563023e+00 -1.475935537453953e+00 2.650041741042431e+00
3485 2.200985124622204e+00 -1.475935537422043e+00 2.650041741073812e+00
3486 2.200985124521950e+00 -1.475935537527853e+00 2.650041741049475e+00
3487 4.379012257378044e+00 1.464655478837531e+00 4.617462942131311e+00
3488 2.200985124581205e+00 -1.475935537495927e+00 2.650041741080908e+00
3489 4.040634759599018e+00 -1.764929006210807e+00 4.409274731454606e+00
3490 2.200985124562987e+00 -1.475935537453966e+00 2.650041741042407e+00
3491 2.200985124581141e+00 -1.475935537495932e+00 2.650041741080859e+00
3492 2.200985124622269e+00 -1.475935537422055e+00 2.650041741073871e+00
3493 4.040634759599054e+00 -1.764929006210822e+00 4.409274731454643e+00
3494 4.040634759573735e+00 -1.764929006108172e+00 4.409274731390354e+00
3495 4.040634759506058e+00 -1.764929006067956e+00 4.409274731312236e+00
3496 4.040634759506024e+00 1.764929006067980e+00 4.409274731312216e+00
3497 4.040634759573734e+00 1.764929006108146e+00 4.409274731390342e+00
3498 4.040634759531276e+00 -1.764929006170657e+00 4.409274731376455e+00
3499 4.040634759531272e+00 1.764929006170615e+00 4.409274731376436e+00
3500 4.040634759599024e+00 1.764929006210836e+00 4.409274731454621e+00
3501 4.040634759573764e+00 1.764929006108165e+00 4.409274731390377e+00
3502 4.040634759506072e+00 1.764929006067987e+00 4.409274731312262e+00
3503 4.040634759506034e+00 -1.764929006067990e+00 4.409274731312228e+00
3504 4.040634759531327e+00 -1.764929006170650e+00 4.409274731376499e+00
3505 4.379012257377850e+00 1.464655478839122e+00 4.617462942131633e+00
3506 4.040634759599079e+00 1.764929006210853e+00 4.409274731454680e+00
3507 4.040634759573785e+00 -1.764929006108176e+00 4.409274731390401e+00
3508 4.379012257378038e+00 1.464655478837552e+00 4.617462942131313e+00
3509 1.893149349603965e+00 -7.921328473943694e-01 2.052191245431825e+00
3510 1.893149349692707e+00 -7.921328472047664e-01 2.052191245440504e+00
3511 1.893149349730168e+00 -7.921328471908583e-01 2.052191245469694e+00
3512 1.893149349730223e+00 -7.921328471908764e-01 2.052191245469752e+00
3513 1.893149349692723e+00 -7.921328472047714e-01 2.052191245440521e+00
3514 1.893149349604012e+00 -7.921328473943843e-01 2.052191245431875e+00
3515 1.893149349641452e+00 -7.921328473804773e-01 2.052191245461045e+00
3516 1.893149349667487e+00 -7.921328472881174e-01 2.052191245449412e+00
3517 1.893149349666626e+00 -7.921328472971095e-01 2.052191245452089e+00
3518 2.056370028241752e+00 -1.289741442864595e+00 2.427362907044069e+00
3519 2.056370028289386e+00 -1.289741442857534e+00 2.427362907080670e+00
3520 2.056370028249308e+00 -1.289741442709866e+00 2.427362906968257e+00
3521 2.056370028250018e+00 -1.289741442713132e+00 2.427362906970593e+00
3522 2.056370028209987e+00 -1.289741442565521e+00 2.427362906858250e+00
3523 2.056370028257590e+00 -1.289741442558440e+00 2.427362906894816e+00
3524 2.056370028250017e+00 -1.289741442713163e+00 2.427362906970609e+00
3525 2.056370028249340e+00 -1.289741442709914e+00 2.427362906968310e+00
3526 1.893149349667530e+00 -7.921328472881467e-01 2.052191245449463e+00
3527 2.056370028241770e+00 -1.289741442864609e+00 2.427362907044091e+00
3528 2.056370028209994e+00 -1.289741442565534e+00 2.427362906858263e+00
3529 2.056370028289381e+00 -1.289741442857524e+00 2.427362907080661e+00
3530 2.056370028257626e+00 -1.289741442558471e+00 2.427362906894863e+00
3531 1.893149349641454e+00 -7.921328473804735e-01 2.052191245461045e+00
3532 1.893149349666646e+00 -7.921328472971061e-01 2.052191245452106e+00
3533 4.226008550600636e+00 1.608094380168753e+00 4.521627561540204e+00
3534 4.442163265366143e+00 1.255326176706527e+00 4.616130228459009e+00
3535 2.603018084965691e+00 -1.741092456154438e+00 3.131629941665577e+00
3536 2.603018084998734e+00 -1.741092456122701e+00 3.131629941675397e+00
3537 2.603018084965681e+00 -1.741092456154393e+00 3.131629941665544e+00
3538 2.603018084998745e+00 -1.741092456122675e+00 3.131629941675393e+00
3539 2.200985124521957e+00 1.475935537527852e+00 2.650041741049481e+00
3540 2.200985124562995e+00 1.475935537453936e+00 2.650041741042398e+00
3541 2.200985124521990e+00 1.475935537527853e+00 2.650041741049509e+00
3542 2.200985124622241e+00 1.475935537422038e+00 2.650041741073839e+00
3543 2.200985124562970e+00 1.475935537453949e+00 2.650041741042385e+00
3544 1.893149349692698e+00 7.921328472047593e-01 2.052191245440493e+00
3545 1.893149349641441e+00 7.921328473804705e-01 2.052191245461032e+00
3546 4.040634759552713e+00 -1.764929006138125e+00 4.409274731383078e+00
3547 4.040634759552447e+00 -1.764929006140664e+00 4.409274731383852e+00
3548 2.200985124622258e+00 1.475935537422027e+00 2.650041741073847e+00
3549 4.040634759552692e+00 -1.764929006138166e+00 4.409274731383075e+00
3550 4.040634759552352e+00 -1.764929006140681e+00 4.409274731383771e+00
3551 1.893149349730179e+00 7.921328471908624e-01 2.052191245469706e+00
3552 1.893149349603978e+00 7.921328473943612e-01 2.052191245431834e+00
3553 2.200985124581171e+00 1.475935537495915e+00 2.650041741080874e+00
3554 2.200985124581188e+00 1.475935537495936e+00 2.650041741080900e+00
3555 1.893149349603958e+00 7.921328473943637e-01 2.052191245431817e+00
3556 4.040634759531347e+00 1.764929006170666e+00 4.409274731376525e+00
3557 1.893149349667504e+00 7.921328472881281e-01 2.052191245449432e+00
3558 4.040634759552305e+00 1.764929006140649e+00 4.409274731383716e+00
3559 4.040634759552582e+00 1.764929006138102e+00 4.409274731382950e+00
3560 1.893149349667574e+00 7.921328472881310e-01 2.052191245449497e+00
3561 4.040634759552411e+00 1.764929006140639e+00 4.409274731383808e+00
3562 4.040634759552768e+00 1.764929006138187e+00 4.409274731383154e+00
3563 4.331975694876340e+00 -1.506392846556571e+00 4.586418300717474e+00
3564 4.331975694879726e+00 -1.506392846597266e+00 4.586418300734038e+00
3565 4.331975694877424e+00 -1.506392846663047e+00 4.586418300753468e+00
3566 4.331975694889859e+00 -1.506392846473894e+00 4.586418300703088e+00
3567 4.331975694874126e+00 -1.506392846622328e+00 4.586418300736980e+00
3568 4.331975694863974e+00 -1.506392846745712e+00 4.586418300767916e+00
3569 4.331975694876355e+00 -1.506392846556571e+00 4.586418300717487e+00
3570 4.331975694877467e+00 -1.506392846663060e+00 4.586418300753515e+00
3571 4.331975694889774e+00 -1.506392846473883e+00 4.586418300703004e+00
3572 4.331975694879750e+00 -1.506392846597280e+00 4.586418300734064e+00
3573 4.331975694874089e+00 -1.506392846622314e+00 4.586418300736940e+00
3574 4.471912581586837e+00 1.032939504954454e+00 4.589658610207321e+00
3575 4.471912581487191e+00 1.032939505075309e+00 4.589658610137431e+00
3576 4.331975694863972e+00 -1.506392846745703e+00 4.586418300767911e+00
3577 4.396703745547281e+00 -1.342256242397426e+00 4.597026826804946e+00
3578 4.396703745538571e+00 -1.342256242450798e+00 4.597026826812199e+00
3579 4.396703745509186e+00 -1.342256242446573e+00 4.597026826782862e+00
3580 4.396703745500468e+00 -1.342256242499975e+00 4.597026826790115e+00
3581 4.471912581514694e+00 1.032939505094993e+00 4.589658610168658e+00
3582 4.396703745547382e+00 -1.342256242397440e+00 4.597026826805046e+00
3583 4.375569979433106e+00 1.439417667332463e+00 4.606249653019803e+00
3584 4.375569979429088e+00 1.439417667320726e+00 4.606249653012319e+00
3585 4.471912581586827e+00 1.032939504954468e+00 4.589658610207314e+00
3586 4.471912581414896e+00 1.032939505215802e+00 4.589658610098611e+00
3587 4.375569979418012e+00 1.439417667293585e+00 4.606249652993316e+00
3588 4.375569979421990e+00 1.439417667305286e+00 4.606249653000751e+00
3589 4.375569979425808e+00 1.439417667313611e+00 4.606249653006979e+00
3590 4.375569979425376e+00 1.439417667312467e+00 4.606249653006212e+00
3591 4.471912581487199e+00 1.032939505075291e+00 4.589658610137435e+00
3592 4.471912581514659e+00 1.032939505094980e+00 4.589658610168621e+00
3593 4.471912581414966e+00 1.032939505215802e+00 4.589658610098677e+00
3594 4.331975694863969e+00 1.506392846745719e+00 4.586418300767914e+00
3595 4.331975694889810e+00 1.506392846473898e+00 4.586418300703043e+00
3596 4.331975694876320e+00 1.506392846556577e+00 4.586418300717457e+00
3597 4.396703745500568e+00 -1.342256242500000e+00 4.597026826790217e+00
3598 4.331975694889723e+00 1.506392846473883e+00 4.586418300702956e+00
3599 4.331975694863901e+00 1.506392846745712e+00 4.586418300767848e+00
3600 4.331975694877420e+00 1.506392846663055e+00 4.586418300753468e+00
3601 4.375569979417941e+00 1.439417667293581e+00 4.606249652993248e+00
3602 4.375569979417998e+00 -1.439417667293603e+00 4.606249652993308e+00
3603 4.331975694876436e+00 1.506392846556588e+00 4.586418300717570e+00
3604 4.331975694874052e+00 1.506392846622348e+00 4.586418300736917e+00
3605 4.331975694879675e+00 1.506392846597280e+00 4.586418300733994e+00
3606 4.331975694877496e+00 1.506392846663057e+00 4.586418300753540e+00
3607 4.375569979433081e+00 -1.439417667332454e+00 4.606249653019777e+00
3608 4.375569979425354e+00 -1.439417667312455e+00 4.606249653006187e+00
3609 4.375569979425802e+00 -1.439417667313599e+00 4.606249653006971e+00
3610 4.375569979418072e+00 -1.439417667293604e+00 4.606249652993379e+00
3611 4.375569979421991e+00 -1.439417667305314e+00 4.606249653000761e+00
3612 4.375569979433096e+00 -1.439417667332456e+00 4.606249653019792e+00
3613 4.375569979429108e+00 -1.439417667320761e+00 4.606249653012349e+00
3614 4.375569979425429e+00 -1.439417667312486e+00 4.606249653006269e+00
3615 4.375569979425765e+00 -1.439417667313615e+00 4.606249653006940e+00
3616 4.331975694874055e+00 1.506392846622314e+00 4.586418300736908e+00
3617 4.375569979422012e+00 -1.439417667305296e+00 4.606249653000776e+00
3618 4.375569979429115e+00 -1.439417667320737e+00 4.606249653012348e+00
3619 4.331975694879718e+00 1.506392846597298e+00 4.586418300734040e+00
3620 2.603018084965727e+00 1.741092456154440e+00 3.131629941665608e+00
3621 2.603018084998790e+00 1.741092456122713e+00 3.131629941675451e+00
3622 1.893149349641476e+00 7.921328473804775e-01 2.052191245461067e+00
3623 1.893149349692740e+00 7.921328472047718e-01 2.052191245440537e+00
3624 1.893149349730215e+00 7.921328471908613e-01 2.052191245469738e+00
3625 1.893149349666624e+00 7.921328472971013e-01 2.052191245452084e+00
3626 1.893149349666681e+00 7.921328472971332e-01 2.052191245452148e+00
3627 2.056370028241759e+00 1.289741442864608e+00 2.427362907044082e+00
3628 2.056370028209980e+00 1.289741442565512e+00 2.427362906858240e+00
3629 2.056370028241791e+00 1.289741442864611e+00 2.427362907044110e+00
3630 2.056370028209989e+00 1.289741442565519e+00 2.427362906858251e+00
3631 2.056370028257589e+00 1.289741442558450e+00 2.427362906894820e+00
3632 2.056370028289350e+00 1.289741442857532e+00 2.427362907080639e+00
3633 2.056370028257602e+00 1.289741442558457e+00 2.427362906894835e+00
3634 2.056370028289383e+00 1.289741442857541e+00 2.427362907080671e+00
3635 4.471912581586861e+00 -1.032939504954468e+00 4.589658610207348e+00
3636 4.471912581414919e+00 -1.032939505215807e+00 4.589658610098634e+00
3637 4.471912581586836e+00 -1.032939504954455e+00 4.589658610207320e+00
3638 4.471912581414904e+00 -1.032939505215801e+00 4.589658610098618e+00
3639 4.396703745509180e+00 -1.342256242446596e+00 4.597026826782862e+00
3640 4.396703745538633e+00 -1.342256242450824e+00 4.597026826812266e+00
3641 2.056370028250041e+00 1.289741442713163e+00 2.427362906970630e+00
3642 2.056370028249345e+00 1.289741442709910e+00 2.427362906968312e+00
3643 2.056370028250037e+00 1.289741442713155e+00 2.427362906970623e+00
3644 4.375569979433111e+00 1.439417667332452e+00 4.606249653019804e+00
3645 4.471912581487166e+00 -1.032939505075302e+00 4.589658610137405e+00
3646 4.375569979429121e+00 1.439417667320762e+00 4.606249653012362e+00
3647 4.396703745500492e+00 1.342256242499950e+00 4.597026826790131e+00
3648 4.396703745547285e+00 1.342256242397410e+00 4.597026826804945e+00
3649 4.375569979422031e+00 1.439417667305300e+00 4.606249653000796e+00
3650 4.375569979425713e+00 1.439417667313586e+00 4.606249653006881e+00
3651 4.375569979425203e+00 1.439417667312424e+00 4.606249653006035e+00
3652 4.471912581487194e+00 -1.032939505075313e+00 4.589658610137435e+00
3653 4.471912581514664e+00 -1.032939505094981e+00 4.589658610168626e+00
3654 4.460382059339539e+00 9.342948323947287e-01 4.557182786450147e+00
3655 4.460382059281385e+00 9.342948324221266e-01 4.557182786398845e+00
3656 4.471912581514648e+00 -1.032939505094997e+00 4.589658610168614e+00
3657 4.396703745547292e+00 1.342256242397404e+00 4.597026826804950e+00
3658 4.396703745500442e+00 1.342256242499954e+00 4.597026826790085e+00
3659 4.460382059339540e+00 9.342948323947295e-01 4.557182786450148e+00
3660 4.460382059281294e+00 9.342948324221219e-01 4.557182786398754e+00
3661 4.396703745538622e+00 1.342256242450811e+00 4.597026826812251e+00
3662 4.396703745509204e+00 1.342256242446573e+00 4.597026826782878e+00
3663 4.460382059333730e+00 9.342948322475744e-01 4.557182786414292e+00
3664 4.460382059275569e+00 9.342948322749640e-01 4.557182786362981e+00
3665 4.460382059333712e+00 9.342948322475778e-01 4.557182786414276e+00
3666 4.460382059275632e+00 9.342948322749850e-01 4.557182786363047e+00
3667 4.460382059281378e+00 -9.342948324221214e-01 4.557182786398838e+00
3668 4.460382059339512e+00 -9.342948323947200e-01 4.557182786450118e+00
3669 4.460382059275570e+00 -9.342948322749756e-01 4.557182786362985e+00
3670 4.460382059333733e+00 -9.342948322475743e-01 4.557182786414295e+00
3671 4.460382059333742e+00 -9.342948322475653e-01 4.557182786414303e+00
3672 4.396703745538582e+00 1.342256242450820e+00 4.597026826812216e+00
3673 4.396703745509186e+00 1.342256242446581e+00 4.597026826782863e+00
3674 4.460382059281426e+00 -9.342948324221010e-01 4.557182786398879e+00
3675 4.460382059339593e+00 -9.342948323947293e-01 4.557182786450199e+00
3676 4.460382059275586e+00 -9.342948322749587e-01 4.557182786362997e+00
3677 4.409595151498733e+00 -1.349300053823601e+00 4.611414103652968e+00
3678 4.409595151422278e+00 -1.349300053961028e+00 4.611414103620071e+00
3679 4.409595151498817e+00 -1.349300053823590e+00 4.611414103653044e+00
3680 4.409595151422310e+00 -1.349300053961027e+00 4.611414103620100e+00
3681 4.409595151453229e+00 -1.349300053888332e+00 4.611414103628396e+00
3682 4.409595151449559e+00 -1.349300053878875e+00 4.611414103622119e+00
3683 4.409595151453278e+00 -1.349300053888329e+00 4.611414103628442e+00
3684 4.409595151467878e+00 -1.349300053896305e+00 4.611414103644736e+00
3685 4.409595151471454e+00 -1.349300053905745e+00 4.611414103650919e+00
3686 4.409595151498774e+00 1.349300053823613e+00 4.611414103653011e+00
3687 4.409595151422328e+00 1.349300053961049e+00 4.611414103620124e+00
3688 4.409595151422287e+00 1.349300053961066e+00 4.611414103620089e+00
3689 4.409595151453131e+00 1.349300053888322e+00 4.611414103628300e+00
3690 4.409595151449626e+00 1.349300053878890e+00 4.611414103622187e+00
3691 4.409595151498748e+00 1.349300053823624e+00 4.611414103652990e+00
3692 4.409595151471412e+00 1.349300053905743e+00 4.611414103650877e+00
3693 4.409595151467828e+00 1.349300053896321e+00 4.611414103644693e+00
3694 4.409595151471366e+00 1.349300053905712e+00 4.611414103650824e+00
3695 4.409595151467883e+00 -1.349300053896303e+00 4.611414103644741e+00
3696 4.409595151467825e+00 1.349300053896329e+00 4.611414103644693e+00
3697 4.409595151471441e+00 -1.349300053905796e+00 4.611414103650921e+00
3698 4.409595151449578e+00 -1.349300053878918e+00 4.611414103622149e+00
3699 2.056370028249309e+00 1.289741442709903e+00 2.427362906968278e+00
3700 2.603018084998734e+00 1.741092456122673e+00 3.131629941675383e+00
3701 2.107686282601211e+00 1.324286389304421e+00 2.489191817992790e+00
3702 2.107686282566902e+00 1.324286389337935e+00 2.489191817981570e+00
3703 2.107686282553784e+00 1.324286389594576e+00 2.489191818106999e+00
3704 3.990398299432116e+00 -1.753737494489005e+00 4.358769756214166e+00
3705 3.990398299404366e+00 -1.753737494560545e+00 4.358769756217544e+00
3706 3.990398299412925e+00 -1.753737494574437e+00 4.358769756230970e+00
3707 4.349046266795455e+00 -1.339899608333493e+00 4.550772944362278e+00
3708 3.990398299423376e+00 -1.753737494475041e+00 4.358769756200545e+00
3709 3.990398299423402e+00 -1.753737494475066e+00 4.358769756200581e+00
3710 2.107686282601212e+00 -1.324286389304460e+00 2.489191817992812e+00
3711 2.107686282553777e+00 -1.324286389594613e+00 2.489191818107013e+00
3712 2.107686282566876e+00 -1.324286389337954e+00 2.489191817981558e+00
3713 2.107686282601224e+00 -1.324286389304433e+00 2.489191817992807e+00
3714 2.107686282553755e+00 -1.324286389594582e+00 2.489191818106977e+00
3715 2.107686282588108e+00 -1.324286389561099e+00 2.489191818118252e+00
3716 2.107686282566884e+00 -1.324286389337945e+00 2.489191817981560e+00
3717 2.107686282578335e+00 -1.324286389449505e+00 2.489191818050607e+00
3718 2.107686282576695e+00 -1.324286389449551e+00 2.489191818049243e+00
3719 2.107686282588129e+00 -1.324286389561110e+00 2.489191818118276e+00
3720 2.107686282576670e+00 -1.324286389449555e+00 2.489191818049223e+00
3721 2.107686282578300e+00 -1.324286389449500e+00 2.489191818050576e+00
3722 4.409595151453085e+00 1.349300053888295e+00 4.611414103628247e+00
3723 4.409595151449580e+00 1.349300053878869e+00 4.611414103622138e+00
3724 4.318391809027826e+00 -1.489243545627041e+00 4.567970463397330e+00
3725 4.318391809027803e+00 -1.489243545627031e+00 4.567970463397305e+00
3726 4.318391809030567e+00 -1.489243545726809e+00 4.567970463432448e+00
3727 4.318391809027416e+00 -1.489243545651512e+00 4.567970463404921e+00
3728 4.318391809030537e+00 -1.489243545726804e+00 4.567970463432418e+00
3729 4.318391809027486e+00 -1.489243545651531e+00 4.567970463404992e+00
3730 4.318391809030897e+00 -1.489243545702299e+00 4.567970463424769e+00
3731 4.318391809030918e+00 -1.489243545702322e+00 4.567970463424796e+00
3732 4.318391809030459e+00 1.489243545726786e+00 4.567970463432338e+00
3733 4.318391809027429e+00 1.489243545651522e+00 4.567970463404937e+00
3734 4.473908666817332e+00 1.089684716473321e+00 4.604701026162152e+00
3735 4.473908666746897e+00 1.089684716511572e+00 4.604701026102769e+00
3736 4.473908666845396e+00 1.089684716566841e+00 4.604701026211551e+00
3737 4.473908666757866e+00 1.089684716704590e+00 4.604701026159104e+00
3738 4.318391809027808e+00 1.489243545627028e+00 4.567970463397310e+00
3739 4.473908666817312e+00 1.089684716473323e+00 4.604701026162133e+00
3740 4.473908666729850e+00 1.089684716611181e+00 4.604701026109780e+00
3741 4.473908666746849e+00 1.089684716511576e+00 4.604701026102724e+00
3742 4.473908666845414e+00 1.089684716566879e+00 4.604701026211577e+00
3743 4.473908666757923e+00 1.089684716704621e+00 4.604701026159168e+00
3744 4.318391809033283e+00 1.489243545680936e+00 4.567970463420060e+00
3745 4.318391809030557e+00 1.489243545726814e+00 4.567970463432441e+00
3746 4.473908666828416e+00 1.089684716666371e+00 4.604701026218606e+00
3747 4.318391809030892e+00 1.489243545702327e+00 4.567970463424774e+00
3748 4.318391809033293e+00 1.489243545680943e+00 4.567970463420072e+00
3749 4.318391809027808e+00 1.489243545627040e+00 4.567970463397313e+00
3750 4.318391809024893e+00 1.489243545672862e+00 4.567970463409496e+00
3751 4.318391809030864e+00 1.489243545702325e+00 4.567970463424746e+00
3752 4.473908666729791e+00 1.089684716611132e+00 4.604701026109711e+00
3753 4.318391809033328e+00 -1.489243545680933e+00 4.567970463420102e+00
3754 4.318391809033411e+00 -1.489243545680974e+00 4.567970463420194e+00
3755 4.473908666828466e+00 1.089684716666409e+00 4.604701026218663e+00
3756 4.318391809024913e+00 1.489243545672873e+00 4.567970463409518e+00
3757 4.473908666757840e+00 -1.089684716704585e+00 4.604701026159078e+00
3758 4.473908666729793e+00 -1.089684716611171e+00 4.604701026109722e+00
3759 4.473908666817290e+00 -1.089684716473298e+00 4.604701026162106e+00
3760 4.473908666817352e+00 -1.089684716473323e+00 4.604701026162171e+00
3761 4.473908666729878e+00 -1.089684716611160e+00 4.604701026109802e+00
3762 4.473908666845362e+00 -1.089684716566903e+00 4.604701026211532e+00
3763 4.473908666828375e+00 -1.089684716666383e+00 4.604701026218568e+00
3764 4.473908666845435e+00 -1.089684716566842e+00 4.604701026211588e+00
3765 4.473908666746810e+00 -1.089684716511578e+00 4.604701026102687e+00
3766 4.473908666746940e+00 -1.089684716511640e+00 4.604701026102828e+00
3767 4.473908666828448e+00 -1.089684716666393e+00 4.604701026218644e+00
3768 4.473908666757917e+00 -1.089684716704618e+00 4.604701026159161e+00
3769 4.318391809024922e+00 -1.489243545672872e+00 4.567970463409527e+00
3770 4.318391809024976e+00 -1.489243545672882e+00 4.567970463409581e+00
3771 2.603018084965688e+00 1.741092456154402e+00 3.131629941665555e+00
3772 2.900319163988780e+00 -1.848672327305015e+00 3.439395386800406e+00
3773 2.900319163988768e+00 -1.848672327304965e+00 3.439395386800369e+00
3774 4.349046266795322e+00 -1.339899608333465e+00 4.550772944362145e+00
3775 2.900319163988678e+00 -1.848672327304964e+00 3.439395386800292e+00
3776 4.349046266795498e+00 1.339899608333486e+00 4.550772944362319e+00
3777 4.349046266795246e+00 1.339899608333413e+00 4.550772944362056e+00
3778 3.990398299432022e+00 -1.753737494488987e+00 4.358769756214071e+00
3779 3.990398299412930e+00 -1.753737494574446e+00 4.358769756230978e+00
3780 3.990398299404347e+00 -1.753737494560552e+00 4.358769756217530e+00
3781 2.900319163988756e+00 1.848672327305010e+00 3.439395386800383e+00
3782 2.900319163988738e+00 1.848672327304977e+00 3.439395386800350e+00
3783 2.900319163988688e+00 1.848672327304958e+00 3.439395386800298e+00
3784 4.318391809027413e+00 1.489243545651530e+00 4.567970463404924e+00
3785 2.900319163988731e+00 1.848672327304955e+00 3.439395386800332e+00
3786 2.835403703465422e+00 -1.826439268085767e+00 3.372742884008668e+00
3787 2.835403703463681e+00 -1.826439268005959e+00 3.372742883963985e+00
3788 2.835403703491972e+00 -1.826439267989037e+00 3.372742883978605e+00
3789 2.835403703483886e+00 -1.826439268073699e+00 3.372742884017654e+00
3790 2.835403703471799e+00 -1.826439267921393e+00 3.372742883925015e+00
3791 3.990398299431941e+00 1.753737494488994e+00 4.358769756214000e+00
3792 3.990398299423404e+00 1.753737494475059e+00 4.358769756200578e+00
3793 2.241823636158709e+00 -1.448235128083362e+00 2.668924540307291e+00
3794 2.241823636156439e+00 -1.448235128044662e+00 2.668924540284385e+00
3795 2.241823636154633e+00 -1.448235128095189e+00 2.668924540310286e+00
3796 2.241823636158723e+00 -1.448235128083367e+00 2.668924540307307e+00
3797 2.241823636156448e+00 -1.448235128044691e+00 2.668924540284408e+00
3798 3.990398299412985e+00 1.753737494574477e+00 4.358769756231040e+00
3799 3.990398299431948e+00 1.753737494488960e+00 4.358769756213993e+00
3800 3.990398299423421e+00 1.753737494475076e+00 4.358769756200602e+00
3801 3.990398299412964e+00 1.753737494574462e+00 4.358769756231016e+00
3802 3.990398299404271e+00 1.753737494560560e+00 4.358769756217464e+00
3803 2.241823636154638e+00 -1.448235128095207e+00 2.668924540310300e+00
3804 2.241823636152354e+00 -1.448235128056522e+00 2.668924540287390e+00
3805 2.241823636154634e+00 1.448235128095203e+00 2.668924540310294e+00
3806 2.241823636156442e+00 1.448235128044680e+00 2.668924540284397e+00
3807 2.241823636158746e+00 1.448235128083363e+00 2.668924540307323e+00
3808 2.241823636152351e+00 1.448235128056510e+00 2.668924540287381e+00
3809 2.241823636152327e+00 -1.448235128056512e+00 2.668924540287361e+00
3810 2.107686282578317e+00 1.324286389449479e+00 2.489191818050579e+00
3811 2.107686282601215e+00 1.324286389304437e+00 2.489191817992802e+00
3812 2.107686282588162e+00 1.324286389561091e+00 2.489191818118293e+00
3813 2.835403703490344e+00 -1.826439267909431e+00 3.372742883934128e+00
3814 2.107686282566840e+00 1.324286389337922e+00 2.489191817981510e+00
3815 2.107686282553789e+00 1.324286389594587e+00 2.489191818107009e+00
3816 2.107686282588164e+00 1.324286389561101e+00 2.489191818118300e+00
3817 2.107686282576690e+00 1.324286389449540e+00 2.489191818049233e+00
3818 2.107686282578331e+00 1.324286389449490e+00 2.489191818050595e+00
3819 3.990398299404280e+00 1.753737494560539e+00 4.358769756217463e+00
3820 2.241823636154670e+00 1.448235128095202e+00 2.668924540310323e+00
3821 2.241823636158738e+00 1.448235128083360e+00 2.668924540307315e+00
3822 2.241823636156480e+00 1.448235128044685e+00 2.668924540284432e+00
3823 2.241823636152351e+00 1.448235128056509e+00 2.668924540287380e+00
3824 2.835403703490286e+00 -1.826439267909368e+00 3.372742883934044e+00
3825 2.107686282576717e+00 1.324286389449593e+00 2.489191818049284e+00
3826 2.900319163988792e+00 -1.848672327305016e+00 3.439395386800417e+00
3827 4.349046266795389e+00 -1.339899608333483e+00 4.550772944362214e+00
3828 4.349046266795400e+00 1.339899608333517e+00 4.550772944362234e+00
3829 4.349046266795431e+00 1.339899608333498e+00 4.550772944362258e+00
3830 4.349046266795398e+00 -1.339899608333482e+00 4.550772944362222e+00
3831 1.992992743394140e+00 7.623654868347458e-01 2.133827830622348e+00
3832 1.992992743394110e+00 -7.623654868347468e-01 2.133827830622321e+00
3833 1.992992743394093e+00 -7.623654868347423e-01 2.133827830622304e+00
3834 1.992992743394180e+00 -7.623654868347816e-01 2.133827830622399e+00
3835 1.992992743394102e+00 7.623654868347424e-01 2.133827830622312e+00
3836 2.835403703491939e+00 -1.826439267989034e+00 3.372742883978576e+00
3837 2.965887737616732e+00 -1.842837805550296e+00 3.491781959073436e+00
3838 2.965887737577187e+00 -1.842837805833373e+00 3.491781959189245e+00
3839 2.835403703471873e+00 -1.826439267921426e+00 3.372742883925095e+00
3840 2.835403703463694e+00 -1.826439268006012e+00 3.372742883964025e+00
3841 2.835403703483862e+00 -1.826439268073693e+00 3.372742884017631e+00
3842 2.835403703465369e+00 -1.826439268085650e+00 3.372742884008560e+00
3843 2.965887737625530e+00 -1.842837805798468e+00 3.491781959211886e+00
3844 1.992781515758203e+00 -9.502302723364788e-01 2.207739962045399e+00
3845 1.992781515610765e+00 -9.502302725455143e-01 2.207739962002287e+00
3846 1.992781515610756e+00 -9.502302725455061e-01 2.207739962002275e+00
3847 1.992781515758194e+00 -9.502302723364827e-01 2.207739962045392e+00
3848 1.992781515671548e+00 -9.502302723812968e-01 2.207739961986471e+00
3849 1.992781515681300e+00 -9.502302724510101e-01 2.207739962025279e+00
3850 1.992781515697426e+00 -9.502302725006753e-01 2.207739962061211e+00
3851 2.835403703465443e+00 1.826439268085760e+00 3.372742884008681e+00
3852 2.835403703483970e+00 1.826439268073749e+00 3.372742884017752e+00
3853 2.835403703491997e+00 1.826439267989056e+00 3.372742883978636e+00
3854 2.835403703490319e+00 1.826439267909447e+00 3.372742883934116e+00
3855 1.992781515697432e+00 -9.502302725006908e-01 2.207739962061224e+00
3856 2.835403703465377e+00 1.826439268085662e+00 3.372742884008573e+00
3857 2.835403703471819e+00 1.826439267921400e+00 3.372742883925036e+00
3858 2.835403703483917e+00 1.826439268073717e+00 3.372742884017690e+00
3859 2.835403703491944e+00 1.826439267989018e+00 3.372742883978572e+00
3860 2.835403703490287e+00 1.826439267909360e+00 3.372742883934042e+00
3861 2.835403703471899e+00 1.826439267921412e+00 3.372742883925110e+00
3862 1.992781515671526e+00 -9.502302723813080e-01 2.207739961986456e+00
3863 1.992781515687621e+00 -9.502302724309676e-01 2.207739962022358e+00
3864 1.992781515687671e+00 -9.502302724309712e-01 2.207739962022405e+00
3865 2.835403703463710e+00 1.826439268006000e+00 3.372742883964032e+00
3866 4.260365461541024e+00 -1.470785850560630e+00 4.507097168255974e+00
3867 4.260365461541029e+00 1.470785850560631e+00 4.507097168255979e+00
3868 4.260365461441986e+00 1.470785850899918e+00 4.507097168273076e+00
3869 4.260365461540982e+00 -1.470785850560588e+00 4.507097168255919e+00
3870 4.260365461442005e+00 -1.470785850899901e+00 4.507097168273089e+00
3871 4.260365461441980e+00 -1.470785850899880e+00 4.507097168273059e+00
3872 4.260365461546402e+00 -1.470785850783903e+00 4.507097168333917e+00
3873 4.260365461546411e+00 -1.470785850783917e+00 4.507097168333931e+00
3874 4.260365461436552e+00 -1.470785850676605e+00 4.507097168195067e+00
3875 4.260365461487603e+00 -1.470785850732888e+00 4.507097168261690e+00
3876 4.260365461541016e+00 1.470785850560611e+00 4.507097168255960e+00
3877 4.260365461442072e+00 1.470785850899913e+00 4.507097168273156e+00
3878 4.260365461546389e+00 1.470785850783909e+00 4.507097168333907e+00
3879 4.260365461436551e+00 1.470785850676587e+00 4.507097168195060e+00
3880 4.260365461495420e+00 1.470785850727665e+00 4.507097168267374e+00
3881 4.260365461436638e+00 1.470785850676622e+00 4.507097168195153e+00
3882 4.260365461436572e+00 -1.470785850676568e+00 4.507097168195074e+00
3883 4.375693851800504e+00 -1.160830855998533e+00 4.527054777769208e+00
3884 4.375693851992539e+00 -1.160830856011518e+00 4.527054777958152e+00
3885 4.375693851941457e+00 -1.160830856066903e+00 4.527054777922981e+00
3886 4.375693851800453e+00 -1.160830855998561e+00 4.527054777769167e+00
3887 4.375693851851510e+00 -1.160830855943121e+00 4.527054777804301e+00
3888 4.375693851916598e+00 -1.160830856015044e+00 4.527054777885654e+00
3889 4.260365461546493e+00 1.470785850783942e+00 4.507097168334016e+00
3890 4.375693851992475e+00 -1.160830856011517e+00 4.527054777958091e+00
3891 4.375693851876321e+00 -1.160830855995025e+00 4.527054777841591e+00
3892 4.260365461487661e+00 1.470785850732915e+00 4.507097168261753e+00
3893 2.835403703463746e+00 1.826439268006031e+00 3.372742883964079e+00
3894 4.260365461487620e+00 -1.470785850732861e+00 4.507097168261697e+00
3895 4.260365461495375e+00 -1.470785850727647e+00 4.507097168267326e+00
3896 4.260365461495326e+00 -1.470785850727644e+00 4.507097168267278e+00
3897 4.375693851876443e+00 -1.160830855995036e+00 4.527054777841713e+00
3898 1.992992743394085e+00 -7.623654868347565e-01 2.133827830622302e+00
3899 1.992781515681325e+00 -9.502302724510241e-01 2.207739962025307e+00
3900 4.260365461487571e+00 1.470785850732856e+00 4.507097168261649e+00
3901 4.260365461495355e+00 1.470785850727655e+00 4.507097168267309e+00
3902 1.992781515610750e+00 9.502302725454881e-01 2.207739962002262e+00
3903 1.992781515758185e+00 9.502302723364644e-01 2.207739962045377e+00
3904 1.992781515671584e+00 9.502302723812966e-01 2.207739961986503e+00
3905 1.992781515681289e+00 9.502302724509969e-01 2.207739962025263e+00
3906 1.992781515681313e+00 9.502302724510177e-01 2.207739962025293e+00
3907 1.992781515758142e+00 9.502302723364692e-01 2.207739962045340e+00
3908 1.992781515610719e+00 9.502302725454923e-01 2.207739962002236e+00
3909 1.992781515697417e+00 9.502302725006677e-01 2.207739962061200e+00
3910 1.992781515687666e+00 9.502302724309748e-01 2.207739962022402e+00
3911 1.992781515697396e+00 9.502302725006883e-01 2.207739962061190e+00
3912 4.375693851851501e+00 -1.160830855943147e+00 4.527054777804298e+00
3913 4.375693851941395e+00 -1.160830856066905e+00 4.527054777922920e+00
3914 4.375693851941429e+00 1.160830856066917e+00 4.527054777922957e+00
3915 4.375693851800494e+00 1.160830855998552e+00 4.527054777769203e+00
3916 4.375693851851564e+00 1.160830855943160e+00 4.527054777804362e+00
3917 4.375693851941465e+00 1.160830856066923e+00 4.527054777922992e+00
3918 4.375693851992506e+00 1.160830856011521e+00 4.527054777958121e+00
3919 4.375693851851570e+00 1.160830855943153e+00 4.527054777804366e+00
3920 4.375693851800475e+00 1.160830855998536e+00 4.527054777769180e+00
3921 4.375693851992489e+00 1.160830856011505e+00 4.527054777958100e+00
3922 4.375693851876382e+00 1.160830855995044e+00 4.527054777841656e+00
3923 4.375693851916590e+00 1.160830856015040e+00 4.527054777885645e+00
3924 4.375693851876336e+00 1.160830855995026e+00 4.527054777841606e+00
3925 4.375693851916656e+00 -1.160830856015037e+00 4.527054777885709e+00
3926 1.992781515687649e+00 9.502302724309843e-01 2.207739962022391e+00
3927 2.405993084750182e+00 -1.541257883339357e+00 2.857320175762845e+00
3928 2.405993084779349e+00 -1.541257883518435e+00 2.857320175884000e+00
3929 2.534134292308449e+00 -1.631867526412686e+00 3.014104881256440e+00
3930 2.534134292196111e+00 -1.631867526529305e+00 3.014104881225130e+00
3931 2.534134292266720e+00 -1.631867526486978e+00 3.014104881261579e+00
3932 2.534134292196168e+00 -1.631867526529311e+00 3.014104881225180e+00
3933 2.965887737577178e+00 -1.842837805833376e+00 3.491781959189240e+00
3934 2.534134292308504e+00 -1.631867526412693e+00 3.014104881256491e+00
3935 2.534134292237928e+00 -1.631867526455038e+00 3.014104881220080e+00
3936 2.965887737616725e+00 -1.842837805550281e+00 3.491781959073423e+00
3937 2.858154045473778e+00 -1.798562618723864e+00 3.376961954350237e+00
3938 2.858154045498930e+00 -1.798562618618429e+00 3.376961954315369e+00
3939 2.858154045468412e+00 -1.798562618664227e+00 3.376961954313932e+00
3940 2.858154045443217e+00 -1.798562618769629e+00 3.376961954348744e+00
3941 2.965887737625552e+00 -1.842837805798477e+00 3.491781959211909e+00
3942 2.965887737568409e+00 -1.842837805585210e+00 3.491781959050817e+00
3943 2.534134292237972e+00 -1.631867526455062e+00 3.014104881220129e+00
3944 2.858154045498965e+00 -1.798562618618451e+00 3.376961954315411e+00
3945 2.965887737577201e+00 1.842837805833367e+00 3.491781959189255e+00
3946 2.965887737616725e+00 1.842837805550278e+00 3.491781959073422e+00
3947 2.965887737577223e+00 1.842837805833387e+00 3.491781959189283e+00
3948 2.858154045473779e+00 -1.798562618723879e+00 3.376961954350245e+00
3949 2.858154045443270e+00 -1.798562618769662e+00 3.376961954348807e+00
3950 2.965887737568407e+00 -1.842837805585201e+00 3.491781959050812e+00
3951 2.965887737616677e+00 1.842837805550276e+00 3.491781959073380e+00
3952 2.858154045468341e+00 -1.798562618664213e+00 3.376961954313864e+00
3953 2.965887737568402e+00 1.842837805585204e+00 3.491781959050809e+00
3954 2.965887737625546e+00 1.842837805798470e+00 3.491781959211901e+00
3955 4.375693851916713e+00 1.160830856015061e+00 4.527054777885771e+00
3956 2.965887737568402e+00 1.842837805585190e+00 3.491781959050801e+00
3957 2.965887737625506e+00 1.842837805798464e+00 3.491781959211863e+00
3958 2.965887737597293e+00 -1.842837805692694e+00 3.491781959132078e+00
3959 2.965887737596588e+00 -1.842837805690957e+00 3.491781959130562e+00
3960 2.965887737596647e+00 -1.842837805690985e+00 3.491781959130628e+00
3961 2.965887737596623e+00 1.842837805690976e+00 3.491781959130602e+00
3962 2.965887737597372e+00 1.842837805692723e+00 3.491781959132160e+00
3963 2.965887737596566e+00 1.842837805690951e+00 3.491781959130541e+00
3964 2.349736275566916e+00 -1.500340649844281e+00 2.787881387414149e+00
3965 2.349736275505710e+00 -1.500340649858265e+00 2.787881387370088e+00
3966 2.349736275566893e+00 -1.500340649844273e+00 2.787881387414125e+00
3967 2.349736275538941e+00 -1.500340650119440e+00 2.787881387538652e+00
3968 2.349736275552224e+00 -1.500340649981167e+00 2.787881387475434e+00
3969 2.349736275538915e+00 -1.500340650119430e+00 2.787881387538624e+00
3970 2.349736275600163e+00 -1.500340650105452e+00 2.787881387582724e+00
3971 2.349736275553610e+00 -1.500340649982563e+00 2.787881387477352e+00
3972 2.349736275553658e+00 -1.500340649982564e+00 2.787881387477394e+00
3973 2.965887737597326e+00 -1.842837805692705e+00 3.491781959132112e+00
3974 2.752797622352445e+00 -1.750961186660500e+00 3.262477559588850e+00
3975 2.752797622390300e+00 -1.750961186514192e+00 3.262477559542269e+00
3976 2.349736275552254e+00 -1.500340649981172e+00 2.787881387475461e+00
3977 2.752797622324948e+00 -1.750961186562053e+00 3.262477559512813e+00
3978 2.752797622417824e+00 -1.750961186612660e+00 3.262477559618340e+00
3979 2.349736275505676e+00 -1.500340649858256e+00 2.787881387370054e+00
3980 2.349736275600161e+00 -1.500340650105461e+00 2.787881387582727e+00
3981 2.752797622352399e+00 -1.750961186660525e+00 3.262477559588825e+00
3982 2.752797622390259e+00 -1.750961186514206e+00 3.262477559542242e+00
3983 2.752797622417809e+00 -1.750961186612658e+00 3.262477559618326e+00
3984 2.752797622324931e+00 -1.750961186562075e+00 3.262477559512810e+00
3985 2.965887737597309e+00 1.842837805692674e+00 3.491781959132080e+00
3986 1.992781515671516e+00 9.502302723812993e-01 2.207739961986444e+00
3987 4.281446014416334e+00 -1.264680760436241e+00 4.464324965790361e+00
3988 4.281446014512491e+00 -1.264680760185661e+00 4.464324965811593e+00
3989 4.281446014474381e+00 -1.264680760306955e+00 4.464324965809404e+00
3990 4.281446014454453e+00 -1.264680760314989e+00 4.464324965792568e+00
3991 4.336434459106441e+00 1.051865698876085e+00 4.462183912233767e+00
3992 4.336434459179482e+00 1.051865698761101e+00 4.462183912277644e+00
3993 4.336434459106478e+00 1.051865698876093e+00 4.462183912233805e+00
3994 4.336434459179538e+00 1.051865698761120e+00 4.462183912277703e+00
3995 4.336434459125392e+00 1.051865699002778e+00 4.462183912282049e+00
3996 4.336434459198419e+00 1.051865698887777e+00 4.462183912325909e+00
3997 4.336434459125422e+00 1.051865699002797e+00 4.462183912282082e+00
3998 4.336434459198522e+00 1.051865698887810e+00 4.462183912326018e+00
3999 2.534134292266748e+00 -1.631867526486987e+00 3.014104881261607e+00
4000 2.858154045499000e+00 1.798562618618454e+00 3.376961954315442e+00
4001 2.858154045443269e+00 1.798562618769659e+00 3.376961954348804e+00
4002 2.858154045443279e+00 1.798562618769676e+00 3.376961954348823e+00
4003 2.858154045468372e+00 1.798562618664223e+00 3.376961954313896e+00
4004 2.858154045498976e+00 1.798562618618465e+00 3.376961954315427e+00
4005 2.858154045468455e+00 1.798562618664269e+00 3.376961954313990e+00
4006 2.858154045473793e+00 1.798562618723870e+00 3.376961954350251e+00
4007 4.336434459125361e+00 -1.051865699002781e+00 4.462183912282020e+00
4008 4.336434459179489e+00 -1.051865698761111e+00 4.462183912277654e+00
4009 4.336434459179505e+00 -1.051865698761111e+00 4.462183912277669e+00
4010 4.336434459198493e+00 -1.051865698887805e+00 4.462183912325988e+00
4011 3.884271433339279e+00 -1.755675869683759e+00 4.262623878228691e+00
4012 3.884271433391929e+00 -1.755675869696993e+00 4.262623878282119e+00
4013 3.884271433424968e+00 -1.755675869602378e+00 4.262623878273255e+00
4014 3.884271433386514e+00 -1.755675869638331e+00 4.262623878253022e+00
4015 3.884271433372299e+00 -1.755675869589150e+00 4.262623878219812e+00
4016 4.336434459125384e+00 -1.051865699002817e+00 4.462183912282050e+00
4017 4.336434459198418e+00 -1.051865698887810e+00 4.462183912325916e+00
4018 2.858154045473831e+00 1.798562618723889e+00 3.376961954350294e+00
4019 4.336434459106507e+00 -1.051865698876126e+00 4.462183912233842e+00
4020 3.884271433372272e+00 -1.755675869589147e+00 4.262623878219786e+00
4021 4.336434459106442e+00 -1.051865698876100e+00 4.462183912233772e+00
4022 2.534134292196153e+00 1.631867526529321e+00 3.014104881225174e+00
4023 2.534134292266762e+00 1.631867526486993e+00 3.014104881261622e+00
4024 2.534134292237956e+00 1.631867526455061e+00 3.014104881220115e+00
4025 2.534134292196111e+00 1.631867526529316e+00 3.014104881225137e+00
4026 2.534134292308491e+00 1.631867526412702e+00 3.014104881256484e+00
4027 2.534134292308484e+00 1.631867526412712e+00 3.014104881256484e+00
4028 2.405993084788910e+00 -1.541257883298979e+00 2.857320175773675e+00
4029 2.405993084740545e+00 -1.541257883558789e+00 2.857320175873093e+00
4030 2.405993084779340e+00 -1.541257883518441e+00 2.857320175883996e+00
4031 2.405993084750156e+00 -1.541257883339326e+00 2.857320175762805e+00
4032 2.405993084788933e+00 -1.541257883298982e+00 2.857320175773696e+00
4033 2.405993084740586e+00 -1.541257883558807e+00 2.857320175873137e+00
4034 2.405993084764323e+00 -1.541257883429864e+00 2.857320175823571e+00
4035 2.405993084765199e+00 -1.541257883427912e+00 2.857320175823257e+00
4036 1.992992743394179e+00 7.623654868347677e-01 2.133827830622393e+00
4037 1.992992743394094e+00 7.623654868347436e-01 2.133827830622305e+00
4038 4.118340915966190e+00 -1.540775809573723e+00 4.397126561231642e+00
4039 2.752797622390314e+00 1.750961186514212e+00 3.262477559542291e+00
4040 2.752797622417841e+00 1.750961186612680e+00 3.262477559618365e+00
4041 2.752797622324960e+00 1.750961186562087e+00 3.262477559512841e+00
4042 2.752797622352464e+00 1.750961186660535e+00 3.262477559588885e+00
4043 2.534134292266691e+00 1.631867526486951e+00 3.014104881261540e+00
4044 2.534134292237904e+00 1.631867526455008e+00 3.014104881220044e+00
4045 4.118340915966151e+00 -1.540775809573685e+00 4.397126561231591e+00
4046 2.752797622352424e+00 1.750961186660505e+00 3.262477559588835e+00
4047 2.691550394804113e+00 -1.693733538341255e+00 3.180122140212882e+00
4048 2.691550394779914e+00 -1.693733538374537e+00 3.180122140210127e+00
4049 4.118340915966082e+00 -1.540775809573647e+00 4.397126561231514e+00
4050 3.313430865687317e+00 -1.839201751438029e+00 3.789655285666774e+00
4051 3.313430865687238e+00 -1.839201751438013e+00 3.789655285666697e+00
4052 4.281446014512464e+00 -1.264680760185635e+00 4.464324965811559e+00
4053 4.281446014416314e+00 -1.264680760436223e+00 4.464324965790335e+00
4054 4.281446014454461e+00 -1.264680760314954e+00 4.464324965792566e+00
4055 4.281446014474377e+00 -1.264680760306933e+00 4.464324965809395e+00
4056 2.045116858076994e+00 -8.310673743263695e-01 2.207527110560693e+00
4057 2.045116858080643e+00 -8.310673743246887e-01 2.207527110563440e+00
4058 2.045116858070865e+00 -8.310673741690953e-01 2.207527110495806e+00
4059 2.045116858067212e+00 -8.310673741707761e-01 2.207527110493054e+00
4060 2.405993084764317e+00 -1.541257883429871e+00 2.857320175823570e+00
4061 2.405993084765168e+00 -1.541257883427885e+00 2.857320175823216e+00
4062 4.281446014416328e+00 1.264680760436236e+00 4.464324965790352e+00
4063 4.281446014512483e+00 1.264680760185655e+00 4.464324965811583e+00
4064 4.281446014416352e+00 1.264680760436259e+00 4.464324965790382e+00
4065 4.281446014474346e+00 1.264680760306927e+00 4.464324965809363e+00
4066 4.281446014512517e+00 1.264680760185677e+00 4.464324965811621e+00
4067 4.281446014454424e+00 1.264680760314959e+00 4.464324965792533e+00
4068 3.884271433339191e+00 -1.755675869683725e+00 4.262623878228595e+00
4069 3.884271433391876e+00 -1.755675869696931e+00 4.262623878282043e+00
4070 3.884271433424962e+00 -1.755675869602364e+00 4.262623878273243e+00
4071 3.884271433377761e+00 -1.755675869647774e+00 4.262623878248935e+00
4072 3.884271433391916e+00 1.755675869696985e+00 4.262623878282103e+00
4073 3.884271433424921e+00 1.755675869602367e+00 4.262623878273207e+00
4074 3.884271433391916e+00 1.755675869696971e+00 4.262623878282096e+00
4075 3.884271433424957e+00 1.755675869602381e+00 4.262623878273246e+00
4076 3.884271433372261e+00 1.755675869589160e+00 4.262623878219782e+00
4077 3.884271433339252e+00 1.755675869683741e+00 4.262623878228658e+00
4078 3.884271433339241e+00 1.755675869683728e+00 4.262623878228642e+00
4079 4.281446014454414e+00 1.264680760314947e+00 4.464324965792519e+00
4080 3.884271433386498e+00 -1.755675869638333e+00 4.262623878253009e+00
4081 3.884271433377650e+00 1.755675869647740e+00 4.262623878248820e+00
4082 3.884271433377662e+00 1.755675869647739e+00 4.262623878248830e+00
4083 2.691550394779913e+00 -1.693733538374528e+00 3.180122140210122e+00
4084 4.309101601353241e+00 9.881575202294022e-01 4.420951469488326e+00
4085 4.118340915966260e+00 1.540775809573727e+00 4.397126561231708e+00
4086 4.118340915966122e+00 1.540775809573694e+00 4.397126561231567e+00
4087 2.752797622324926e+00 1.750961186562044e+00 3.262477559512790e+00
4088 2.752797622390281e+00 1.750961186514195e+00 3.262477559542253e+00
4089 2.752797622417812e+00 1.750961186612655e+00 3.262477559618327e+00
4090 4.281446014474406e+00 1.264680760306943e+00 4.464324965809426e+00
4091 4.118340915966193e+00 -1.540775809573695e+00 4.397126561231635e+00
4092 2.045116858070853e+00 -8.310673741690895e-01 2.207527110495793e+00
4093 2.045116858067194e+00 -8.310673741707794e-01 2.207527110493039e+00
4094 2.045116858080661e+00 -8.310673743246844e-01 2.207527110563456e+00
4095 2.045116858076985e+00 -8.310673743263689e-01 2.207527110560684e+00
4096 3.884271433372290e+00 1.755675869589170e+00 4.262623878219812e+00
4097 3.884271433386400e+00 1.755675869638293e+00 4.262623878252902e+00
4098 3.884271433386432e+00 1.755675869638312e+00 4.262623878252940e+00
4099 3.884271433377615e+00 -1.755675869647758e+00 4.262623878248795e+00
4100 2.035758481744884e+00 -7.894812409581975e-01 2.183481904166172e+00
4101 2.035758481712702e+00 -7.894812409639083e-01 2.183481904138232e+00
4102 2.035758481719732e+00 -7.894812411807557e-01 2.183481904223192e+00
4103 2.349736275600165e+00 1.500340650105455e+00 2.787881387582727e+00
4104 2.349736275538973e+00 1.500340650119444e+00 2.787881387538681e+00
4105 2.349736275505741e+00 1.500340649858268e+00 2.787881387370116e+00
4106 2.349736275566954e+00 1.500340649844291e+00 2.787881387414186e+00
4107 2.349736275566920e+00 1.500340649844262e+00 2.787881387414143e+00
4108 2.349736275538965e+00 1.500340650119436e+00 2.787881387538671e+00
4109 2.349736275552262e+00 1.500340649981208e+00 2.787881387475488e+00
4110 2.349736275553659e+00 1.500340649982582e+00 2.787881387477405e+00
4111 2.035758481720367e+00 -7.894812413985752e-01 2.183481904302541e+00
4112 2.035758481688169e+00 -7.894812414042931e-01 2.183481904274589e+00
4113 2.035758481713427e+00 -7.894812411817703e-01 2.183481904217680e+00
4114 2.349736275505686e+00 1.500340649858249e+00 2.787881387370059e+00
4115 2.035758481713416e+00 -7.894812411817549e-01 2.183481904217664e+00
4116 2.349736275600183e+00 1.500340650105448e+00 2.787881387582739e+00
4117 2.035758481719705e+00 -7.894812411807453e-01 2.183481904223163e+00
4118 2.349736275552213e+00 1.500340649981146e+00 2.787881387475413e+00
4119 2.035758481720417e+00 -7.894812413985899e-01 2.183481904302592e+00
4120 2.035758481688189e+00 -7.894812414043020e-01 2.183481904274610e+00
4121 2.349736275553668e+00 1.500340649982599e+00 2.787881387477421e+00
4122 2.405993084750109e+00 1.541257883339310e+00 2.857320175762757e+00
4123 2.405993084788896e+00 1.541257883298968e+00 2.857320175773657e+00
4124 2.405993084740536e+00 1.541257883558784e+00 2.857320175873082e+00
4125 4.270617246074432e+00 -1.313666849492688e+00 4.468097162542954e+00
4126 4.270617246104674e+00 -1.313666849553838e+00 4.468097162589840e+00
4127 4.270617245982656e+00 -1.313666849629724e+00 4.468097162495526e+00
4128 4.270617246012999e+00 -1.313666849690655e+00 4.468097162542442e+00
4129 4.270617246077253e+00 -1.313666849662270e+00 4.468097162595511e+00
4130 4.270617246074422e+00 -1.313666849492706e+00 4.468097162542951e+00
4131 4.270617246104695e+00 -1.313666849553752e+00 4.468097162589835e+00
4132 4.270617245982732e+00 -1.313666849629654e+00 4.468097162495577e+00
4133 4.270617246012955e+00 -1.313666849690727e+00 4.468097162542422e+00
4134 4.270617246077222e+00 -1.313666849662285e+00 4.468097162595485e+00
4135 4.270617246010295e+00 -1.313666849521163e+00 4.468097162490026e+00
4136 2.405993084750099e+00 1.541257883339304e+00 2.857320175762746e+00
4137 2.405993084788938e+00 1.541257883298988e+00 2.857320175773703e+00
4138 4.309101601394891e+00 -9.881575199986257e-01 4.420951469477340e+00
4139 4.309101601311718e+00 -9.881575204591593e-01 4.420951469499208e+00
4140 2.405993084740540e+00 1.541257883558773e+00 2.857320175873080e+00
4141 2.405993084764321e+00 1.541257883429881e+00 2.857320175823579e+00
4142 2.405993084765198e+00 1.541257883427915e+00 2.857320175823258e+00
4143 2.405993084779301e+00 1.541257883518432e+00 2.857320175883958e+00
4144 4.309101601394953e+00 -9.881575199986501e-01 4.420951469477406e+00
4145 4.309101601361376e+00 -9.881575200282648e-01 4.420951469451297e+00
4146 4.309101601311647e+00 -9.881575204591503e-01 4.420951469499136e+00
4147 2.405993084779280e+00 1.541257883518408e+00 2.857320175883928e+00
4148 4.270617246010226e+00 -1.313666849521149e+00 4.468097162489955e+00
4149 4.309101601345122e+00 -9.881575204294980e-01 4.420951469525137e+00
4150 4.309101601361380e+00 -9.881575200282726e-01 4.420951469451303e+00
4151 4.309101601345195e+00 -9.881575204295044e-01 4.420951469525209e+00
4152 4.309101601353281e+00 -9.881575202294185e-01 4.420951469488369e+00
4153 4.309101601353292e+00 -9.881575202283754e-01 4.420951469488146e+00
4154 2.405993084764228e+00 1.541257883429817e+00 2.857320175823466e+00
4155 2.405993084765134e+00 1.541257883427885e+00 2.857320175823187e+00
4156 4.270617246012927e+00 1.313666849690668e+00 4.468097162542377e+00
4157 4.270617246074388e+00 1.313666849492714e+00 4.468097162542922e+00
4158 4.270617246012963e+00 1.313666849690681e+00 4.468097162542415e+00
4159 4.270617245982620e+00 1.313666849629658e+00 4.468097162495472e+00
4160 4.270617246074425e+00 1.313666849492742e+00 4.468097162542965e+00
4161 4.270617245982691e+00 1.313666849629659e+00 4.468097162495540e+00
4162 4.270617246010176e+00 1.313666849521129e+00 4.468097162489902e+00
4163 4.270617246104640e+00 1.313666849553745e+00 4.468097162589780e+00
4164 3.975224051342431e+00 -1.681906333791217e+00 4.316389136074080e+00
4165 3.975224051369998e+00 -1.681906333542225e+00 4.316389136002447e+00
4166 3.975224051358068e+00 -1.681906333655856e+00 4.316389136035736e+00
4167 3.975224051342400e+00 -1.681906333791215e+00 4.316389136074051e+00
4168 3.975224051354341e+00 -1.681906333677566e+00 4.316389136040764e+00
4169 3.975224051354409e+00 -1.681906333677580e+00 4.316389136040832e+00
4170 3.975224051353262e+00 -1.681906333616386e+00 4.316389136015930e+00
4171 3.975224051353257e+00 -1.681906333616368e+00 4.316389136015919e+00
4172 3.975224051359188e+00 -1.681906333717098e+00 4.316389136060632e+00
4173 3.975224051359160e+00 -1.681906333717078e+00 4.316389136060598e+00
4174 3.975224051358099e+00 -1.681906333655873e+00 4.316389136035772e+00
4175 3.975224051369979e+00 -1.681906333542235e+00 4.316389136002433e+00
4176 4.270617246010143e+00 1.313666849521118e+00 4.468097162489868e+00
4177 4.270617246077148e+00 1.313666849662258e+00 4.468097162595406e+00
4178 4.270617246104654e+00 1.313666849553803e+00 4.468097162589810e+00
4179 4.270617246077144e+00 1.313666849662254e+00 4.468097162595402e+00
4180 3.313430865687309e+00 -1.839201751438023e+00 3.789655285666763e+00
4181 3.313430865687245e+00 1.839201751438031e+00 3.789655285666712e+00
4182 3.313430865687300e+00 1.839201751438057e+00 3.789655285666773e+00
4183 3.313430865687269e+00 1.839201751438043e+00 3.789655285666739e+00
4184 2.035758481744925e+00 -7.894812409582134e-01 2.183481904166216e+00
4185 2.035758481712701e+00 -7.894812409639106e-01 2.183481904138231e+00
4186 2.376230262538768e+00 -1.476456508996869e+00 2.797569317025815e+00
4187 2.376230262538758e+00 -1.476456508996876e+00 2.797569317025810e+00
4188 2.376230262541525e+00 -1.476456508960121e+00 2.797569317008762e+00
4189 2.376230262519730e+00 -1.476456508925617e+00 2.797569316972040e+00
4190 2.376230262541544e+00 -1.476456508960139e+00 2.797569317008788e+00
4191 2.376230262519741e+00 -1.476456508925627e+00 2.797569316972055e+00
4192 2.376230262522563e+00 -1.476456508888905e+00 2.797569316955071e+00
4193 2.376230262522548e+00 -1.476456508888903e+00 2.797569316955057e+00
4194 2.376230262530630e+00 -1.476456508942900e+00 2.797569316990419e+00
4195 2.376230262530671e+00 -1.476456508942912e+00 2.797569316990460e+00
4196 4.309101601394936e+00 9.881575199986194e-01 4.420951469477382e+00
4197 4.309101601353249e+00 9.881575202283575e-01 4.420951469488100e+00
4198 4.309101601361411e+00 9.881575200282681e-01 4.420951469451333e+00
4199 4.309101601345171e+00 9.881575204294957e-01 4.420951469525184e+00
4200 4.309101601311669e+00 9.881575204591369e-01 4.420951469499155e+00
4201 4.309101601311640e+00 9.881575204591512e-01 4.420951469499130e+00
4202 4.309101601345215e+00 9.881575204295239e-01 4.420951469525233e+00
4203 4.309101601353270e+00 9.881575202294187e-01 4.420951469488358e+00
4204 4.309101601394926e+00 9.881575199986270e-01 4.420951469477375e+00
4205 4.309101601353333e+00 -9.881575202294250e-01 4.420951469488421e+00
4206 4.309101601361454e+00 9.881575200282906e-01 4.420951469451379e+00
4207 4.309101601353301e+00 9.881575202283798e-01 4.420951469488156e+00
4208 4.309101601353356e+00 -9.881575202283894e-01 4.420951469488211e+00
4209 2.691550394804188e+00 -1.693733538341281e+00 3.180122140212960e+00
4210 3.313430865687217e+00 -1.839201751438002e+00 3.789655285666674e+00
4211 3.313430865687221e+00 1.839201751438025e+00 3.789655285666688e+00
4212 4.118340915966223e+00 1.540775809573739e+00 4.397126561231677e+00
4213 2.691550394779961e+00 1.693733538374568e+00 3.180122140210183e+00
4214 2.691550394804163e+00 1.693733538341281e+00 3.180122140212939e+00
4215 2.691550394804143e+00 1.693733538341264e+00 3.180122140212912e+00
4216 4.118340915966161e+00 1.540775809573732e+00 4.397126561231618e+00
4217 2.691550394780012e+00 1.693733538374596e+00 3.180122140210242e+00
4218 2.097968455749263e+00 -9.429864388166044e-01 2.300151096148027e+00
4219 4.212259946245468e+00 -9.007251593637697e-01 4.307486467472041e+00
4220 4.212259946245466e+00 -9.007251593637546e-01 4.307486467472035e+00
4221 4.212259946270658e+00 -9.007251593430841e-01 4.307486467492348e+00
4222 2.097968455749329e+00 -9.429864388166037e-01 2.300151096148086e+00
4223 4.212259946270694e+00 -9.007251593430801e-01 4.307486467492383e+00
4224 4.062305291772450e+00 -1.565182480808695e+00 4.353403321746437e+00
4225 4.062305291772496e+00 -1.565182480808712e+00 4.353403321746486e+00
4226 2.097968455749336e+00 -9.429864388165959e-01 2.300151096148090e+00
4227 4.212259946245473e+00 9.007251593637764e-01 4.307486467472048e+00
4228 4.212259946270643e+00 9.007251593430944e-01 4.307486467492335e+00
4229 4.212259946270708e+00 9.007251593430974e-01 4.307486467492399e+00
4230 4.212259946245515e+00 9.007251593637876e-01 4.307486467472091e+00
4231 2.097968455749390e+00 -9.429864388166256e-01 2.300151096148151e+00
4232 2.045116858070852e+00 8.310673741691006e-01 2.207527110495795e+00
4233 2.045116858067182e+00 8.310673741707738e-01 2.207527110493026e+00
4234 2.045116858076981e+00 8.310673743263646e-01 2.207527110560679e+00
4235 2.045116858067211e+00 8.310673741707826e-01 2.207527110493056e+00
4236 2.045116858070871e+00 8.310673741691053e-01 2.207527110495815e+00
4237 2.045116858077000e+00 8.310673743263810e-01 2.207527110560703e+00
4238 2.045116858080643e+00 8.310673743246964e-01 2.207527110563444e+00
4239 3.950977929972743e+00 -1.662142715003230e+00 4.286367344053705e+00
4240 3.950977929974560e+00 -1.662142715068023e+00 4.286367344080504e+00
4241 3.950977929980362e+00 -1.662142715056703e+00 4.286367344081464e+00
4242 2.045116858080660e+00 8.310673743247018e-01 2.207527110563461e+00
4243 3.950977929966956e+00 -1.662142715014535e+00 4.286367344052755e+00
4244 3.975224051342403e+00 1.681906333791213e+00 4.316389136074053e+00
4245 3.975224051359205e+00 1.681906333717091e+00 4.316389136060645e+00
4246 3.975224051370010e+00 1.681906333542238e+00 4.316389136002464e+00
4247 3.975224051370025e+00 1.681906333542239e+00 4.316389136002478e+00
4248 3.975224051353298e+00 1.681906333616383e+00 4.316389136015963e+00
4249 3.975224051358123e+00 1.681906333655901e+00 4.316389136035805e+00
4250 3.975224051353210e+00 1.681906333616379e+00 4.316389136015880e+00
4251 3.975224051358083e+00 1.681906333655880e+00 4.316389136035760e+00
4252 3.975224051354351e+00 1.681906333677589e+00 4.316389136040782e+00
4253 3.975224051342409e+00 1.681906333791204e+00 4.316389136074055e+00
4254 3.975224051359147e+00 1.681906333717092e+00 4.316389136060591e+00
4255 2.376230262530616e+00 -1.476456508942879e+00 2.797569316990397e+00
4256 2.810130770032517e+00 -1.718973116485484e+00 3.294192392663695e+00
4257 2.376230262530639e+00 -1.476456508942886e+00 2.797569316990419e+00
4258 2.810130770032508e+00 -1.718973116485476e+00 3.294192392663684e+00
4259 4.062305291772499e+00 1.565182480808706e+00 4.353403321746486e+00
4260 4.062305291772384e+00 -1.565182480808689e+00 4.353403321746374e+00
4261 2.810130770032480e+00 -1.718973116485415e+00 3.294192392663628e+00
4262 4.062305291772478e+00 1.565182480808731e+00 4.353403321746477e+00
4263 4.062305291772472e+00 1.565182480808677e+00 4.353403321746451e+00
4264 4.062305291772462e+00 -1.565182480808700e+00 4.353403321746450e+00
4265 2.810130770032501e+00 -1.718973116485501e+00 3.294192392663691e+00
4266 3.975224051354414e+00 1.681906333677590e+00 4.316389136040840e+00
4267 4.110341225328260e+00 -1.415177252905117e+00 4.347140628709071e+00
4268 4.110341225340227e+00 -1.415177252888761e+00 4.347140628715062e+00
4269 4.062305291772383e+00 1.565182480808665e+00 4.353403321746364e+00
4270 3.854940098463110e+00 -1.697432660622814e+00 4.212106456404896e+00
4271 4.110341225340295e+00 -1.415177252888776e+00 4.347140628715130e+00
4272 4.110341225328362e+00 -1.415177252905139e+00 4.347140628709175e+00
4273 3.854940098462163e+00 -1.697432660625804e+00 4.212106456405235e+00
4274 2.376230262538761e+00 1.476456508996865e+00 2.797569317025807e+00
4275 3.950977929974584e+00 -1.662142715068033e+00 4.286367344080531e+00
4276 3.950977929972795e+00 -1.662142715003242e+00 4.286367344053757e+00
4277 3.950977929966987e+00 -1.662142715014555e+00 4.286367344052791e+00
4278 3.950977929980358e+00 -1.662142715056717e+00 4.286367344081466e+00
4279 3.854940098463032e+00 -1.697432660622822e+00 4.212106456404829e+00
4280 3.854940098462158e+00 -1.697432660625845e+00 4.212106456405247e+00
4281 3.898473924987767e+00 -1.672809758054078e+00 4.242215391803023e+00
4282 2.376230262541537e+00 1.476456508960123e+00 2.797569317008773e+00
4283 2.376230262522578e+00 1.476456508888923e+00 2.797569316955093e+00
4284 2.376230262519748e+00 1.476456508925616e+00 2.797569316972055e+00
4285 2.376230262522534e+00 1.476456508888908e+00 2.797569316955048e+00
4286 2.376230262519761e+00 1.476456508925639e+00 2.797569316972078e+00
4287 3.898473924987788e+00 -1.672809758054064e+00 4.242215391803036e+00
4288 3.709470314518576e+00 -1.740411092259702e+00 4.097462725194111e+00
4289 2.035758481712716e+00 7.894812409639291e-01 2.183481904138252e+00
4290 2.035758481744923e+00 7.894812409582046e-01 2.183481904166211e+00
4291 4.061096214508085e+00 -1.502774401437482e+00 4.330223246566820e+00
4292 4.061096214480352e+00 -1.502774401433841e+00 4.330223246539545e+00
4293 4.061096214515843e+00 -1.502774401387379e+00 4.330223246556707e+00
4294 2.376230262541545e+00 1.476456508960148e+00 2.797569317008794e+00
4295 2.035758481712718e+00 7.894812409639170e-01 2.183481904138250e+00
4296 2.035758481744888e+00 7.894812409581980e-01 2.183481904166176e+00
4297 2.035758481688246e+00 7.894812414043183e-01 2.183481904274669e+00
4298 2.035758481720411e+00 7.894812413986060e-01 2.183481904302592e+00
4299 2.035758481688222e+00 7.894812414043173e-01 2.183481904274647e+00
4300 3.898473924987818e+00 -1.672809758054088e+00 4.242215391803073e+00
4301 3.868913953508619e+00 -1.691683646040900e+00 4.222592655932599e+00
4302 3.868913953500370e+00 -1.691683645990229e+00 4.222592655904742e+00
4303 3.898473924987888e+00 -1.672809758054108e+00 4.242215391803145e+00
4304 3.709470314518514e+00 -1.740411092259716e+00 4.097462725194061e+00
4305 2.035758481720412e+00 7.894812413985967e-01 2.183481904302590e+00
4306 2.035758481719713e+00 7.894812411807521e-01 2.183481904223173e+00
4307 2.035758481713418e+00 7.894812411817655e-01 2.183481904217670e+00
4308 2.184155034917648e+00 -1.169442081148322e+00 2.477524570557602e+00
4309 3.868913953508565e+00 -1.691683646040868e+00 4.222592655932537e+00
4310 3.868913953511742e+00 -1.691683645976159e+00 4.222592655909525e+00
4311 3.868913953500329e+00 -1.691683645990196e+00 4.222592655904691e+00
4312 2.184155035054557e+00 -1.169442080944718e+00 2.477524570582194e+00
4313 3.868913953519999e+00 -1.691683646026831e+00 4.222592655937389e+00
4314 3.868913953511718e+00 -1.691683645976138e+00 4.222592655909494e+00
4315 3.994424760772277e+00 -1.635544432941509e+00 4.316298734054054e+00
4316 3.994424760776890e+00 -1.635544432951584e+00 4.316298734062141e+00
4317 3.994424760771371e+00 -1.635544432917280e+00 4.316298734044034e+00
4318 3.994424760766796e+00 -1.635544432907284e+00 4.316298734036013e+00
4319 3.994424760776883e+00 -1.635544432951558e+00 4.316298734062124e+00
4320 3.994424760771409e+00 -1.635544432917299e+00 4.316298734044076e+00
4321 3.868913953519948e+00 -1.691683646026794e+00 4.222592655937329e+00
4322 2.184155034917630e+00 -1.169442081148298e+00 2.477524570557575e+00
4323 2.184155035054545e+00 -1.169442080944705e+00 2.477524570582177e+00
4324 2.184155034946151e+00 -1.169442081021954e+00 2.477524570523082e+00
4325 2.184155035026066e+00 -1.169442081071068e+00 2.477524570616716e+00
4326 3.994424760766817e+00 -1.635544432907267e+00 4.316298734036025e+00
4327 3.815140467963791e+00 -1.690209869152477e+00 4.172781589308912e+00
4328 3.994424760772354e+00 -1.635544432941559e+00 4.316298734054144e+00
4329 3.994424760771902e+00 -1.635544432929511e+00 4.316298734049160e+00
4330 3.815140467963673e+00 -1.690209869152410e+00 4.172781589308777e+00
4331 3.727177031901750e+00 -1.727585279732099e+00 4.108089522622769e+00
4332 3.727177031901767e+00 -1.727585279732121e+00 4.108089522622794e+00
4333 3.727177031899553e+00 -1.727585279727492e+00 4.108089522618839e+00
4334 3.994424760771914e+00 -1.635544432929386e+00 4.316298734049124e+00
4335 3.994424760771877e+00 -1.635544432929511e+00 4.316298734049137e+00
4336 3.994424760771912e+00 -1.635544432929370e+00 4.316298734049115e+00
4337 2.184155034946150e+00 -1.169442081021967e+00 2.477524570523088e+00
4338 3.815140467963695e+00 -1.690209869152440e+00 4.172781589308808e+00
4339 2.184155035026004e+00 -1.169442081071052e+00 2.477524570616654e+00
4340 3.815140467963628e+00 -1.690209869152439e+00 4.172781589308747e+00
4341 3.727273366602497e+00 -1.737681301014228e+00 4.112432741489982e+00
4342 3.727273366614207e+00 -1.737681300939932e+00 4.112432741469203e+00
4343 3.727273366614251e+00 -1.737681300929913e+00 4.112432741465009e+00
4344 3.727273366602503e+00 -1.737681301024245e+00 4.112432741494221e+00
4345 3.727273366602515e+00 -1.737681301014242e+00 4.112432741490005e+00
4346 3.727177031899579e+00 -1.727585279727518e+00 4.108089522618873e+00
4347 3.727273366602541e+00 -1.737681301024273e+00 4.112432741494267e+00
4348 3.727273366614228e+00 -1.737681300939941e+00 4.112432741469226e+00
4349 3.727273366614262e+00 -1.737681300929948e+00 4.112432741465033e+00
4350 2.035758481719644e+00 7.894812411807368e-01 2.183481904223102e+00
4351 2.810130770032519e+00 1.718973116485472e+00 3.294192392663691e+00
4352 3.898473924987843e+00 1.672809758054095e+00 4.242215391803098e+00
4353 2.097968455749303e+00 9.429864388165971e-01 2.300151096148060e+00
4354 2.097968455749326e+00 9.429864388166052e-01 2.300151096148084e+00
4355 4.110341225328375e+00 1.415177252905128e+00 4.347140628709182e+00
4356 4.110341225340361e+00 1.415177252888776e+00 4.347140628715192e+00
4357 2.097968455749402e+00 9.429864388166120e-01 2.300151096148157e+00
4358 3.854940098463098e+00 1.697432660622844e+00 4.212106456404897e+00
4359 3.854940098462146e+00 1.697432660625832e+00 4.212106456405231e+00
4360 2.376230262538743e+00 1.476456508996880e+00 2.797569317025800e+00
4361 4.110341225328245e+00 1.415177252905126e+00 4.347140628709059e+00
4362 4.110341225340227e+00 1.415177252888763e+00 4.347140628715062e+00
4363 2.097968455749306e+00 9.429864388166190e-01 2.300151096148072e+00
4364 3.854940098463153e+00 1.697432660622862e+00 4.212106456404956e+00
4365 3.854940098462197e+00 1.697432660625833e+00 4.212106456405277e+00
4366 3.709470314518532e+00 -1.740411092259702e+00 4.097462725194071e+00
4367 2.184155034978098e+00 -1.169442081055641e+00 2.477524570567147e+00
4368 3.709470314518538e+00 -1.740411092259702e+00 4.097462725194077e+00
4369 2.184155034994139e+00 -1.169442081037408e+00 2.477524570572682e+00
4370 3.838505740336095e+00 -1.705189806145635e+00 4.200214112825219e+00
4371 3.950977929972774e+00 1.662142715003228e+00 4.286367344053732e+00
4372 3.950977929967019e+00 1.662142715014564e+00 4.286367344052824e+00
4373 3.950977929980414e+00 1.662142715056725e+00 4.286367344081520e+00
4374 3.950977929974592e+00 1.662142715068046e+00 4.286367344080542e+00
4375 3.950977929974607e+00 1.662142715068042e+00 4.286367344080555e+00
4376 3.926743735609312e+00 -1.662197639765767e+00 4.264061134504272e+00
4377 3.926743735581091e+00 -1.662197639805356e+00 4.264061134493716e+00
4378 3.926743735562007e+00 -1.662197639878054e+00 4.264061134504481e+00
4379 2.184155034994148e+00 -1.169442081037403e+00 2.477524570572687e+00
4380 3.838505740257440e+00 -1.705189806382974e+00 4.200214112849690e+00
4381 3.950977929972762e+00 1.662142715003245e+00 4.286367344053728e+00
4382 3.950977929966979e+00 1.662142715014562e+00 4.286367344052787e+00
4383 3.950977929980305e+00 1.662142715056694e+00 4.286367344081406e+00
4384 3.926743735590216e+00 -1.662197639838448e+00 4.264061134515019e+00
4385 3.838505740257329e+00 -1.705189806382943e+00 4.200214112849578e+00
4386 4.061096214515883e+00 -1.502774401387386e+00 4.330223246556747e+00
4387 4.061096214508060e+00 -1.502774401437444e+00 4.330223246566782e+00
4388 4.061096214480393e+00 -1.502774401433818e+00 4.330223246539576e+00
4389 4.061096214472613e+00 -1.502774401483898e+00 4.330223246549660e+00
4390 4.061096214472556e+00 -1.502774401483888e+00 4.330223246549603e+00
4391 3.994424760776907e+00 1.635544432951570e+00 4.316298734062150e+00
4392 3.994424760776880e+00 1.635544432951570e+00 4.316298734062126e+00
4393 3.994424760772284e+00 1.635544432941513e+00 4.316298734054061e+00
4394 3.994424760771298e+00 1.635544432917223e+00 4.316298734043945e+00
4395 3.994424760772306e+00 1.635544432941514e+00 4.316298734054081e+00
4396 3.994424760771400e+00 1.635544432917269e+00 4.316298734044056e+00
4397 3.994424760766781e+00 1.635544432907262e+00 4.316298734035991e+00
4398 3.994424760771895e+00 1.635544432929493e+00 4.316298734049147e+00
4399 3.244724180920131e+00 -1.815261316345762e+00 3.717984488519172e+00
4400 3.244724180892806e+00 -1.815261316284391e+00 3.717984488465361e+00
4401 3.244724180931069e+00 -1.815261316260296e+00 3.717984488486989e+00
4402 3.244724180927349e+00 -1.815261316187140e+00 3.717984488448026e+00
4403 3.244724180903834e+00 -1.815261316198822e+00 3.717984488433206e+00
4404 3.994424760766828e+00 1.635544432907265e+00 4.316298734036034e+00
4405 3.244724180892932e+00 -1.815261316284348e+00 3.717984488465450e+00
4406 3.244724180931099e+00 -1.815261316260269e+00 3.717984488487002e+00
4407 3.244724180903790e+00 -1.815261316198837e+00 3.717984488433176e+00
4408 3.244724180920173e+00 -1.815261316345790e+00 3.717984488519222e+00
4409 3.244724180927416e+00 -1.815261316187207e+00 3.717984488448117e+00
4410 4.202744960617188e+00 -1.128751112988946e+00 4.351682924923064e+00
4411 4.202744960605685e+00 -1.128751113363738e+00 4.351682925009169e+00
4412 4.202744960548615e+00 -1.128751113059905e+00 4.351682924875243e+00
4413 4.202744960617229e+00 -1.128751112988943e+00 4.351682924923104e+00
4414 4.202744960548614e+00 -1.128751113059905e+00 4.351682924875242e+00
4415 4.202744960605700e+00 -1.128751113363736e+00 4.351682925009182e+00
4416 4.202744960536981e+00 -1.128751113434683e+00 4.351682924961218e+00
4417 4.202744960536977e+00 -1.128751113434685e+00 4.351682924961215e+00
4418 3.244724180896566e+00 -1.815261316357379e+00 3.717984488504278e+00
4419 3.244724180896523e+00 -1.815261316357352e+00 3.717984488504227e+00
4420 4.202744960577496e+00 -1.128751113211042e+00 4.351682924942338e+00
4421 4.202744960576754e+00 -1.128751113212593e+00 4.351682924942025e+00
4422 4.069974455675269e+00 -1.523108348430325e+00 4.345635869571605e+00
4423 4.069974455608731e+00 -1.523108348554398e+00 4.345635869552774e+00
4424 4.069974455675232e+00 -1.523108348430319e+00 4.345635869571567e+00
4425 4.069974455636041e+00 -1.523108348486587e+00 4.345635869554584e+00
4426 4.069974455647966e+00 -1.523108348498159e+00 4.345635869569809e+00
4427 4.069974455655051e+00 -1.523108348501520e+00 4.345635869577622e+00
4428 4.069974455655018e+00 -1.523108348501511e+00 4.345635869577588e+00
4429 4.069974455608690e+00 -1.523108348554377e+00 4.345635869552728e+00
4430 4.069974455647801e+00 -1.523108348498082e+00 4.345635869569627e+00
4431 4.069974455636009e+00 -1.523108348486586e+00 4.345635869554554e+00
4432 4.069974455628913e+00 -1.523108348483227e+00 4.345635869546732e+00
4433 4.069974455628890e+00 -1.523108348483196e+00 4.345635869546699e+00
4434 4.202744960576714e+00 -1.128751113212582e+00 4.351682924941983e+00
4435 4.202744960577498e+00 -1.128751113211043e+00 4.351682924942341e+00
4436 2.810130770032483e+00 1.718973116485493e+00 3.294192392663672e+00
4437 2.035758481713347e+00 7.894812411817458e-01 2.183481904217596e+00
4438 2.376230262530732e+00 1.476456508942892e+00 2.797569316990502e+00
4439 2.376230262530656e+00 1.476456508942903e+00 2.797569316990443e+00
4440 2.184155034978072e+00 -1.169442081055637e+00 2.477524570567121e+00
4441 2.376230262530679e+00 1.476456508942926e+00 2.797569316990476e+00
4442 3.898473924987832e+00 1.672809758054106e+00 4.242215391803094e+00
4443 3.898473924987811e+00 1.672809758054088e+00 4.242215391803066e+00
4444 3.898473924987833e+00 1.672809758054088e+00 4.242215391803086e+00
4445 3.868913953519953e+00 1.691683646026820e+00 4.222592655937343e+00
4446 3.868913953508613e+00 1.691683646040893e+00 4.222592655932592e+00
4447 3.868913953519899e+00 1.691683646026771e+00 4.222592655937274e+00
4448 3.868913953508536e+00 1.691683646040849e+00 4.222592655932503e+00
4449 3.868913953511761e+00 1.691683645976167e+00 4.222592655909544e+00
4450 3.868913953500348e+00 1.691683645990228e+00 4.222592655904720e+00
4451 3.868913953511663e+00 1.691683645976120e+00 4.222592655909437e+00
4452 3.994424760771833e+00 1.635544432929358e+00 4.316298734049038e+00
4453 3.868913953500273e+00 1.691683645990169e+00 4.222592655904629e+00
4454 3.926743735609324e+00 -1.662197639765796e+00 4.264061134504295e+00
4455 3.926743735561988e+00 -1.662197639878062e+00 4.264061134504466e+00
4456 3.926743735590135e+00 -1.662197639838430e+00 4.264061134514938e+00
4457 3.994424760771817e+00 1.635544432929460e+00 4.316298734049062e+00
4458 3.994424760771870e+00 1.635544432929341e+00 4.316298734049067e+00
4459 3.926743735581109e+00 -1.662197639805399e+00 4.264061134493749e+00
4460 4.147513342247778e+00 -9.527747614827842e-01 4.255543052330913e+00
4461 4.147513342164339e+00 -9.527747616726802e-01 4.255543052292108e+00
4462 4.147513342146146e+00 -9.527747616945477e-01 4.255543052279274e+00
4463 3.838505740336092e+00 -1.705189806145640e+00 4.200214112825218e+00
4464 4.147513342247693e+00 -9.527747614827651e-01 4.255543052330828e+00
4465 2.684331093288743e+00 -1.664295788138260e+00 3.158403693135424e+00
4466 4.147513342146108e+00 -9.527747616945588e-01 4.255543052279238e+00
4467 3.926743735585617e+00 -1.662197639821863e+00 4.264061134504320e+00
4468 3.926743735585648e+00 -1.662197639821996e+00 4.264061134504399e+00
4469 3.926743735585541e+00 -1.662197639821805e+00 4.264061134504226e+00
4470 2.684331093288728e+00 -1.664295788138254e+00 3.158403693135409e+00
4471 2.684331093256693e+00 -1.664295788195501e+00 3.158403693138348e+00
4472 2.684331093247275e+00 -1.664295788330743e+00 3.158403693201608e+00
4473 2.684331093279349e+00 -1.664295788273486e+00 3.158403693198697e+00
4474 2.684331093247208e+00 -1.664295788330706e+00 3.158403693201532e+00
4475 4.147513342229580e+00 -9.527747615046580e-01 4.255543052318076e+00
4476 2.684331093279385e+00 -1.664295788273517e+00 3.158403693198744e+00
4477 2.684331093256722e+00 -1.664295788195537e+00 3.158403693138392e+00
4478 3.838505740302538e+00 -1.705189806264227e+00 4.200214112842697e+00
4479 3.838505740291024e+00 -1.705189806264440e+00 4.200214112832262e+00
4480 2.684331093268062e+00 -1.664295788234820e+00 3.158403693168730e+00
4481 2.684331093268008e+00 -1.664295788234214e+00 3.158403693168364e+00
4482 4.147513342229582e+00 -9.527747615046533e-01 4.255543052318076e+00
4483 3.838505740302479e+00 -1.705189806264191e+00 4.200214112842629e+00
4484 3.838505740290966e+00 -1.705189806264416e+00 4.200214112832199e+00
4485 2.767336263101764e+00 -1.701987416941711e+00 3.248832276450409e+00
4486 2.767336263062365e+00 -1.701987417184725e+00 3.248832276544159e+00
4487 2.767336263079984e+00 -1.701987417066371e+00 3.248832276497164e+00
4488 2.767336263084026e+00 -1.701987417059939e+00 3.248832276497238e+00
4489 3.838505740296834e+00 -1.705189806264320e+00 4.200214112837522e+00
4490 3.838505740296611e+00 -1.705189806264226e+00 4.200214112837280e+00
4491 3.838505740296602e+00 -1.705189806264235e+00 4.200214112837275e+00
4492 2.767336263101750e+00 -1.701987416941673e+00 3.248832276450377e+00
4493 2.767336263062384e+00 -1.701987417184698e+00 3.248832276544161e+00
4494 2.767336263066611e+00 -1.701987416991071e+00 3.248832276446325e+00
4495 2.767336263066662e+00 -1.701987416991099e+00 3.248832276446383e+00
4496 2.767336263084049e+00 -1.701987417059983e+00 3.248832276497279e+00
4497 2.767336263080021e+00 -1.701987417066416e+00 3.248832276497220e+00
4498 2.767336263097463e+00 -1.701987417135299e+00 3.248832276548163e+00
4499 2.767336263097491e+00 -1.701987417135282e+00 3.248832276548177e+00
4500 2.810130770032441e+00 1.718973116485479e+00 3.294192392663629e+00
4501 2.983989278741054e+00 -1.737211950822300e+00 3.452839031539318e+00
4502 4.119069431086933e+00 -1.062041485269743e+00 4.253782445606356e+00
4503 2.983989278707685e+00 -1.737211950860248e+00 3.452839031529572e+00
4504 2.983989278707668e+00 -1.737211950860242e+00 3.452839031529555e+00
4505 4.119069431130109e+00 -1.062041485220284e+00 4.253782445635816e+00
4506 3.709470314518549e+00 1.740411092259717e+00 4.097462725194093e+00
4507 3.709470314518408e+00 1.740411092259682e+00 4.097462725193950e+00
4508 3.727177031899536e+00 1.727585279727483e+00 4.108089522618820e+00
4509 3.727177031901760e+00 1.727585279732110e+00 4.108089522622782e+00
4510 3.727177031899537e+00 1.727585279727473e+00 4.108089522618817e+00
4511 3.727177031901762e+00 1.727585279732101e+00 4.108089522622781e+00
4512 3.815140467963708e+00 1.690209869152461e+00 4.172781589308829e+00
4513 3.709470314518479e+00 1.740411092259713e+00 4.097462725194029e+00
4514 3.709470314518449e+00 1.740411092259691e+00 4.097462725193991e+00
4515 3.815140467963702e+00 1.690209869152407e+00 4.172781589308802e+00
4516 3.815140467963701e+00 1.690209869152436e+00 4.172781589308812e+00
4517 3.727273366602466e+00 1.737681301024243e+00 4.112432741494186e+00
4518 3.727273366602499e+00 1.737681301014255e+00 4.112432741489996e+00
4519 4.122543252665860e+00 -1.251472522951277e+00 4.308311310223861e+00
4520 4.122543252602977e+00 -1.251472522967272e+00 4.308311310168336e+00
4521 4.122543252639320e+00 -1.251472522852259e+00 4.308311310169702e+00
4522 4.122543252639353e+00 -1.251472522852267e+00 4.308311310169737e+00
4523 3.727273366614172e+00 1.737681300939935e+00 4.112432741469171e+00
4524 3.727273366614213e+00 1.737681300929929e+00 4.112432741464982e+00
4525 4.122543252602940e+00 -1.251472522967259e+00 4.308311310168296e+00
4526 4.122543252665938e+00 -1.251472522951318e+00 4.308311310223948e+00
4527 4.122543252629504e+00 -1.251472523066299e+00 4.308311310222484e+00
4528 4.061096214472590e+00 1.502774401483919e+00 4.330223246549646e+00
4529 4.061096214508074e+00 1.502774401437478e+00 4.330223246566807e+00
4530 4.061096214480346e+00 1.502774401433830e+00 4.330223246539536e+00
4531 4.061096214515866e+00 1.502774401387409e+00 4.330223246556740e+00
4532 4.061096214515924e+00 1.502774401387426e+00 4.330223246556799e+00
4533 3.727273366614209e+00 1.737681300939933e+00 4.112432741469204e+00
4534 4.122543252629557e+00 -1.251472523066317e+00 4.308311310222540e+00
4535 4.061096214472566e+00 1.502774401483886e+00 4.330223246549612e+00
4536 3.727273366614234e+00 1.737681300929930e+00 4.112432741465001e+00
4537 3.727273366602534e+00 1.737681301024274e+00 4.112432741494262e+00
4538 3.727273366602560e+00 1.737681301014265e+00 4.112432741490055e+00
4539 3.838505740257370e+00 1.705189806382971e+00 4.200214112849626e+00
4540 3.838505740336042e+00 1.705189806145635e+00 4.200214112825170e+00
4541 3.838505740257399e+00 1.705189806382972e+00 4.200214112849654e+00
4542 3.838505740336071e+00 1.705189806145633e+00 4.200214112825195e+00
4543 3.838505740290922e+00 1.705189806264392e+00 4.200214112832149e+00
4544 3.838505740290945e+00 1.705189806264394e+00 4.200214112832170e+00
4545 3.838505740296862e+00 1.705189806264389e+00 4.200214112837576e+00
4546 3.838505740302461e+00 1.705189806264187e+00 4.200214112842611e+00
4547 3.838505740302455e+00 1.705189806264186e+00 4.200214112842605e+00
4548 3.577623116637000e+00 -1.777781082036552e+00 3.994983446817082e+00
4549 3.577623116664991e+00 -1.777781081801145e+00 3.994983446737393e+00
4550 3.577623116658077e+00 -1.777781081969960e+00 3.994983446806323e+00
4551 3.577623116643797e+00 -1.777781081867733e+00 3.994983446748045e+00
4552 3.577623116658145e+00 -1.777781081969990e+00 3.994983446806398e+00
4553 3.577623116643826e+00 -1.777781081867752e+00 3.994983446748078e+00
4554 3.577623116648566e+00 -1.777781081928335e+00 3.994983446779283e+00
4555 3.577623116653397e+00 -1.777781081909376e+00 3.994983446775172e+00
4556 3.911616456010450e+00 -1.643099043264649e+00 4.242701705860189e+00
4557 3.911616455906896e+00 -1.643099043364276e+00 4.242701705803300e+00
4558 3.911616455921167e+00 -1.643099043565228e+00 4.242701705894280e+00
4559 4.069974455608651e+00 1.523108348554398e+00 4.345635869552700e+00
4560 4.069974455608686e+00 1.523108348554400e+00 4.345635869552732e+00
4561 4.069974455675260e+00 1.523108348430326e+00 4.345635869571597e+00
4562 4.069974455628898e+00 1.523108348483176e+00 4.345635869546699e+00
4563 4.069974455675206e+00 1.523108348430307e+00 4.345635869571539e+00
4564 4.069974455655027e+00 1.523108348501539e+00 4.345635869577606e+00
4565 4.069974455655029e+00 1.523108348501512e+00 4.345635869577598e+00
4566 4.069974455647925e+00 1.523108348498103e+00 4.345635869569751e+00
4567 4.069974455647943e+00 1.523108348498126e+00 4.345635869569776e+00
4568 3.577623116653391e+00 -1.777781081909374e+00 3.994983446775166e+00
4569 4.069974455636022e+00 1.523108348486607e+00 4.345635869554573e+00
4570 4.069974455636049e+00 1.523108348486587e+00 4.345635869554592e+00
4571 3.911616455906934e+00 -1.643099043364272e+00 4.242701705803333e+00
4572 3.577623116648518e+00 -1.777781081928332e+00 3.994983446779238e+00
4573 3.911616456010459e+00 -1.643099043264649e+00 4.242701705860197e+00
4574 3.911616455961608e+00 -1.643099043417127e+00 4.242701705874209e+00
4575 3.911616456024754e+00 -1.643099043465621e+00 4.242701705951208e+00
4576 3.911616455961572e+00 -1.643099043417135e+00 4.242701705874180e+00
4577 3.911616456024735e+00 -1.643099043465607e+00 4.242701705951186e+00
4578 3.911616455970061e+00 -1.643099043412731e+00 4.242701705880301e+00
4579 3.911616455970113e+00 -1.643099043412745e+00 4.242701705880354e+00
4580 3.838505740296607e+00 1.705189806264241e+00 4.200214112837283e+00
4581 4.119069431130060e+00 -1.062041485220297e+00 4.253782445635773e+00
4582 4.119069431086942e+00 -1.062041485269776e+00 4.253782445606373e+00
4583 4.147513342164340e+00 -9.527747616726945e-01 4.255543052292113e+00
4584 3.838505740296805e+00 -1.705189806264353e+00 4.200214112837509e+00
4585 3.926743735585638e+00 -1.662197639821958e+00 4.264061134504376e+00
4586 3.815140467963706e+00 1.690209869152441e+00 4.172781589308820e+00
4587 4.061096214480384e+00 1.502774401433836e+00 4.330223246539575e+00
4588 4.061096214508079e+00 1.502774401437465e+00 4.330223246566807e+00
4589 3.577623116664939e+00 -1.777781081801129e+00 3.994983446737339e+00
4590 3.577623116636997e+00 -1.777781082036559e+00 3.994983446817082e+00
4591 4.069974455628885e+00 1.523108348483199e+00 4.345635869546694e+00
4592 3.993445356629020e+00 -1.557417141042493e+00 4.286391718869714e+00
4593 3.993445356621268e+00 -1.557417141124973e+00 4.286391718892459e+00
4594 3.993445356621264e+00 -1.557417141124978e+00 4.286391718892458e+00
4595 3.993445356625239e+00 -1.557417141082792e+00 4.286391718880832e+00
4596 3.993445356625116e+00 -1.557417141084677e+00 4.286391718881403e+00
4597 3.911616455921204e+00 -1.643099043565248e+00 4.242701705894323e+00
4598 3.993445356625194e+00 -1.557417141082796e+00 4.286391718880792e+00
4599 3.993445356625073e+00 -1.557417141084694e+00 4.286391718881370e+00
4600 3.926743735561954e+00 1.662197639878051e+00 4.264061134504431e+00
4601 3.926743735609240e+00 1.662197639765754e+00 4.264061134504201e+00
4602 3.926743735581132e+00 1.662197639805379e+00 4.264061134493763e+00
4603 3.926743735561970e+00 1.662197639878056e+00 4.264061134504447e+00
4604 3.926743735609285e+00 1.662197639765782e+00 4.264061134504253e+00
4605 3.926743735581089e+00 1.662197639805389e+00 4.264061134493727e+00
4606 3.926743735590196e+00 1.662197639838465e+00 4.264061134515007e+00
4607 3.926743735590247e+00 1.662197639838490e+00 4.264061134515064e+00
4608 3.926743735585678e+00 1.662197639821994e+00 4.264061134504426e+00
4609 3.926743735585701e+00 1.662197639821874e+00 4.264061134504400e+00
4610 3.926743735585688e+00 1.662197639821878e+00 4.264061134504390e+00
4611 2.376230262530695e+00 1.476456508942894e+00 2.797569316990471e+00
4612 2.684331093268091e+00 -1.664295788234843e+00 3.158403693168767e+00
4613 2.810130770032539e+00 1.718973116485501e+00 3.294192392663724e+00
4614 2.983989278741040e+00 -1.737211950822283e+00 3.452839031539298e+00
4615 2.684331093268025e+00 -1.664295788234200e+00 3.158403693168372e+00
4616 2.157571957324546e+00 -1.000815188109484e+00 2.378391849923787e+00
4617 2.157571957315914e+00 -1.000815188110387e+00 2.378391849916336e+00
4618 2.157571957308788e+00 -1.000815187975131e+00 2.378391849852957e+00
4619 2.157571957300130e+00 -1.000815187976001e+00 2.378391849845470e+00
4620 3.993445356629022e+00 -1.557417141042502e+00 4.286391718869718e+00
4621 3.838505740296832e+00 1.705189806264378e+00 4.200214112837544e+00
4622 3.838505740296573e+00 1.705189806264229e+00 4.200214112837248e+00
4623 4.202744960536976e+00 1.128751113434689e+00 4.351682924961215e+00
4624 4.202744960548591e+00 1.128751113059898e+00 4.351682924875218e+00
4625 4.202744960617220e+00 1.128751112988937e+00 4.351682924923093e+00
4626 4.202744960536874e+00 1.128751113434668e+00 4.351682924961112e+00
4627 4.202744960548538e+00 1.128751113059887e+00 4.351682924875164e+00
4628 4.202744960617206e+00 1.128751112988935e+00 4.351682924923079e+00
4629 4.005042507356975e+00 -1.480778372404369e+00 4.270019914932104e+00
4630 4.202744960605636e+00 1.128751113363713e+00 4.351682925009116e+00
4631 4.005042507432059e+00 -1.480778372173465e+00 4.270019914922456e+00
4632 4.005042507404468e+00 -1.480778372281650e+00 4.270019914934093e+00
4633 3.926743735585656e+00 1.662197639821978e+00 4.264061134504399e+00
4634 4.005042507356956e+00 -1.480778372404377e+00 4.270019914932090e+00
4635 4.005042507431971e+00 -1.480778372173434e+00 4.270019914922362e+00
4636 4.005042507384489e+00 -1.480778372296160e+00 4.270019914920386e+00
4637 4.202744960605624e+00 1.128751113363721e+00 4.351682925009105e+00
4638 4.147513342164291e+00 9.527747616726785e-01 4.255543052292062e+00
4639 4.147513342229572e+00 9.527747615046508e-01 4.255543052318066e+00
4640 4.147513342247691e+00 9.527747614827794e-01 4.255543052330828e+00
4641 4.147513342146143e+00 9.527747616945705e-01 4.255543052279276e+00
4642 4.147513342247658e+00 9.527747614827807e-01 4.255543052330796e+00
4643 4.005042507384516e+00 -1.480778372296157e+00 4.270019914920411e+00
4644 4.147513342164269e+00 9.527747616726731e-01 4.255543052292039e+00
4645 4.147513342229591e+00 9.527747615046721e-01 4.255543052318089e+00
4646 4.147513342146090e+00 9.527747616945670e-01 4.255543052279224e+00
4647 4.005042507404450e+00 -1.480778372281648e+00 4.270019914934077e+00
4648 2.157571957315872e+00 -1.000815188110385e+00 2.378391849916298e+00
4649 2.157571957324511e+00 -1.000815188109487e+00 2.378391849923756e+00
4650 2.903826580101020e+00 -1.716492439228330e+00 3.373211392905759e+00
4651 2.903826579978074e+00 -1.716492439373148e+00 3.373211392873613e+00
4652 4.119069431086915e+00 1.062041485269751e+00 4.253782445606340e+00
4653 4.119069431086892e+00 1.062041485269758e+00 4.253782445606321e+00
4654 4.119069431130116e+00 1.062041485220301e+00 4.253782445635828e+00
4655 2.903826580100994e+00 -1.716492439228322e+00 3.373211392905732e+00
4656 2.903826579978038e+00 -1.716492439373137e+00 3.373211392873576e+00
4657 4.119069431130168e+00 1.062041485220322e+00 4.253782445635883e+00
4658 2.903826580020032e+00 -1.716492439291653e+00 3.373211392868262e+00
4659 2.903826580019990e+00 -1.716492439291645e+00 3.373211392868223e+00
4660 2.903826580059073e+00 -1.716492439309802e+00 3.373211392911106e+00
4661 2.903826580059010e+00 -1.716492439309738e+00 3.373211392911019e+00
4662 4.090010401567583e+00 -1.366147344684431e+00 4.312139104008514e+00
4663 4.090010401621154e+00 -1.366147344797338e+00 4.312139104095095e+00
4664 4.090010401671504e+00 -1.366147344751207e+00 4.312139104128237e+00
4665 4.090010401567571e+00 -1.366147344684443e+00 4.312139104008506e+00
4666 4.090010401581142e+00 -1.366147344735386e+00 4.312139104037517e+00
4667 4.090010401517215e+00 -1.366147344730535e+00 4.312139103975347e+00
4668 4.090010401621160e+00 -1.366147344797355e+00 4.312139104095106e+00
4669 4.090010401671548e+00 -1.366147344751222e+00 4.312139104128282e+00
4670 4.090010401517194e+00 -1.366147344730561e+00 4.312139103975334e+00
4671 4.202744960577477e+00 1.128751113211037e+00 4.351682924942319e+00
4672 4.122543252665910e+00 1.251472522951273e+00 4.308311310223908e+00
4673 4.122543252602972e+00 1.251472522967261e+00 4.308311310168328e+00
4674 2.710832835742373e+00 -1.658169366377383e+00 3.177757119562696e+00
4675 2.710832835670667e+00 -1.658169366408950e+00 3.177757119517999e+00
4676 4.202744960576765e+00 1.128751113212594e+00 4.351682924942035e+00
4677 4.202744960576738e+00 1.128751113212604e+00 4.351682924942011e+00
4678 2.710832835696823e+00 -1.658169366640144e+00 3.177757119660950e+00
4679 2.710832835768537e+00 -1.658169366608575e+00 3.177757119705654e+00
4680 4.122543252639403e+00 1.251472522852263e+00 4.308311310169783e+00
4681 4.122543252629598e+00 1.251472523066301e+00 4.308311310222575e+00
4682 4.122543252639293e+00 1.251472522852265e+00 4.308311310169678e+00
4683 2.710832835696805e+00 -1.658169366640134e+00 3.177757119660929e+00
4684 4.122543252629480e+00 1.251472523066293e+00 4.308311310222460e+00
4685 2.710832835670645e+00 -1.658169366408952e+00 3.177757119517981e+00
4686 2.710832835742364e+00 -1.658169366377375e+00 3.177757119562684e+00
4687 2.710832835768476e+00 -1.658169366608586e+00 3.177757119705607e+00
4688 2.710832835717806e+00 -1.658169366509629e+00 3.177757119610746e+00
4689 3.244724180927395e+00 1.815261316187219e+00 3.717984488448104e+00
4690 3.244724180927443e+00 1.815261316187229e+00 3.717984488448150e+00
4691 3.244724180896606e+00 1.815261316357399e+00 3.717984488504322e+00
4692 3.244724180892815e+00 1.815261316284343e+00 3.717984488465345e+00
4693 3.244724180892842e+00 1.815261316284391e+00 3.717984488465393e+00
4694 3.244724180931096e+00 1.815261316260245e+00 3.717984488486989e+00
4695 3.244724180931049e+00 1.815261316260228e+00 3.717984488486938e+00
4696 3.244724180896601e+00 1.815261316357408e+00 3.717984488504322e+00
4697 3.244724180903766e+00 1.815261316198808e+00 3.717984488433141e+00
4698 3.244724180920194e+00 1.815261316345797e+00 3.717984488519243e+00
4699 2.710832835717777e+00 -1.658169366509603e+00 3.177757119610707e+00
4700 2.184155034917660e+00 1.169442081148324e+00 2.477524570557614e+00
4701 2.184155035054550e+00 1.169442080944719e+00 2.477524570582189e+00
4702 2.184155034917693e+00 1.169442081148334e+00 2.477524570557648e+00
4703 2.184155035054580e+00 1.169442080944721e+00 2.477524570582216e+00
4704 2.184155034946207e+00 1.169442081021992e+00 2.477524570523149e+00
4705 2.184155034978038e+00 1.169442081055620e+00 2.477524570567084e+00
4706 2.184155034994139e+00 1.169442081037423e+00 2.477524570572689e+00
4707 2.184155034994121e+00 1.169442081037399e+00 2.477524570572662e+00
4708 2.184155035026063e+00 1.169442081071085e+00 2.477524570616722e+00
4709 2.184155034978049e+00 1.169442081055632e+00 2.477524570567100e+00
4710 2.184155034946095e+00 1.169442081021947e+00 2.477524570523030e+00
4711 3.244724180920155e+00 1.815261316345760e+00 3.717984488519191e+00
4712 2.184155035026032e+00 1.169442081071067e+00 2.477524570616687e+00
4713 2.684331093247244e+00 1.664295788330726e+00 3.158403693201573e+00
4714 2.684331093279360e+00 1.664295788273505e+00 3.158403693198717e+00
4715 2.684331093288723e+00 1.664295788138241e+00 3.158403693135398e+00
4716 3.244724180903797e+00 1.815261316198823e+00 3.717984488433176e+00
4717 2.684331093247235e+00 1.664295788330747e+00 3.158403693201576e+00
4718 2.684331093268074e+00 1.664295788234843e+00 3.158403693168752e+00
4719 2.684331093256637e+00 1.664295788195479e+00 3.158403693138289e+00
4720 2.767336263066622e+00 1.701987416991098e+00 3.248832276446349e+00
4721 2.767336263101752e+00 1.701987416941699e+00 3.248832276450393e+00
4722 2.767336263062350e+00 1.701987417184696e+00 3.248832276544131e+00
4723 2.767336263080036e+00 1.701987417066422e+00 3.248832276497235e+00
4724 2.767336263097484e+00 1.701987417135301e+00 3.248832276548181e+00
4725 2.767336263097464e+00 1.701987417135285e+00 3.248832276548156e+00
4726 2.767336263080049e+00 1.701987417066425e+00 3.248832276497248e+00
4727 2.767336263066603e+00 1.701987416991071e+00 3.248832276446319e+00
4728 2.767336263084118e+00 1.701987417060004e+00 3.248832276497351e+00
4729 2.684331093288722e+00 1.664295788138254e+00 3.158403693135404e+00
4730 2.684331093256682e+00 1.664295788195536e+00 3.158403693138357e+00
4731 2.767336263101703e+00 1.701987416941682e+00 3.248832276450343e+00
4732 2.767336263062296e+00 1.701987417184674e+00 3.248832276544074e+00
4733 3.577623116636985e+00 1.777781082036573e+00 3.994983446817079e+00
4734 3.577623116664955e+00 1.777781081801163e+00 3.994983446737367e+00
4735 3.577623116643829e+00 1.777781081867741e+00 3.994983446748076e+00
4736 3.577623116653396e+00 1.777781081909381e+00 3.994983446775174e+00
4737 2.983989278741069e+00 1.737211950822307e+00 3.452839031539335e+00
4738 2.983989278741101e+00 1.737211950822307e+00 3.452839031539362e+00
4739 2.983989278707713e+00 1.737211950860256e+00 3.452839031529602e+00
4740 2.983989278707770e+00 1.737211950860272e+00 3.452839031529658e+00
4741 2.684331093279348e+00 1.664295788273489e+00 3.158403693198697e+00
4742 2.684331093267998e+00 1.664295788234214e+00 3.158403693168356e+00
4743 2.710832835721385e+00 -1.658169366507895e+00 3.177757119612894e+00
4744 2.710832835721425e+00 -1.658169366507904e+00 3.177757119612934e+00
4745 2.684331093268076e+00 1.664295788234845e+00 3.158403693168754e+00
4746 4.090010401607584e+00 -1.366147344746366e+00 4.312139104066076e+00
4747 4.090010401607588e+00 -1.366147344746354e+00 4.312139104066076e+00
4748 3.166219168860200e+00 -1.784023686829989e+00 3.634237793599676e+00
4749 3.166219168835214e+00 -1.784023686712690e+00 3.634237793520326e+00
4750 3.166219168850699e+00 -1.784023686764723e+00 3.634237793559360e+00
4751 3.166219168844739e+00 -1.784023686777956e+00 3.634237793560664e+00
4752 3.166219168862707e+00 -1.784023686654649e+00 3.634237793515787e+00
4753 3.166219168832742e+00 -1.784023686888064e+00 3.634237793604264e+00
4754 3.166219168832764e+00 -1.784023686888076e+00 3.634237793604287e+00
4755 3.166219168860166e+00 -1.784023686829973e+00 3.634237793599639e+00
4756 3.166219168835166e+00 -1.784023686712666e+00 3.634237793520272e+00
4757 3.166219168850692e+00 -1.784023686764710e+00 3.634237793559348e+00
4758 3.166219168844747e+00 -1.784023686777964e+00 3.634237793560674e+00
4759 3.166219168862712e+00 -1.784023686654682e+00 3.634237793515807e+00
4760 4.090010401581103e+00 -1.366147344735394e+00 4.312139104037483e+00
4761 3.604438391508485e+00 -1.757885669848925e+00 4.010254124920325e+00
4762 3.604438391589948e+00 -1.757885669897745e+00 4.010254125014943e+00
4763 3.604438391508472e+00 -1.757885669848920e+00 4.010254124920311e+00
4764 3.604438391620644e+00 -1.757885670008583e+00 4.010254125091120e+00
4765 3.604438391539069e+00 -1.757885669959737e+00 4.010254124996388e+00
4766 3.604438391539113e+00 -1.757885669959759e+00 4.010254124996437e+00
4767 3.604438391589981e+00 -1.757885669897778e+00 4.010254125014987e+00
4768 3.604438391620580e+00 -1.757885670008576e+00 4.010254125091059e+00
4769 3.604438391564311e+00 -1.757885669926542e+00 4.010254125004526e+00
4770 3.604438391564657e+00 -1.757885669930884e+00 4.010254125006738e+00
4771 3.604438391564780e+00 -1.757885669930972e+00 4.010254125006887e+00
4772 3.986635396737674e+00 -1.538243240072037e+00 4.273108242503234e+00
4773 3.986635396802224e+00 -1.538243240113631e+00 4.273108242578429e+00
4774 3.986635396715272e+00 -1.538243240172864e+00 4.273108242518630e+00
4775 3.986635396733741e+00 -1.538243240232527e+00 4.273108242557337e+00
4776 3.986635396733687e+00 -1.538243240232473e+00 4.273108242557268e+00
4777 3.986635396715306e+00 -1.538243240172887e+00 4.273108242518669e+00
4778 3.986635396783869e+00 -1.538243240054006e+00 4.273108242539841e+00
4779 3.986635396783878e+00 -1.538243240054000e+00 4.273108242539847e+00
4780 3.986635396779846e+00 -1.538243240214445e+00 4.273108242593843e+00
4781 3.986635396802257e+00 -1.538243240113689e+00 4.273108242578481e+00
4782 3.986635396737664e+00 -1.538243240072039e+00 4.273108242503224e+00
4783 3.986635396779893e+00 -1.538243240214447e+00 4.273108242593886e+00
4784 3.934708733949418e+00 -1.578077415170891e+00 4.239370371799364e+00
4785 3.934708733947905e+00 -1.578077415195002e+00 4.239370371806935e+00
4786 3.934708733944667e+00 -1.578077415215893e+00 4.239370371811705e+00
4787 3.934708733944673e+00 -1.578077415215907e+00 4.239370371811717e+00
4788 3.934708733948160e+00 -1.578077415267622e+00 4.239370371834203e+00
4789 3.934708733952901e+00 -1.578077415222608e+00 4.239370371821847e+00
4790 3.934708733948111e+00 -1.578077415267629e+00 4.239370371834160e+00
4791 3.934708733952924e+00 -1.578077415222622e+00 4.239370371821874e+00
4792 3.934708733949650e+00 -1.578077415243532e+00 4.239370371826618e+00
4793 3.934708733949667e+00 -1.578077415243506e+00 4.239370371826626e+00
4794 3.934708733949419e+00 -1.578077415170884e+00 4.239370371799361e+00
4795 3.934708733947928e+00 -1.578077415194992e+00 4.239370371806952e+00
4796 4.202744960577341e+00 1.128751113211017e+00 4.351682924942183e+00
4797 4.122543252602950e+00 1.251472522967263e+00 4.308311310168308e+00
4798 4.122543252665849e+00 1.251472522951280e+00 4.308311310223852e+00
4799 2.684331093267929e+00 1.664295788234160e+00 3.158403693168269e+00
4800 3.577623116648548e+00 1.777781081928331e+00 3.994983446779265e+00
4801 3.577623116648552e+00 1.777781081928347e+00 3.994983446779276e+00
4802 3.577623116664960e+00 1.777781081801129e+00 3.994983446737358e+00
4803 3.577623116643785e+00 1.777781081867730e+00 3.994983446748031e+00
4804 3.577623116658145e+00 1.777781081969992e+00 3.994983446806398e+00
4805 3.577623116653440e+00 1.777781081909399e+00 3.994983446775222e+00
4806 3.577623116637019e+00 1.777781082036562e+00 3.994983446817104e+00
4807 3.604438391564377e+00 -1.757885669926591e+00 4.010254125004606e+00
4808 3.993445356628976e+00 1.557417141042494e+00 4.286391718869672e+00
4809 3.993445356628984e+00 1.557417141042492e+00 4.286391718869680e+00
4810 3.993445356625226e+00 1.557417141082782e+00 4.286391718880818e+00
4811 3.993445356621245e+00 1.557417141124968e+00 4.286391718892435e+00
4812 3.993445356621288e+00 1.557417141124990e+00 4.286391718892484e+00
4813 3.577623116658172e+00 1.777781081969982e+00 3.994983446806418e+00
4814 3.993445356625136e+00 1.557417141082760e+00 4.286391718880726e+00
4815 3.993445356625083e+00 1.557417141084677e+00 4.286391718881371e+00
4816 3.911616456010488e+00 1.643099043264641e+00 4.242701705860220e+00
4817 3.911616455921205e+00 1.643099043565245e+00 4.242701705894323e+00
4818 3.911616456024717e+00 1.643099043465606e+00 4.242701705951169e+00
4819 3.911616455906927e+00 1.643099043364261e+00 4.242701705803322e+00
4820 3.911616456010464e+00 1.643099043264654e+00 4.242701705860203e+00
4821 3.911616455921274e+00 1.643099043565275e+00 4.242701705894397e+00
4822 3.911616455906990e+00 1.643099043364284e+00 4.242701705803389e+00
4823 3.911616456024783e+00 1.643099043465645e+00 4.242701705951245e+00
4824 3.911616455970073e+00 1.643099043412736e+00 4.242701705880314e+00
4825 3.911616455970133e+00 1.643099043412783e+00 4.242701705880386e+00
4826 3.911616455961606e+00 1.643099043417156e+00 4.242701705874219e+00
4827 3.911616455961553e+00 1.643099043417135e+00 4.242701705874162e+00
4828 3.993445356625100e+00 1.557417141084678e+00 4.286391718881389e+00
4829 3.991227609123354e+00 -1.530971033742664e+00 4.274783051101846e+00
4830 3.991227609118830e+00 -1.530971033731427e+00 4.274783051093598e+00
4831 3.991227609108924e+00 -1.530971033705503e+00 4.274783051075064e+00
4832 3.991227609113415e+00 -1.530971033716742e+00 4.274783051083282e+00
4833 3.991227609116457e+00 -1.530971033724636e+00 4.274783051088949e+00
4834 3.991227609115817e+00 -1.530971033723541e+00 4.274783051087959e+00
4835 3.991227609115759e+00 -1.530971033723517e+00 4.274783051087898e+00
4836 3.991227609123292e+00 -1.530971033742643e+00 4.274783051101780e+00
4837 3.991227609108875e+00 -1.530971033705487e+00 4.274783051075012e+00
4838 3.991227609116362e+00 -1.530971033724615e+00 4.274783051088853e+00
4839 3.991227609118840e+00 -1.530971033731412e+00 4.274783051093601e+00
4840 3.991227609113445e+00 -1.530971033716729e+00 4.274783051083305e+00
4841 2.157571957308773e+00 -1.000815187975133e+00 2.378391849852945e+00
4842 2.157571957300136e+00 -1.000815187976025e+00 2.378391849845485e+00
4843 2.132276368550659e+00 -5.753549880680616e-01 2.208537043876418e+00
4844 2.132276368550650e+00 -5.753549880680682e-01 2.208537043876410e+00
4845 2.132276368550611e+00 -5.753549880680811e-01 2.208537043876376e+00
4846 2.767336263084074e+00 1.701987417059988e+00 3.248832276497304e+00
4847 2.903826579978091e+00 1.716492439373130e+00 3.373211392873618e+00
4848 2.903826580101052e+00 1.716492439228319e+00 3.373211392905781e+00
4849 3.549529945758060e+00 -1.747020359896379e+00 3.956165185343717e+00
4850 3.549529945736975e+00 -1.747020359991871e+00 3.956165185366968e+00
4851 3.549529945751559e+00 -1.747020360002238e+00 3.956165185384632e+00
4852 3.549529945758093e+00 -1.747020359896403e+00 3.956165185343758e+00
4853 3.549529945772666e+00 -1.747020359906826e+00 3.956165185361436e+00
4854 3.549529945736991e+00 -1.747020359991849e+00 3.956165185366973e+00
4855 3.549529945751603e+00 -1.747020360002259e+00 3.956165185384680e+00
4856 3.549529945772687e+00 -1.747020359906812e+00 3.956165185361448e+00
4857 2.903826579978040e+00 1.716492439373106e+00 3.373211392873562e+00
4858 2.903826580019987e+00 1.716492439291638e+00 3.373211392868216e+00
4859 2.903826580100945e+00 1.716492439228271e+00 3.373211392905664e+00
4860 2.903826580020048e+00 1.716492439291678e+00 3.373211392868289e+00
4861 2.903826580059035e+00 1.716492439309794e+00 3.373211392911069e+00
4862 2.903826580059057e+00 1.716492439309811e+00 3.373211392911098e+00
4863 2.096882800761943e+00 -6.391062562819267e-01 2.192116394480446e+00
4864 2.096882800718004e+00 -6.391062564936585e-01 2.192116394500145e+00
4865 2.096882800761937e+00 -6.391062562819214e-01 2.192116394480438e+00
4866 2.096882800734766e+00 -6.391062562860640e-01 2.192116394455656e+00
4867 2.096882800734768e+00 -6.391062562860627e-01 2.192116394455657e+00
4868 2.096882800717994e+00 -6.391062564936645e-01 2.192116394500138e+00
4869 2.096882800745157e+00 -6.391062564895282e-01 2.192116394524915e+00
4870 2.096882800745157e+00 -6.391062564895216e-01 2.192116394524913e+00
4871 4.090010401517203e+00 1.366147344730548e+00 4.312139103975339e+00
4872 4.090010401671542e+00 1.366147344751217e+00 4.312139104128275e+00
4873 4.090010401567563e+00 1.366147344684417e+00 4.312139104008489e+00
4874 4.090010401621171e+00 1.366147344797333e+00 4.312139104095110e+00
4875 4.005042507356928e+00 1.480778372404342e+00 4.270019914932051e+00
4876 4.005042507431985e+00 1.480778372173438e+00 4.270019914922377e+00
4877 4.005042507404458e+00 1.480778372281649e+00 4.270019914934083e+00
4878 4.005042507404499e+00 1.480778372281659e+00 4.270019914934125e+00
4879 4.005042507384501e+00 1.480778372296160e+00 4.270019914920398e+00
4880 4.005042507384521e+00 1.480778372296160e+00 4.270019914920416e+00
4881 4.005042507356986e+00 1.480778372404359e+00 4.270019914932111e+00
4882 4.090010401581117e+00 1.366147344735388e+00 4.312139104037494e+00
4883 4.005042507432010e+00 1.480778372173446e+00 4.270019914922403e+00
4884 4.090010401607597e+00 1.366147344746369e+00 4.312139104066090e+00
4885 4.090010401607507e+00 1.366147344746338e+00 4.312139104065993e+00
4886 2.710832835742326e+00 1.658169366377371e+00 3.177757119562650e+00
4887 2.710832835670641e+00 1.658169366408936e+00 3.177757119517969e+00
4888 2.710832835696789e+00 1.658169366640121e+00 3.177757119660909e+00
4889 2.710832835768470e+00 1.658169366608565e+00 3.177757119705591e+00
4890 2.710832835696797e+00 1.658169366640128e+00 3.177757119660918e+00
4891 2.710832835742361e+00 1.658169366377376e+00 3.177757119562683e+00
4892 2.710832835670656e+00 1.658169366408935e+00 3.177757119517981e+00
4893 3.604438391620600e+00 1.757885670008571e+00 4.010254125091075e+00
4894 3.604438391539118e+00 1.757885669959752e+00 4.010254124996439e+00
4895 3.604438391508422e+00 1.757885669848925e+00 4.010254124920268e+00
4896 3.604438391508422e+00 1.757885669848916e+00 4.010254124920264e+00
4897 3.604438391539064e+00 1.757885669959719e+00 4.010254124996376e+00
4898 2.710832835768523e+00 1.658169366608558e+00 3.177757119705632e+00
4899 3.604438391620669e+00 1.757885670008602e+00 4.010254125091150e+00
4900 3.604438391590024e+00 1.757885669897760e+00 4.010254125015019e+00
4901 2.710832835717776e+00 1.658169366509620e+00 3.177757119610715e+00
4902 2.710832835721359e+00 1.658169366507896e+00 3.177757119612872e+00
4903 3.604438391564734e+00 1.757885669930942e+00 4.010254125006834e+00
4904 3.604438391564693e+00 1.757885669930902e+00 4.010254125006779e+00
4905 2.710832835717804e+00 1.658169366509624e+00 3.177757119610742e+00
4906 2.710832835721379e+00 1.658169366507862e+00 3.177757119612872e+00
4907 3.604438391589969e+00 1.757885669897757e+00 4.010254125014969e+00
4908 3.604438391564332e+00 1.757885669926596e+00 4.010254125004567e+00
4909 3.604438391564329e+00 1.757885669926585e+00 4.010254125004559e+00
4910 2.132276368550676e+00 -5.753549880680706e-01 2.208537043876436e+00
4911 2.096882800743951e+00 -6.391062563904186e-01 2.192116394494866e+00
4912 2.096882800735957e+00 -6.391062563851486e-01 2.192116394485684e+00
4913 2.096882800735953e+00 -6.391062563851517e-01 2.192116394485679e+00
4914 4.090010401671507e+00 1.366147344751190e+00 4.312139104128234e+00
4915 4.090010401517202e+00 1.366147344730538e+00 4.312139103975335e+00
4916 4.090010401567558e+00 1.366147344684419e+00 4.312139104008486e+00
4917 4.090010401621154e+00 1.366147344797331e+00 4.312139104095093e+00
4918 4.090010401581063e+00 1.366147344735379e+00 4.312139104037439e+00
4919 2.157571957324529e+00 1.000815188109505e+00 2.378391849923780e+00
4920 2.157571957315873e+00 1.000815188110385e+00 2.378391849916299e+00
4921 2.157571957308773e+00 1.000815187975141e+00 2.378391849852947e+00
4922 2.157571957324520e+00 1.000815188109483e+00 2.378391849923764e+00
4923 2.157571957315896e+00 1.000815188110372e+00 2.378391849916313e+00
4924 2.157571957300153e+00 1.000815187976024e+00 2.378391849845500e+00
4925 2.157571957308734e+00 1.000815187975129e+00 2.378391849852907e+00
4926 2.157571957300103e+00 1.000815187976010e+00 2.378391849845448e+00
4927 2.132276368550609e+00 5.753549880680531e-01 2.208537043876367e+00
4928 3.747103706649078e+00 -1.641005868963579e+00 4.090682883132861e+00
4929 3.747103706649125e+00 -1.641005868963557e+00 4.090682883132895e+00
4930 2.132276368550646e+00 5.753549880680784e-01 2.208537043876409e+00
4931 2.301914544640794e+00 -1.192590394618584e+00 2.592505047278664e+00
4932 2.301914544640770e+00 -1.192590394618578e+00 2.592505047278639e+00
4933 2.096882800743979e+00 -6.391062563904297e-01 2.192116394494896e+00
4934 2.151158915141524e+00 -9.542082384551429e-01 2.353295145222657e+00
4935 2.151158915164825e+00 -9.542082388985461e-01 2.353295145423747e+00
4936 2.151158915060672e+00 -9.542082389109091e-01 2.353295145333553e+00
4937 2.151158915060686e+00 -9.542082389109103e-01 2.353295145333566e+00
4938 2.151158915037362e+00 -9.542082384675111e-01 2.353295145132457e+00
4939 2.151158915141546e+00 -9.542082384551640e-01 2.353295145222686e+00
4940 2.151158915164828e+00 -9.542082388985293e-01 2.353295145423743e+00
4941 2.151158915109382e+00 -9.542082386850480e-01 2.353295145286497e+00
4942 3.637289399739075e+00 -1.714783017437237e+00 4.021237990264366e+00
4943 3.637289399786711e+00 -1.714783017333260e+00 4.021237990263114e+00
4944 3.637289399747055e+00 -1.714783017503783e+00 4.021237990299961e+00
4945 3.637289399747099e+00 -1.714783017503776e+00 4.021237990299999e+00
4946 3.637289399794712e+00 -1.714783017399716e+00 4.021237990298690e+00
4947 3.637289399794740e+00 -1.714783017399780e+00 4.021237990298743e+00
4948 2.151158915092810e+00 -9.542082386809893e-01 2.353295145269703e+00
4949 3.637289399786787e+00 -1.714783017333281e+00 4.021237990263193e+00
4950 3.637289399739046e+00 -1.714783017437282e+00 4.021237990264359e+00
4951 3.637289399754497e+00 -1.714783017346109e+00 4.021237990239456e+00
4952 2.151158915037377e+00 -9.542082384675381e-01 2.353295145132481e+00
4953 3.549529945772716e+00 1.747020359906817e+00 3.956165185361476e+00
4954 3.549529945758043e+00 1.747020359896366e+00 3.956165185343696e+00
4955 3.549529945737052e+00 1.747020359991873e+00 3.956165185367039e+00
4956 3.549529945751548e+00 1.747020360002227e+00 3.956165185384617e+00
4957 2.151158915109405e+00 -9.542082386850705e-01 2.353295145286527e+00
4958 3.549529945751567e+00 1.747020360002262e+00 3.956165185384648e+00
4959 3.637289399779265e+00 -1.714783017490891e+00 4.021237990323598e+00
4960 3.637289399779254e+00 -1.714783017490928e+00 4.021237990323604e+00
4961 3.046857347910746e+00 -1.737666154093779e+00 3.507538076999417e+00
4962 3.046857347952618e+00 -1.737666154016835e+00 3.507538076997671e+00
4963 3.046857347910726e+00 -1.737666154093783e+00 3.507538076999401e+00
4964 3.046857347940053e+00 -1.737666153872592e+00 3.507538076915298e+00
4965 3.046857347952545e+00 -1.737666154016820e+00 3.507538076997600e+00
4966 3.046857347981887e+00 -1.737666153795627e+00 3.507538076913507e+00
4967 3.046857347940050e+00 -1.737666153872597e+00 3.507538076915298e+00
4968 3.046857347981875e+00 -1.737666153795642e+00 3.507538076913504e+00
4969 3.046857347946553e+00 -1.737666153944164e+00 3.507538076956401e+00
4970 3.046857347946116e+00 -1.737666153945276e+00 3.507538076956572e+00
4971 3.046857347946085e+00 -1.737666153945238e+00 3.507538076956526e+00
4972 2.151158915092813e+00 -9.542082386810187e-01 2.353295145269718e+00
4973 3.166219168832698e+00 1.784023686888031e+00 3.634237793604208e+00
4974 3.166219168850728e+00 1.784023686764727e+00 3.634237793559387e+00
4975 3.166219168860192e+00 1.784023686829989e+00 3.634237793599670e+00
4976 3.166219168862717e+00 1.784023686654644e+00 3.634237793515793e+00
4977 3.166219168862685e+00 1.784023686654655e+00 3.634237793515771e+00
4978 3.166219168835220e+00 1.784023686712702e+00 3.634237793520338e+00
4979 3.166219168844750e+00 1.784023686777965e+00 3.634237793560677e+00
4980 3.166219168844753e+00 1.784023686777968e+00 3.634237793560682e+00
4981 3.166219168835206e+00 1.784023686712688e+00 3.634237793520319e+00
4982 3.046857347946567e+00 -1.737666153944153e+00 3.507538076956407e+00
4983 3.986635396733703e+00 1.538243240232547e+00 4.273108242557309e+00
4984 3.986635396715311e+00 1.538243240172848e+00 4.273108242518660e+00
4985 3.986635396779902e+00 1.538243240214493e+00 4.273108242593913e+00
4986 3.986635396802238e+00 1.538243240113653e+00 4.273108242578450e+00
4987 3.986635396733710e+00 1.538243240232492e+00 4.273108242557296e+00
4988 3.986635396779969e+00 1.538243240214466e+00 4.273108242593965e+00
4989 3.986635396715297e+00 1.538243240172832e+00 4.273108242518640e+00
4990 3.986635396802229e+00 1.538243240113619e+00 4.273108242578428e+00
4991 3.986635396737642e+00 1.538243240072040e+00 4.273108242503205e+00
4992 3.986635396783840e+00 1.538243240053966e+00 4.273108242539799e+00
4993 3.986635396783879e+00 1.538243240054034e+00 4.273108242539860e+00
4994 3.986635396737735e+00 1.538243240072040e+00 4.273108242503292e+00
4995 3.934708733948109e+00 1.578077415267605e+00 4.239370371834149e+00
4996 3.934708733949605e+00 1.578077415243504e+00 4.239370371826567e+00
4997 3.934708733947897e+00 1.578077415194987e+00 4.239370371806921e+00
4998 3.934708733949382e+00 1.578077415170850e+00 4.239370371799315e+00
4999 3.934708733949468e+00 1.578077415170894e+00 4.239370371799411e+00
5000 3.934708733947918e+00 1.578077415194987e+00 4.239370371806941e+00
5001 3.934708733948159e+00 1.578077415267650e+00 4.239370371834213e+00
5002 3.934708733949655e+00 1.578077415243518e+00 4.239370371826618e+00
5003 3.934708733952881e+00 1.578077415222620e+00 4.239370371821834e+00
5004 3.934708733953002e+00 1.578077415222655e+00 4.239370371821958e+00
5005 3.934708733944630e+00 1.578077415215889e+00 4.239370371811670e+00
5006 3.934708733944720e+00 1.578077415215909e+00 4.239370371811761e+00
5007 3.991227609108897e+00 1.530971033705488e+00 4.274783051075034e+00
5008 3.991227609113444e+00 1.530971033716726e+00 4.274783051083303e+00
5009 3.991227609123357e+00 1.530971033742661e+00 4.274783051101848e+00
5010 3.991227609118797e+00 1.530971033731410e+00 4.274783051093561e+00
5011 3.991227609123322e+00 1.530971033742644e+00 4.274783051101809e+00
5012 3.991227609115859e+00 1.530971033723532e+00 4.274783051087995e+00
5013 3.991227609116453e+00 1.530971033724626e+00 4.274783051088942e+00
5014 3.991227609116423e+00 1.530971033724636e+00 4.274783051088918e+00
5015 3.991227609108937e+00 1.530971033705513e+00 4.274783051075079e+00
5016 3.991227609113456e+00 1.530971033716725e+00 4.274783051083315e+00
5017 3.991227609118813e+00 1.530971033731404e+00 4.274783051093574e+00
5018 3.991227609115823e+00 1.530971033723536e+00 4.274783051087963e+00
5019 2.132276368550662e+00 5.753549880680762e-01 2.208537043876424e+00
5020 3.747103706649110e+00 -1.641005868963580e+00 4.090682883132891e+00
5021 3.747103706649060e+00 -1.641005868963548e+00 4.090682883132832e+00
5022 3.549529945758124e+00 1.747020359896429e+00 3.956165185343797e+00
5023 3.549529945737045e+00 1.747020359991879e+00 3.956165185367035e+00
5024 4.046815241176661e+00 -1.105645505081697e+00 4.195135942866104e+00
5025 4.046815241140682e+00 -1.105645505132018e+00 4.195135942844660e+00
5026 4.046815241242760e+00 -1.105645504915818e+00 4.195135942886147e+00
5027 4.046815241206752e+00 -1.105645504966128e+00 4.195135942864673e+00
5028 4.046815241206765e+00 -1.105645504966141e+00 4.195135942864689e+00
5029 3.549529945772707e+00 1.747020359906801e+00 3.956165185361462e+00
5030 4.046815241140699e+00 -1.105645505132003e+00 4.195135942844671e+00
5031 4.046815241242810e+00 -1.105645504915833e+00 4.195135942886200e+00
5032 4.046815241176696e+00 -1.105645505081707e+00 4.195135942866141e+00
5033 3.166219168832737e+00 1.784023686888055e+00 3.634237793604254e+00
5034 3.166219168860244e+00 1.784023686830015e+00 3.634237793599727e+00
5035 3.166219168850637e+00 1.784023686764695e+00 3.634237793559293e+00
5036 2.096882800761966e+00 6.391062562819303e-01 2.192116394480469e+00
5037 2.096882800718018e+00 6.391062564936671e-01 2.192116394500161e+00
5038 2.096882800734791e+00 6.391062562860675e-01 2.192116394455681e+00
5039 2.096882800761953e+00 6.391062562819295e-01 2.192116394480456e+00
5040 2.096882800745183e+00 6.391062564895204e-01 2.192116394524938e+00
5041 2.096882800734765e+00 6.391062562860691e-01 2.192116394455656e+00
5042 2.096882800718005e+00 6.391062564936595e-01 2.192116394500147e+00
5043 2.096882800745165e+00 6.391062564895167e-01 2.192116394524919e+00
5044 2.096882800743996e+00 6.391062563904343e-01 2.192116394494914e+00
5045 2.096882800736002e+00 6.391062563851608e-01 2.192116394485729e+00
5046 2.096882800735977e+00 6.391062563851412e-01 2.192116394485700e+00
5047 3.111870938590180e+00 -1.741082681216332e+00 3.565825239867145e+00
5048 3.111870938525128e+00 -1.741082681482661e+00 3.565825239940415e+00
5049 3.111870938553619e+00 -1.741082681351481e+00 3.565825239901227e+00
5050 3.111870938525100e+00 -1.741082681482683e+00 3.565825239940401e+00
5051 3.111870938498828e+00 -1.741082681281474e+00 3.565825239819229e+00
5052 3.111870938590196e+00 -1.741082681216358e+00 3.565825239867172e+00
5053 3.111870938616469e+00 -1.741082681417545e+00 3.565825239988332e+00
5054 3.111870938561554e+00 -1.741082681347517e+00 3.565825239906216e+00
5055 3.111870938498779e+00 -1.741082681281447e+00 3.565825239819173e+00
5056 3.111870938616499e+00 -1.741082681417525e+00 3.565825239988349e+00
5057 2.096882800744012e+00 6.391062563904204e-01 2.192116394494925e+00
5058 2.301914544640771e+00 -1.192590394618569e+00 2.592505047278636e+00
5059 2.301914544640763e+00 -1.192590394618574e+00 2.592505047278631e+00
5060 3.637289399754453e+00 -1.714783017346092e+00 4.021237990239408e+00
5061 3.145759848750578e+00 -1.729875233789548e+00 3.590024143441058e+00
5062 3.145759848750632e+00 -1.729875233789560e+00 3.590024143441112e+00
5063 3.145759848784261e+00 -1.729875233879559e+00 3.590024143513945e+00
5064 3.145759848688445e+00 -1.729875233867909e+00 3.590024143424372e+00
5065 3.145759848688418e+00 -1.729875233867899e+00 3.590024143424345e+00
5066 3.145759848784241e+00 -1.729875233879559e+00 3.590024143513927e+00
5067 3.145759848722009e+00 -1.729875233957870e+00 3.590024143497131e+00
5068 3.145759848722061e+00 -1.729875233957896e+00 3.590024143497190e+00
5069 3.520923491572420e+00 -1.736760096632540e+00 3.925969672165285e+00
5070 3.520923491675279e+00 -1.736760096549154e+00 3.925969672220643e+00
5071 3.520923491595676e+00 -1.736760096825785e+00 3.925969672271628e+00
5072 3.520923491675309e+00 -1.736760096549177e+00 3.925969672220680e+00
5073 3.637289399794699e+00 1.714783017399724e+00 4.021237990298682e+00
5074 3.637289399739029e+00 1.714783017437165e+00 4.021237990264293e+00
5075 3.637289399779252e+00 1.714783017490931e+00 4.021237990323604e+00
5076 3.637289399747084e+00 1.714783017503823e+00 4.021237990300005e+00
5077 3.637289399747155e+00 1.714783017503791e+00 4.021237990300055e+00
5078 3.637289399754483e+00 1.714783017346091e+00 4.021237990239435e+00
5079 3.520923491572435e+00 -1.736760096632527e+00 3.925969672165292e+00
5080 3.520923491640062e+00 -1.736760096685461e+00 3.925969672249359e+00
5081 3.520923491630865e+00 -1.736760096689472e+00 3.925969672242885e+00
5082 3.637289399786741e+00 1.714783017333277e+00 4.021237990263149e+00
5083 3.520923491595704e+00 -1.736760096825816e+00 3.925969672271668e+00
5084 3.520923491640056e+00 -1.736760096685422e+00 3.925969672249335e+00
5085 3.520923491698541e+00 -1.736760096742394e+00 3.925969672326990e+00
5086 3.520923491630899e+00 -1.736760096689481e+00 3.925969672242920e+00
5087 3.637289399794603e+00 1.714783017399740e+00 4.021237990298602e+00
5088 3.637289399739040e+00 1.714783017437297e+00 4.021237990264360e+00
5089 3.637289399786745e+00 1.714783017333245e+00 4.021237990263138e+00
5090 3.520923491698557e+00 -1.736760096742418e+00 3.925969672327016e+00
5091 3.637289399754486e+00 1.714783017346124e+00 4.021237990239452e+00
5092 2.132276368550658e+00 5.753549880680762e-01 2.208537043876420e+00
5093 4.046815241242781e+00 1.105645504915823e+00 4.195135942886170e+00
5094 4.046815241206727e+00 1.105645504966123e+00 4.195135942864647e+00
5095 4.046815241176697e+00 1.105645505081703e+00 4.195135942866140e+00
5096 4.046815241140657e+00 1.105645505132014e+00 4.195135942844635e+00
5097 3.747103706649062e+00 1.641005868963558e+00 4.090682883132837e+00
5098 3.747103706649060e+00 1.641005868963588e+00 4.090682883132847e+00
5099 3.111870938553610e+00 -1.741082681351455e+00 3.565825239901207e+00
5100 4.046815241140603e+00 1.105645505132006e+00 4.195135942844581e+00
5101 4.046815241242772e+00 1.105645504915827e+00 4.195135942886163e+00
5102 4.046815241206763e+00 1.105645504966132e+00 4.195135942864684e+00
5103 4.046815241176666e+00 1.105645505081698e+00 4.195135942866109e+00
5104 3.747103706649032e+00 1.641005868963535e+00 4.090682883132801e+00
5105 3.111870938561549e+00 -1.741082681347497e+00 3.565825239906202e+00
5106 2.855884316121657e+00 -1.641445668097788e+00 3.293997436001834e+00
5107 2.855884316121644e+00 -1.641445668097774e+00 3.293997436001816e+00
5108 2.855884316148045e+00 -1.641445668003660e+00 3.293997435977808e+00
5109 2.855884316119237e+00 -1.641445668052735e+00 3.293997435977286e+00
5110 2.855884316150413e+00 -1.641445668048719e+00 3.293997436002314e+00
5111 3.637289399779268e+00 1.714783017490905e+00 4.021237990323607e+00
5112 2.855884316150437e+00 -1.641445668048734e+00 3.293997436002343e+00
5113 2.151158915037391e+00 9.542082384675299e-01 2.353295145132491e+00
5114 2.151158915037381e+00 9.542082384675349e-01 2.353295145132484e+00
5115 2.151158915092820e+00 9.542082386810067e-01 2.353295145269720e+00
5116 2.151158915060678e+00 9.542082389109111e-01 2.353295145333559e+00
5117 2.151158915060706e+00 9.542082389109268e-01 2.353295145333591e+00
5118 2.151158915164852e+00 9.542082388985441e-01 2.353295145423770e+00
5119 2.151158915109423e+00 9.542082386850885e-01 2.353295145286551e+00
5120 2.151158915164805e+00 9.542082388985347e-01 2.353295145423724e+00
5121 2.151158915141547e+00 9.542082384551538e-01 2.353295145222682e+00
5122 3.460207180253382e+00 -1.740024586313244e+00 3.873076205195508e+00
5123 3.460207180311089e+00 -1.740024586356998e+00 3.873076205266721e+00
5124 3.460207180267507e+00 -1.740024586427797e+00 3.873076205259592e+00
5125 3.460207180264774e+00 -1.740024586359245e+00 3.873076205226352e+00
5126 3.460207180209816e+00 -1.740024586384003e+00 3.873076205188375e+00
5127 3.046857347952526e+00 1.737666154016796e+00 3.507538076997572e+00
5128 3.046857347910708e+00 1.737666154093755e+00 3.507538076999373e+00
5129 3.046857347946070e+00 1.737666153945239e+00 3.507538076956513e+00
5130 3.046857347946517e+00 1.737666153944136e+00 3.507538076956355e+00
5131 3.046857347939968e+00 1.737666153872551e+00 3.507538076915202e+00
5132 3.046857347910747e+00 1.737666154093780e+00 3.507538076999419e+00
5133 3.460207180311093e+00 -1.740024586357010e+00 3.873076205266730e+00
5134 3.460207180253395e+00 -1.740024586313212e+00 3.873076205195505e+00
5135 3.046857347981854e+00 1.737666153795597e+00 3.507538076913464e+00
5136 2.151158915141580e+00 9.542082384551662e-01 2.353295145222717e+00
5137 3.046857347946026e+00 1.737666153945218e+00 3.507538076956465e+00
5138 3.460207180209805e+00 -1.740024586383994e+00 3.873076205188362e+00
5139 3.046857347940053e+00 1.737666153872588e+00 3.507538076915295e+00
5140 3.460207180264786e+00 -1.740024586359257e+00 3.873076205226369e+00
5141 3.046857347981907e+00 1.737666153795614e+00 3.507538076913518e+00
5142 3.046857347946501e+00 1.737666153944130e+00 3.507538076956338e+00
5143 3.460207180267536e+00 -1.740024586427788e+00 3.873076205259613e+00
5144 3.937957040172640e+00 -1.282583948832065e+00 4.141560966114939e+00
5145 2.855884316148045e+00 -1.641445668003659e+00 3.293997435977806e+00
5146 3.937957040133315e+00 -1.282583948886503e+00 4.141560966094406e+00
5147 3.937957040133366e+00 -1.282583948886533e+00 4.141560966094465e+00
5148 3.747103706649020e+00 1.641005868963581e+00 4.090682883132808e+00
5149 3.938919802561443e+00 -9.065299224624656e-01 4.041891353231861e+00
5150 3.938919802561404e+00 -9.065299224624681e-01 4.041891353231823e+00
5151 2.151158915092804e+00 9.542082386809967e-01 2.353295145269700e+00
5152 2.301914544640784e+00 1.192590394618560e+00 2.592505047278643e+00
5153 2.301914544640832e+00 1.192590394618582e+00 2.592505047278696e+00
5154 3.938919802580337e+00 -9.065299224383601e-01 4.041891353244867e+00
5155 2.151158915109379e+00 9.542082386850526e-01 2.353295145286496e+00
5156 3.938919802580306e+00 -9.065299224383779e-01 4.041891353244841e+00
5157 2.301914544640795e+00 1.192590394618602e+00 2.592505047278673e+00
5158 2.301914544640751e+00 1.192590394618563e+00 2.592505047278615e+00
5159 4.000706545802920e+00 -1.345131593516726e+00 4.220785693387806e+00
5160 4.000706545746247e+00 -1.345131593911164e+00 4.220785693459791e+00
5161 4.000706545802977e+00 -1.345131593516744e+00 4.220785693387866e+00
5162 4.000706545746269e+00 -1.345131593911165e+00 4.220785693459812e+00
5163 4.000706545817790e+00 -1.345131593833951e+00 4.220785693502997e+00
5164 4.000706545817862e+00 -1.345131593833967e+00 4.220785693503070e+00
5165 4.000706545731298e+00 -1.345131593593929e+00 4.220785693344522e+00
5166 3.046857347952570e+00 1.737666154016811e+00 3.507538076997617e+00
5167 3.460207180256118e+00 -1.740024586381774e+00 3.873076205228740e+00
5168 3.363028987108089e+00 -1.742582257563132e+00 3.787684898787527e+00
5169 3.363028987092327e+00 -1.742582257304058e+00 3.787684898654342e+00
5170 3.363028987150340e+00 -1.742582257256916e+00 3.787684898684163e+00
5171 3.363028987166161e+00 -1.742582257515974e+00 3.787684898817393e+00
5172 3.460207180256127e+00 -1.740024586381753e+00 3.873076205228738e+00
5173 4.000706545731310e+00 -1.345131593593930e+00 4.220785693344533e+00
5174 3.363028987150316e+00 -1.742582257256906e+00 3.787684898684136e+00
5175 3.363028987108116e+00 -1.742582257563130e+00 3.787684898787551e+00
5176 3.363028987092272e+00 -1.742582257304059e+00 3.787684898654293e+00
5177 3.363028987166157e+00 -1.742582257515974e+00 3.787684898817389e+00
5178 3.520923491675281e+00 1.736760096549160e+00 3.925969672220647e+00
5179 3.520923491595620e+00 1.736760096825783e+00 3.925969672271576e+00
5180 3.520923491698504e+00 1.736760096742377e+00 3.925969672326949e+00
5181 3.520923491572348e+00 1.736760096632504e+00 3.925969672165204e+00
5182 3.520923491640020e+00 1.736760096685440e+00 3.925969672249312e+00
5183 3.520923491630898e+00 1.736760096689487e+00 3.925969672242922e+00
5184 3.520923491572417e+00 1.736760096632530e+00 3.925969672165277e+00
5185 3.363028987129836e+00 -1.742582257410779e+00 3.787684898736744e+00
5186 3.363028987128728e+00 -1.742582257409307e+00 3.787684898735083e+00
5187 3.520923491595675e+00 1.736760096825773e+00 3.925969672271622e+00
5188 3.520923491698559e+00 1.736760096742391e+00 3.925969672327005e+00
5189 3.520923491675349e+00 1.736760096549156e+00 3.925969672220707e+00
5190 3.363028987128764e+00 -1.742582257409323e+00 3.787684898735121e+00
5191 3.520923491640066e+00 1.736760096685456e+00 3.925969672249360e+00
5192 3.520923491630966e+00 1.736760096689509e+00 3.925969672242992e+00
5193 3.111870938590144e+00 1.741082681216347e+00 3.565825239867121e+00
5194 3.111870938525108e+00 1.741082681482690e+00 3.565825239940411e+00
5195 3.111870938616450e+00 1.741082681417543e+00 3.565825239988315e+00
5196 3.111870938590127e+00 1.741082681216308e+00 3.565825239867086e+00
5197 3.111870938498728e+00 1.741082681281441e+00 3.565825239819126e+00
5198 3.111870938525036e+00 1.741082681482650e+00 3.565825239940328e+00
5199 3.111870938553666e+00 1.741082681351494e+00 3.565825239901274e+00
5200 3.111870938616500e+00 1.741082681417538e+00 3.565825239988356e+00
5201 3.145759848688503e+00 1.729875233867921e+00 3.590024143424430e+00
5202 3.145759848784298e+00 1.729875233879563e+00 3.590024143513980e+00
5203 3.145759848722071e+00 1.729875233957886e+00 3.590024143497194e+00
5204 3.145759848722075e+00 1.729875233957906e+00 3.590024143497207e+00
5205 3.145759848784236e+00 1.729875233879546e+00 3.590024143513918e+00
5206 3.145759848750631e+00 1.729875233789539e+00 3.590024143441099e+00
5207 3.145759848688419e+00 1.729875233867905e+00 3.590024143424348e+00
5208 3.145759848750631e+00 1.729875233789568e+00 3.590024143441114e+00
5209 3.460207180311138e+00 1.740024586356994e+00 3.873076205266762e+00
5210 3.460207180267548e+00 1.740024586427822e+00 3.873076205259639e+00
5211 3.460207180256126e+00 1.740024586381776e+00 3.873076205228748e+00
5212 3.460207180209875e+00 1.740024586384001e+00 3.873076205188427e+00
5213 3.460207180253395e+00 1.740024586313214e+00 3.873076205195506e+00
5214 4.000706545746242e+00 1.345131593911149e+00 4.220785693459783e+00
5215 4.000706545817840e+00 1.345131593833967e+00 4.220785693503050e+00
5216 4.000706545746219e+00 1.345131593911168e+00 4.220785693459766e+00
5217 4.000706545775392e+00 1.345131593713750e+00 4.220785693424503e+00
5218 4.000706545773809e+00 1.345131593714162e+00 4.220785693423134e+00
5219 4.000706545731366e+00 1.345131593593946e+00 4.220785693344592e+00
5220 4.000706545817839e+00 1.345131593833996e+00 4.220785693503058e+00
5221 4.000706545731362e+00 1.345131593593946e+00 4.220785693344588e+00
5222 4.000706545802967e+00 1.345131593516746e+00 4.220785693387857e+00
5223 4.000706545802941e+00 1.345131593516744e+00 4.220785693387830e+00
5224 3.460207180264768e+00 1.740024586359212e+00 3.873076205226332e+00
5225 3.460207180209844e+00 1.740024586384033e+00 3.873076205188414e+00
5226 3.460207180253403e+00 1.740024586313218e+00 3.873076205195515e+00
5227 3.937957040172699e+00 -1.282583948832106e+00 4.141560966115009e+00
5228 2.855884316119256e+00 -1.641445668052737e+00 3.293997435977304e+00
5229 3.938919802561459e+00 9.065299224624761e-01 4.041891353231878e+00
5230 3.938919802580346e+00 9.065299224383777e-01 4.041891353244880e+00
5231 4.000706545773856e+00 -1.345131593714181e+00 4.220785693423185e+00
5232 4.000706545775389e+00 -1.345131593713759e+00 4.220785693424503e+00
5233 2.855884316121658e+00 1.641445668097803e+00 3.293997436001843e+00
5234 2.855884316150413e+00 1.641445668048727e+00 3.293997436002318e+00
5235 3.363028987129811e+00 -1.742582257410760e+00 3.787684898736713e+00
5236 4.000706545773855e+00 -1.345131593714154e+00 4.220785693423174e+00
5237 2.855884316148046e+00 1.641445668003663e+00 3.293997435977809e+00
5238 2.855884316119237e+00 1.641445668052730e+00 3.293997435977282e+00
5239 2.855884316148076e+00 1.641445668003686e+00 3.293997435977847e+00
5240 4.000706545775386e+00 -1.345131593713742e+00 4.220785693424495e+00
5241 3.937957040172639e+00 1.282583948832088e+00 4.141560966114946e+00
5242 3.937957040133337e+00 1.282583948886528e+00 4.141560966094435e+00
5243 3.937957040133358e+00 1.282583948886534e+00 4.141560966094457e+00
5244 3.287854281896252e+00 -1.720658310287824e+00 3.710882752088251e+00
5245 3.287854281818630e+00 -1.720658310383666e+00 3.710882752063918e+00
5246 3.287854281818702e+00 -1.720658310383689e+00 3.710882752063991e+00
5247 3.287854281781714e+00 -1.720658310476981e+00 3.710882752074477e+00
5248 3.287854281896264e+00 -1.720658310287793e+00 3.710882752088246e+00
5249 3.287854281859284e+00 -1.720658310381090e+00 3.710882752098743e+00
5250 3.287854281781708e+00 -1.720658310476954e+00 3.710882752074460e+00
5251 2.445428987593269e+00 -1.369145469570000e+00 2.802620604042848e+00
5252 2.445428987715185e+00 -1.369145469398884e+00 2.802620604065632e+00
5253 2.445428987616764e+00 -1.369145469498485e+00 2.802620604028411e+00
5254 2.445428987691684e+00 -1.369145469470425e+00 2.802620604080075e+00
5255 3.287854281859305e+00 -1.720658310381100e+00 3.710882752098765e+00
5256 2.445428987691716e+00 -1.369145469470422e+00 2.802620604080101e+00
5257 2.445428987616780e+00 -1.369145469498476e+00 2.802620604028421e+00
5258 2.445428987593298e+00 -1.369145469570010e+00 2.802620604042878e+00
5259 2.445428987715224e+00 -1.369145469398884e+00 2.802620604065665e+00
5260 2.445428987647481e+00 -1.369145469489474e+00 2.802620604050811e+00
5261 2.445428987661058e+00 -1.369145469479440e+00 2.802620604057756e+00
5262 3.460207180267584e+00 1.740024586427815e+00 3.873076205259669e+00
5263 3.460207180311132e+00 1.740024586357034e+00 3.873076205266775e+00
5264 3.460207180256231e+00 1.740024586381811e+00 3.873076205228858e+00
5265 4.000706545773816e+00 1.345131593714148e+00 4.220785693423136e+00
5266 4.000706545775397e+00 1.345131593713762e+00 4.220785693424511e+00
5267 2.445428987661014e+00 -1.369145469479442e+00 2.802620604057719e+00
5268 3.111870938498780e+00 1.741082681281441e+00 3.565825239819171e+00
5269 3.111870938561629e+00 1.741082681347546e+00 3.565825239906296e+00
5270 3.111870938553667e+00 1.741082681351495e+00 3.565825239901276e+00
5271 3.363028987108114e+00 1.742582257563134e+00 3.787684898787551e+00
5272 3.363028987150352e+00 1.742582257256912e+00 3.787684898684172e+00
5273 3.363028987092318e+00 1.742582257304060e+00 3.787684898654335e+00
5274 3.363028987108125e+00 1.742582257563141e+00 3.787684898787564e+00
5275 3.363028987150391e+00 1.742582257256932e+00 3.787684898684214e+00
5276 3.363028987166188e+00 1.742582257516000e+00 3.787684898817429e+00
5277 3.363028987128707e+00 1.742582257409291e+00 3.787684898735057e+00
5278 3.363028987129846e+00 1.742582257410764e+00 3.787684898736746e+00
5279 3.363028987092326e+00 1.742582257304067e+00 3.787684898654345e+00
5280 3.363028987166177e+00 1.742582257515982e+00 3.787684898817410e+00
5281 3.111870938561629e+00 1.741082681347532e+00 3.565825239906289e+00
5282 2.445428987647423e+00 -1.369145469489467e+00 2.802620604050758e+00
5283 3.938919802561425e+00 9.065299224624663e-01 4.041891353231843e+00
5284 3.938919802580388e+00 9.065299224383832e-01 4.041891353244922e+00
5285 3.937957040172686e+00 1.282583948832093e+00 4.141560966114992e+00
5286 3.664402925170629e+00 -1.640447206907145e+00 4.014836962648485e+00
5287 3.664402925084774e+00 -1.640447207125132e+00 4.014836962659193e+00
5288 3.664402925113463e+00 -1.640447207023700e+00 4.014836962643933e+00
5289 3.664402925142015e+00 -1.640447207008588e+00 4.014836962663818e+00
5290 2.855884316150419e+00 1.641445668048727e+00 3.293997436002323e+00
5291 2.855884316121623e+00 1.641445668097783e+00 3.293997436001802e+00
5292 2.855884316119210e+00 1.641445668052719e+00 3.293997435977255e+00
5293 3.989661769820418e+00 -9.584843499036819e-01 4.103180874221470e+00
5294 3.460207180264838e+00 1.740024586359258e+00 3.873076205226415e+00
5295 3.989661769800364e+00 -9.584843499417197e-01 4.103180874210857e+00
5296 3.989661769873753e+00 -9.584843495748708e-01 4.103180874196521e+00
5297 3.989661769893740e+00 -9.584843495368133e-01 4.103180874207065e+00
5298 3.989661769893747e+00 -9.584843495368039e-01 4.103180874207069e+00
5299 2.378349593339652e+00 -1.238036385840669e+00 2.681283439102311e+00
5300 2.378349593329223e+00 -1.238036385836452e+00 2.681283439091112e+00
5301 2.378349593364923e+00 -1.238036385958401e+00 2.681283439179087e+00
5302 2.378349593354452e+00 -1.238036385954160e+00 2.681283439167841e+00
5303 2.378349593339644e+00 -1.238036385840661e+00 2.681283439102299e+00
5304 2.378349593329201e+00 -1.238036385836435e+00 2.681283439091085e+00
5305 3.363028987129858e+00 1.742582257410788e+00 3.787684898736768e+00
5306 3.363028987128762e+00 1.742582257409312e+00 3.787684898735115e+00
5307 2.378349593364898e+00 -1.238036385958386e+00 2.681283439179058e+00
5308 2.378349593354434e+00 -1.238036385954165e+00 2.681283439167827e+00
5309 2.191455295101730e+00 -8.587773859791563e-01 2.353715129130669e+00
5310 2.191455295097315e+00 -8.587773857913109e-01 2.353715129058021e+00
5311 2.191455295026392e+00 -8.587773857743060e-01 2.353715128985783e+00
5312 2.191455295101719e+00 -8.587773859791472e-01 2.353715129130656e+00
5313 2.191455295030777e+00 -8.587773859621636e-01 2.353715129058407e+00
5314 2.191455295026381e+00 -8.587773857743045e-01 2.353715128985773e+00
5315 2.191455295097331e+00 -8.587773857913105e-01 2.353715129058036e+00
5316 2.191455295064828e+00 -8.587773858642830e-01 2.353715129054399e+00
5317 2.191455295064793e+00 -8.587773858642814e-01 2.353715129054365e+00
5318 2.191455295063316e+00 -8.587773858891907e-01 2.353715129062079e+00
5319 2.191455295030785e+00 -8.587773859621542e-01 2.353715129058412e+00
5320 2.445428987593305e+00 1.369145469569986e+00 2.802620604042872e+00
5321 2.445428987691694e+00 1.369145469470421e+00 2.802620604080083e+00
5322 2.445428987647498e+00 1.369145469489495e+00 2.802620604050837e+00
5323 2.445428987616800e+00 1.369145469498500e+00 2.802620604028450e+00
5324 2.445428987593254e+00 1.369145469569993e+00 2.802620604042832e+00
5325 2.445428987715249e+00 1.369145469398894e+00 2.802620604065692e+00
5326 2.445428987691711e+00 1.369145469470414e+00 2.802620604080094e+00
5327 2.445428987715203e+00 1.369145469398884e+00 2.802620604065647e+00
5328 2.445428987661070e+00 1.369145469479435e+00 2.802620604057764e+00
5329 2.445428987647416e+00 1.369145469489453e+00 2.802620604050745e+00
5330 2.445428987616798e+00 1.369145469498499e+00 2.802620604028448e+00
5331 2.191455295063309e+00 -8.587773858891876e-01 2.353715129062071e+00
5332 3.664402925170634e+00 -1.640447206907143e+00 4.014836962648489e+00
5333 3.664402925084783e+00 -1.640447207125132e+00 4.014836962659202e+00
5334 3.664402925142032e+00 -1.640447207008600e+00 4.014836962663838e+00
5335 3.664402925113471e+00 -1.640447207023706e+00 4.014836962643943e+00
5336 2.233314565168880e+00 -7.959036440845877e-01 2.370897837879690e+00
5337 3.989661769873711e+00 -9.584843495748643e-01 4.103180874196480e+00
5338 3.989661769800332e+00 -9.584843499417163e-01 4.103180874210826e+00
5339 3.989661769820378e+00 -9.584843499036603e-01 4.103180874221427e+00
5340 3.845903596392793e+00 -1.458219311675807e+00 4.113074036981499e+00
5341 3.845903596392829e+00 -1.458219311486129e+00 4.113074036914285e+00
5342 3.239151666384574e+00 -1.705597498844865e+00 3.660760350788866e+00
5343 3.239151666355645e+00 -1.705597498955900e+00 3.660760350815001e+00
5344 3.239151666324359e+00 -1.705597499006168e+00 3.660760350810739e+00
5345 3.239151666324406e+00 -1.705597499006172e+00 3.660760350810782e+00
5346 3.239151666384565e+00 -1.705597498844850e+00 3.660760350788851e+00
5347 3.845903596392878e+00 -1.458219311675816e+00 4.113074036981581e+00
5348 3.845903596392922e+00 -1.458219311486142e+00 4.113074036914377e+00
5349 3.239151666355678e+00 -1.705597498955904e+00 3.660760350815033e+00
5350 3.845903596362426e+00 -1.458219311591166e+00 4.113074036923096e+00
5351 3.845903596423270e+00 -1.458219311570778e+00 4.113074036972760e+00
5352 2.233314565168887e+00 -7.959036440846010e-01 2.370897837879701e+00
5353 3.989661769847313e+00 -9.584843497387494e-01 4.103180874209094e+00
5354 3.989661769846800e+00 -9.584843497397807e-01 4.103180874208836e+00
5355 2.233314565168893e+00 -7.959036440845944e-01 2.370897837879705e+00
5356 3.287854281781750e+00 1.720658310477002e+00 3.710882752074520e+00
5357 3.287854281781696e+00 1.720658310476975e+00 3.710882752074459e+00
5358 2.233314565168855e+00 -7.959036440845890e-01 2.370897837879667e+00
5359 3.845903596362425e+00 -1.458219311591160e+00 4.113074036923093e+00
5360 3.287854281896274e+00 1.720658310287838e+00 3.710882752088277e+00
5361 3.287854281818636e+00 1.720658310383678e+00 3.710882752063928e+00
5362 3.287854281859321e+00 1.720658310381107e+00 3.710882752098783e+00
5363 3.239151666353345e+00 -1.705597498895124e+00 3.660760350784650e+00
5364 3.287854281818634e+00 1.720658310383692e+00 3.710882752063934e+00
5365 3.845903596423307e+00 -1.458219311570767e+00 4.113074036972791e+00
5366 3.287854281896230e+00 1.720658310287810e+00 3.710882752088224e+00
5367 3.287854281859341e+00 1.720658310381107e+00 3.710882752098800e+00
5368 3.239151666353314e+00 -1.705597498895117e+00 3.660760350784619e+00
5369 2.248228226377302e+00 -7.064417546621586e-01 2.356605633238149e+00
5370 2.248228226384057e+00 -7.064417546607564e-01 2.356605633244174e+00
5371 2.248228226377343e+00 -7.064417546621549e-01 2.356605633238188e+00
5372 2.248228226384124e+00 -7.064417546607618e-01 2.356605633244239e+00
5373 3.664402925170603e+00 1.640447206907118e+00 4.014836962648451e+00
5374 3.664402925084732e+00 1.640447207125115e+00 4.014836962659148e+00
5375 3.664402925084774e+00 1.640447207125100e+00 4.014836962659179e+00
5376 3.664402925170640e+00 1.640447206907131e+00 4.014836962648490e+00
5377 3.664402925142027e+00 1.640447207008574e+00 4.014836962663824e+00
5378 3.664402925113527e+00 1.640447207023704e+00 4.014836962643993e+00
5379 2.378349593354452e+00 1.238036385954172e+00 2.681283439167846e+00
5380 2.378349593354462e+00 1.238036385954170e+00 2.681283439167854e+00
5381 2.378349593339667e+00 1.238036385840668e+00 2.681283439102323e+00
5382 2.378349593329201e+00 1.238036385836435e+00 2.681283439091086e+00
5383 2.378349593339682e+00 1.238036385840676e+00 2.681283439102340e+00
5384 2.378349593364880e+00 1.238036385958389e+00 2.681283439179044e+00
5385 2.378349593329216e+00 1.238036385836429e+00 2.681283439091096e+00
5386 2.445428987661082e+00 1.369145469479465e+00 2.802620604057789e+00
5387 2.247417626721278e+00 -4.344604838432802e-01 2.289026408960551e+00
5388 2.378349593364895e+00 1.238036385958385e+00 2.681283439179055e+00
5389 2.247417626703466e+00 -4.344604839648540e-01 2.289026408966139e+00
5390 2.247417626709550e+00 -4.344604838390872e-01 2.289026408948241e+00
5391 2.247417626721285e+00 -4.344604838432731e-01 2.289026408960557e+00
5392 2.247417626703460e+00 -4.344604839648464e-01 2.289026408966131e+00
5393 2.247417626715254e+00 -4.344604839690380e-01 2.289026408978506e+00
5394 2.191455295026365e+00 8.587773857742977e-01 2.353715128985755e+00
5395 2.191455295097318e+00 8.587773857912994e-01 2.353715129058020e+00
5396 2.247417626715253e+00 -4.344604839690475e-01 2.289026408978506e+00
5397 2.191455295026379e+00 8.587773857743147e-01 2.353715128985774e+00
5398 2.191455295097321e+00 8.587773857913106e-01 2.353715129058027e+00
5399 2.191455295064790e+00 8.587773858642874e-01 2.353715129054365e+00
5400 2.191455295063279e+00 8.587773858891883e-01 2.353715129062043e+00
5401 2.191455295030781e+00 8.587773859621493e-01 2.353715129058406e+00
5402 3.989661769873734e+00 9.584843495748627e-01 4.103180874196501e+00
5403 3.989661769847280e+00 9.584843497387512e-01 4.103180874209063e+00
5404 3.989661769846789e+00 9.584843497397739e-01 4.103180874208824e+00
5405 2.191455295064810e+00 8.587773858642741e-01 2.353715129054379e+00
5406 2.191455295030779e+00 8.587773859621537e-01 2.353715129058406e+00
5407 3.989661769820408e+00 9.584843499036679e-01 4.103180874221458e+00
5408 3.989661769873737e+00 9.584843495748681e-01 4.103180874196505e+00
5409 3.989661769847308e+00 9.584843497387494e-01 4.103180874209090e+00
5410 3.989661769846824e+00 9.584843497397821e-01 4.103180874208859e+00
5411 3.989661769893704e+00 9.584843495368003e-01 4.103180874207027e+00
5412 3.989661769800370e+00 9.584843499417087e-01 4.103180874210860e+00
5413 3.989661769820313e+00 9.584843499036484e-01 4.103180874221361e+00
5414 3.989661769893728e+00 9.584843495368002e-01 4.103180874207051e+00
5415 2.191455295063310e+00 8.587773858891791e-01 2.353715129062069e+00
5416 2.191455295101723e+00 8.587773859791441e-01 2.353715129130659e+00
5417 2.191455295101735e+00 8.587773859791652e-01 2.353715129130677e+00
5418 3.989661769800428e+00 9.584843499417318e-01 4.103180874210922e+00
5419 2.247417626709513e+00 -4.344604838390874e-01 2.289026408948205e+00
5420 3.989661769847218e+00 -9.584843497387379e-01 4.103180874208999e+00
5421 3.989661769846733e+00 -9.584843497397675e-01 4.103180874208768e+00
5422 2.591930787961475e+00 -1.426712820749804e+00 2.958650821316104e+00
5423 2.591930787961415e+00 -1.426712820749784e+00 2.958650821316041e+00
5424 2.591930787961441e+00 -1.426712820749803e+00 2.958650821316073e+00
5425 2.591930787961447e+00 -1.426712820749798e+00 2.958650821316076e+00
5426 3.750371294288759e+00 -1.487856215489727e+00 4.034724397402697e+00
5427 3.750371294299510e+00 -1.487856215474628e+00 4.034724397407122e+00
5428 3.664402925141953e+00 1.640447207008551e+00 4.014836962663747e+00
5429 3.664402925113434e+00 1.640447207023707e+00 4.014836962643909e+00
5430 2.321507437968831e+00 -2.229715723243537e-01 2.332190623986256e+00
5431 2.321507437969061e+00 -2.229715723225714e-01 2.332190623986314e+00
5432 2.248228226384117e+00 7.064417546607564e-01 2.356605633244231e+00
5433 2.248228226377369e+00 7.064417546621515e-01 2.356605633238210e+00
5434 3.845903596423238e+00 1.458219311570766e+00 4.113074036972725e+00
5435 3.845903596392819e+00 1.458219311486113e+00 4.113074036914270e+00
5436 3.845903596362391e+00 1.458219311591155e+00 4.113074036923060e+00
5437 3.845903596423244e+00 1.458219311570761e+00 4.113074036972730e+00
5438 3.845903596392760e+00 1.458219311675797e+00 4.113074036981464e+00
5439 3.845903596392831e+00 1.458219311675830e+00 4.113074036981542e+00
5440 2.321507437968805e+00 -2.229715723243289e-01 2.332190623986227e+00
5441 2.321507437968798e+00 2.229715723243345e-01 2.332190623986221e+00
5442 3.845903596392854e+00 1.458219311486128e+00 4.113074036914308e+00
5443 2.321507437969059e+00 2.229715723225492e-01 2.332190623986310e+00
5444 2.321507437969088e+00 -2.229715723225469e-01 2.332190623986339e+00
5445 2.233314565168940e+00 7.959036440846088e-01 2.370897837879753e+00
5446 2.233314565168875e+00 7.959036440845887e-01 2.370897837879686e+00
5447 2.321507437968797e+00 2.229715723243402e-01 2.332190623986221e+00
5448 3.845903596362481e+00 1.458219311591172e+00 4.113074036923150e+00
5449 2.233314565168889e+00 7.959036440846015e-01 2.370897837879703e+00
5450 2.321507437969052e+00 2.229715723225558e-01 2.332190623986303e+00
5451 3.239151666324403e+00 1.705597499006163e+00 3.660760350810776e+00
5452 3.239151666355686e+00 1.705597498955914e+00 3.660760350815044e+00
5453 3.239151666324418e+00 1.705597499006182e+00 3.660760350810798e+00
5454 3.239151666384597e+00 1.705597498844859e+00 3.660760350788884e+00
5455 3.239151666353351e+00 1.705597498895131e+00 3.660760350784658e+00
5456 3.239151666355655e+00 1.705597498955913e+00 3.660760350815017e+00
5457 3.239151666384597e+00 1.705597498844897e+00 3.660760350788901e+00
5458 2.233314565168883e+00 7.959036440845881e-01 2.370897837879693e+00
5459 2.247417626715258e+00 4.344604839690546e-01 2.289026408978513e+00
5460 2.247417626703492e+00 4.344604839648467e-01 2.289026408966162e+00
5461 3.853246005058631e+00 -1.325311814954789e+00 4.074795231954491e+00
5462 3.853246005094956e+00 -1.325311814897698e+00 4.074795231970272e+00
5463 3.853246005143120e+00 -1.325311814757187e+00 4.074795231970118e+00
5464 3.853246005106922e+00 -1.325311814814316e+00 4.074795231954468e+00
5465 3.853246005058717e+00 -1.325311814954810e+00 4.074795231954579e+00
5466 3.853246005094976e+00 -1.325311814897686e+00 4.074795231970288e+00
5467 3.853246005106967e+00 -1.325311814814320e+00 4.074795231954512e+00
5468 3.853246005143222e+00 -1.325311814757211e+00 4.074795231970222e+00
5469 3.239151666353294e+00 1.705597498895134e+00 3.660760350784610e+00
5470 2.247417626703478e+00 4.344604839648517e-01 2.289026408966150e+00
5471 2.247417626715238e+00 4.344604839690508e-01 2.289026408978493e+00
5472 2.247417626709515e+00 4.344604838390713e-01 2.289026408948204e+00
5473 2.247417626709503e+00 4.344604838390836e-01 2.289026408948194e+00
5474 2.247417626721292e+00 4.344604838432804e-01 2.289026408960566e+00
5475 3.696277178253862e+00 -1.616821012435641e+00 4.034423771089713e+00
5476 3.696277178205421e+00 -1.616821012553893e+00 4.034423771092722e+00
5477 3.696277178248883e+00 -1.616821012504829e+00 4.034423771112880e+00
5478 2.346446091880161e+00 -1.143261262085639e+00 2.610144742248086e+00
5479 2.346446091889697e+00 -1.143261262270662e+00 2.610144742337701e+00
5480 2.346446091655566e+00 -1.143261262346200e+00 2.610144742160309e+00
5481 2.346446091655556e+00 -1.143261262346191e+00 2.610144742160296e+00
5482 3.696277178248954e+00 -1.616821012504848e+00 4.034423771112952e+00
5483 2.346446091880169e+00 -1.143261262085634e+00 2.610144742248091e+00
5484 2.346446091889680e+00 -1.143261262270677e+00 2.610144742337692e+00
5485 3.696277178253931e+00 -1.616821012435688e+00 4.034423771089796e+00
5486 3.696277178210467e+00 -1.616821012484727e+00 4.034423771069627e+00
5487 3.696277178224431e+00 -1.616821012489544e+00 4.034423771084350e+00
5488 3.696277178205476e+00 -1.616821012553912e+00 4.034423771092781e+00
5489 3.696277178234926e+00 -1.616821012500027e+00 4.034423771098168e+00
5490 2.247417626721267e+00 4.344604838432820e-01 2.289026408960542e+00
5491 2.346446091795149e+00 -1.143261262212885e+00 2.610144742227397e+00
5492 2.346446091646012e+00 -1.143261262161147e+00 2.610144742070666e+00
5493 3.696277178234883e+00 -1.616821012500027e+00 4.034423771098129e+00
5494 2.346446091740621e+00 -1.143261262218946e+00 2.610144742181033e+00
5495 2.346446091795125e+00 -1.143261262212885e+00 2.610144742227376e+00
5496 3.696277178210489e+00 -1.616821012484756e+00 4.034423771069659e+00
5497 3.696277178224405e+00 -1.616821012489539e+00 4.034423771084325e+00
5498 2.346446091646031e+00 -1.143261262161170e+00 2.610144742070693e+00
5499 2.346446091740600e+00 -1.143261262218961e+00 2.610144742181021e+00
5500 2.591930787961479e+00 1.426712820749808e+00 2.958650821316109e+00
5501 2.591930787961433e+00 1.426712820749827e+00 2.958650821316078e+00
5502 2.248228226384131e+00 7.064417546607679e-01 2.356605633244247e+00
5503 2.248228226377403e+00 7.064417546621470e-01 2.356605633238242e+00
5504 3.357520255800157e+00 -1.679106139904963e+00 3.753976517930672e+00
5505 3.839363658673445e+00 -1.038219065124313e+00 3.977261888627645e+00
5506 3.839363658642266e+00 -1.038219065175850e+00 3.977261888611000e+00
5507 3.839363658673413e+00 -1.038219065124288e+00 3.977261888627607e+00
5508 3.853246005106960e+00 1.325311814814320e+00 4.074795231954505e+00
5509 3.853246005094992e+00 1.325311814897703e+00 4.074795231970309e+00
5510 3.357520255800119e+00 -1.679106139904966e+00 3.753976517930640e+00
5511 3.853246005143240e+00 1.325311814757219e+00 4.074795231970241e+00
5512 3.839363658642279e+00 -1.038219065175827e+00 3.977261888611008e+00
5513 3.853246005058697e+00 1.325311814954814e+00 4.074795231954561e+00
5514 3.357520255800159e+00 -1.679106139904978e+00 3.753976517930681e+00
5515 3.357520255800185e+00 -1.679106139904989e+00 3.753976517930709e+00
5516 3.750371294288771e+00 -1.487856215489711e+00 4.034724397402703e+00
5517 3.750371294299528e+00 -1.487856215474611e+00 4.034724397407133e+00
5518 3.839363658642236e+00 1.038219065175828e+00 3.977261888610966e+00
5519 3.839363658673375e+00 1.038219065124299e+00 3.977261888627574e+00
5520 3.839363658673398e+00 1.038219065124287e+00 3.977261888627593e+00
5521 3.839363658642307e+00 1.038219065175862e+00 3.977261888611044e+00
5522 2.468196767706300e+00 -1.209929248378917e+00 2.748804116374719e+00
5523 2.468196767707274e+00 -1.209929248373043e+00 2.748804116373007e+00
5524 2.468196767707249e+00 -1.209929248373040e+00 2.748804116372984e+00
5525 2.468196767706315e+00 -1.209929248378925e+00 2.748804116374736e+00
5526 3.698349704150551e+00 -1.577562999765814e+00 4.020758081807531e+00
5527 3.698349704106873e+00 -1.577562999859430e+00 4.020758081804086e+00
5528 3.698349704142786e+00 -1.577562999815222e+00 4.020758081819775e+00
5529 3.698349704150509e+00 -1.577562999765779e+00 4.020758081807480e+00
5530 2.326023305774868e+00 -2.904828557677206e-01 2.344091446275681e+00
5531 2.326023305759808e+00 -2.904828557630234e-01 2.344091446260155e+00
5532 2.326023305752786e+00 -2.904828559029670e-01 2.344091446270530e+00
5533 3.698349704106856e+00 -1.577562999859417e+00 4.020758081804066e+00
5534 3.698349704142779e+00 -1.577562999815227e+00 4.020758081819769e+00
5535 3.698349704114609e+00 -1.577562999809998e+00 4.020758081791807e+00
5536 2.326023305752736e+00 -2.904828559029613e-01 2.344091446270479e+00
5537 2.326023305774856e+00 -2.904828557677150e-01 2.344091446275669e+00
5538 2.326023305759771e+00 -2.904828557630200e-01 2.344091446260118e+00
5539 2.225457898877168e+00 -6.156556999534852e-01 2.309046296755436e+00
5540 2.225457898951431e+00 -6.156556995397866e-01 2.309046296716707e+00
5541 2.326023305767843e+00 -2.904828559076582e-01 2.344091446286051e+00
5542 2.225457898951432e+00 -6.156556995397771e-01 2.309046296716706e+00
5543 2.225457898877124e+00 -6.156556999534768e-01 2.309046296755392e+00
5544 2.225457898922450e+00 -6.156556999201472e-01 2.309046296790191e+00
5545 2.225457898906142e+00 -6.156556995731167e-01 2.309046296681946e+00
5546 2.225457898922422e+00 -6.156556999201418e-01 2.309046296790162e+00
5547 2.225457898906134e+00 -6.156556995731165e-01 2.309046296681937e+00
5548 2.326023305767798e+00 -2.904828559076500e-01 2.344091446286006e+00
5549 3.698349704114550e+00 -1.577562999809970e+00 4.020758081791743e+00
5550 2.266901359394536e+00 -4.215636063196633e-01 2.305766173617359e+00
5551 2.266901359391620e+00 -4.215636064538429e-01 2.305766173639024e+00
5552 2.266901359374397e+00 -4.215636065824919e-01 2.305766173645612e+00
5553 2.266901359382620e+00 -4.215636065862928e-01 2.305766173654392e+00
5554 2.266901359402774e+00 -4.215636063234738e-01 2.305766173626155e+00
5555 2.266901359402781e+00 -4.215636063234699e-01 2.305766173626161e+00
5556 2.225457898913257e+00 -6.156556997447709e-01 2.309046296734571e+00
5557 3.766248499024615e+00 -1.513127506252285e+00 4.058840056787458e+00
5558 3.766248498968713e+00 -1.513127506291915e+00 4.058840056750362e+00
5559 3.766248499024650e+00 -1.513127506252296e+00 4.058840056787496e+00
5560 3.766248498963864e+00 -1.513127506246007e+00 4.058840056728747e+00
5561 3.766248498945903e+00 -1.513127506244834e+00 4.058840056711643e+00
5562 3.766248498941095e+00 -1.513127506198966e+00 4.058840056690083e+00
5563 3.766248498941074e+00 -1.513127506198967e+00 4.058840056690063e+00
5564 3.766248498885162e+00 -1.513127506238595e+00 4.058840056652955e+00
5565 3.766248498968760e+00 -1.513127506291936e+00 4.058840056750412e+00
5566 2.225457898913248e+00 -6.156556997447689e-01 2.309046296734561e+00
5567 2.225457898915310e+00 -6.156556997484979e-01 2.309046296737542e+00
5568 2.225457898915310e+00 -6.156556997485080e-01 2.309046296737545e+00
5569 3.766248498885205e+00 -1.513127506238611e+00 4.058840056653001e+00
5570 2.591930787961426e+00 1.426712820749798e+00 2.958650821316058e+00
5571 3.853246005143188e+00 1.325311814757208e+00 4.074795231970188e+00
5572 3.853246005094893e+00 1.325311814897681e+00 4.074795231970207e+00
5573 3.853246005106922e+00 1.325311814814311e+00 4.074795231954467e+00
5574 3.853246005058701e+00 1.325311814954796e+00 4.074795231954560e+00
5575 3.750371294299561e+00 1.487856215474642e+00 4.034724397407174e+00
5576 3.750371294288755e+00 1.487856215489717e+00 4.034724397402689e+00
5577 3.750371294299497e+00 1.487856215474614e+00 4.034724397407105e+00
5578 3.750371294288810e+00 1.487856215489737e+00 4.034724397402748e+00
5579 3.788398261651043e+00 -8.979788370739381e-01 3.893369669157208e+00
5580 3.788398261651055e+00 -8.979788370739427e-01 3.893369669157220e+00
5581 2.326023305774823e+00 2.904828557677162e-01 2.344091446275636e+00
5582 3.696277178205486e+00 1.616821012553923e+00 4.034423771092794e+00
5583 2.326023305759765e+00 2.904828557630231e-01 2.344091446260112e+00
5584 2.326023305774827e+00 2.904828557677126e-01 2.344091446275639e+00
5585 2.326023305752739e+00 2.904828559029596e-01 2.344091446270482e+00
5586 3.696277178205476e+00 1.616821012553912e+00 4.034423771092780e+00
5587 3.696277178253931e+00 1.616821012435696e+00 4.034423771089799e+00
5588 3.696277178248909e+00 1.616821012504835e+00 4.034423771112905e+00
5589 3.696277178253941e+00 1.616821012435679e+00 4.034423771089801e+00
5590 3.696277178210473e+00 1.616821012484748e+00 4.034423771069641e+00
5591 2.326023305759769e+00 2.904828557630307e-01 2.344091446260118e+00
5592 2.326023305752759e+00 2.904828559029566e-01 2.344091446270502e+00
5593 3.696277178248849e+00 1.616821012504817e+00 4.034423771112843e+00
5594 3.696277178234975e+00 1.616821012500032e+00 4.034423771098214e+00
5595 3.696277178224410e+00 1.616821012489523e+00 4.034423771084324e+00
5596 3.696277178210436e+00 1.616821012484749e+00 4.034423771069608e+00
5597 2.326023305767810e+00 2.904828559076580e-01 2.344091446286019e+00
5598 2.266901359394561e+00 -4.215636063196726e-01 2.305766173617385e+00
5599 2.266901359374401e+00 -4.215636065824854e-01 2.305766173645615e+00
5600 2.266901359382614e+00 -4.215636065862933e-01 2.305766173654385e+00
5601 2.326023305767787e+00 2.904828559076573e-01 2.344091446285996e+00
5602 2.266901359385523e+00 -4.215636064521091e-01 2.305766173632713e+00
5603 3.696277178234978e+00 1.616821012500037e+00 4.034423771098218e+00
5604 2.401045210884705e+00 -1.184339985076768e+00 2.677252193007603e+00
5605 2.266901359385523e+00 -4.215636064521077e-01 2.305766173632712e+00
5606 2.401045210955310e+00 -1.184339985198626e+00 2.677252193124830e+00
5607 2.401045210884698e+00 -1.184339985076775e+00 2.677252193007599e+00
5608 2.401045211097910e+00 -1.184339984714718e+00 2.677252193038651e+00
5609 2.401045211168554e+00 -1.184339984836582e+00 2.677252193155916e+00
5610 2.401045211168545e+00 -1.184339984836583e+00 2.677252193155908e+00
5611 2.401045210955340e+00 -1.184339985198634e+00 2.677252193124860e+00
5612 2.401045211020391e+00 -1.184339984950876e+00 2.677252193073599e+00
5613 2.401045211097947e+00 -1.184339984714735e+00 2.677252193038692e+00
5614 2.401045211032877e+00 -1.184339984962477e+00 2.677252193089929e+00
5615 3.766248498963884e+00 -1.513127506246011e+00 4.058840056728767e+00
5616 3.766248498945885e+00 -1.513127506244856e+00 4.058840056711635e+00
5617 2.401045211032885e+00 -1.184339984962481e+00 2.677252193089938e+00
5618 3.883759127081117e+00 -1.115687124105404e+00 4.040834408396423e+00
5619 3.883759127098574e+00 -1.115687123863673e+00 4.040834408346459e+00
5620 3.883759127040284e+00 -1.115687124189318e+00 4.040834408380346e+00
5621 3.883759127139428e+00 -1.115687123779762e+00 4.040834408362556e+00
5622 3.883759127040310e+00 -1.115687124189323e+00 4.040834408380372e+00
5623 3.883759127139435e+00 -1.115687123779748e+00 4.040834408362558e+00
5624 3.883759127090368e+00 -1.115687123983637e+00 4.040834408371693e+00
5625 3.883759127089379e+00 -1.115687123985441e+00 4.040834408371241e+00
5626 2.401045211020411e+00 -1.184339984950890e+00 2.677252193073623e+00
5627 3.883759127098612e+00 -1.115687123863669e+00 4.040834408346493e+00
5628 3.883759127081161e+00 -1.115687124105408e+00 4.040834408396466e+00
5629 3.883759127090372e+00 -1.115687123983644e+00 4.040834408371699e+00
5630 2.225457898877109e+00 6.156556999534771e-01 2.309046296755378e+00
5631 2.225457898922407e+00 6.156556999201469e-01 2.309046296790149e+00
5632 2.225457898951408e+00 6.156556995397875e-01 2.309046296716685e+00
5633 2.225457898906094e+00 6.156556995731155e-01 2.309046296681898e+00
5634 2.225457898877184e+00 6.156556999534835e-01 2.309046296755452e+00
5635 2.225457898922436e+00 6.156556999201545e-01 2.309046296790179e+00
5636 2.225457898951386e+00 6.156556995397877e-01 2.309046296716665e+00
5637 2.225457898906101e+00 6.156556995731114e-01 2.309046296681904e+00
5638 2.225457898913264e+00 6.156556997447701e-01 2.309046296734576e+00
5639 2.225457898915294e+00 6.156556997484907e-01 2.309046296737526e+00
5640 2.225457898915305e+00 6.156556997484970e-01 2.309046296737537e+00
5641 3.883759127089398e+00 -1.115687123985422e+00 4.040834408371254e+00
5642 2.225457898913239e+00 6.156556997447657e-01 2.309046296734552e+00
5643 3.715585874457496e+00 -1.566493541724562e+00 4.032304602424380e+00
5644 3.715585874436994e+00 -1.566493541444095e+00 4.032304602296531e+00
5645 3.715585874524030e+00 -1.566493541660901e+00 4.032304602460957e+00
5646 3.715585874479737e+00 -1.566493541552104e+00 4.032304602377876e+00
5647 3.715585874481358e+00 -1.566493541552946e+00 4.032304602379697e+00
5648 3.715585874503561e+00 -1.566493541380475e+00 4.032304602333154e+00
5649 3.715585874457515e+00 -1.566493541724549e+00 4.032304602424393e+00
5650 3.715585874524045e+00 -1.566493541660916e+00 4.032304602460976e+00
5651 3.715585874479810e+00 -1.566493541552134e+00 4.032304602377955e+00
5652 3.715585874481333e+00 -1.566493541552925e+00 4.032304602379666e+00
5653 3.715585874437023e+00 -1.566493541444118e+00 4.032304602296567e+00
5654 3.715585874503602e+00 -1.566493541380473e+00 4.032304602333190e+00
5655 2.591930787961457e+00 1.426712820749797e+00 2.958650821316085e+00
5656 2.950320458160329e+00 -1.599225573168628e+00 3.355877417265997e+00
5657 2.950320458160377e+00 -1.599225573168617e+00 3.355877417266034e+00
5658 2.950320458160410e+00 -1.599225573168639e+00 3.355877417266074e+00
5659 3.788398261651033e+00 -8.979788370739549e-01 3.893369669157202e+00
5660 3.788398261651062e+00 -8.979788370739612e-01 3.893369669157232e+00
5661 2.950320458160297e+00 -1.599225573168601e+00 3.355877417265956e+00
5662 3.350079277033903e+00 -1.650625368175132e+00 3.734647944381811e+00
5663 3.350079277000131e+00 -1.650625368219402e+00 3.734647944371083e+00
5664 3.350079277000096e+00 -1.650625368219403e+00 3.734647944371052e+00
5665 2.266901359391625e+00 -4.215636064538543e-01 2.305766173639030e+00
5666 2.747459468285475e+00 -1.513665312820903e+00 3.136832193329555e+00
5667 2.747459468203918e+00 -1.513665312843963e+00 3.136832193269250e+00
5668 2.747459468208481e+00 -1.513665312915625e+00 3.136832193307826e+00
5669 2.747459468126916e+00 -1.513665312938743e+00 3.136832193247541e+00
5670 3.696277178224419e+00 1.616821012489538e+00 4.034423771084338e+00
5671 3.698349704142735e+00 1.577562999815207e+00 4.020758081819722e+00
5672 3.698349704114518e+00 1.577562999809949e+00 4.020758081791704e+00
5673 3.698349704106846e+00 1.577562999859409e+00 4.020758081804053e+00
5674 3.698349704150473e+00 1.577562999765769e+00 4.020758081807442e+00
5675 3.698349704142790e+00 1.577562999815251e+00 4.020758081819790e+00
5676 3.698349704114514e+00 1.577562999809954e+00 4.020758081791703e+00
5677 3.698349704106854e+00 1.577562999859420e+00 4.020758081804066e+00
5678 3.698349704150497e+00 1.577562999765791e+00 4.020758081807474e+00
5679 2.747459468126944e+00 -1.513665312938725e+00 3.136832193247557e+00
5680 2.266901359394539e+00 4.215636063196613e-01 2.305766173617361e+00
5681 2.266901359402779e+00 4.215636063234686e-01 2.305766173626158e+00
5682 2.266901359394553e+00 4.215636063196667e-01 2.305766173617376e+00
5683 2.266901359402778e+00 4.215636063234692e-01 2.305766173626158e+00
5684 2.266901359391667e+00 4.215636064538563e-01 2.305766173639073e+00
5685 2.266901359382612e+00 4.215636065862836e-01 2.305766173654382e+00
5686 2.266901359374401e+00 4.215636065824799e-01 2.305766173645614e+00
5687 2.266901359374382e+00 4.215636065824767e-01 2.305766173645594e+00
5688 2.346446091655588e+00 1.143261262346208e+00 2.610144742160332e+00
5689 2.346446091880176e+00 1.143261262085640e+00 2.610144742248100e+00
5690 2.346446091655543e+00 1.143261262346192e+00 2.610144742160286e+00
5691 2.346446091740622e+00 1.143261262218954e+00 2.610144742181038e+00
5692 2.346446091795098e+00 1.143261262212872e+00 2.610144742227346e+00
5693 2.346446091889710e+00 1.143261262270665e+00 2.610144742337714e+00
5694 2.346446091880163e+00 1.143261262085648e+00 2.610144742248092e+00
5695 2.346446091795119e+00 1.143261262212868e+00 2.610144742227364e+00
5696 2.346446091740612e+00 1.143261262218945e+00 2.610144742181025e+00
5697 2.346446091889712e+00 1.143261262270681e+00 2.610144742337722e+00
5698 2.346446091646053e+00 1.143261262161170e+00 2.610144742070713e+00
5699 2.346446091646022e+00 1.143261262161162e+00 2.610144742070681e+00
5700 2.266901359382630e+00 4.215636065862896e-01 2.305766173654400e+00
5701 3.357520255800143e+00 1.679106139904958e+00 3.753976517930657e+00
5702 3.357520255800150e+00 1.679106139904964e+00 3.753976517930666e+00
5703 3.350079277033816e+00 -1.650625368175128e+00 3.734647944381731e+00
5704 3.357520255800110e+00 1.679106139904949e+00 3.753976517930624e+00
5705 3.788398261651091e+00 8.979788370739666e-01 3.893369669157261e+00
5706 3.788398261651080e+00 8.979788370739747e-01 3.893369669157253e+00
5707 3.357520255800120e+00 1.679106139904958e+00 3.753976517930638e+00
5708 3.788398261651113e+00 8.979788370739605e-01 3.893369669157281e+00
5709 2.368324000600502e+00 -8.899303317853091e-01 2.530006831463480e+00
5710 2.368324000586087e+00 -8.899303317860516e-01 2.530006831450247e+00
5711 2.427784609732310e+00 -1.076467716417404e+00 2.655733581468963e+00
5712 3.675761098162322e+00 -1.491699150288246e+00 3.966911393733689e+00
5713 3.675761098126844e+00 -1.491699150338497e+00 3.966911393719710e+00
5714 2.427784609732277e+00 -1.076467716417355e+00 2.655733581468913e+00
5715 3.675761098162337e+00 -1.491699150288250e+00 3.966911393733704e+00
5716 3.675761098126852e+00 -1.491699150338494e+00 3.966911393719716e+00
5717 3.112243303554450e+00 -1.637052754760584e+00 3.516532397460421e+00
5718 3.112243303516130e+00 -1.637052754886192e+00 3.516532397484980e+00
5719 3.112243303538371e+00 -1.637052754885230e+00 3.516532397504217e+00
5720 3.112243303554417e+00 -1.637052754760597e+00 3.516532397460396e+00
5721 3.112243303532054e+00 -1.637052754761507e+00 3.516532397441029e+00
5722 3.112243303532089e+00 -1.637052754761537e+00 3.516532397441074e+00
5723 2.266901359385551e+00 4.215636064521181e-01 2.305766173632743e+00
5724 2.266901359391657e+00 4.215636064538418e-01 2.305766173639060e+00
5725 2.266901359385532e+00 4.215636064521071e-01 2.305766173632721e+00
5726 3.112243303516053e+00 -1.637052754886177e+00 3.516532397484906e+00
5727 3.112243303538385e+00 -1.637052754885259e+00 3.516532397504243e+00
5728 2.295239657773194e+00 -6.447024349579382e-01 2.384065082218920e+00
5729 2.295239657778195e+00 -6.447024349699306e-01 2.384065082226978e+00
5730 2.295239657784662e+00 -6.447024347211672e-01 2.384065082165932e+00
5731 2.295239657789671e+00 -6.447024347331607e-01 2.384065082173998e+00
5732 2.747459468208497e+00 -1.513665312915660e+00 3.136832193307858e+00
5733 2.701186959856865e+00 -1.458367758790599e+00 3.069730853345402e+00
5734 2.701186959856924e+00 -1.458367758805825e+00 3.069730853352688e+00
5735 2.747459468285539e+00 -1.513665312820921e+00 3.136832193329620e+00
5736 2.747459468203850e+00 -1.513665312843957e+00 3.136832193269186e+00
5737 2.701186959825540e+00 -1.458367758662556e+00 3.069730853257007e+00
5738 2.701186959856857e+00 -1.458367758790598e+00 3.069730853345393e+00
5739 2.701186959856945e+00 -1.458367758805855e+00 3.069730853352720e+00
5740 2.701186959825557e+00 -1.458367758662556e+00 3.069730853257022e+00
5741 2.295239657784665e+00 -6.447024347211661e-01 2.384065082165935e+00
5742 2.295239657789678e+00 -6.447024347331658e-01 2.384065082174006e+00
5743 2.747459468204600e+00 -1.513665312882172e+00 3.136832193288284e+00
5744 2.701186959825620e+00 -1.458367758677828e+00 3.069730853264332e+00
5745 3.766248499024632e+00 1.513127506252263e+00 4.058840056787467e+00
5746 3.766248498941059e+00 1.513127506198949e+00 4.058840056690043e+00
5747 3.766248498968731e+00 1.513127506291924e+00 4.058840056750381e+00
5748 3.766248498963906e+00 1.513127506246026e+00 4.058840056728792e+00
5749 3.766248498945922e+00 1.513127506244868e+00 4.058840056711674e+00
5750 2.701186959825613e+00 -1.458367758677822e+00 3.069730853264323e+00
5751 2.747459468204575e+00 -1.513665312882129e+00 3.136832193288241e+00
5752 2.747459468207806e+00 -1.513665312877476e+00 3.136832193288826e+00
5753 3.766248499024642e+00 1.513127506252284e+00 4.058840056787484e+00
5754 2.747459468207839e+00 -1.513665312877478e+00 3.136832193288856e+00
5755 3.766248498885206e+00 1.513127506238586e+00 4.058840056652993e+00
5756 3.766248498885190e+00 1.513127506238579e+00 4.058840056652975e+00
5757 2.347315174268238e+00 -2.288762280333296e-01 2.358447127901894e+00
5758 2.347315174155881e+00 -2.288762279358099e-01 2.358447127780604e+00
5759 2.347315174268240e+00 -2.288762280333164e-01 2.358447127901895e+00
5760 2.347315174155930e+00 -2.288762279358104e-01 2.358447127780652e+00
5761 2.347315174201352e+00 -2.288762279588520e-01 2.358447127828097e+00
5762 2.347315174208850e+00 -2.288762279868727e-01 2.358447127838278e+00
5763 2.347315174222757e+00 -2.288762280102609e-01 2.358447127854389e+00
5764 3.715585874503550e+00 1.566493541380468e+00 4.032304602333141e+00
5765 3.715585874457484e+00 1.566493541724543e+00 4.032304602424362e+00
5766 3.715585874503618e+00 1.566493541380503e+00 4.032304602333218e+00
5767 3.715585874481319e+00 1.566493541552936e+00 4.032304602379657e+00
5768 3.715585874479817e+00 1.566493541552140e+00 4.032304602377964e+00
5769 3.715585874524025e+00 1.566493541660903e+00 4.032304602460953e+00
5770 3.715585874524008e+00 1.566493541660897e+00 4.032304602460934e+00
5771 3.715585874437008e+00 1.566493541444117e+00 4.032304602296552e+00
5772 2.347315174201400e+00 -2.288762279588599e-01 2.358447127828145e+00
5773 2.347315174215313e+00 -2.288762279822682e-01 2.358447127844264e+00
5774 3.715585874437012e+00 1.566493541444114e+00 4.032304602296556e+00
5775 2.347315174222816e+00 -2.288762280102662e-01 2.358447127854449e+00
5776 3.715585874457555e+00 1.566493541724560e+00 4.032304602424433e+00
5777 3.350079277000171e+00 1.650625368219432e+00 3.734647944371132e+00
5778 3.399862011708362e+00 -1.642785317592954e+00 3.775950913128587e+00
5779 3.399862011708366e+00 -1.642785317592918e+00 3.775950913128575e+00
5780 2.427784609732318e+00 -1.076467716417394e+00 2.655733581468967e+00
5781 3.788398261651042e+00 8.979788370739705e-01 3.893369669157214e+00
5782 2.368324000586089e+00 -8.899303317860516e-01 2.530006831450249e+00
5783 3.053829762104640e+00 -1.604423784135332e+00 3.449645183930548e+00
5784 3.053829762104611e+00 -1.604423784135278e+00 3.449645183930497e+00
5785 3.053829762128588e+00 -1.604423784096083e+00 3.449645183933493e+00
5786 3.053829762128499e+00 -1.604423784096045e+00 3.449645183933397e+00
5787 2.295239657778203e+00 -6.447024349699376e-01 2.384065082226987e+00
5788 2.295239657773171e+00 -6.447024349579359e-01 2.384065082218896e+00
5789 3.516288054827217e+00 -1.626063640276285e+00 3.874063066955562e+00
5790 3.516288054861593e+00 -1.626063640358883e+00 3.874063067021432e+00
5791 3.516288054819770e+00 -1.626063640456967e+00 3.874063067024641e+00
5792 3.516288054785372e+00 -1.626063640374335e+00 3.874063066958736e+00
5793 3.516288054785377e+00 -1.626063640374353e+00 3.874063066958748e+00
5794 3.715585874481328e+00 1.566493541552928e+00 4.032304602379662e+00
5795 3.766248498941025e+00 1.513127506198938e+00 4.058840056690007e+00
5796 3.766248498968747e+00 1.513127506291917e+00 4.058840056750394e+00
5797 3.766248498945945e+00 1.513127506244875e+00 4.058840056711698e+00
5798 3.766248498963912e+00 1.513127506246038e+00 4.058840056728803e+00
5799 2.347315174208870e+00 -2.288762279868508e-01 2.358447127838295e+00
5800 2.347315174215346e+00 -2.288762279822551e-01 2.358447127844296e+00
5801 3.883759127139462e+00 1.115687123779759e+00 4.040834408362588e+00
5802 3.883759127081108e+00 1.115687124105403e+00 4.040834408396414e+00
5803 3.883759127040336e+00 1.115687124189329e+00 4.040834408380398e+00
5804 3.730991686325518e+00 -8.855661736172054e-01 3.834648146999299e+00
5805 3.883759127139424e+00 1.115687123779766e+00 4.040834408362555e+00
5806 3.883759127040302e+00 1.115687124189312e+00 4.040834408380362e+00
5807 3.883759127081126e+00 1.115687124105412e+00 4.040834408396433e+00
5808 3.883759127089379e+00 1.115687123985436e+00 4.040834408371239e+00
5809 3.730991686311785e+00 -8.855661736509206e-01 3.834648146993723e+00
5810 3.730991686315770e+00 -8.855661735381855e-01 3.834648146971566e+00
5811 3.730991686325583e+00 -8.855661736172240e-01 3.834648146999365e+00
5812 3.730991686315797e+00 -8.855661735381944e-01 3.834648146971593e+00
5813 3.730991686301969e+00 -8.855661735718932e-01 3.834648146965921e+00
5814 3.730991686302016e+00 -8.855661735719041e-01 3.834648146965970e+00
5815 3.883759127090344e+00 1.115687123983631e+00 4.040834408371669e+00
5816 3.883759127089423e+00 1.115687123985456e+00 4.040834408371288e+00
5817 3.883759127098578e+00 1.115687123863672e+00 4.040834408346462e+00
5818 3.883759127098574e+00 1.115687123863679e+00 4.040834408346461e+00
5819 3.730991686311837e+00 -8.855661736509237e-01 3.834648146993774e+00
5820 2.347315174268260e+00 2.288762280333143e-01 2.358447127901914e+00
5821 2.347315174155904e+00 2.288762279358043e-01 2.358447127780626e+00
5822 2.347315174222766e+00 2.288762280102709e-01 2.358447127854399e+00
5823 3.883759127090396e+00 1.115687123983660e+00 4.040834408371727e+00
5824 2.347315174268239e+00 2.288762280333150e-01 2.358447127901894e+00
5825 2.347315174155879e+00 2.288762279358000e-01 2.358447127780601e+00
5826 2.347315174201384e+00 2.288762279588591e-01 2.358447127828129e+00
5827 2.347315174222744e+00 2.288762280102718e-01 2.358447127854377e+00
5828 2.347315174201353e+00 2.288762279588638e-01 2.358447127828098e+00
5829 2.347315174208811e+00 2.288762279868608e-01 2.358447127838237e+00
5830 2.347315174215282e+00 2.288762279822616e-01 2.358447127844232e+00
5831 2.347315174208848e+00 2.288762279868610e-01 2.358447127838275e+00
5832 2.602937896868833e+00 -1.370261527595482e+00 2.941581606715042e+00
5833 2.602937896947827e+00 -1.370261527430354e+00 2.941581606708021e+00
5834 2.602937896865734e+00 -1.370261527456508e+00 2.941581606647562e+00
5835 2.602937896891694e+00 -1.370261527513677e+00 2.941581606697164e+00
5836 2.602937896925038e+00 -1.370261527512148e+00 2.941581606725957e+00
5837 2.602937896950983e+00 -1.370261527569317e+00 2.941581606775547e+00
5838 2.602937896891748e+00 -1.370261527513705e+00 2.941581606697225e+00
5839 2.602937896925078e+00 -1.370261527512176e+00 2.941581606726006e+00
5840 2.602937896947907e+00 -1.370261527430372e+00 2.941581606708100e+00
5841 2.602937896868891e+00 -1.370261527595485e+00 2.941581606715094e+00
5842 2.602937896865711e+00 -1.370261527456509e+00 2.941581606647543e+00
5843 2.602937896950959e+00 -1.370261527569308e+00 2.941581606775521e+00
5844 3.399862011708322e+00 -1.642785317592939e+00 3.775950913128545e+00
5845 2.427784609732303e+00 -1.076467716417414e+00 2.655733581468961e+00
5846 2.368324000600500e+00 -8.899303317853092e-01 2.530006831463477e+00
5847 3.516288054819769e+00 -1.626063640456989e+00 3.874063067024649e+00
5848 3.516288054861629e+00 -1.626063640358902e+00 3.874063067021473e+00
5849 3.516288054827199e+00 -1.626063640276276e+00 3.874063066955542e+00
5850 2.347315174215283e+00 2.288762279822644e-01 2.358447127844233e+00
5851 3.182090748816400e+00 -1.642649214786029e+00 3.581061012680471e+00
5852 3.182090748669671e+00 -1.642649214573166e+00 3.581061012452447e+00
5853 3.182090748776969e+00 -1.642649214655254e+00 3.581061012585445e+00
5854 3.182090748816401e+00 -1.642649214786031e+00 3.581061012680472e+00
5855 3.182090748776969e+00 -1.642649214655280e+00 3.581061012585457e+00
5856 3.182090748741607e+00 -1.642649214674628e+00 3.581061012562910e+00
5857 3.182090748744416e+00 -1.642649214684601e+00 3.581061012569980e+00
5858 3.182090748709109e+00 -1.642649214703942e+00 3.581061012547480e+00
5859 3.182090748744447e+00 -1.642649214684587e+00 3.581061012570001e+00
5860 3.182090748709125e+00 -1.642649214703945e+00 3.581061012547495e+00
5861 3.182090748669656e+00 -1.642649214573157e+00 3.581061012452429e+00
5862 3.182090748741637e+00 -1.642649214674625e+00 3.581061012562935e+00
5863 3.060063211234559e+00 -1.622788933436974e+00 3.463730760211693e+00
5864 3.060063211230277e+00 -1.622788933477400e+00 3.463730760226850e+00
5865 3.060063211170610e+00 -1.622788933448241e+00 3.463730760160476e+00
5866 3.060063211170620e+00 -1.622788933448242e+00 3.463730760160484e+00
5867 3.060063211230279e+00 -1.622788933477433e+00 3.463730760226868e+00
5868 3.060063211233699e+00 -1.622788933551002e+00 3.463730760264356e+00
5869 3.060063211237952e+00 -1.622788933510474e+00 3.463730760249126e+00
5870 3.060063211237948e+00 -1.622788933510499e+00 3.463730760249134e+00
5871 3.060063211233720e+00 -1.622788933550983e+00 3.463730760264367e+00
5872 2.325352659704047e+00 -8.394473767827129e-01 2.472233178804148e+00
5873 2.325352659639579e+00 -8.394473768949958e-01 2.472233178781636e+00
5874 2.325352659676273e+00 -8.394473770722545e-01 2.472233178876338e+00
5875 2.325352659704071e+00 -8.394473767827101e-01 2.472233178804169e+00
5876 2.325352659611812e+00 -8.394473771845613e-01 2.472233178853841e+00
5877 2.325352659654684e+00 -8.394473769779712e-01 2.472233178824018e+00
5878 2.325352659654712e+00 -8.394473769779650e-01 2.472233178824042e+00
5879 2.325352659661176e+00 -8.394473769892975e-01 2.472233178833970e+00
5880 2.325352659661186e+00 -8.394473769892893e-01 2.472233178833977e+00
5881 2.325352659639577e+00 -8.394473768950044e-01 2.472233178781637e+00
5882 2.325352659676295e+00 -8.394473770722762e-01 2.472233178876366e+00
5883 2.325352659611829e+00 -8.394473771845530e-01 2.472233178853854e+00
5884 3.060063211297585e+00 -1.622788933539676e+00 3.463730760315490e+00
5885 2.950320458160342e+00 1.599225573168607e+00 3.355877417265999e+00
5886 2.950320458160376e+00 1.599225573168626e+00 3.355877417266038e+00
5887 3.715585874479781e+00 1.566493541552127e+00 4.032304602377926e+00
5888 2.950320458160415e+00 1.599225573168647e+00 3.355877417266082e+00
5889 2.950320458160308e+00 1.599225573168606e+00 3.355877417265968e+00
5890 3.399862011708368e+00 -1.642785317592941e+00 3.775950913128587e+00
5891 2.295239657784657e+00 6.447024347211729e-01 2.384065082165929e+00
5892 2.295239657789660e+00 6.447024347331687e-01 2.384065082173990e+00
5893 2.295239657778194e+00 6.447024349699411e-01 2.384065082226979e+00
5894 2.295239657773176e+00 6.447024349579430e-01 2.384065082218903e+00
5895 2.468196767707225e+00 1.209929248373036e+00 2.748804116372960e+00
5896 2.468196767706287e+00 1.209929248378919e+00 2.748804116374707e+00
5897 2.468196767707248e+00 1.209929248373057e+00 2.748804116372991e+00
5898 2.468196767706263e+00 1.209929248378905e+00 2.748804116374680e+00
5899 2.338068766599126e+00 -7.034759248255085e-01 2.441606834475088e+00
5900 2.338068766594347e+00 -7.034759247458369e-01 2.441606834447558e+00
5901 2.338068766595871e+00 -7.034759247718915e-01 2.441606834456523e+00
5902 2.338068766600642e+00 -7.034759248515557e-01 2.441606834484045e+00
5903 2.338068766594336e+00 -7.034759247458482e-01 2.441606834447550e+00
5904 2.338068766600609e+00 -7.034759248515517e-01 2.441606834484013e+00
5905 3.060063211234554e+00 -1.622788933436951e+00 3.463730760211678e+00
5906 2.401045210884671e+00 1.184339985076762e+00 2.677252193007569e+00
5907 2.401045211168577e+00 1.184339984836595e+00 2.677252193155943e+00
5908 2.401045211097907e+00 1.184339984714724e+00 2.677252193038651e+00
5909 2.401045211168566e+00 1.184339984836594e+00 2.677252193155932e+00
5910 2.401045210884694e+00 1.184339985076770e+00 2.677252193007594e+00
5911 2.401045210955304e+00 1.184339985198636e+00 2.677252193124829e+00
5912 2.401045211020358e+00 1.184339984950878e+00 2.677252193073570e+00
5913 2.401045210955288e+00 1.184339985198623e+00 2.677252193124809e+00
5914 2.401045211020365e+00 1.184339984950874e+00 2.677252193073575e+00
5915 2.401045211097950e+00 1.184339984714722e+00 2.677252193038688e+00
5916 2.401045211032823e+00 1.184339984962461e+00 2.677252193089873e+00
5917 2.401045211032857e+00 1.184339984962480e+00 2.677252193089913e+00
5918 3.060063211297607e+00 -1.622788933539670e+00 3.463730760315508e+00
5919 3.675761098162401e+00 1.491699150288266e+00 3.966911393733769e+00
5920 3.675761098126971e+00 1.491699150338543e+00 3.966911393719846e+00
5921 3.675761098162351e+00 1.491699150288245e+00 3.966911393733715e+00
5922 3.675761098126898e+00 1.491699150338501e+00 3.966911393719762e+00
5923 3.350079277033915e+00 1.650625368175151e+00 3.734647944381830e+00
5924 3.350079277033939e+00 1.650625368175166e+00 3.734647944381858e+00
5925 3.350079277000135e+00 1.650625368219414e+00 3.734647944371092e+00
5926 2.295239657784667e+00 6.447024347211694e-01 2.384065082165937e+00
5927 2.295239657789706e+00 6.447024347331782e-01 2.384065082174037e+00
5928 2.295239657778187e+00 6.447024349699318e-01 2.384065082226969e+00
5929 3.308187852713636e+00 -1.619664459175000e+00 3.683397864629438e+00
5930 3.308187852710410e+00 -1.619664459169960e+00 3.683397864624325e+00
5931 3.309850101220410e+00 -1.631627010371483e+00 3.690164548298970e+00
5932 3.309850101221200e+00 -1.631627010385257e+00 3.690164548305769e+00
5933 3.309850101207052e+00 -1.631627010464910e+00 3.690164548328298e+00
5934 3.309850101207839e+00 -1.631627010478687e+00 3.690164548335095e+00
5935 3.309850101207830e+00 -1.631627010478683e+00 3.690164548335086e+00
5936 2.567570505228751e+00 -1.264134997345231e+00 2.861897201304347e+00
5937 2.567570505227955e+00 -1.264134997301942e+00 2.861897201284511e+00
5938 2.567570505225199e+00 -1.264134997316591e+00 2.861897201288509e+00
5939 2.567570505225947e+00 -1.264134997359875e+00 2.861897201308299e+00
5940 2.567570505228756e+00 -1.264134997345232e+00 2.861897201304351e+00
5941 2.338068766595863e+00 -7.034759247718987e-01 2.441606834456517e+00
5942 2.338068766599115e+00 -7.034759248255039e-01 2.441606834475077e+00
5943 2.567570505227957e+00 -1.264134997301944e+00 2.861897201284513e+00
5944 2.567570505225975e+00 -1.264134997359877e+00 2.861897201308325e+00
5945 2.295239657773168e+00 6.447024349579252e-01 2.384065082218891e+00
5946 3.647889453477948e+00 -1.242015182327982e+00 3.853530741791072e+00
5947 3.647889453505264e+00 -1.242015182275849e+00 3.853530741800128e+00
5948 3.308187852713638e+00 -1.619664459174999e+00 3.683397864629439e+00
5949 3.308187852710397e+00 -1.619664459169955e+00 3.683397864624311e+00
5950 3.647889453477936e+00 -1.242015182327978e+00 3.853530741791060e+00
5951 3.647889453505266e+00 -1.242015182275857e+00 3.853530741800132e+00
5952 2.567570505225224e+00 -1.264134997316592e+00 2.861897201288532e+00
5953 3.309850101220377e+00 -1.631627010371473e+00 3.690164548298936e+00
5954 3.309850101221164e+00 -1.631627010385237e+00 3.690164548305728e+00
5955 2.408836543307104e+00 -8.694856477325599e-01 2.560956615014129e+00
5956 2.408836543315416e+00 -8.694856477592225e-01 2.560956615031000e+00
5957 3.675689080630661e+00 -1.066690529102471e+00 3.827338357441682e+00
5958 2.368324000600504e+00 8.899303317853013e-01 2.530006831463479e+00
5959 2.368324000586055e+00 8.899303317860467e-01 2.530006831450216e+00
5960 3.675689080630714e+00 -1.066690529102476e+00 3.827338357441733e+00
5961 3.675689080630774e+00 -1.066690529102492e+00 3.827338357441796e+00
5962 2.368324000600476e+00 8.899303317853078e-01 2.530006831463456e+00
5963 3.399862011708427e+00 1.642785317592979e+00 3.775950913128657e+00
5964 3.399862011708335e+00 1.642785317592925e+00 3.775950913128550e+00
5965 3.399862011708438e+00 1.642785317592963e+00 3.775950913128661e+00
5966 2.395165070909846e+00 -6.032559148420469e-01 2.469966278251280e+00
5967 2.395165070908167e+00 -6.032559148352199e-01 2.469966278247985e+00
5968 2.428606142717583e+00 -5.546456029728430e-01 2.491136194860226e+00
5969 2.428606142722251e+00 -5.546456029707278e-01 2.491136194864306e+00
5970 2.368324000586104e+00 8.899303317860612e-01 2.530006831450267e+00
5971 3.675689080630692e+00 -1.066690529102478e+00 3.827338357441712e+00
5972 2.428606142722254e+00 -5.546456029707207e-01 2.491136194864307e+00
5973 2.428606142717591e+00 -5.546456029728297e-01 2.491136194860232e+00
5974 2.395165070909873e+00 -6.032559148420451e-01 2.469966278251306e+00
5975 2.395165070908187e+00 -6.032559148352075e-01 2.469966278248002e+00
5976 3.309850101207056e+00 -1.631627010464900e+00 3.690164548328297e+00
5977 3.730991686325515e+00 8.855661736172102e-01 3.834648146999297e+00
5978 3.730991686311808e+00 8.855661736509318e-01 3.834648146993747e+00
5979 2.701186959825545e+00 1.458367758662548e+00 3.069730853257007e+00
5980 3.730991686325528e+00 8.855661736172005e-01 3.834648146999307e+00
5981 3.730991686311862e+00 8.855661736509383e-01 3.834648146993801e+00
5982 3.730991686315781e+00 8.855661735381966e-01 3.834648146971579e+00
5983 3.730991686302026e+00 8.855661735718972e-01 3.834648146965978e+00
5984 3.730991686315743e+00 8.855661735381768e-01 3.834648146971537e+00
5985 2.701186959825578e+00 1.458367758662563e+00 3.069730853257044e+00
5986 2.701186959825582e+00 1.458367758677808e+00 3.069730853264289e+00
5987 2.701186959856837e+00 1.458367758790581e+00 3.069730853345368e+00
5988 2.701186959856865e+00 1.458367758790591e+00 3.069730853345397e+00
5989 2.701186959856910e+00 1.458367758805846e+00 3.069730853352684e+00
5990 3.516288054861564e+00 1.626063640358881e+00 3.874063067021406e+00
5991 3.516288054827169e+00 1.626063640276269e+00 3.874063066955513e+00
5992 3.516288054785385e+00 1.626063640374347e+00 3.874063066958752e+00
5993 3.516288054819690e+00 1.626063640456947e+00 3.874063067024560e+00
5994 3.516288054819747e+00 1.626063640456952e+00 3.874063067024613e+00
5995 3.516288054827214e+00 1.626063640276274e+00 3.874063066955554e+00
5996 3.112243303554434e+00 1.637052754760583e+00 3.516532397460406e+00
5997 3.112243303516077e+00 1.637052754886172e+00 3.516532397484924e+00
5998 3.112243303554414e+00 1.637052754760591e+00 3.516532397460392e+00
5999 3.112243303538355e+00 1.637052754885247e+00 3.516532397504210e+00
6000 3.112243303532017e+00 1.637052754761501e+00 3.516532397440994e+00
6001 3.112243303532020e+00 1.637052754761486e+00 3.516532397440990e+00
6002 3.596729732673240e+00 -1.548794116554683e+00 3.916021959255351e+00
6003 3.596729732673502e+00 -1.548794116557174e+00 3.916021959256577e+00
6004 3.596729732677463e+00 -1.548794116514503e+00 3.916021959243338e+00
6005 3.596729732669255e+00 -1.548794116597365e+00 3.916021959268572e+00
6006 3.730991686302038e+00 8.855661735719171e-01 3.834648146965994e+00
6007 3.596729732677433e+00 -1.548794116514491e+00 3.916021959243306e+00
6008 3.596729732669256e+00 -1.548794116597371e+00 3.916021959268575e+00
6009 2.701186959856908e+00 1.458367758805851e+00 3.069730853352685e+00
6010 2.701186959825616e+00 1.458367758677829e+00 3.069730853264329e+00
6011 3.112243303538371e+00 1.637052754885243e+00 3.516532397504223e+00
6012 2.747459468285499e+00 1.513665312820895e+00 3.136832193329572e+00
6013 2.747459468126913e+00 1.513665312938708e+00 3.136832193247521e+00
6014 2.710173485095598e+00 -1.430009942137605e+00 3.064305590819496e+00
6015 2.710173485132498e+00 -1.430009942374258e+00 3.064305590962569e+00
6016 2.710173485189199e+00 -1.430009942437167e+00 3.064305591042075e+00
6017 2.710173485132472e+00 -1.430009942374256e+00 3.064305590962545e+00
6018 2.710173485095575e+00 -1.430009942137621e+00 3.064305590819483e+00
6019 2.710173485152366e+00 -1.430009942200546e+00 3.064305590899075e+00
6020 2.710173485152340e+00 -1.430009942200551e+00 3.064305590899055e+00
6021 2.747459468285460e+00 1.513665312820882e+00 3.136832193329532e+00
6022 2.747459468126887e+00 1.513665312938705e+00 3.136832193247498e+00
6023 2.747459468208535e+00 1.513665312915666e+00 3.136832193307893e+00
6024 2.747459468208569e+00 1.513665312915674e+00 3.136832193307927e+00
6025 2.710173485189204e+00 -1.430009942437173e+00 3.064305591042082e+00
6026 2.710173485147021e+00 -1.430009942299891e+00 3.064305590940709e+00
6027 2.710173485137808e+00 -1.430009942274958e+00 3.064305590920925e+00
6028 2.747459468203915e+00 1.513665312843992e+00 3.136832193269260e+00
6029 2.747459468207794e+00 1.513665312877464e+00 3.136832193288809e+00
6030 2.747459468207822e+00 1.513665312877478e+00 3.136832193288841e+00
6031 2.747459468204542e+00 1.513665312882130e+00 3.136832193288213e+00
6032 2.710173485147029e+00 -1.430009942299870e+00 3.064305590940706e+00
6033 2.710173485137785e+00 -1.430009942274932e+00 3.064305590920893e+00
6034 2.747459468203862e+00 1.513665312843962e+00 3.136832193269200e+00
6035 3.399862011708351e+00 1.642785317592928e+00 3.775950913128566e+00
6036 3.112243303516009e+00 1.637052754886158e+00 3.516532397484858e+00
6037 3.516288054861580e+00 1.626063640358884e+00 3.874063067021421e+00
6038 3.516288054785373e+00 1.626063640374362e+00 3.874063066958749e+00
6039 3.053829762128571e+00 1.604423784096053e+00 3.449645183933463e+00
6040 3.053829762104673e+00 1.604423784135325e+00 3.449645183930573e+00
6041 3.053829762104634e+00 1.604423784135297e+00 3.449645183930525e+00
6042 2.427784609732313e+00 1.076467716417387e+00 2.655733581468959e+00
6043 3.053829762128577e+00 1.604423784096067e+00 3.449645183933475e+00
6044 2.747459468204601e+00 1.513665312882155e+00 3.136832193288276e+00
6045 2.427784609732264e+00 1.076467716417383e+00 2.655733581468913e+00
6046 2.427784609732276e+00 1.076467716417397e+00 2.655733581468929e+00
6047 2.427784609732306e+00 1.076467716417395e+00 2.655733581468956e+00
6048 3.596729732673527e+00 -1.548794116557182e+00 3.916021959256603e+00
6049 3.596729732673299e+00 -1.548794116554703e+00 3.916021959255413e+00
6050 2.408836543315419e+00 -8.694856477592228e-01 2.560956615031003e+00
6051 2.408836543300263e+00 -8.694856479442337e-01 2.560956615079561e+00
6052 2.408836543307101e+00 -8.694856477325698e-01 2.560956615014130e+00
6053 2.488474172685129e+00 -3.661800298747436e-01 2.515271659761626e+00
6054 2.488474172685140e+00 -3.661800298747724e-01 2.515271659761641e+00
6055 2.408836543300280e+00 -8.694856479442379e-01 2.560956615079579e+00
6056 2.408836543291971e+00 -8.694856479175851e-01 2.560956615062715e+00
6057 2.488474172685125e+00 -3.661800298747488e-01 2.515271659761623e+00
6058 2.408836543292025e+00 -8.694856479176071e-01 2.560956615062772e+00
6059 3.439510200005333e+00 -1.589847710522157e+00 3.789174865137960e+00
6060 3.439510200004067e+00 -1.589847710525833e+00 3.789174865138353e+00
6061 2.488474172685097e+00 -3.661800298747372e-01 2.515271659761594e+00
6062 2.338068766599121e+00 7.034759248254987e-01 2.441606834475081e+00
6063 2.338068766594328e+00 7.034759247458365e-01 2.441606834447539e+00
6064 3.076057335472693e+00 -1.589164271004103e+00 3.462307295915740e+00
6065 3.076057335550615e+00 -1.589164270940117e+00 3.462307295955600e+00
6066 3.076057335463491e+00 -1.589164270926107e+00 3.462307295871766e+00
6067 3.076057335385620e+00 -1.589164270990063e+00 3.462307295831937e+00
6068 3.076057335550577e+00 -1.589164270940103e+00 3.462307295955561e+00
6069 3.076057335385567e+00 -1.589164270990059e+00 3.462307295831888e+00
6070 3.076057335465996e+00 -1.589164270969257e+00 3.462307295893796e+00
6071 2.338068766594342e+00 7.034759247458364e-01 2.441606834447552e+00
6072 2.338068766599070e+00 7.034759248255035e-01 2.441606834475034e+00
6073 3.439510200004073e+00 -1.589847710525832e+00 3.789174865138357e+00
6074 2.338068766600632e+00 7.034759248515550e-01 2.441606834484034e+00
6075 3.439510200005379e+00 -1.589847710522176e+00 3.789174865138009e+00
6076 2.338068766595852e+00 7.034759247718899e-01 2.441606834456505e+00
6077 2.338068766600665e+00 7.034759248515838e-01 2.441606834484075e+00
6078 2.338068766595843e+00 7.034759247718926e-01 2.441606834456497e+00
6079 2.451093249322876e+00 -4.761917832459284e-01 2.496921450768348e+00
6080 2.451093249330705e+00 -4.761917832534612e-01 2.496921450777470e+00
6081 2.401436002565733e+00 -4.523596083292762e-01 2.443670208859351e+00
6082 2.401436002437114e+00 -4.523596083878282e-01 2.443670208743793e+00
6083 2.401436002351229e+00 -4.523596086918867e-01 2.443670208715679e+00
6084 2.401436002351257e+00 -4.523596086918837e-01 2.443670208715706e+00
6085 2.401436002437122e+00 -4.523596083878191e-01 2.443670208743800e+00
6086 2.401436002479833e+00 -4.523596086333416e-01 2.443670208831223e+00
6087 2.401436002565779e+00 -4.523596083292755e-01 2.443670208859396e+00
6088 2.451093249257814e+00 -4.761917830316176e-01 2.496921450663608e+00
6089 2.401436002479877e+00 -4.523596086333457e-01 2.443670208831267e+00
6090 2.451093249322896e+00 -4.761917832459316e-01 2.496921450768368e+00
6091 2.451093249330707e+00 -4.761917832534560e-01 2.496921450777471e+00
6092 2.451093249257799e+00 -4.761917830316234e-01 2.496921450663594e+00
6093 2.451093249265635e+00 -4.761917830391589e-01 2.496921450672725e+00
6094 2.325352659704053e+00 8.394473767827080e-01 2.472233178804152e+00
6095 2.325352659639592e+00 8.394473768949964e-01 2.472233178781648e+00
6096 2.325352659704052e+00 8.394473767827064e-01 2.472233178804151e+00
6097 2.325352659611819e+00 8.394473771845560e-01 2.472233178853846e+00
6098 2.325352659611861e+00 8.394473771845586e-01 2.472233178853886e+00
6099 2.325352659639591e+00 8.394473768949899e-01 2.472233178781646e+00
6100 2.325352659661167e+00 8.394473769893021e-01 2.472233178833963e+00
6101 2.325352659676310e+00 8.394473770722698e-01 2.472233178876378e+00
6102 2.325352659661164e+00 8.394473769892969e-01 2.472233178833959e+00
6103 2.325352659654743e+00 8.394473769779875e-01 2.472233178824079e+00
6104 2.325352659676304e+00 8.394473770722490e-01 2.472233178876365e+00
6105 2.451093249265649e+00 -4.761917830391536e-01 2.496921450672737e+00
6106 3.310882428389566e+00 -1.621990593339603e+00 3.686840915947005e+00
6107 3.310882428431283e+00 -1.621990593292755e+00 3.686840915963857e+00
6108 3.310882428389568e+00 -1.621990593339599e+00 3.686840915947005e+00
6109 3.310882428431301e+00 -1.621990593292749e+00 3.686840915963871e+00
6110 3.310882428397673e+00 -1.621990593271665e+00 3.686840915924396e+00
6111 3.310882428418460e+00 -1.621990593212846e+00 3.686840915917186e+00
6112 3.310882428418471e+00 -1.621990593212844e+00 3.686840915917195e+00
6113 3.310882428410328e+00 -1.621990593280749e+00 3.686840915939757e+00
6114 3.310882428376783e+00 -1.621990593259701e+00 3.686840915900373e+00
6115 3.310882428376763e+00 -1.621990593259696e+00 3.686840915900353e+00
6116 3.310882428410359e+00 -1.621990593280770e+00 3.686840915939794e+00
6117 3.310882428397605e+00 -1.621990593271650e+00 3.686840915924328e+00
6118 2.401436002458540e+00 -4.523596085110353e-01 2.443670208787657e+00
6119 2.401436002458493e+00 -4.523596085101377e-01 2.443670208787445e+00
6120 2.401436002458501e+00 -4.523596085101368e-01 2.443670208787452e+00
6121 2.325352659654721e+00 8.394473769779673e-01 2.472233178824051e+00
6122 2.401436002458540e+00 -4.523596085110348e-01 2.443670208787657e+00
6123 2.428606142722249e+00 5.546456029707278e-01 2.491136194864303e+00
6124 2.428606142717583e+00 5.546456029728365e-01 2.491136194860225e+00
6125 2.488474172685180e+00 3.661800298747431e-01 2.515271659761677e+00
6126 2.488474172685176e+00 3.661800298747607e-01 2.515271659761675e+00
6127 3.054522753223706e+00 -3.165560926605757e-01 3.070882122413991e+00
6128 3.054522753231882e+00 -3.165560926665092e-01 3.070882122422736e+00
6129 3.054522753231813e+00 -3.165560926665019e-01 3.070882122422667e+00
6130 3.054522753223645e+00 -3.165560926605644e-01 3.070882122413929e+00
6131 2.488474172685132e+00 3.661800298747481e-01 2.515271659761630e+00
6132 2.395165070908177e+00 6.032559148352159e-01 2.469966278247993e+00
6133 2.488474172685095e+00 3.661800298747613e-01 2.515271659761595e+00
6134 2.395165070909861e+00 6.032559148420504e-01 2.469966278251296e+00
6135 2.395165070908185e+00 6.032559148352228e-01 2.469966278248003e+00
6136 3.647026006400199e+00 -1.036433959338622e+00 3.791436936496468e+00
6137 3.647026006434923e+00 -1.036433959202415e+00 3.791436936492635e+00
6138 3.482343649350000e+00 -1.558513644525034e+00 3.815190961451206e+00
6139 3.647026006429800e+00 -1.036433959273210e+00 3.791436936507059e+00
6140 3.647026006405412e+00 -1.036433959267828e+00 3.791436936482129e+00
6141 2.395165070909892e+00 6.032559148420522e-01 2.469966278251326e+00
6142 3.482343649349939e+00 -1.558513644525020e+00 3.815190961451146e+00
6143 3.482343649350031e+00 -1.558513644525038e+00 3.815190961451236e+00
6144 3.578238766554220e+00 -1.539589625849404e+00 3.895398424615199e+00
6145 3.682176142820917e+00 -1.342695957323227e+00 3.919343513979307e+00
6146 3.578238766587449e+00 -1.539589625794659e+00 3.895398424624085e+00
6147 3.578238766554202e+00 -1.539589625849380e+00 3.895398424615172e+00
6148 3.682176142907689e+00 -1.342695956952025e+00 3.919343513933662e+00
6149 3.682176142820970e+00 -1.342695957323247e+00 3.919343513979364e+00
6150 3.682176142864467e+00 -1.342695957231078e+00 3.919343513988654e+00
6151 3.682176142864107e+00 -1.342695957044183e+00 3.919343513924288e+00
6152 3.682176142864148e+00 -1.342695957044187e+00 3.919343513924328e+00
6153 3.076057335463526e+00 -1.589164270926106e+00 3.462307295871797e+00
6154 3.076057335472728e+00 -1.589164271004099e+00 3.462307295915770e+00
6155 3.076057335466017e+00 -1.589164270969244e+00 3.462307295893809e+00
6156 3.076057335470147e+00 -1.589164270960936e+00 3.462307295893665e+00
6157 3.682176142864483e+00 -1.342695957231094e+00 3.919343513988673e+00
6158 3.182090748669674e+00 1.642649214573176e+00 3.581061012452455e+00
6159 3.182090748669649e+00 1.642649214573156e+00 3.581061012452424e+00
6160 3.182090748816422e+00 1.642649214786057e+00 3.581061012680503e+00
6161 3.182090748776973e+00 1.642649214655271e+00 3.581061012585457e+00
6162 3.182090748816409e+00 1.642649214786037e+00 3.581061012680482e+00
6163 3.578238766623599e+00 -1.539589625672428e+00 3.895398424608982e+00
6164 3.578238766587445e+00 -1.539589625794654e+00 3.895398424624080e+00
6165 3.182090748741658e+00 1.642649214674603e+00 3.581061012562944e+00
6166 3.182090748744447e+00 1.642649214684564e+00 3.581061012569991e+00
6167 3.182090748776989e+00 1.642649214655269e+00 3.581061012585470e+00
6168 3.578238766623552e+00 -1.539589625672395e+00 3.895398424608925e+00
6169 3.578238766590292e+00 -1.539589625727139e+00 3.895398424600011e+00
6170 3.182090748709075e+00 1.642649214703932e+00 3.581061012547444e+00
6171 2.602937896868843e+00 1.370261527595476e+00 2.941581606715048e+00
6172 2.602937896947877e+00 1.370261527430366e+00 2.941581606708071e+00
6173 2.602937896868848e+00 1.370261527595464e+00 2.941581606715047e+00
6174 2.602937896947852e+00 1.370261527430342e+00 2.941581606708037e+00
6175 2.602937896865758e+00 1.370261527456540e+00 2.941581606647599e+00
6176 2.602937896865737e+00 1.370261527456519e+00 2.941581606647570e+00
6177 2.602937896891678e+00 1.370261527513679e+00 2.941581606697152e+00
6178 2.602937896950977e+00 1.370261527569319e+00 2.941581606775542e+00
6179 2.602937896925016e+00 1.370261527512148e+00 2.941581606725938e+00
6180 3.076057335470136e+00 -1.589164270960897e+00 3.462307295893638e+00
6181 2.602937896951007e+00 1.370261527569314e+00 2.941581606775566e+00
6182 3.182090748709055e+00 1.642649214703943e+00 3.581061012547431e+00
6183 2.602937896925019e+00 1.370261527512148e+00 2.941581606725940e+00
6184 2.937380664819975e+00 -1.538063697514173e+00 3.315696775591702e+00
6185 2.937380664847865e+00 -1.538063697360809e+00 3.315696775545268e+00
6186 2.937380664820010e+00 -1.538063697514182e+00 3.315696775591737e+00
6187 2.937380664847958e+00 -1.538063697360822e+00 3.315696775545356e+00
6188 2.937380664843238e+00 -1.538063697440659e+00 3.315696775578209e+00
6189 2.937380664798567e+00 -1.538063697404786e+00 3.315696775521995e+00
6190 2.937380664824713e+00 -1.538063697434361e+00 3.315696775558877e+00
6191 2.937380664798633e+00 -1.538063697404824e+00 3.315696775522071e+00
6192 2.937380664824750e+00 -1.538063697434344e+00 3.315696775558902e+00
6193 2.937380664869335e+00 -1.538063697470211e+00 3.315696775615038e+00
6194 2.602937896891724e+00 1.370261527513710e+00 2.941581606697206e+00
6195 3.578238766590329e+00 -1.539589625727151e+00 3.895398424600050e+00
6196 2.937380664869324e+00 -1.538063697470201e+00 3.315696775615022e+00
6197 2.937380664843285e+00 -1.538063697440671e+00 3.315696775578257e+00
6198 3.647889453505271e+00 1.242015182275869e+00 3.853530741800141e+00
6199 3.647889453477942e+00 1.242015182328006e+00 3.853530741791074e+00
6200 2.428606142717565e+00 5.546456029728435e-01 2.491136194860208e+00
6201 2.428606142722218e+00 5.546456029707252e-01 2.491136194864273e+00
6202 3.682176142907702e+00 -1.342695956952034e+00 3.919343513933677e+00
6203 3.647026006434916e+00 -1.036433959202407e+00 3.791436936492627e+00
6204 3.482343649349998e+00 -1.558513644525029e+00 3.815190961451202e+00
6205 3.647026006400183e+00 -1.036433959338613e+00 3.791436936496449e+00
6206 3.647026006429809e+00 -1.036433959273204e+00 3.791436936507067e+00
6207 3.647026006405384e+00 -1.036433959267816e+00 3.791436936482099e+00
6208 3.182090748744404e+00 1.642649214684611e+00 3.581061012569975e+00
6209 3.182090748741603e+00 1.642649214674579e+00 3.581061012562884e+00
6210 3.682176142863860e+00 -1.342695957138413e+00 3.919343513956338e+00
6211 3.308187852710368e+00 1.619664459169955e+00 3.683397864624285e+00
6212 3.308187852713626e+00 1.619664459175000e+00 3.683397864629428e+00
6213 3.682176142864789e+00 -1.342695957136847e+00 3.919343513956675e+00
6214 3.540801327018870e+00 -1.567637384944573e+00 3.872306936193779e+00
6215 3.540801327020937e+00 -1.567637384921643e+00 3.872306936186386e+00
6216 3.308187852710446e+00 1.619664459169994e+00 3.683397864624371e+00
6217 3.308187852713630e+00 1.619664459175020e+00 3.683397864629442e+00
6218 3.540801327023964e+00 -1.567637384848204e+00 3.872306936159423e+00
6219 2.401436002437136e+00 4.523596083878330e-01 2.443670208743816e+00
6220 2.401436002351226e+00 4.523596086918883e-01 2.443670208715676e+00
6221 2.401436002565734e+00 4.523596083292721e-01 2.443670208859351e+00
6222 2.401436002565777e+00 4.523596083292851e-01 2.443670208859395e+00
6223 2.401436002351278e+00 4.523596086918934e-01 2.443670208715728e+00
6224 2.401436002437135e+00 4.523596083878331e-01 2.443670208743815e+00
6225 3.452684171383575e+00 -1.580735548395080e+00 3.797334968274801e+00
6226 3.452684171393834e+00 -1.580735548451106e+00 3.797334968307450e+00
6227 3.452684171383046e+00 -1.580735548461067e+00 3.797334968301787e+00
6228 2.401436002479849e+00 4.523596086333550e-01 2.443670208831240e+00
6229 3.309850101207860e+00 1.631627010478708e+00 3.690164548335124e+00
6230 3.452684171393854e+00 -1.580735548451110e+00 3.797334968307470e+00
6231 3.452684171383572e+00 -1.580735548395066e+00 3.797334968274792e+00
6232 3.452684171372770e+00 -1.580735548405064e+00 3.797334968269133e+00
6233 3.452684171372753e+00 -1.580735548405046e+00 3.797334968269108e+00
6234 3.309850101221210e+00 1.631627010385266e+00 3.690164548305781e+00
6235 3.537781913722771e+00 -1.547654629045660e+00 3.861493975117714e+00
6236 3.537781913725966e+00 -1.547654629117063e+00 3.861493975149260e+00
6237 3.537781913722743e+00 -1.547654629045659e+00 3.861493975117689e+00
6238 3.537781913716804e+00 -1.547654629056895e+00 3.861493975116751e+00
6239 3.537781913725881e+00 -1.547654629117042e+00 3.861493975149174e+00
6240 3.537781913731888e+00 -1.547654629105846e+00 3.861493975150189e+00
6241 3.537781913731913e+00 -1.547654629105849e+00 3.861493975150214e+00
6242 3.309850101207785e+00 1.631627010478676e+00 3.690164548335042e+00
6243 3.309850101207067e+00 1.631627010464924e+00 3.690164548328318e+00
6244 3.309850101221203e+00 1.631627010385259e+00 3.690164548305773e+00
6245 3.309850101220446e+00 1.631627010371492e+00 3.690164548299007e+00
6246 3.309850101220434e+00 1.631627010371502e+00 3.690164548299000e+00
6247 3.309850101207046e+00 1.631627010464913e+00 3.690164548328294e+00
6248 3.060063211170649e+00 1.622788933448260e+00 3.463730760160519e+00
6249 3.060063211234560e+00 1.622788933436973e+00 3.463730760211693e+00
6250 3.060063211170629e+00 1.622788933448235e+00 3.463730760160489e+00
6251 3.060063211234525e+00 1.622788933436944e+00 3.463730760211648e+00
6252 3.060063211297626e+00 1.622788933539698e+00 3.463730760315538e+00
6253 3.060063211230262e+00 1.622788933477407e+00 3.463730760226840e+00
6254 3.060063211237946e+00 1.622788933510480e+00 3.463730760249124e+00
6255 3.060063211237976e+00 1.622788933510495e+00 3.463730760249157e+00
6256 3.060063211233698e+00 1.622788933550960e+00 3.463730760264336e+00
6257 3.060063211230265e+00 1.622788933477403e+00 3.463730760226841e+00
6258 3.060063211233666e+00 1.622788933550968e+00 3.463730760264311e+00
6259 3.060063211297587e+00 1.622788933539665e+00 3.463730760315487e+00
6260 3.537781913716796e+00 -1.547654629056886e+00 3.861493975116740e+00
6261 2.401436002479876e+00 4.523596086333414e-01 2.443670208831264e+00
6262 3.682176142863890e+00 -1.342695957138447e+00 3.919343513956377e+00
6263 3.033704793120851e+00 -1.524344563297064e+00 3.395142282652929e+00
6264 3.170090719462070e+00 -1.540338986513711e+00 3.524502711446485e+00
6265 3.170090719462062e+00 -1.540338986513687e+00 3.524502711446468e+00
6266 3.033704793120966e+00 -1.524344563297091e+00 3.395142282653044e+00
6267 3.033704793120995e+00 -1.524344563297105e+00 3.395142282653076e+00
6268 3.452684171383053e+00 -1.580735548461098e+00 3.797334968301808e+00
6269 2.501548460353805e+00 -3.117182377320873e-01 2.520895269390081e+00
6270 2.501548460361037e+00 -3.117182373895386e-01 2.520895269354900e+00
6271 2.501548460361047e+00 -3.117182373895386e-01 2.520895269354910e+00
6272 2.501548460353823e+00 -3.117182377320840e-01 2.520895269390098e+00
6273 2.501548460366678e+00 -3.117182376510157e-01 2.520895269392831e+00
6274 2.501548460348194e+00 -3.117182374706001e-01 2.520895269352179e+00
6275 2.501548460348171e+00 -3.117182374706033e-01 2.520895269352157e+00
6276 3.338250647890328e+00 -1.563184997735705e+00 3.686117839310915e+00
6277 3.338250647844574e+00 -1.563184997833436e+00 3.686117839310924e+00
6278 3.338250647851879e+00 -1.563184997780619e+00 3.686117839295142e+00
6279 3.338250647883067e+00 -1.563184997788546e+00 3.686117839326748e+00
6280 3.338250647890378e+00 -1.563184997735704e+00 3.686117839310960e+00
6281 3.338250647844556e+00 -1.563184997833415e+00 3.686117839310899e+00
6282 3.338250647851847e+00 -1.563184997780595e+00 3.686117839295102e+00
6283 3.338250647883081e+00 -1.563184997788532e+00 3.686117839326755e+00
6284 2.560570839157050e+00 -3.815608346611290e-01 2.588843698041413e+00
6285 2.560570839163983e+00 -3.815608346525597e-01 2.588843698047007e+00
6286 2.560570839157027e+00 -3.815608346611393e-01 2.588843698041392e+00
6287 2.567570505225960e+00 1.264134997359873e+00 2.861897201308310e+00
6288 2.567570505225164e+00 1.264134997316581e+00 2.861897201288473e+00
6289 2.567570505227944e+00 1.264134997301936e+00 2.861897201284498e+00
6290 2.567570505228749e+00 1.264134997345222e+00 2.861897201304340e+00
6291 2.567570505228788e+00 1.264134997345242e+00 2.861897201304384e+00
6292 2.567570505227950e+00 1.264134997301937e+00 2.861897201284504e+00
6293 2.560570839184968e+00 -3.815608349219723e-01 2.588843698107470e+00
6294 2.560570839184969e+00 -3.815608349219746e-01 2.588843698107472e+00
6295 2.567570505225957e+00 1.264134997359861e+00 2.861897201308302e+00
6296 2.560570839163951e+00 -3.815608346525610e-01 2.588843698046976e+00
6297 2.567570505225210e+00 1.264134997316618e+00 2.861897201288530e+00
6298 2.560570839178091e+00 -3.815608349305450e-01 2.588843698101932e+00
6299 2.451093249322917e+00 4.761917832459266e-01 2.496921450768388e+00
6300 2.451093249265631e+00 4.761917830391494e-01 2.496921450672718e+00
6301 2.451093249257812e+00 4.761917830316179e-01 2.496921450663606e+00
6302 2.451093249265597e+00 4.761917830391443e-01 2.496921450672684e+00
6303 2.451093249330729e+00 4.761917832534593e-01 2.496921450777493e+00
6304 2.451093249322875e+00 4.761917832459254e-01 2.496921450768346e+00
6305 2.451093249330712e+00 4.761917832534484e-01 2.496921450777474e+00
6306 2.451093249257784e+00 4.761917830316130e-01 2.496921450663578e+00
6307 2.560570839178071e+00 -3.815608349305404e-01 2.588843698101911e+00
6308 2.408836543315410e+00 8.694856477592205e-01 2.560956615030994e+00
6309 2.408836543292012e+00 8.694856479176022e-01 2.560956615062759e+00
6310 2.361544661797887e+00 -6.880967881259813e-01 2.459750064436504e+00
6311 2.361544661797857e+00 -6.880967881259732e-01 2.459750064436474e+00
6312 2.361544661808164e+00 -6.880967880433699e-01 2.459750064423261e+00
6313 2.361544661811423e+00 -6.880967879683998e-01 2.459750064405418e+00
6314 2.361544661827673e+00 -6.880967879612304e-01 2.459750064419013e+00
6315 2.408836543300290e+00 8.694856479442409e-01 2.560956615079589e+00
6316 2.401436002458523e+00 4.523596085110395e-01 2.443670208787641e+00
6317 2.361544661827645e+00 -6.880967879612343e-01 2.459750064418988e+00
6318 2.401436002458496e+00 4.523596085101497e-01 2.443670208787450e+00
6319 2.401436002458486e+00 4.523596085101420e-01 2.443670208787438e+00
6320 3.540801327025526e+00 -1.567637384899285e+00 3.872306936181531e+00
6321 3.540801327023940e+00 -1.567637384848129e+00 3.872306936159372e+00
6322 3.540801327021883e+00 -1.567637384871090e+00 3.872306936166785e+00
6323 3.540801327017270e+00 -1.567637384893427e+00 3.872306936171610e+00
6324 3.540801327021908e+00 -1.567637384871098e+00 3.872306936166811e+00
6325 3.540801327017297e+00 -1.567637384893437e+00 3.872306936171639e+00
6326 3.540801327020980e+00 -1.567637384921637e+00 3.872306936186423e+00
6327 3.540801327018825e+00 -1.567637384944541e+00 3.872306936193725e+00
6328 3.540801327025576e+00 -1.567637384899285e+00 3.872306936181577e+00
6329 2.408836543300297e+00 8.694856479442467e-01 2.560956615079597e+00
6330 2.401436002458548e+00 4.523596085110414e-01 2.443670208787666e+00
6331 2.408836543315381e+00 8.694856477592159e-01 2.560956615030965e+00
6332 2.408836543291985e+00 8.694856479175914e-01 2.560956615062729e+00
6333 2.408836543307115e+00 8.694856477325692e-01 2.560956615014142e+00
6334 2.361544661811374e+00 -6.880967879683860e-01 2.459750064405367e+00
6335 2.361544661814138e+00 -6.880967881188229e-01 2.459750064450105e+00
6336 2.408836543307103e+00 8.694856477325703e-01 2.560956615014132e+00
6337 2.361544661814102e+00 -6.880967881188134e-01 2.459750064450067e+00
6338 3.647889453505289e+00 1.242015182275860e+00 3.853530741800155e+00
6339 3.647889453477990e+00 1.242015182327991e+00 3.853530741791116e+00
6340 3.675689080630704e+00 1.066690529102489e+00 3.827338357441727e+00
6341 3.682176142864706e+00 -1.342695957136825e+00 3.919343513956588e+00
6342 3.675689080630659e+00 1.066690529102472e+00 3.827338357441679e+00
6343 3.675689080630705e+00 1.066690529102473e+00 3.827338357441723e+00
6344 3.170090719462086e+00 -1.540338986513714e+00 3.524502711446501e+00
6345 3.170090719462114e+00 -1.540338986513725e+00 3.524502711446531e+00
6346 3.388089961802558e+00 -1.469371963638046e+00 3.692994388946832e+00
6347 3.054522753231848e+00 3.165560926664970e-01 3.070882122422700e+00
6348 3.054522753223677e+00 3.165560926605622e-01 3.070882122413961e+00
6349 3.054522753223655e+00 3.165560926605595e-01 3.070882122413939e+00
6350 3.388089961812075e+00 -1.469371963623841e+00 3.692994388949911e+00
6351 3.054522753231805e+00 3.165560926664986e-01 3.070882122422658e+00
6352 2.419353602851319e+00 -6.214784823554167e-01 2.497900590427979e+00
6353 2.419353602819191e+00 -6.214784824273484e-01 2.497900590414758e+00
6354 2.419353602829791e+00 -6.214784823586103e-01 2.497900590407923e+00
6355 2.419353602819184e+00 -6.214784824273430e-01 2.497900590414750e+00
6356 2.419353602840681e+00 -6.214784824241359e-01 2.497900590434774e+00
6357 2.419353602840704e+00 -6.214784824241393e-01 2.497900590434797e+00
6358 2.361544661817381e+00 -6.880967880438447e-01 2.459750064432243e+00
6359 2.501548460357104e+00 -3.117182375619895e-01 2.520895269372321e+00
6360 2.501548460357114e+00 -3.117182375619905e-01 2.520895269372332e+00
6361 2.501548460357783e+00 -3.117182375596369e-01 2.520895269372704e+00
6362 2.501548460361022e+00 3.117182373895359e-01 2.520895269354885e+00
6363 2.501548460353785e+00 3.117182377320760e-01 2.520895269390060e+00
6364 2.501548460366684e+00 -3.117182376510158e-01 2.520895269392836e+00
6365 2.501548460353836e+00 3.117182377320966e-01 2.520895269390113e+00
6366 2.501548460366647e+00 3.117182376510192e-01 2.520895269392800e+00
6367 2.501548460366664e+00 3.117182376510116e-01 2.520895269392816e+00
6368 3.033704793120961e+00 -1.524344563297096e+00 3.395142282653042e+00
6369 3.388089961802533e+00 -1.469371963638044e+00 3.692994388946808e+00
6370 3.675689080630658e+00 1.066690529102466e+00 3.827338357441677e+00
6371 3.388089961812040e+00 -1.469371963623836e+00 3.692994388949878e+00
6372 2.419353602851325e+00 -6.214784823554070e-01 2.497900590427983e+00
6373 3.439510200004068e+00 1.589847710525803e+00 3.789174865138341e+00
6374 3.439510200005339e+00 1.589847710522151e+00 3.789174865137962e+00
6375 2.361544661808150e+00 -6.880967880433664e-01 2.459750064423247e+00
6376 2.419353602829836e+00 -6.214784823586205e-01 2.497900590407970e+00
6377 2.501548460357776e+00 -3.117182375596455e-01 2.520895269372699e+00
6378 3.596729732669247e+00 1.548794116597378e+00 3.916021959268570e+00
6379 3.596729732677455e+00 1.548794116514501e+00 3.916021959243330e+00
6380 2.361544661817334e+00 -6.880967880438348e-01 2.459750064432195e+00
6381 3.439510200005313e+00 1.589847710522154e+00 3.789174865137940e+00
6382 3.596729732669255e+00 1.548794116597370e+00 3.916021959268574e+00
6383 3.596729732677471e+00 1.548794116514500e+00 3.916021959243345e+00
6384 2.560570839178022e+00 3.815608349305299e-01 2.588843698101861e+00
6385 2.560570839184926e+00 3.815608349219600e-01 2.588843698107427e+00
6386 3.596729732673443e+00 1.548794116557170e+00 3.916021959256521e+00
6387 3.596729732673209e+00 1.548794116554679e+00 3.916021959255321e+00
6388 3.596729732673497e+00 1.548794116557174e+00 3.916021959256573e+00
6389 2.560570839178004e+00 3.815608349305446e-01 2.588843698101846e+00
6390 2.560570839184928e+00 3.815608349219754e-01 2.588843698107431e+00
6391 3.596729732673228e+00 1.548794116554687e+00 3.916021959255342e+00
6392 2.560570839157040e+00 3.815608346611243e-01 2.588843698041402e+00
6393 2.560570839163934e+00 3.815608346525545e-01 2.588843698046957e+00
6394 3.310882428431267e+00 1.621990593292744e+00 3.686840915963838e+00
6395 3.310882428376770e+00 1.621990593259678e+00 3.686840915900351e+00
6396 3.310882428389553e+00 1.621990593339564e+00 3.686840915946976e+00
6397 3.310882428418455e+00 1.621990593212837e+00 3.686840915917178e+00
6398 3.310882428410406e+00 1.621990593280774e+00 3.686840915939837e+00
6399 2.710173485189209e+00 1.430009942437186e+00 3.064305591042092e+00
6400 2.710173485095580e+00 1.430009942137627e+00 3.064305590819489e+00
6401 2.560570839157005e+00 3.815608346611241e-01 2.588843698041367e+00
6402 2.560570839163918e+00 3.815608346525539e-01 2.588843698046941e+00
6403 2.710173485152303e+00 1.430009942200547e+00 3.064305590899020e+00
6404 3.310882428418485e+00 1.621990593212862e+00 3.686840915917217e+00
6405 2.710173485152325e+00 1.430009942200549e+00 3.064305590899041e+00
6406 2.710173485189270e+00 1.430009942437207e+00 3.064305591042156e+00
6407 2.710173485095649e+00 1.430009942137644e+00 3.064305590819558e+00
6408 2.710173485132526e+00 1.430009942374286e+00 3.064305590962607e+00
6409 2.710173485147014e+00 1.430009942299862e+00 3.064305590940689e+00
6410 2.501548460348159e+00 3.117182374706020e-01 2.520895269352145e+00
6411 2.501548460361046e+00 3.117182373895294e-01 2.520895269354908e+00
6412 2.501548460348187e+00 3.117182374706011e-01 2.520895269352172e+00
6413 3.578238766554175e+00 1.539589625849378e+00 3.895398424615148e+00
6414 3.578238766587417e+00 1.539589625794641e+00 3.895398424624049e+00
6415 3.578238766554226e+00 1.539589625849384e+00 3.895398424615196e+00
6416 3.578238766587521e+00 1.539589625794673e+00 3.895398424624157e+00
6417 3.578238766590260e+00 1.539589625727139e+00 3.895398424599980e+00
6418 3.578238766623546e+00 1.539589625672413e+00 3.895398424608927e+00
6419 3.578238766623580e+00 1.539589625672414e+00 3.895398424608960e+00
6420 2.710173485132526e+00 1.430009942374255e+00 3.064305590962593e+00
6421 2.710173485137821e+00 1.430009942274931e+00 3.064305590920924e+00
6422 2.501548460357772e+00 3.117182375596408e-01 2.520895269372694e+00
6423 2.501548460357066e+00 3.117182375619845e-01 2.520895269372283e+00
6424 3.578238766590330e+00 1.539589625727156e+00 3.895398424600053e+00
6425 2.501548460357109e+00 3.117182375619985e-01 2.520895269372328e+00
6426 2.501548460357796e+00 3.117182375596586e-01 2.520895269372720e+00
6427 2.710173485137780e+00 1.430009942274935e+00 3.064305590920890e+00
6428 3.647026006405380e+00 1.036433959267828e+00 3.791436936482099e+00
6429 3.379843318652285e+00 -1.445902816949066e+00 3.676135989690770e+00
6430 3.379843318676875e+00 -1.445902816903275e+00 3.676135989695368e+00
6431 3.482343649349974e+00 1.558513644525022e+00 3.815190961451178e+00
6432 3.482343649349919e+00 1.558513644525014e+00 3.815190961451124e+00
6433 3.439510200004078e+00 1.589847710525827e+00 3.789174865138360e+00
6434 2.606049854843989e+00 -2.643168373503100e-01 2.619419637331759e+00
6435 2.606049854805586e+00 -2.643168374130074e-01 2.619419637299879e+00
6436 2.606049854792095e+00 -2.643168376631906e-01 2.619419637311702e+00
6437 2.606049854830455e+00 -2.643168376004930e-01 2.619419637343540e+00
6438 2.606049854792059e+00 -2.643168376631966e-01 2.619419637311667e+00
6439 3.310882428389519e+00 1.621990593339582e+00 3.686840915946953e+00
6440 3.310882428431239e+00 1.621990593292734e+00 3.686840915963808e+00
6441 3.310882428376741e+00 1.621990593259690e+00 3.686840915900330e+00
6442 3.310882428410329e+00 1.621990593280768e+00 3.686840915939767e+00
6443 3.310882428397597e+00 1.621990593271641e+00 3.686840915924317e+00
6444 3.310882428397624e+00 1.621990593271660e+00 3.686840915924350e+00
6445 3.452684171383044e+00 1.580735548461085e+00 3.797334968301794e+00
6446 3.452684171372796e+00 1.580735548405064e+00 3.797334968269155e+00
6447 3.452684171393816e+00 1.580735548451099e+00 3.797334968307431e+00
6448 3.452684171383056e+00 1.580735548461073e+00 3.797334968301800e+00
6449 3.452684171393845e+00 1.580735548451109e+00 3.797334968307462e+00
6450 2.361544661797831e+00 6.880967881259732e-01 2.459750064436449e+00
6451 2.361544661827661e+00 6.880967879612333e-01 2.459750064419003e+00
6452 2.361544661827674e+00 6.880967879612414e-01 2.459750064419017e+00
6453 2.361544661808109e+00 6.880967880433556e-01 2.459750064423205e+00
6454 2.361544661797860e+00 6.880967881259759e-01 2.459750064436478e+00
6455 2.361544661814140e+00 6.880967881188244e-01 2.459750064450106e+00
6456 2.361544661814138e+00 6.880967881188168e-01 2.459750064450102e+00
6457 2.361544661817344e+00 6.880967880438548e-01 2.459750064432210e+00
6458 2.361544661817355e+00 6.880967880438397e-01 2.459750064432217e+00
6459 2.361544661811394e+00 6.880967879683935e-01 2.459750064405388e+00
6460 2.361544661811384e+00 6.880967879683906e-01 2.459750064405378e+00
6461 3.452684171383577e+00 1.580735548395090e+00 3.797334968274806e+00
6462 3.452684171383575e+00 1.580735548395062e+00 3.797334968274793e+00
6463 3.452684171372805e+00 1.580735548405081e+00 3.797334968269171e+00
6464 3.076057335550595e+00 1.589164270940115e+00 3.462307295955582e+00
6465 3.076057335385613e+00 1.589164270990070e+00 3.462307295831934e+00
6466 3.076057335463431e+00 1.589164270926077e+00 3.462307295871699e+00
6467 3.076057335385623e+00 1.589164270990083e+00 3.462307295831949e+00
6468 3.421599840615773e+00 -1.589014948345907e+00 3.772573919139111e+00
6469 3.421599840469701e+00 -1.589014948351809e+00 3.772573919009114e+00
6470 3.421599840549896e+00 -1.589014948388193e+00 3.772573919097173e+00
6471 3.076057335550580e+00 1.589164270940101e+00 3.462307295955561e+00
6472 3.076057335463510e+00 1.589164270926108e+00 3.462307295871783e+00
6473 3.076057335466052e+00 1.589164270969265e+00 3.462307295893850e+00
6474 3.076057335472732e+00 1.589164271004113e+00 3.462307295915779e+00
6475 3.076057335470174e+00 1.589164270960924e+00 3.462307295893684e+00
6476 3.417691342881346e+00 -1.594092686918111e+00 3.771172975307802e+00
6477 3.417691342970183e+00 -1.594092686667808e+00 3.771172975282508e+00
6478 3.421599840615840e+00 -1.589014948345933e+00 3.772573919139182e+00
6479 3.417691342970234e+00 -1.594092686667810e+00 3.771172975282555e+00
6480 3.421599840469723e+00 -1.589014948351804e+00 3.772573919009132e+00
6481 3.417691342881398e+00 -1.594092686918131e+00 3.771172975307857e+00
6482 3.421599840549920e+00 -1.589014948388201e+00 3.772573919097199e+00
6483 3.421599840548345e+00 -1.589014948345861e+00 3.772573919077936e+00
6484 3.421599840535578e+00 -1.589014948309524e+00 3.772573919051052e+00
6485 3.417691342917606e+00 -1.594092686792847e+00 3.771172975287713e+00
6486 3.421599840537102e+00 -1.589014948351854e+00 3.772573919070263e+00
6487 3.421599840535607e+00 -1.589014948309520e+00 3.772573919051076e+00
6488 3.417691342917634e+00 -1.594092686792856e+00 3.771172975287743e+00
6489 3.417691342926013e+00 -1.594092686793058e+00 3.771172975295422e+00
6490 3.417691342934036e+00 -1.594092686793081e+00 3.771172975302703e+00
6491 3.417691342934019e+00 -1.594092686793100e+00 3.771172975302695e+00
6492 3.417691342926038e+00 -1.594092686793073e+00 3.771172975295450e+00
6493 3.417691342925712e+00 -1.594092686792899e+00 3.771172975295082e+00
6494 3.417691342925698e+00 -1.594092686792899e+00 3.771172975295069e+00
6495 3.421599840548442e+00 -1.589014948345891e+00 3.772573919078037e+00
6496 3.076057335472731e+00 1.589164271004102e+00 3.462307295915774e+00
6497 2.701173180080017e+00 -1.331264199489647e+00 3.011411781478316e+00
6498 2.606049854805605e+00 -2.643168374130118e-01 2.619419637299898e+00
6499 3.379843318652266e+00 -1.445902816949067e+00 3.676135989690753e+00
6500 3.379843318676842e+00 -1.445902816903273e+00 3.676135989695336e+00
6501 2.710173485147030e+00 1.430009942299882e+00 3.064305590940713e+00
6502 2.606049854830494e+00 -2.643168376005041e-01 2.619419637343580e+00
6503 2.606049854843940e+00 -2.643168373503145e-01 2.619419637331711e+00
6504 3.482343649349954e+00 1.558513644525019e+00 3.815190961451157e+00
6505 3.482343649349979e+00 1.558513644525014e+00 3.815190961451179e+00
6506 3.421599840537157e+00 -1.589014948351858e+00 3.772573919070315e+00
6507 3.596550539485634e+00 -1.519674307622980e+00 3.904431557131433e+00
6508 3.596550539480448e+00 -1.519674307611120e+00 3.904431557122040e+00
6509 3.596550539485627e+00 -1.519674307622967e+00 3.904431557131422e+00
6510 3.596550539478852e+00 -1.519674307604471e+00 3.904431557117983e+00
6511 3.596550539476525e+00 -1.519674307596725e+00 3.904431557112824e+00
6512 3.596550539478119e+00 -1.519674307603352e+00 3.904431557116872e+00
6513 3.596550539471309e+00 -1.519674307584859e+00 3.904431557103401e+00
6514 3.596550539476585e+00 -1.519674307596723e+00 3.904431557112877e+00
6515 3.647026006434923e+00 1.036433959202421e+00 3.791436936492636e+00
6516 3.647026006429757e+00 1.036433959273205e+00 3.791436936507017e+00
6517 3.647026006434925e+00 1.036433959202411e+00 3.791436936492636e+00
6518 3.647026006405402e+00 1.036433959267821e+00 3.791436936482118e+00
6519 3.647026006400194e+00 1.036433959338613e+00 3.791436936496460e+00
6520 2.419353602819190e+00 6.214784824273423e-01 2.497900590414756e+00
6521 2.419353602851292e+00 6.214784823554078e-01 2.497900590427951e+00
6522 2.419353602840711e+00 6.214784824241537e-01 2.497900590434807e+00
6523 2.419353602819212e+00 6.214784824273438e-01 2.497900590414778e+00
6524 3.647026006400230e+00 1.036433959338632e+00 3.791436936496499e+00
6525 2.419353602851303e+00 6.214784823554133e-01 2.497900590427963e+00
6526 2.419353602829856e+00 6.214784823586244e-01 2.497900590407990e+00
6527 2.419353602840677e+00 6.214784824241358e-01 2.497900590434770e+00
6528 3.596550539471365e+00 -1.519674307584875e+00 3.904431557103459e+00
6529 3.537781913716767e+00 1.547654629056874e+00 3.861493975116708e+00
6530 3.537781913725902e+00 1.547654629117051e+00 3.861493975149197e+00
6531 3.537781913722742e+00 1.547654629045659e+00 3.861493975117688e+00
6532 2.419353602829788e+00 6.214784823586199e-01 2.497900590407923e+00
6533 3.537781913716809e+00 1.547654629056893e+00 3.861493975116755e+00
6534 3.537781913722727e+00 1.547654629045646e+00 3.861493975117669e+00
6535 3.537781913731922e+00 1.547654629105867e+00 3.861493975150229e+00
6536 3.076057335466025e+00 1.589164270969270e+00 3.462307295893829e+00
6537 2.937380664820006e+00 1.538063697514180e+00 3.315696775591733e+00
6538 2.937380664798624e+00 1.538063697404810e+00 3.315696775522056e+00
6539 2.937380664820054e+00 1.538063697514199e+00 3.315696775591784e+00
6540 2.937380664847946e+00 1.538063697360847e+00 3.315696775545357e+00
6541 2.937380664847947e+00 1.538063697360839e+00 3.315696775545355e+00
6542 3.076057335470150e+00 1.589164270960918e+00 3.462307295893659e+00
6543 2.937380664798590e+00 1.538063697404817e+00 3.315696775522029e+00
6544 2.937380664843189e+00 1.538063697440647e+00 3.315696775578160e+00
6545 2.937380664869361e+00 1.538063697470238e+00 3.315696775615072e+00
6546 2.937380664869359e+00 1.538063697470211e+00 3.315696775615058e+00
6547 2.937380664824714e+00 1.538063697434348e+00 3.315696775558872e+00
6548 3.682176142864126e+00 1.342695957044181e+00 3.919343513924305e+00
6549 3.682176142864523e+00 1.342695957231098e+00 3.919343513988712e+00
6550 3.682176142820914e+00 1.342695957323227e+00 3.919343513979305e+00
6551 3.682176142907690e+00 1.342695956952026e+00 3.919343513933662e+00
6552 3.682176142864468e+00 1.342695957231074e+00 3.919343513988653e+00
6553 3.682176142863880e+00 1.342695957138421e+00 3.919343513956359e+00
6554 3.682176142864731e+00 1.342695957136829e+00 3.919343513956613e+00
6555 3.682176142864732e+00 1.342695957136832e+00 3.919343513956615e+00
6556 3.682176142863895e+00 1.342695957138438e+00 3.919343513956378e+00
6557 3.682176142907697e+00 1.342695956952018e+00 3.919343513933666e+00
6558 3.682176142864166e+00 1.342695957044200e+00 3.919343513924349e+00
6559 2.937380664824740e+00 1.538063697434355e+00 3.315696775558898e+00
6560 3.682176142820938e+00 1.342695957323234e+00 3.919343513979329e+00
6561 2.361544661808137e+00 6.880967880433658e-01 2.459750064423235e+00
6562 3.596550539480443e+00 -1.519674307611109e+00 3.904431557122031e+00
6563 3.647026006429793e+00 1.036433959273208e+00 3.791436936507053e+00
6564 2.606049854843953e+00 2.643168373503144e-01 2.619419637331724e+00
6565 2.606049854792093e+00 2.643168376632002e-01 2.619419637311701e+00
6566 2.606049854843975e+00 2.643168373503157e-01 2.619419637331746e+00
6567 2.606049854792085e+00 2.643168376631930e-01 2.619419637311692e+00
6568 2.606049854805550e+00 2.643168374130155e-01 2.619419637299845e+00
6569 2.606049854805566e+00 2.643168374130143e-01 2.619419637299860e+00
6570 2.606049854830446e+00 2.643168376005051e-01 2.619419637343532e+00
6571 2.606049854830489e+00 2.643168376005096e-01 2.619419637343575e+00
6572 3.170090719462046e+00 1.540338986513683e+00 3.524502711446452e+00
6573 3.170090719462104e+00 1.540338986513687e+00 3.524502711446506e+00
6574 3.170090719462074e+00 1.540338986513715e+00 3.524502711446491e+00
6575 3.537781913725900e+00 1.547654629117047e+00 3.861493975149192e+00
6576 3.537781913731961e+00 1.547654629105876e+00 3.861493975150268e+00
6577 2.937380664843214e+00 1.538063697440640e+00 3.315696775578179e+00
6578 3.170090719462013e+00 1.540338986513671e+00 3.524502711446417e+00
6579 3.338250647844561e+00 1.563184997833427e+00 3.686117839310909e+00
6580 3.338250647890370e+00 1.563184997735726e+00 3.686117839310962e+00
6581 3.338250647851854e+00 1.563184997780601e+00 3.686117839295112e+00
6582 3.338250647883071e+00 1.563184997788521e+00 3.686117839326741e+00
6583 3.338250647883096e+00 1.563184997788546e+00 3.686117839326774e+00
6584 3.397450053267307e+00 -1.565008181403308e+00 3.740577157646305e+00
6585 3.397450053301260e+00 -1.565008181159369e+00 3.740577157575084e+00
6586 3.397450053267289e+00 -1.565008181403289e+00 3.740577157646281e+00
6587 3.397450053309915e+00 -1.565008181317279e+00 3.740577157649012e+00
6588 3.338250647844612e+00 1.563184997833446e+00 3.686117839310963e+00
6589 3.338250647851894e+00 1.563184997780615e+00 3.686117839295154e+00
6590 3.397450053309865e+00 -1.565008181317252e+00 3.740577157648956e+00
6591 3.338250647890395e+00 1.563184997735723e+00 3.686117839310984e+00
6592 3.397450053301280e+00 -1.565008181159381e+00 3.740577157575107e+00
6593 3.540801327020897e+00 1.567637384921605e+00 3.872306936186334e+00
6594 3.540801327021915e+00 1.567637384871109e+00 3.872306936166822e+00
6595 3.540801327025529e+00 1.567637384899277e+00 3.872306936181531e+00
6596 3.540801327017313e+00 1.567637384893446e+00 3.872306936171658e+00
6597 3.397450053343828e+00 -1.565008181073344e+00 3.740577157577755e+00
6598 3.540801327023959e+00 1.567637384848154e+00 3.872306936159398e+00
6599 3.540801327020933e+00 1.567637384921629e+00 3.872306936186377e+00
6600 3.540801327018853e+00 1.567637384944551e+00 3.872306936193754e+00
6601 3.540801327017321e+00 1.567637384893432e+00 3.872306936171659e+00
6602 3.540801327018855e+00 1.567637384944553e+00 3.872306936193757e+00
6603 3.397450053343884e+00 -1.565008181073360e+00 3.740577157577812e+00
6604 3.540801327023943e+00 1.567637384848143e+00 3.872306936159379e+00
6605 2.701173180080052e+00 -1.331264199489647e+00 3.011411781478347e+00
6606 2.701173180080084e+00 -1.331264199489674e+00 3.011411781478389e+00
6607 2.519271994481298e+00 -1.136463822526166e+00 2.763744091280625e+00
6608 2.519271994517704e+00 -1.136463822116318e+00 2.763744091145279e+00
6609 2.606484416596831e+00 -1.153680886309963e+00 2.850393060860040e+00
6610 2.606484416596780e+00 -1.153680886309935e+00 2.850393060859981e+00
6611 2.701173180080064e+00 1.331264199489643e+00 3.011411781478357e+00
6612 2.701173180080064e+00 1.331264199489645e+00 3.011411781478357e+00
6613 2.606484416585349e+00 -1.153680886304583e+00 2.850393060847363e+00
6614 2.606484416585306e+00 -1.153680886304566e+00 2.850393060847316e+00
6615 2.701173180080020e+00 1.331264199489634e+00 3.011411781478312e+00
6616 2.606049854817833e+00 -2.643168375068078e-01 2.619419637321529e+00
6617 3.511270237786912e+00 -1.547679104354176e+00 3.837229377144752e+00
6618 3.511270237759558e+00 -1.547679104393204e+00 3.837229377135464e+00
6619 3.511270237768254e+00 -1.547679104432270e+00 3.837229377159177e+00
6620 3.596550539478876e+00 -1.519674307604502e+00 3.904431557118016e+00
6621 3.511270237740852e+00 -1.547679104471280e+00 3.837229377149836e+00
6622 3.596550539478066e+00 -1.519674307603331e+00 3.904431557116815e+00
6623 3.511270237740908e+00 -1.547679104471300e+00 3.837229377149896e+00
6624 2.606049854818282e+00 -2.643168375067175e-01 2.619419637321966e+00
6625 2.606049854817759e+00 -2.643168375067988e-01 2.619419637321454e+00
6626 3.033704793120975e+00 1.524344563297118e+00 3.395142282653065e+00
6627 3.033704793120943e+00 1.524344563297080e+00 3.395142282653019e+00
6628 3.033704793121022e+00 1.524344563297140e+00 3.395142282653117e+00
6629 2.606049854818241e+00 -2.643168375067075e-01 2.619419637321925e+00
6630 3.033704793120953e+00 1.524344563297083e+00 3.395142282653028e+00
6631 3.388089961812044e+00 1.469371963623838e+00 3.692994388949882e+00
6632 3.388089961802520e+00 1.469371963638053e+00 3.692994388946800e+00
6633 3.540801327025549e+00 1.567637384899275e+00 3.872306936181547e+00
6634 3.540801327021912e+00 1.567637384871087e+00 3.872306936166811e+00
6635 2.606049854817767e+00 2.643168375067926e-01 2.619419637321462e+00
6636 3.388089961802531e+00 1.469371963638053e+00 3.692994388946810e+00
6637 3.388089961812075e+00 1.469371963623848e+00 3.692994388949914e+00
6638 2.606049854818242e+00 2.643168375067089e-01 2.619419637321926e+00
6639 2.606049854817786e+00 2.643168375067918e-01 2.619419637321480e+00
6640 2.606049854818268e+00 2.643168375066978e-01 2.619419637321950e+00
6641 3.417691342881409e+00 1.594092686918131e+00 3.771172975307868e+00
6642 3.417691342970241e+00 1.594092686667812e+00 3.771172975282563e+00
6643 3.417691342970206e+00 1.594092686667800e+00 3.771172975282526e+00
6644 3.417691342917638e+00 1.594092686792862e+00 3.771172975287749e+00
6645 3.417691342881381e+00 1.594092686918113e+00 3.771172975307835e+00
6646 3.417691342934031e+00 1.594092686793092e+00 3.771172975302703e+00
6647 3.417691342925958e+00 1.594092686793054e+00 3.771172975295370e+00
6648 3.417691342925643e+00 1.594092686792889e+00 3.771172975295015e+00
6649 3.417691342934034e+00 1.594092686793084e+00 3.771172975302702e+00
6650 2.701173180080076e+00 -1.331264199489643e+00 3.011411781478366e+00
6651 2.928300985978568e+00 -1.418608543701954e+00 3.253828032448431e+00
6652 2.928300985973001e+00 -1.418608543696113e+00 3.253828032440875e+00
6653 2.535633486432065e+00 -9.302089840875838e-01 2.700875030724836e+00
6654 2.535633486432618e+00 -9.302089840732856e-01 2.700875030720431e+00
6655 2.535633486432062e+00 -9.302089840876002e-01 2.700875030724839e+00
6656 2.535633486432668e+00 -9.302089840733312e-01 2.700875030720494e+00
6657 2.701173180080088e+00 1.331264199489638e+00 3.011411781478376e+00
6658 3.511270237786972e+00 -1.547679104354192e+00 3.837229377144813e+00
6659 3.397450053305271e+00 -1.565008181238973e+00 3.740577157612032e+00
6660 3.397450053305890e+00 -1.565008181237672e+00 3.740577157612050e+00
6661 3.511270237759558e+00 -1.547679104393201e+00 3.837229377135462e+00
6662 2.519271994517687e+00 -1.136463822116323e+00 2.763744091145265e+00
6663 2.806365181570696e+00 -1.424862646334514e+00 3.147367009621172e+00
6664 2.806365181701612e+00 -1.424862646706659e+00 3.147367009906380e+00
6665 2.806365181701576e+00 -1.424862646706651e+00 3.147367009906345e+00
6666 3.583068891448442e+00 -1.517928409488761e+00 3.891335161252324e+00
6667 2.519271994481307e+00 -1.136463822526163e+00 2.763744091280631e+00
6668 2.519271994491379e+00 -1.136463822376514e+00 2.763744091228275e+00
6669 3.511270237768233e+00 -1.547679104432260e+00 3.837229377159154e+00
6670 2.606484416596813e+00 1.153680886309939e+00 2.850393060860014e+00
6671 2.606484416585322e+00 1.153680886304574e+00 2.850393060847334e+00
6672 2.606484416585358e+00 1.153680886304579e+00 2.850393060847369e+00
6673 2.606484416596830e+00 1.153680886309947e+00 2.850393060860032e+00
6674 2.519271994491362e+00 -1.136463822376506e+00 2.763744091228257e+00
6675 2.519271994507641e+00 -1.136463822265950e+00 2.763744091197635e+00
6676 3.583068891437585e+00 -1.517928409436821e+00 3.891335161222066e+00
6677 3.583068891448453e+00 -1.517928409488765e+00 3.891335161252335e+00
6678 2.806365181570679e+00 -1.424862646334471e+00 3.147367009621137e+00
6679 3.583068891437641e+00 -1.517928409436839e+00 3.891335161222125e+00
6680 3.511270237763938e+00 -1.547679104412661e+00 3.837229377147319e+00
6681 3.583068891442416e+00 -1.517928409449428e+00 3.891335161231432e+00
6682 3.511270237763879e+00 -1.547679104412784e+00 3.837229377147314e+00
6683 2.519271994507630e+00 -1.136463822265972e+00 2.763744091197634e+00
6684 3.379843318652271e+00 1.445902816949061e+00 3.676135989690755e+00
6685 3.379843318676830e+00 1.445902816903259e+00 3.676135989695319e+00
6686 2.519271994509459e+00 -1.136463822326997e+00 2.763744091224395e+00
6687 2.519271994489571e+00 -1.136463822315496e+00 2.763744091201536e+00
6688 3.379843318676845e+00 1.445902816903273e+00 3.676135989695339e+00
6689 3.379843318652297e+00 1.445902816949076e+00 3.676135989690785e+00
6690 3.421599840469684e+00 1.589014948351791e+00 3.772573919009091e+00
6691 3.421599840549933e+00 1.589014948388208e+00 3.772573919097213e+00
6692 3.421599840535606e+00 1.589014948309537e+00 3.772573919051082e+00
6693 3.421599840469699e+00 1.589014948351803e+00 3.772573919009110e+00
6694 3.421599840537119e+00 1.589014948351863e+00 3.772573919070283e+00
6695 3.421599840548425e+00 1.589014948345891e+00 3.772573919078022e+00
6696 3.417691342917601e+00 1.594092686792846e+00 3.771172975287708e+00
6697 3.421599840549923e+00 1.589014948388199e+00 3.772573919097201e+00
6698 3.421599840535645e+00 1.589014948309550e+00 3.772573919051123e+00
6699 3.421599840615762e+00 1.589014948345913e+00 3.772573919139103e+00
6700 3.421599840615781e+00 1.589014948345920e+00 3.772573919139124e+00
6701 3.596550539485563e+00 1.519674307622956e+00 3.904431557131359e+00
6702 3.596550539471304e+00 1.519674307584854e+00 3.904431557103394e+00
6703 3.596550539476542e+00 1.519674307596738e+00 3.904431557112845e+00
6704 3.596550539480456e+00 1.519674307611127e+00 3.904431557122050e+00
6705 3.596550539485609e+00 1.519674307622974e+00 3.904431557131408e+00
6706 3.596550539471321e+00 1.519674307584861e+00 3.904431557103412e+00
6707 3.596550539480484e+00 1.519674307611116e+00 3.904431557122071e+00
6708 3.596550539476602e+00 1.519674307596737e+00 3.904431557112900e+00
6709 3.596550539478835e+00 1.519674307604459e+00 3.904431557117961e+00
6710 3.596550539478921e+00 1.519674307604516e+00 3.904431557118063e+00
6711 3.596550539478114e+00 1.519674307603351e+00 3.904431557116867e+00
6712 3.596550539478136e+00 1.519674307603366e+00 3.904431557116892e+00
6713 3.583068891442400e+00 -1.517928409449399e+00 3.891335161231407e+00
6714 3.583068891443654e+00 -1.517928409476189e+00 3.891335161243011e+00
6715 2.519271994509453e+00 -1.136463822326990e+00 2.763744091224387e+00
6716 2.519271994489550e+00 -1.136463822315500e+00 2.763744091201519e+00
6717 2.535633486432051e+00 9.302089840875896e-01 2.700875030724825e+00
6718 2.535633486432115e+00 9.302089840876050e-01 2.700875030724890e+00
6719 2.535633486432668e+00 9.302089840733033e-01 2.700875030720484e+00
6720 2.543669418875342e+00 -7.965888028749348e-01 2.665484540076596e+00
6721 2.543669418868433e+00 -7.965888028798469e-01 2.665484540071471e+00
6722 2.514473727620628e+00 -1.007539704646210e+00 2.708821585732982e+00
6723 2.514473727577446e+00 -1.007539704654101e+00 2.708821585695833e+00
6724 2.514473727620643e+00 -1.007539704646229e+00 2.708821585733003e+00
6725 2.514473727606382e+00 -1.007539704697097e+00 2.708821585738685e+00
6726 2.514473727577484e+00 -1.007539704654077e+00 2.708821585695860e+00
6727 2.514473727606382e+00 -1.007539704697117e+00 2.708821585738693e+00
6728 2.514473727591765e+00 -1.007539704603223e+00 2.708821585690201e+00
6729 2.514473727591747e+00 -1.007539704603206e+00 2.708821585690178e+00
6730 2.535633486432656e+00 9.302089840733074e-01 2.700875030720474e+00
6731 2.806365181615613e+00 -1.424862646491309e+00 3.147367009732207e+00
6732 2.543669418875343e+00 -7.965888028749148e-01 2.665484540076591e+00
6733 2.543669418868479e+00 -7.965888028798453e-01 2.665484540071515e+00
6734 3.583068891448483e+00 1.517928409488785e+00 3.891335161252371e+00
6735 3.583068891437631e+00 1.517928409436847e+00 3.891335161222119e+00
6736 2.806365181615654e+00 -1.424862646491286e+00 3.147367009732232e+00
6737 2.806365181620078e+00 -1.424862646513730e+00 3.147367009746338e+00
6738 2.806365181620060e+00 -1.424862646513760e+00 3.147367009746335e+00
6739 3.511270237740938e+00 1.547679104471308e+00 3.837229377149927e+00
6740 2.433651752111611e+00 -5.938286312313927e-01 2.505053551089491e+00
6741 2.433651752061092e+00 -5.938286311737804e-01 2.505053551026753e+00
6742 2.806365181652237e+00 -1.424862646527382e+00 3.147367009781193e+00
6743 3.511270237786997e+00 1.547679104354215e+00 3.837229377144846e+00
6744 3.583068891437567e+00 1.517928409436825e+00 3.891335161222051e+00
6745 2.806365181652219e+00 -1.424862646527413e+00 3.147367009781191e+00
6746 3.511270237740897e+00 1.547679104471274e+00 3.837229377149876e+00
6747 3.511270237759576e+00 1.547679104393214e+00 3.837229377135484e+00
6748 3.511270237786968e+00 1.547679104354201e+00 3.837229377144813e+00
6749 3.511270237768253e+00 1.547679104432275e+00 3.837229377159178e+00
6750 2.433651752061097e+00 -5.938286311737913e-01 2.505053551026761e+00
6751 2.433651752111587e+00 -5.938286312313911e-01 2.505053551089466e+00
6752 2.433651752090856e+00 -5.938286311883819e-01 2.505053551059131e+00
6753 2.433651752081848e+00 -5.938286312168071e-01 2.505053551057117e+00
6754 2.806365181656652e+00 -1.424862646549879e+00 3.147367009795314e+00
6755 3.511270237768250e+00 1.547679104432274e+00 3.837229377159175e+00
6756 2.433651752090850e+00 -5.938286311883787e-01 2.505053551059124e+00
6757 2.433651752081873e+00 -5.938286312168011e-01 2.505053551057141e+00
6758 2.433651752087991e+00 -5.938286312024985e-01 2.505053551059694e+00
6759 2.433651752084715e+00 -5.938286312026807e-01 2.505053551056554e+00
6760 2.806365181656746e+00 -1.424862646549877e+00 3.147367009795397e+00
6761 3.511270237759563e+00 1.547679104393197e+00 3.837229377135465e+00
6762 2.519271994481316e+00 1.136463822526158e+00 2.763744091280637e+00
6763 2.519271994517707e+00 1.136463822116322e+00 2.763744091145282e+00
6764 2.519271994517681e+00 1.136463822116311e+00 2.763744091145255e+00
6765 2.519271994481342e+00 1.136463822526172e+00 2.763744091280666e+00
6766 2.519271994491389e+00 1.136463822376498e+00 2.763744091228278e+00
6767 2.433651752061101e+00 5.938286311737926e-01 2.505053551026765e+00
6768 2.433651752090864e+00 5.938286311883877e-01 2.505053551059139e+00
6769 2.433651752061095e+00 5.938286311737875e-01 2.505053551026758e+00
6770 2.433651752111615e+00 5.938286312313970e-01 2.505053551089494e+00
6771 2.519271994491344e+00 1.136463822376497e+00 2.763744091228237e+00
6772 2.519271994507672e+00 1.136463822265965e+00 2.763744091197669e+00
6773 2.519271994507689e+00 1.136463822265979e+00 2.763744091197691e+00
6774 2.433651752111617e+00 5.938286312313968e-01 2.505053551089497e+00
6775 2.433651752090848e+00 5.938286311883785e-01 2.505053551059122e+00
6776 2.806365181570698e+00 1.424862646334495e+00 3.147367009621166e+00
6777 2.806365181701577e+00 1.424862646706643e+00 3.147367009906342e+00
6778 2.519271994489575e+00 1.136463822315510e+00 2.763744091201545e+00
6779 2.433651752081892e+00 5.938286312168219e-01 2.505053551057164e+00
6780 2.433651752084743e+00 5.938286312026871e-01 2.505053551056583e+00
6781 2.433651752087994e+00 5.938286312025045e-01 2.505053551059699e+00
6782 2.519271994509476e+00 1.136463822327024e+00 2.763744091224421e+00
6783 2.806365181570672e+00 1.424862646334479e+00 3.147367009621135e+00
6784 2.806365181701572e+00 1.424862646706644e+00 3.147367009906337e+00
6785 2.519271994489542e+00 1.136463822315489e+00 2.763744091201507e+00
6786 2.806365181656706e+00 1.424862646549877e+00 3.147367009795362e+00
6787 2.806365181656616e+00 1.424862646549880e+00 3.147367009795282e+00
6788 2.806365181620034e+00 1.424862646513742e+00 3.147367009746304e+00
6789 2.806365181620079e+00 1.424862646513709e+00 3.147367009746330e+00
6790 2.806365181652260e+00 1.424862646527392e+00 3.147367009781218e+00
6791 2.806365181615616e+00 1.424862646491243e+00 3.147367009732179e+00
6792 2.806365181615587e+00 1.424862646491270e+00 3.147367009732166e+00
6793 2.433651752081862e+00 5.938286312167980e-01 2.505053551057129e+00
6794 2.433651752084705e+00 5.938286312026810e-01 2.505053551056544e+00
6795 2.433651752087990e+00 5.938286312024971e-01 2.505053551059693e+00
6796 2.806365181652194e+00 1.424862646527392e+00 3.147367009781159e+00
6797 3.511270237763951e+00 -1.547679104412677e+00 3.837229377147336e+00
6798 3.397450053305906e+00 -1.565008181237652e+00 3.740577157612055e+00
6799 3.397450053305247e+00 -1.565008181238954e+00 3.740577157612003e+00
6800 3.583068891443662e+00 -1.517928409476196e+00 3.891335161243021e+00
6801 2.928300985978610e+00 -1.418608543701970e+00 3.253828032448476e+00
6802 2.928300985973045e+00 -1.418608543696140e+00 3.253828032440927e+00
6803 3.511270237763894e+00 -1.547679104412800e+00 3.837229377147334e+00
6804 2.543669418875278e+00 7.965888028749042e-01 2.665484540076526e+00
6805 2.543669418868407e+00 7.965888028798273e-01 2.665484540071440e+00
6806 3.417691342925683e+00 1.594092686792880e+00 3.771172975295049e+00
6807 3.417691342925959e+00 1.594092686793046e+00 3.771172975295368e+00
6808 2.543669418868411e+00 7.965888028798305e-01 2.665484540071444e+00
6809 2.543669418875298e+00 7.965888028749104e-01 2.665484540076546e+00
6810 3.421599840537094e+00 1.589014948351859e+00 3.772573919070259e+00
6811 3.421599840548357e+00 1.589014948345864e+00 3.772573919077948e+00
6812 2.928300985973046e+00 1.418608543696139e+00 3.253828032440927e+00
6813 2.928300985973014e+00 1.418608543696109e+00 3.253828032440885e+00
6814 2.928300985978574e+00 1.418608543701962e+00 3.253828032448440e+00
6815 2.928300985978606e+00 1.418608543701967e+00 3.253828032448472e+00
6816 3.164533297824111e+00 5.116286839457125e-01 3.205625508894257e+00
6817 3.164533297824113e+00 5.116286839457186e-01 3.205625508894260e+00
6818 3.164533297839297e+00 5.116286838338215e-01 3.205625508891391e+00
6819 3.164533297833124e+00 5.116286839604433e-01 3.205625508905505e+00
6820 3.164533297833123e+00 5.116286839604531e-01 3.205625508905506e+00
6821 3.164533297839339e+00 5.116286838338384e-01 3.205625508891435e+00
6822 3.164533297830269e+00 5.116286838190854e-01 3.205625508880126e+00
6823 2.519271994509453e+00 1.136463822326988e+00 2.763744091224386e+00
6824 3.164533297830272e+00 5.116286838190843e-01 3.205625508880128e+00
6825 2.514473727606408e+00 1.007539704697112e+00 2.708821585738715e+00
6826 2.514473727620665e+00 1.007539704646211e+00 2.708821585733017e+00
6827 2.514473727577502e+00 1.007539704654108e+00 2.708821585695888e+00
6828 2.514473727620670e+00 1.007539704646226e+00 2.708821585733027e+00
6829 2.514473727606386e+00 1.007539704697108e+00 2.708821585738694e+00
6830 2.514473727591741e+00 1.007539704603214e+00 2.708821585690175e+00
6831 2.514473727577516e+00 1.007539704654113e+00 2.708821585695903e+00
6832 3.583068891448414e+00 1.517928409488754e+00 3.891335161252295e+00
6833 3.583068891443601e+00 1.517928409476168e+00 3.891335161242953e+00
6834 3.583068891442400e+00 1.517928409449396e+00 3.891335161231405e+00
6835 3.583068891442986e+00 1.517928409462887e+00 3.891335161237207e+00
6836 3.583068891443064e+00 1.517928409462720e+00 3.891335161237214e+00
6837 3.583068891443018e+00 1.517928409462902e+00 3.891335161237242e+00
6838 3.583068891443036e+00 1.517928409462726e+00 3.891335161237190e+00
6839 3.397450053301252e+00 1.565008181159369e+00 3.740577157575076e+00
6840 3.397450053343788e+00 1.565008181073327e+00 3.740577157577711e+00
6841 3.397450053267310e+00 1.565008181403311e+00 3.740577157646309e+00
6842 3.397450053309865e+00 1.565008181317261e+00 3.740577157648959e+00
6843 3.583068891442388e+00 1.517928409449400e+00 3.891335161231395e+00
6844 3.583068891443619e+00 1.517928409476176e+00 3.891335161242973e+00
6845 3.397450053301259e+00 1.565008181159365e+00 3.740577157575081e+00
6846 3.397450053343830e+00 1.565008181073327e+00 3.740577157577750e+00
6847 3.397450053267304e+00 1.565008181403303e+00 3.740577157646301e+00
6848 2.514473727591772e+00 1.007539704603221e+00 2.708821585690207e+00
6849 3.397450053309901e+00 1.565008181317273e+00 3.740577157648996e+00
6850 3.397450053305859e+00 1.565008181237653e+00 3.740577157612014e+00
6851 3.397450053305240e+00 1.565008181238969e+00 3.740577157612002e+00
6852 3.397450053305279e+00 1.565008181238973e+00 3.740577157612039e+00
6853 3.397450053305863e+00 1.565008181237646e+00 3.740577157612014e+00
6854 3.464591366494659e+00 -1.307490502433106e+00 3.703096643451547e+00
6855 3.464591366494731e+00 -1.307490502433113e+00 3.703096643451615e+00
6856 3.464591366494715e+00 -1.307490502433114e+00 3.703096643451602e+00
6857 2.934883435826568e+00 -1.432322145825982e+00 3.265744556959822e+00
6858 2.934883435824390e+00 -1.432322145806463e+00 3.265744556949304e+00
6859 2.934883435840123e+00 -1.432322145696116e+00 3.265744556915047e+00
6860 2.433651752084725e+00 -5.938286312026946e-01 2.505053551056567e+00
6861 2.934883435842293e+00 -1.432322145715616e+00 3.265744556925549e+00
6862 2.433651752087989e+00 -5.938286312024958e-01 2.505053551059692e+00
6863 3.583068891442999e+00 -1.517928409462887e+00 3.891335161237218e+00
6864 3.583068891443069e+00 -1.517928409462711e+00 3.891335161237215e+00
6865 3.583068891443004e+00 -1.517928409462886e+00 3.891335161237223e+00
6866 3.536062196543187e+00 -8.129743078225586e-01 3.628314082738896e+00
6867 3.536062196513610e+00 -8.129743081226932e-01 3.628314082777320e+00
6868 3.583068891443018e+00 -1.517928409462691e+00 3.891335161237160e+00
6869 3.536062196513636e+00 -8.129743081226994e-01 3.628314082777347e+00
6870 3.536062196529319e+00 -8.129743080636221e-01 3.628314082779395e+00
6871 3.164533297839291e+00 -5.116286838338153e-01 3.205625508891383e+00
6872 3.164533297830264e+00 -5.116286838190793e-01 3.205625508880120e+00
6873 3.164533297830296e+00 -5.116286838190915e-01 3.205625508880154e+00
6874 3.164533297839333e+00 -5.116286838338310e-01 3.205625508891427e+00
6875 3.536062196529328e+00 -8.129743080636165e-01 3.628314082779402e+00
6876 3.511270237763946e+00 1.547679104412659e+00 3.837229377147325e+00
6877 3.511270237763898e+00 1.547679104412821e+00 3.837229377147346e+00
6878 3.164533297824109e+00 -5.116286839457131e-01 3.205625508894255e+00
6879 3.164533297833139e+00 -5.116286839604460e-01 3.205625508905521e+00
6880 3.511270237763886e+00 1.547679104412820e+00 3.837229377147335e+00
6881 3.164533297824109e+00 -5.116286839457174e-01 3.205625508894256e+00
6882 3.164533297833132e+00 -5.116286839604509e-01 3.205625508905515e+00
6883 3.464591366494727e+00 -1.307490502433131e+00 3.703096643451619e+00
6884 2.940147449693757e+00 -6.324315097796693e-01 3.007396987513105e+00
6885 2.940147449689213e+00 -6.324315097699715e-01 3.007396987506622e+00
6886 3.464591366494723e+00 1.307490502433131e+00 3.703096643451615e+00
6887 3.464591366494704e+00 1.307490502433122e+00 3.703096643451594e+00
6888 2.627472564779027e+00 1.163346468543616e+00 2.873497361150586e+00
6889 2.627472564783927e+00 1.163346468569684e+00 2.873497361165620e+00
6890 2.934883435824376e+00 -1.432322145806465e+00 3.265744556949292e+00
6891 2.934883435826563e+00 -1.432322145825974e+00 3.265744556959814e+00
6892 2.934883435840129e+00 -1.432322145696125e+00 3.265744556915056e+00
6893 2.940147449693786e+00 6.324315097796789e-01 3.007396987513135e+00
6894 2.940147449689253e+00 6.324315097699831e-01 3.007396987506664e+00
6895 2.934883435842292e+00 -1.432322145715631e+00 3.265744556925554e+00
6896 2.940147449693763e+00 6.324315097796833e-01 3.007396987513113e+00
6897 2.940147449689212e+00 6.324315097699831e-01 3.007396987506624e+00
6898 2.627472564766751e+00 -1.163346468709272e+00 2.873497361206427e+00
6899 2.627472564761858e+00 -1.163346468683208e+00 2.873497361191401e+00
6900 2.627472564766750e+00 -1.163346468709266e+00 2.873497361206423e+00
6901 2.627472564761865e+00 -1.163346468683204e+00 2.873497361191406e+00
6902 2.627472564783930e+00 -1.163346468569685e+00 2.873497361165623e+00
6903 2.627472564778995e+00 -1.163346468543607e+00 2.873497361150553e+00
6904 3.012477938863307e+00 -1.465276033731530e+00 3.349933907880292e+00
6905 3.012477938817915e+00 -1.465276033718868e+00 3.349933907833933e+00
6906 3.012477938863330e+00 -1.465276033731534e+00 3.349933907880314e+00
6907 3.012477938819768e+00 -1.465276033788643e+00 3.349933907866120e+00
6908 3.012477938861512e+00 -1.465276033661791e+00 3.349933907848173e+00
6909 2.692047752069072e+00 1.309846778805840e+00 2.993796867419060e+00
6910 2.692047752075941e+00 1.309846778924731e+00 2.993796867477254e+00
6911 3.012477938861459e+00 -1.465276033661760e+00 3.349933907848112e+00
6912 2.627472564783953e+00 -1.163346468569697e+00 2.873497361165648e+00
6913 2.692047752075987e+00 1.309846778924756e+00 2.993796867477307e+00
6914 2.692047752069113e+00 1.309846778805866e+00 2.993796867419109e+00
6915 2.627472564779027e+00 -1.163346468543612e+00 2.873497361150584e+00
6916 3.536062196543170e+00 -8.129743078225609e-01 3.628314082738881e+00
6917 3.536062196527524e+00 -8.129743078816450e-01 3.628314082736871e+00
6918 3.536062196527505e+00 -8.129743078816403e-01 3.628314082736851e+00
6919 3.536062196528306e+00 -8.129743079723110e-01 3.628314082757948e+00
6920 3.536062196543180e+00 8.129743078225574e-01 3.628314082738889e+00
6921 3.536062196513608e+00 8.129743081226977e-01 3.628314082777319e+00
6922 3.536062196527474e+00 8.129743078816301e-01 3.628314082736818e+00
6923 2.934883435840127e+00 1.432322145696112e+00 3.265744556915049e+00
6924 3.536062196529296e+00 8.129743080636151e-01 3.628314082779371e+00
6925 2.934883435826569e+00 1.432322145825977e+00 3.265744556959821e+00
6926 2.934883435824356e+00 1.432322145806450e+00 3.265744556949268e+00
6927 2.934883435840174e+00 1.432322145696107e+00 3.265744556915088e+00
6928 2.934883435842325e+00 1.432322145715636e+00 3.265744556925586e+00
6929 2.934883435826559e+00 1.432322145825980e+00 3.265744556959814e+00
6930 3.536062196543187e+00 8.129743078225613e-01 3.628314082738897e+00
6931 3.536062196513638e+00 8.129743081227000e-01 3.628314082777349e+00
6932 3.536062196529276e+00 8.129743080636148e-01 3.628314082779351e+00
6933 2.934883435824369e+00 1.432322145806467e+00 3.265744556949287e+00
6934 2.934883435842308e+00 1.432322145715632e+00 3.265744556925569e+00
6935 3.536062196528269e+00 -8.129743079723056e-01 3.628314082757909e+00
6936 3.536062196528527e+00 -8.129743079729463e-01 3.628314082758305e+00
6937 3.536062196527505e+00 8.129743078816396e-01 3.628314082736851e+00
6938 3.536062196528464e+00 -8.129743079729275e-01 3.628314082758239e+00
6939 2.692047752069090e+00 -1.309846778805857e+00 2.993796867419084e+00
6940 2.692047752075959e+00 -1.309846778924744e+00 2.993796867477276e+00
6941 2.692047752065516e+00 -1.309846778846420e+00 2.993796867433618e+00
6942 3.536062196528298e+00 8.129743079723246e-01 3.628314082757943e+00
6943 3.536062196528533e+00 8.129743079729397e-01 3.628314082758310e+00
6944 2.692047752069109e+00 -1.309846778805861e+00 2.993796867419102e+00
6945 2.692047752065503e+00 -1.309846778846422e+00 2.993796867433607e+00
6946 2.692047752079603e+00 -1.309846778884203e+00 2.993796867462815e+00
6947 2.692047752079567e+00 -1.309846778884182e+00 2.993796867462773e+00
6948 2.692047752075974e+00 -1.309846778924756e+00 2.993796867477295e+00
6949 3.536062196528546e+00 8.129743079729481e-01 3.628314082758323e+00
6950 3.536062196528296e+00 8.129743079723248e-01 3.628314082757941e+00
6951 3.511270237763969e+00 1.547679104412670e+00 3.837229377147350e+00
6952 3.464591366494711e+00 1.307490502433127e+00 3.703096643451602e+00
6953 2.940147449693756e+00 -6.324315097796769e-01 3.007396987513105e+00
6954 2.940147449689209e+00 -6.324315097699762e-01 3.007396987506620e+00
6955 3.464591366494705e+00 1.307490502433128e+00 3.703096643451596e+00
6956 2.598070121631284e+00 6.954796376029888e-01 2.689546482817053e+00
6957 2.598070121631249e+00 6.954796376029884e-01 2.689546482817019e+00
6958 2.598070121631260e+00 -6.954796376029859e-01 2.689546482817029e+00
6959 3.192100503168162e+00 -1.476342211821777e+00 3.516971985776010e+00
6960 3.192100503135884e+00 -1.476342211927976e+00 3.516971985791292e+00
6961 3.192100503165431e+00 -1.476342211871265e+00 3.516971985794306e+00
6962 3.192100503138680e+00 -1.476342211878523e+00 3.516971985773072e+00
6963 3.012477938819828e+00 -1.465276033788673e+00 3.349933907866187e+00
6964 3.012477938817949e+00 -1.465276033718876e+00 3.349933907833968e+00
6965 2.598070121631249e+00 6.954796376029849e-01 2.689546482817018e+00
6966 2.598070121631253e+00 -6.954796376029866e-01 2.689546482817023e+00
6967 2.598070121631269e+00 -6.954796376029839e-01 2.689546482817037e+00
6968 2.566055145224873e+00 7.559533650526429e-01 2.675089624380734e+00
6969 2.566055145222214e+00 7.559533650411572e-01 2.675089624374937e+00
6970 2.692047752065523e+00 1.309846778846422e+00 2.993796867433625e+00
6971 2.627472564779044e+00 1.163346468543627e+00 2.873497361150606e+00
6972 2.627472564783935e+00 1.163346468569707e+00 2.873497361165636e+00
6973 2.627472564766752e+00 1.163346468709275e+00 2.873497361206430e+00
6974 2.627472564761843e+00 1.163346468683201e+00 2.873497361191385e+00
6975 3.463450025307691e+00 -1.259375092718952e+00 3.685310258575893e+00
6976 3.463450025345418e+00 -1.259375092595760e+00 3.685310258569251e+00
6977 2.692047752079566e+00 1.309846778884179e+00 2.993796867462772e+00
6978 2.692047752079561e+00 1.309846778884201e+00 2.993796867462777e+00
6979 2.627472564766753e+00 1.163346468709275e+00 2.873497361206431e+00
6980 2.627472564761883e+00 1.163346468683220e+00 2.873497361191429e+00
6981 2.566055145222220e+00 7.559533650411612e-01 2.675089624374944e+00
6982 3.463450025307721e+00 -1.259375092718968e+00 3.685310258575927e+00
6983 3.463450025345427e+00 -1.259375092595738e+00 3.685310258569252e+00
6984 3.463450025338650e+00 -1.259375092654457e+00 3.685310258582949e+00
6985 3.463450025314425e+00 -1.259375092660238e+00 3.685310258562157e+00
6986 2.598070121631258e+00 -6.954796376029873e-01 2.689546482817028e+00
6987 3.012477938819727e+00 1.465276033788627e+00 3.349933907866076e+00
6988 3.012477938861482e+00 1.465276033661777e+00 3.349933907848140e+00
6989 3.012477938819765e+00 1.465276033788637e+00 3.349933907866115e+00
6990 2.692047752072550e+00 -1.309846778865318e+00 2.993796867448211e+00
6991 2.692047752072503e+00 -1.309846778865301e+00 2.993796867448161e+00
6992 2.566055145222229e+00 -7.559533650411661e-01 2.675089624374955e+00
6993 3.012477938863277e+00 1.465276033731533e+00 3.349933907880265e+00
6994 3.012477938817914e+00 1.465276033718875e+00 3.349933907833936e+00
6995 2.566055145224853e+00 -7.559533650526439e-01 2.675089624380715e+00
6996 3.012477938861470e+00 1.465276033661764e+00 3.349933907848124e+00
6997 2.566055145224864e+00 -7.559533650526437e-01 2.675089624380726e+00
6998 2.566055145251749e+00 -7.559533651842905e-01 2.675089624443717e+00
6999 2.566055145222212e+00 -7.559533650411634e-01 2.675089624374938e+00
7000 2.566055145251756e+00 -7.559533651842901e-01 2.675089624443724e+00
7001 2.566055145249131e+00 -7.559533651728062e-01 2.675089624437961e+00
7002 2.566055145249124e+00 -7.559533651728094e-01 2.675089624437955e+00
7003 3.012477938863292e+00 1.465276033731522e+00 3.349933907880274e+00
7004 2.692047752072556e+00 -1.309846778865303e+00 2.993796867448209e+00
7005 3.012477938817911e+00 1.465276033718871e+00 3.349933907833931e+00
7006 3.463450025314434e+00 -1.259375092660241e+00 3.685310258562167e+00
7007 2.598070121631250e+00 6.954796376029921e-01 2.689546482817021e+00
7008 2.692047752065500e+00 1.309846778846421e+00 2.993796867433604e+00
7009 3.463450025338666e+00 -1.259375092654464e+00 3.685310258582966e+00
7010 2.692047752072574e+00 1.309846778865312e+00 2.993796867448230e+00
7011 2.692047752072562e+00 1.309846778865295e+00 2.993796867448212e+00
7012 2.566055145249100e+00 7.559533651727990e-01 2.675089624437929e+00
7013 2.566055145224857e+00 7.559533650526542e-01 2.675089624380723e+00
7014 2.566055145251731e+00 7.559533651842799e-01 2.675089624443696e+00
7015 2.566055145249120e+00 7.559533651728088e-01 2.675089624437951e+00
7016 3.463450025345409e+00 1.259375092595753e+00 3.685310258569240e+00
7017 2.566055145251758e+00 7.559533651842879e-01 2.675089624443725e+00
7018 3.463450025345452e+00 1.259375092595755e+00 3.685310258569281e+00
7019 3.463450025307695e+00 1.259375092718967e+00 3.685310258575901e+00
7020 3.463450025307702e+00 1.259375092718959e+00 3.685310258575905e+00
7021 2.692047752072573e+00 -1.309846778865321e+00 2.993796867448232e+00
7022 3.192100503165384e+00 -1.476342211871255e+00 3.516971985794258e+00
7023 3.192100503138643e+00 -1.476342211878494e+00 3.516971985773026e+00
7024 3.192100503135865e+00 -1.476342211927948e+00 3.516971985791264e+00
7025 3.463450025314482e+00 1.259375092660242e+00 3.685310258562212e+00
7026 3.463450025338658e+00 1.259375092654460e+00 3.685310258582957e+00
7027 3.192100503168144e+00 -1.476342211821749e+00 3.516971985775982e+00
7028 3.463450025338663e+00 1.259375092654465e+00 3.685310258582962e+00
7029 2.513357196633622e+00 -7.479490571705125e-01 2.622287587201732e+00
7030 2.513357196395992e+00 -7.479490575237906e-01 2.622287587074737e+00
7031 2.746117436901480e+00 -1.275035029230494e+00 3.027684809061068e+00
7032 2.746117436901498e+00 -1.275035029230498e+00 3.027684809061087e+00
7033 2.746117436928463e+00 1.275035029362019e+00 3.027684809140931e+00
7034 2.746117436951738e+00 1.275035029288166e+00 3.027684809130940e+00
7035 2.746117436878255e+00 1.275035029304354e+00 3.027684809071108e+00
7036 2.746117436901489e+00 1.275035029230504e+00 3.027684809061081e+00
7037 3.463450025314469e+00 1.259375092660252e+00 3.685310258562203e+00
7038 2.746117436951717e+00 -1.275035029288163e+00 3.027684809130920e+00
7039 2.746117436878211e+00 -1.275035029304337e+00 3.027684809071061e+00
7040 2.746117436901487e+00 1.275035029230491e+00 3.027684809061074e+00
7041 2.746117436928456e+00 1.275035029362018e+00 3.027684809140925e+00
7042 2.746117436951731e+00 1.275035029288176e+00 3.027684809130938e+00
7043 2.746117436878218e+00 1.275035029304334e+00 3.027684809071066e+00
7044 2.513357196472897e+00 -7.479490573101042e-01 2.622287587087498e+00
7045 2.746117436878206e+00 -1.275035029304337e+00 3.027684809071056e+00
7046 2.746117436951689e+00 -1.275035029288148e+00 3.027684809130888e+00
7047 2.513357196395997e+00 -7.479490575237898e-01 2.622287587074742e+00
7048 2.746117436928444e+00 -1.275035029362022e+00 3.027684809140915e+00
7049 2.513357196472922e+00 -7.479490573101136e-01 2.622287587087525e+00
7050 2.513357196556699e+00 -7.479490573842060e-01 2.622287587188955e+00
7051 2.513357196556716e+00 -7.479490573842185e-01 2.622287587188975e+00
7052 3.325370014075498e+00 6.925039620926730e-01 3.396711272396659e+00
7053 2.746117436928473e+00 -1.275035029362034e+00 3.027684809140947e+00
7054 3.325370014081710e+00 6.925039621541293e-01 3.396711272415271e+00
7055 3.325370014104596e+00 6.925039618376175e-01 3.396711272373146e+00
7056 3.033713395483114e+00 -1.484787470053683e+00 3.377574691574134e+00
7057 3.033713395450154e+00 -1.484787470120960e+00 3.377574691574103e+00
7058 3.033713395467399e+00 -1.484787470202779e+00 3.377574691625561e+00
7059 3.033713395434465e+00 -1.484787470270090e+00 3.377574691625570e+00
7060 3.033713395434408e+00 -1.484787470270060e+00 3.377574691625505e+00
7061 3.325370014081702e+00 -6.925039621541189e-01 3.396711272415260e+00
7062 3.033713395450125e+00 -1.484787470120953e+00 3.377574691574075e+00
7063 3.033713395483059e+00 -1.484787470053656e+00 3.377574691574072e+00
7064 3.325370014081718e+00 6.925039621541234e-01 3.396711272415276e+00
7065 3.325370014104598e+00 6.925039618376242e-01 3.396711272373150e+00
7066 3.325370014081696e+00 -6.925039621541158e-01 3.396711272415253e+00
7067 3.325370014075496e+00 -6.925039620926747e-01 3.396711272396657e+00
7068 3.325370014075494e+00 -6.925039620926768e-01 3.396711272396656e+00
7069 3.325370014104551e+00 -6.925039618376159e-01 3.396711272373102e+00
7070 3.325370014110743e+00 -6.925039618990613e-01 3.396711272391690e+00
7071 3.325370014104593e+00 -6.925039618376165e-01 3.396711272373143e+00
7072 3.325370014110760e+00 -6.925039618990632e-01 3.396711272391708e+00
7073 3.033713395467374e+00 -1.484787470202773e+00 3.377574691625536e+00
7074 2.513357196633632e+00 -7.479490571705220e-01 2.622287587201744e+00
7075 3.325370014110760e+00 6.925039618990614e-01 3.396711272391708e+00
7076 3.325370014075538e+00 6.925039620926811e-01 3.396711272396700e+00
7077 2.692047752072554e+00 1.309846778865320e+00 2.993796867448215e+00
7078 2.692047752072551e+00 1.309846778865312e+00 2.993796867448209e+00
7079 3.192100503138607e+00 1.476342211878461e+00 3.516971985772979e+00
7080 3.192100503165347e+00 1.476342211871228e+00 3.516971985794213e+00
7081 3.192100503168162e+00 1.476342211821782e+00 3.516971985776012e+00
7082 3.192100503168141e+00 1.476342211821754e+00 3.516971985775981e+00
7083 3.192100503135900e+00 1.476342211927986e+00 3.516971985791312e+00
7084 3.192100503135888e+00 1.476342211927986e+00 3.516971985791302e+00
7085 3.325370014110766e+00 6.925039618990698e-01 3.396711272391715e+00
7086 2.513357196515051e+00 -7.479490573476292e-01 2.622287587138604e+00
7087 2.513357196514574e+00 -7.479490573466869e-01 2.622287587137879e+00
7088 3.033713395434425e+00 1.484787470270077e+00 3.377574691625528e+00
7089 3.033713395434451e+00 1.484787470270085e+00 3.377574691625556e+00
7090 3.033713395467383e+00 1.484787470202776e+00 3.377574691625546e+00
7091 3.033713395483093e+00 1.484787470053684e+00 3.377574691574115e+00
7092 3.033713395458742e+00 1.484787470161522e+00 3.377574691599649e+00
7093 3.033713395450100e+00 1.484787470120952e+00 3.377574691574052e+00
7094 3.033713395483119e+00 1.484787470053677e+00 3.377574691574136e+00
7095 3.192100503138613e+00 1.476342211878466e+00 3.516971985772988e+00
7096 3.192100503165423e+00 1.476342211871252e+00 3.516971985794292e+00
7097 2.513357196514584e+00 -7.479490573466845e-01 2.622287587137887e+00
7098 3.033713395467446e+00 1.484787470202789e+00 3.377574691625608e+00
7099 2.667422455659700e+00 -6.944013475161370e-01 2.756326502501083e+00
7100 2.667422455670860e+00 -6.944013475052158e-01 2.756326502509131e+00
7101 2.667422455659680e+00 -6.944013475161299e-01 2.756326502501062e+00
7102 2.667422455661201e+00 -6.944013473575400e-01 2.756326502462580e+00
7103 2.667422455650039e+00 -6.944013473684583e-01 2.756326502454528e+00
7104 2.667422455650040e+00 -6.944013473684624e-01 2.756326502454531e+00
7105 3.033713395450183e+00 1.484787470120984e+00 3.377574691574141e+00
7106 2.513357196633629e+00 7.479490571705223e-01 2.622287587201741e+00
7107 2.513357196395952e+00 7.479490575237913e-01 2.622287587074700e+00
7108 2.513357196472886e+00 7.479490573101061e-01 2.622287587087489e+00
7109 2.513357196395990e+00 7.479490575237906e-01 2.622287587074736e+00
7110 2.513357196633593e+00 7.479490571705140e-01 2.622287587201704e+00
7111 2.513357196556676e+00 7.479490573842016e-01 2.622287587188932e+00
7112 2.513357196472918e+00 7.479490573101096e-01 2.622287587087520e+00
7113 2.513357196556709e+00 7.479490573842101e-01 2.622287587188966e+00
7114 2.667422455661180e+00 -6.944013473575426e-01 2.756326502462560e+00
7115 2.667422455670843e+00 -6.944013475052169e-01 2.756326502509116e+00
7116 2.513357196515016e+00 7.479490573476331e-01 2.622287587138572e+00
7117 2.513357196514575e+00 7.479490573466956e-01 2.622287587137882e+00
7118 2.552888135183550e+00 9.964802951111085e-01 2.740476383643119e+00
7119 2.552888135178984e+00 9.964802952033037e-01 2.740476383672390e+00
7120 2.552888135170316e+00 9.964802952196192e-01 2.740476383670247e+00
7121 2.552888135170310e+00 9.964802952196129e-01 2.740476383670239e+00
7122 2.552888135183581e+00 9.964802951111167e-01 2.740476383643150e+00
7123 2.552888135176968e+00 9.964802951563682e-01 2.740476383653444e+00
7124 2.552888135185569e+00 9.964802951580386e-01 2.740476383662064e+00
7125 2.552888135185550e+00 9.964802951580484e-01 2.740476383662049e+00
7126 2.552888135192221e+00 9.964802950948107e-01 2.740476383645269e+00
7127 2.552888135192253e+00 9.964802950948053e-01 2.740476383645298e+00
7128 2.513357196514546e+00 7.479490573466775e-01 2.622287587137849e+00
7129 2.513357196515044e+00 7.479490573476305e-01 2.622287587138598e+00
7130 2.756626522218585e+00 1.181446606732980e+00 2.999134186321079e+00
7131 2.756626522224260e+00 1.181446606718232e+00 2.999134186320486e+00
7132 3.067196321438810e+00 -1.385497861164172e+00 3.365605086390598e+00
7133 3.325370014093131e+00 -6.925039619958704e-01 3.396711272394187e+00
7134 3.325370014093137e+00 -6.925039619958785e-01 3.396711272394194e+00
7135 3.041202413192788e+00 7.484913534398485e-01 3.131956485039959e+00
7136 3.041202413187522e+00 7.484913534164372e-01 3.131956485029250e+00
7137 2.756626522218641e+00 -1.181446606732979e+00 2.999134186321132e+00
7138 2.756626522224319e+00 -1.181446606718231e+00 2.999134186320540e+00
7139 2.756626522224300e+00 1.181446606718230e+00 2.999134186320522e+00
7140 3.067196321436636e+00 -1.385497861168732e+00 3.365605086390494e+00
7141 2.756626522224299e+00 -1.181446606718246e+00 2.999134186320528e+00
7142 2.756626522218622e+00 -1.181446606732994e+00 2.999134186321119e+00
7143 3.215743819632411e+00 -1.439410032915609e+00 3.523195929317891e+00
7144 3.215743819620088e+00 -1.439410033001806e+00 3.523195929341861e+00
7145 3.041202413192783e+00 -7.484913534398390e-01 3.131956485039951e+00
7146 3.041202413187549e+00 -7.484913534164381e-01 3.131956485029276e+00
7147 3.215743819632374e+00 -1.439410032915594e+00 3.523195929317852e+00
7148 3.215743819620037e+00 -1.439410033001810e+00 3.523195929341815e+00
7149 3.041202413197425e+00 -7.484913533592947e-01 3.131956485025211e+00
7150 3.041202413192178e+00 -7.484913533358801e-01 3.131956485014519e+00
7151 3.041202413192173e+00 -7.484913533358848e-01 3.131956485014516e+00
7152 3.033713395458840e+00 -1.484787470162234e+00 3.377574691600050e+00
7153 3.033713395458811e+00 -1.484787470162216e+00 3.377574691600016e+00
7154 3.033713395458701e+00 -1.484787470161511e+00 3.377574691599608e+00
7155 3.033713395458719e+00 -1.484787470161513e+00 3.377574691599624e+00
7156 2.605154699245878e+00 -9.536268196038444e-01 2.774208917524170e+00
7157 2.605154699283657e+00 -9.536268195278214e-01 2.774208917533513e+00
7158 3.033713395458697e+00 1.484787470161517e+00 3.377574691599607e+00
7159 3.033713395458800e+00 1.484787470162219e+00 3.377574691600008e+00
7160 3.033713395458778e+00 1.484787470162204e+00 3.377574691599980e+00
7161 2.667422455661199e+00 6.944013473575348e-01 2.756326502462577e+00
7162 2.667422455659731e+00 6.944013475161441e-01 2.756326502501114e+00
7163 2.667422455670857e+00 6.944013475052159e-01 2.756326502509128e+00
7164 2.605154699245885e+00 -9.536268196038414e-01 2.774208917524175e+00
7165 2.667422455670844e+00 6.944013475052180e-01 2.756326502509116e+00
7166 2.667422455659718e+00 6.944013475161503e-01 2.756326502501103e+00
7167 2.667422455661202e+00 6.944013473575433e-01 2.756326502462582e+00
7168 2.667422455650049e+00 6.944013473684592e-01 2.756326502454538e+00
7169 2.605154699283679e+00 -9.536268195278290e-01 2.774208917533536e+00
7170 2.605154699272814e+00 -9.536268195789463e-01 2.774208917540905e+00
7171 2.667422455650043e+00 6.944013473684566e-01 2.756326502454532e+00
7172 2.605154699283687e+00 9.536268195278406e-01 2.774208917533548e+00
7173 2.605154699272873e+00 -9.536268195789601e-01 2.774208917540965e+00
7174 2.605154699256734e+00 -9.536268195527291e-01 2.774208917516793e+00
7175 2.605154699256725e+00 -9.536268195527391e-01 2.774208917516788e+00
7176 2.605154699283670e+00 9.536268195278264e-01 2.774208917533528e+00
7177 2.605154699245900e+00 9.536268196038485e-01 2.774208917524191e+00
7178 2.605154699245873e+00 9.536268196038447e-01 2.774208917524165e+00
7179 2.552888135178967e+00 9.964802952033144e-01 2.740476383672377e+00
7180 2.605154699272836e+00 9.536268195789601e-01 2.774208917540931e+00
7181 2.552888135170294e+00 -9.964802952196056e-01 2.740476383670222e+00
7182 2.552888135178963e+00 -9.964802952033014e-01 2.740476383672368e+00
7183 2.552888135170304e+00 -9.964802952196131e-01 2.740476383670233e+00
7184 2.552888135178993e+00 -9.964802952033094e-01 2.740476383672399e+00
7185 2.552888135192269e+00 -9.964802950948143e-01 2.740476383645316e+00
7186 2.605154699272845e+00 9.536268195789588e-01 2.774208917540938e+00
7187 2.605154699256710e+00 9.536268195527257e-01 2.774208917516769e+00
7188 2.552888135177007e+00 -9.964802951563726e-01 2.740476383653482e+00
7189 2.552888135183577e+00 -9.964802951111119e-01 2.740476383643145e+00
7190 2.552888135192259e+00 -9.964802950948219e-01 2.740476383645310e+00
7191 2.552888135185555e+00 -9.964802951580262e-01 2.740476383662047e+00
7192 2.605154699256712e+00 9.536268195527238e-01 2.774208917516771e+00
7193 2.552888135185550e+00 -9.964802951580318e-01 2.740476383662044e+00
7194 2.552888135177007e+00 -9.964802951563774e-01 2.740476383653484e+00
7195 2.552888135176983e+00 9.964802951563830e-01 2.740476383653464e+00
7196 2.552888135183586e+00 -9.964802951111117e-01 2.740476383643153e+00
7197 2.513357196515033e+00 -7.479490573476284e-01 2.622287587138587e+00
7198 2.756626522218621e+00 1.181446606732985e+00 2.999134186321114e+00
7199 3.067196321438805e+00 -1.385497861164170e+00 3.365605086390592e+00
7200 3.067196321436648e+00 -1.385497861168725e+00 3.365605086390501e+00
7201 3.325370014093119e+00 -6.925039619958697e-01 3.396711272394173e+00
7202 3.325370014093139e+00 -6.925039619958637e-01 3.396711272394192e+00
7203 3.048869698266796e+00 -1.363958233189400e+00 3.340058158010817e+00
7204 3.048869698266819e+00 -1.363958233189402e+00 3.340058158010839e+00
7205 3.048869698274809e+00 -1.363958233175357e+00 3.340058158012397e+00
7206 3.048869698274822e+00 -1.363958233175357e+00 3.340058158012409e+00
7207 3.325370014093121e+00 6.925039619958613e-01 3.396711272394174e+00
7208 3.325370014093151e+00 6.925039619958584e-01 3.396711272394203e+00
7209 3.325370014093135e+00 6.925039619958708e-01 3.396711272394190e+00
7210 2.739457894376514e+00 9.461587339617575e-01 2.898248765188027e+00
7211 3.325370014093148e+00 6.925039619958668e-01 3.396711272394202e+00
7212 2.739457894377133e+00 9.461587339695816e-01 2.898248765191167e+00
7213 2.739457894377115e+00 -9.461587339695799e-01 2.898248765191148e+00
7214 2.739457894376487e+00 -9.461587339617451e-01 2.898248765187997e+00
7215 2.739457894377094e+00 -9.461587339695753e-01 2.898248765191127e+00
7216 3.215743819627050e+00 -1.439410032960541e+00 3.523195929331357e+00
7217 3.215743819625362e+00 -1.439410032956867e+00 3.523195929328315e+00
7218 2.739457894376482e+00 -9.461587339617450e-01 2.898248765187992e+00
7219 2.739457894376504e+00 9.461587339617408e-01 2.898248765188011e+00
7220 2.739457894377134e+00 9.461587339695812e-01 2.898248765191167e+00
7221 3.048869698266743e+00 1.363958233189389e+00 3.340058158010765e+00
7222 3.048869698274790e+00 1.363958233175365e+00 3.340058158012383e+00
7223 3.215743819627047e+00 -1.439410032960530e+00 3.523195929331349e+00
7224 3.215743819625403e+00 -1.439410032956873e+00 3.523195929328354e+00
7225 3.048869698274817e+00 1.363958233175355e+00 3.340058158012404e+00
7226 3.215743819620041e+00 1.439410033001816e+00 3.523195929341821e+00
7227 3.215743819632369e+00 1.439410032915595e+00 3.523195929317847e+00
7228 3.041202413197449e+00 7.484913533593054e-01 3.131956485025237e+00
7229 3.041202413187553e+00 7.484913534164485e-01 3.131956485029283e+00
7230 3.041202413192789e+00 7.484913534398416e-01 3.131956485039958e+00
7231 3.041202413197438e+00 7.484913533592912e-01 3.131956485025222e+00
7232 3.485182840031261e+00 9.924328668391700e-01 3.623730456812563e+00
7233 3.067196321438826e+00 1.385497861164178e+00 3.365605086390615e+00
7234 3.485182840064528e+00 9.924328666341699e-01 3.623730456788413e+00
7235 3.485182840031280e+00 9.924328668391666e-01 3.623730456812580e+00
7236 3.485182839995913e+00 9.924328669253407e-01 3.623730456802166e+00
7237 3.485182840064510e+00 9.924328666341606e-01 3.623730456788394e+00
7238 3.485182839995920e+00 9.924328669253342e-01 3.623730456802170e+00
7239 3.215743819632410e+00 1.439410032915608e+00 3.523195929317890e+00
7240 3.041202413192203e+00 7.484913533358866e-01 3.131956485014546e+00
7241 3.485182840029140e+00 9.924328667203143e-01 3.623730456777972e+00
7242 3.215743819625377e+00 1.439410032956878e+00 3.523195929328332e+00
7243 3.067196321438837e+00 1.385497861164187e+00 3.365605086390629e+00
7244 3.067196321436675e+00 1.385497861168740e+00 3.365605086390532e+00
7245 3.485182840064538e+00 -9.924328666341622e-01 3.623730456788422e+00
7246 3.485182839995940e+00 -9.924328669253361e-01 3.623730456802190e+00
7247 3.485182840064503e+00 -9.924328666341515e-01 3.623730456788385e+00
7248 3.485182840029160e+00 -9.924328667203258e-01 3.623730456777994e+00
7249 3.485182840031337e+00 -9.924328668391874e-01 3.623730456812640e+00
7250 3.485182839995928e+00 -9.924328669253313e-01 3.623730456802177e+00
7251 3.215743819627003e+00 1.439410032960532e+00 3.523195929331309e+00
7252 3.067196321436695e+00 1.385497861168753e+00 3.365605086390556e+00
7253 3.485182840029178e+00 9.924328667203300e-01 3.623730456778012e+00
7254 3.485182840031221e+00 -9.924328668391574e-01 3.623730456812521e+00
7255 3.041202413192175e+00 7.484913533358974e-01 3.131956485014521e+00
7256 3.485182840029124e+00 -9.924328667203044e-01 3.623730456777953e+00
7257 3.485182840030172e+00 -9.924328667793190e-01 3.623730456795123e+00
7258 3.485182840030125e+00 -9.924328667793060e-01 3.623730456795074e+00
7259 3.485182840030300e+00 -9.924328667801949e-01 3.623730456795487e+00
7260 3.485182840030328e+00 -9.924328667801986e-01 3.623730456795513e+00
7261 3.041202413192760e+00 -7.484913534398334e-01 3.131956485039928e+00
7262 3.041202413187511e+00 -7.484913534164263e-01 3.131956485029237e+00
7263 3.041202413197405e+00 -7.484913533592860e-01 3.131956485025189e+00
7264 2.762273226375258e+00 1.106529222862866e+00 2.975661321151833e+00
7265 2.762273226379451e+00 1.106529222857529e+00 2.975661321153741e+00
7266 3.048869698266794e+00 1.363958233189399e+00 3.340058158010816e+00
7267 3.163258644682107e+00 -1.459951671113764e+00 3.483915058543183e+00
7268 3.163258644672927e+00 -1.459951671213218e+00 3.483915058576525e+00
7269 3.163258644681685e+00 -1.459951671165990e+00 3.483915058564686e+00
7270 3.163258644682101e+00 -1.459951671113750e+00 3.483915058543172e+00
7271 3.163258644675302e+00 -1.459951671191710e+00 3.483915058569668e+00
7272 3.163258644679831e+00 -1.459951671135284e+00 3.483915058550135e+00
7273 3.163258644675270e+00 -1.459951671191703e+00 3.483915058569637e+00
7274 3.215743819620063e+00 1.439410033001819e+00 3.523195929341843e+00
7275 2.719092697368544e+00 -6.351742202473415e-01 2.792295003567811e+00
7276 3.215743819627066e+00 1.439410032960537e+00 3.523195929331368e+00
7277 3.215743819625402e+00 1.439410032956882e+00 3.523195929328357e+00
7278 2.719092697370725e+00 -6.351742201439712e-01 2.792295003546422e+00
7279 2.719092697368531e+00 -6.351742202473410e-01 2.792295003567798e+00
7280 2.719092697375642e+00 -6.351742201058758e-01 2.792295003542543e+00
7281 2.719092697375630e+00 -6.351742201058871e-01 2.792295003542534e+00
7282 3.485182840030308e+00 9.924328667801916e-01 3.623730456795494e+00
7283 2.719092697373501e+00 -6.351742202092717e-01 2.792295003563978e+00
7284 3.485182840030138e+00 9.924328667792947e-01 3.623730456795084e+00
7285 3.485182840030272e+00 9.924328667801882e-01 3.623730456795458e+00
7286 3.485182840030104e+00 9.924328667793050e-01 3.623730456795054e+00
7287 2.719092697368561e+00 6.351742202473512e-01 2.792295003567829e+00
7288 2.719092697375645e+00 6.351742201058906e-01 2.792295003542549e+00
7289 2.719092697370705e+00 6.351742201439581e-01 2.792295003546398e+00
7290 2.719092697373470e+00 6.351742202092607e-01 2.792295003563946e+00
7291 2.719092697375650e+00 6.351742201058822e-01 2.792295003542552e+00
7292 2.719092697368574e+00 6.351742202473472e-01 2.792295003567842e+00
7293 2.719092697373464e+00 -6.351742202092594e-01 2.792295003563940e+00
7294 2.719092697370749e+00 -6.351742201439805e-01 2.792295003546447e+00
7295 2.719092697370727e+00 6.351742201439692e-01 2.792295003546423e+00
7296 2.719092697373489e+00 6.351742202092681e-01 2.792295003563966e+00
7297 2.719092697372199e+00 6.351742201766143e-01 2.792295003555282e+00
7298 2.719092697372025e+00 6.351742201766227e-01 2.792295003555114e+00
7299 2.719092697372152e+00 6.351742201766009e-01 2.792295003555234e+00
7300 3.163258644672923e+00 1.459951671213216e+00 3.483915058576520e+00
7301 3.163258644682121e+00 1.459951671113761e+00 3.483915058543195e+00
7302 3.163258644672923e+00 1.459951671213196e+00 3.483915058576513e+00
7303 3.163258644675284e+00 1.459951671191715e+00 3.483915058569654e+00
7304 3.163258644682081e+00 1.459951671113748e+00 3.483915058543153e+00
7305 3.163258644673372e+00 1.459951671161010e+00 3.483915058555051e+00
7306 3.163258644679777e+00 1.459951671135284e+00 3.483915058550086e+00
7307 3.163258644679759e+00 1.459951671135251e+00 3.483915058550055e+00
7308 3.163258644681658e+00 1.459951671165973e+00 3.483915058564654e+00
7309 3.163258644681643e+00 1.459951671165966e+00 3.483915058564637e+00
7310 3.163258644675243e+00 1.459951671191688e+00 3.483915058569606e+00
7311 3.163258644673404e+00 1.459951671161011e+00 3.483915058555080e+00
7312 2.719092697371995e+00 6.351742201766160e-01 2.792295003555084e+00
7313 2.762273226375265e+00 1.106529222862850e+00 2.975661321151834e+00
7314 2.762273226379421e+00 1.106529222857513e+00 2.975661321153708e+00
7315 3.111034745807783e+00 -1.343240411316430e+00 3.388632761486088e+00
7316 2.762273226375281e+00 -1.106529222862869e+00 2.975661321151856e+00
7317 3.111034745807824e+00 1.343240411316446e+00 3.388632761486132e+00
7318 3.111034745807781e+00 -1.343240411316426e+00 3.388632761486085e+00
7319 2.762273226379445e+00 -1.106529222857516e+00 2.975661321153731e+00
7320 2.762273226375268e+00 -1.106529222862857e+00 2.975661321151840e+00
7321 2.762273226379430e+00 -1.106529222857509e+00 2.975661321153714e+00
7322 2.622355688141052e+00 -6.741433078945525e-01 2.707622306508930e+00
7323 2.622355688105507e+00 -6.741433079532733e-01 2.707622306489124e+00
7324 2.622355688060062e+00 -6.741433081035973e-01 2.707622306482539e+00
7325 3.111034745807788e+00 1.343240411316440e+00 3.388632761486097e+00
7326 3.111034745807769e+00 1.343240411316451e+00 3.388632761486083e+00
7327 2.622355688141083e+00 -6.741433078945667e-01 2.707622306508964e+00
7328 2.622355688060034e+00 -6.741433081036016e-01 2.707622306482513e+00
7329 2.622355688095609e+00 -6.741433080448999e-01 2.707622306502352e+00
7330 3.163258644672934e+00 -1.459951671213211e+00 3.483915058576529e+00
7331 3.163258644673383e+00 -1.459951671161019e+00 3.483915058555065e+00
7332 3.163258644679791e+00 -1.459951671135276e+00 3.483915058550095e+00
7333 3.163258644681663e+00 -1.459951671165975e+00 3.483915058564659e+00
7334 2.622355688095633e+00 -6.741433080448972e-01 2.707622306502374e+00
7335 3.163258644673433e+00 -1.459951671161020e+00 3.483915058555111e+00
7336 2.719092697372032e+00 -6.351742201766220e-01 2.792295003555121e+00
7337 2.719092697372176e+00 -6.351742201766079e-01 2.792295003555258e+00
7338 2.719092697371989e+00 -6.351742201766214e-01 2.792295003555080e+00
7339 2.719092697372171e+00 -6.351742201766148e-01 2.792295003555255e+00
7340 3.081221798569118e+00 1.371383834951079e+00 3.372628262163299e+00
7341 3.081221798561546e+00 1.371383834957361e+00 3.372628262158937e+00
7342 2.622355688060049e+00 6.741433081036021e-01 2.707622306482527e+00
7343 2.622355688141085e+00 6.741433078945708e-01 2.707622306508967e+00
7344 2.622355688105552e+00 6.741433079532755e-01 2.707622306489169e+00
7345 2.622355688095642e+00 6.741433080448976e-01 2.707622306502383e+00
7346 3.081221798581995e+00 1.371383835018529e+00 3.372628262202490e+00
7347 3.081221798561529e+00 1.371383834957354e+00 3.372628262158918e+00
7348 3.081221798574433e+00 1.371383835024814e+00 3.372628262198137e+00
7349 3.081221798581988e+00 1.371383835018522e+00 3.372628262202481e+00
7350 2.622355688060061e+00 6.741433081036035e-01 2.707622306482540e+00
7351 2.622355688141075e+00 6.741433078945687e-01 2.707622306508956e+00
7352 2.622355688105513e+00 6.741433079532740e-01 2.707622306489131e+00
7353 2.876566152987399e+00 1.236098033316261e+00 3.130905808305490e+00
7354 2.876566152987386e+00 1.236098033316233e+00 3.130905808305467e+00
7355 2.876566152963039e+00 1.236098033404579e+00 3.130905808317976e+00
7356 2.876566152962994e+00 1.236098033404558e+00 3.130905808317928e+00
7357 3.081221798561515e+00 -1.371383834957348e+00 3.372628262158903e+00
7358 3.081221798569123e+00 -1.371383834951084e+00 3.372628262163306e+00
7359 3.081221798569110e+00 -1.371383834951058e+00 3.372628262163284e+00
7360 2.622355688095628e+00 6.741433080448989e-01 2.707622306502369e+00
7361 3.081221798561512e+00 -1.371383834957355e+00 3.372628262158903e+00
7362 3.081221798574410e+00 -1.371383835024802e+00 3.372628262198112e+00
7363 3.081221798574405e+00 -1.371383835024793e+00 3.372628262198103e+00
7364 3.081221798581990e+00 -1.371383835018527e+00 3.372628262202485e+00
7365 3.081221798574398e+00 1.371383835024790e+00 3.372628262198097e+00
7366 2.876566152971743e+00 1.236098033356667e+00 3.130905808307058e+00
7367 2.622355688100132e+00 6.741433079989171e-01 2.707622306495284e+00
7368 2.876566152987391e+00 -1.236098033316247e+00 3.130905808305477e+00
7369 2.876566152987418e+00 -1.236098033316259e+00 3.130905808305506e+00
7370 2.876566152963026e+00 -1.236098033404564e+00 3.130905808317959e+00
7371 2.876566152971755e+00 -1.236098033356689e+00 3.130905808307078e+00
7372 2.876566152978659e+00 -1.236098033364128e+00 3.130905808316359e+00
7373 2.876566152971788e+00 1.236098033356673e+00 3.130905808307102e+00
7374 2.876566152971762e+00 -1.236098033356691e+00 3.130905808307085e+00
7375 3.081221798581964e+00 -1.371383835018515e+00 3.372628262202456e+00
7376 2.876566152963014e+00 -1.236098033404569e+00 3.130905808317950e+00
7377 2.876566152978672e+00 1.236098033364130e+00 3.130905808316371e+00
7378 2.876566152978675e+00 1.236098033364125e+00 3.130905808316372e+00
7379 2.876566152978679e+00 -1.236098033364132e+00 3.130905808316377e+00
7380 3.111034745807789e+00 -1.343240411316435e+00 3.388632761486095e+00
7381 3.111034745807797e+00 -1.343240411316438e+00 3.388632761486104e+00
7382 3.111034745807788e+00 1.343240411316428e+00 3.388632761486091e+00
7383 3.081221798569132e+00 1.371383834951088e+00 3.372628262163316e+00
7384 2.622355688105516e+00 -6.741433079532753e-01 2.707622306489135e+00
7385 2.622355688101041e+00 -6.741433079992460e-01 2.707622306496245e+00
7386 3.170061885752788e+00 -1.333079856058774e+00 3.438952494893206e+00
7387 3.170061885742609e+00 -1.333079855985271e+00 3.438952494855330e+00
7388 3.170061885735513e+00 -1.333079855997050e+00 3.438952494853354e+00
7389 3.170061885745712e+00 -1.333079856070586e+00 3.438952494891262e+00
7390 3.170061885745674e+00 -1.333079856070556e+00 3.438952494891215e+00
7391 3.170061885735504e+00 -1.333079855997047e+00 3.438952494853345e+00
7392 3.170061885742619e+00 -1.333079855985258e+00 3.438952494855333e+00
7393 2.622355688101019e+00 -6.741433079992483e-01 2.707622306496225e+00
7394 2.622355688100153e+00 -6.741433079989266e-01 2.707622306495307e+00
7395 3.170061885752769e+00 -1.333079856058778e+00 3.438952494893190e+00
7396 2.622355688101009e+00 6.741433079992459e-01 2.707622306496215e+00
7397 2.622355688100175e+00 6.741433079989371e-01 2.707622306495331e+00
7398 2.622355688101013e+00 6.741433079992460e-01 2.707622306496218e+00
7399 2.622355688100143e+00 -6.741433079989219e-01 2.707622306495296e+00
7400 2.826635385293795e+00 -1.264036229326399e+00 3.096393901047588e+00
7401 2.826635385297544e+00 -1.264036229306558e+00 3.096393901042910e+00
7402 2.826635385293799e+00 -1.264036229326396e+00 3.096393901047591e+00
7403 3.170061885745671e+00 1.333079856070560e+00 3.438952494891214e+00
7404 3.170061885742582e+00 1.333079855985239e+00 3.438952494855292e+00
7405 3.170061885752780e+00 1.333079856058778e+00 3.438952494893200e+00
7406 3.170061885752757e+00 1.333079856058772e+00 3.438952494893177e+00
7407 3.170061885745679e+00 1.333079856070564e+00 3.438952494891223e+00
7408 2.826635385283086e+00 -1.264036229414050e+00 3.096393901073593e+00
7409 2.826635385297492e+00 -1.264036229306533e+00 3.096393901042854e+00
7410 3.170061885742596e+00 1.333079855985257e+00 3.438952494855312e+00
7411 3.170061885735462e+00 1.333079855997027e+00 3.438952494853300e+00
7412 2.826635385283097e+00 -1.264036229414060e+00 3.096393901073608e+00
7413 2.826635385286798e+00 -1.264036229394209e+00 3.096393901068883e+00
7414 3.170061885735481e+00 1.333079855997035e+00 3.438952494853319e+00
7415 2.826635385294451e+00 -1.264036229362089e+00 3.096393901062757e+00
7416 2.826635385286125e+00 -1.264036229358514e+00 3.096393901053696e+00
7417 2.826635385297535e+00 1.264036229306565e+00 3.096393901042906e+00
7418 2.826635385283070e+00 1.264036229414054e+00 3.096393901073581e+00
7419 2.826635385286808e+00 1.264036229394216e+00 3.096393901068895e+00
7420 2.826635385283052e+00 1.264036229414050e+00 3.096393901073563e+00
7421 2.779465998381422e+00 1.084168168796285e+00 2.983429545739186e+00
7422 2.779465998381933e+00 1.084168168788089e+00 2.983429545736684e+00
7423 2.779465998365205e+00 1.084168168699074e+00 2.983429545688751e+00
7424 2.779465998364699e+00 1.084168168707289e+00 2.983429545691266e+00
7425 2.779465998364713e+00 1.084168168707296e+00 2.983429545691281e+00
7426 2.779465998365218e+00 1.084168168699092e+00 2.983429545688770e+00
7427 2.826635385297493e+00 1.264036229306542e+00 3.096393901042858e+00
7428 2.826635385293802e+00 1.264036229326404e+00 3.096393901047596e+00
7429 2.779465998381433e+00 1.084168168796312e+00 2.983429545739206e+00
7430 2.826635385286805e+00 1.264036229394219e+00 3.096393901068893e+00
7431 2.826635385294464e+00 1.264036229362093e+00 3.096393901062771e+00
7432 2.826635385286156e+00 1.264036229358525e+00 3.096393901053729e+00
7433 2.826635385294451e+00 1.264036229362084e+00 3.096393901062755e+00
7434 2.826635385286129e+00 1.264036229358503e+00 3.096393901053696e+00
7435 2.826635385293783e+00 1.264036229326397e+00 3.096393901047577e+00
7436 2.779465998381951e+00 1.084168168788092e+00 2.983429545736701e+00
7437 2.826635385286816e+00 -1.264036229394225e+00 3.096393901068906e+00
7438 2.826635385286123e+00 -1.264036229358519e+00 3.096393901053697e+00
7439 2.809824665543706e+00 1.045444117122845e+00 2.998010682623490e+00
7440 2.809824665543716e+00 1.045444117122845e+00 2.998010682623500e+00
7441 2.809824665543730e+00 1.045444117122848e+00 2.998010682623514e+00
7442 2.809824665543696e+00 1.045444117122847e+00 2.998010682623481e+00
7443 3.040156267222392e+00 1.382304314092781e+00 3.339657968399025e+00
7444 3.040156267336181e+00 1.382304313815910e+00 3.339657968388011e+00
7445 2.809824665543727e+00 -1.045444117122847e+00 2.998010682623510e+00
7446 2.620646251748317e+00 9.248364147056591e-01 2.779048249089627e+00
7447 2.620646251761483e+00 9.248364147166057e-01 2.779048249105685e+00
7448 2.620646251748343e+00 9.248364147056616e-01 2.779048249089652e+00
7449 2.620646251773616e+00 9.248364147537802e-01 2.779048249129498e+00
7450 2.620646251773578e+00 9.248364147537709e-01 2.779048249129459e+00
7451 2.826635385294421e+00 -1.264036229362079e+00 3.096393901062725e+00
7452 2.620646251761509e+00 9.248364147166174e-01 2.779048249105713e+00
7453 2.620646251760397e+00 9.248364147428078e-01 2.779048249113381e+00
7454 2.809824665543654e+00 -1.045444117122829e+00 2.998010682623436e+00
7455 2.809824665543678e+00 -1.045444117122835e+00 2.998010682623461e+00
7456 2.620646251760427e+00 9.248364147428196e-01 2.779048249113413e+00
7457 2.779465998365223e+00 -1.084168168699078e+00 2.983429545688770e+00
7458 2.779465998364714e+00 -1.084168168707286e+00 2.983429545691278e+00
7459 2.779465998381449e+00 -1.084168168796309e+00 2.983429545739220e+00
7460 2.779465998381932e+00 -1.084168168788091e+00 2.983429545736683e+00
7461 2.779465998381448e+00 -1.084168168796306e+00 2.983429545739218e+00
7462 2.779465998381967e+00 -1.084168168788104e+00 2.983429545736720e+00
7463 2.809824665543724e+00 -1.045444117122844e+00 2.998010682623507e+00
7464 2.620646251748296e+00 -9.248364147056438e-01 2.779048249089602e+00
7465 2.779465998365211e+00 -1.084168168699082e+00 2.983429545688760e+00
7466 2.779465998364737e+00 -1.084168168707296e+00 2.983429545691303e+00
7467 2.620646251761512e+00 -9.248364147166144e-01 2.779048249105715e+00
7468 2.620646251773583e+00 -9.248364147537715e-01 2.779048249129464e+00
7469 2.620646251748330e+00 -9.248364147056500e-01 2.779048249089636e+00
7470 2.620646251760435e+00 -9.248364147428072e-01 2.779048249113417e+00
7471 2.620646251773604e+00 -9.248364147537704e-01 2.779048249129484e+00
7472 2.620646251761510e+00 -9.248364147166095e-01 2.779048249105712e+00
7473 2.620646251760402e+00 -9.248364147428071e-01 2.779048249113385e+00
7474 3.219612536988456e+00 -1.406954595401526e+00 3.513605857499488e+00
7475 3.219612537002747e+00 -1.406954595442286e+00 3.513605857528906e+00
7476 3.219612537002781e+00 -1.406954595442306e+00 3.513605857528943e+00
7477 3.170492992488721e+00 -8.705705516861543e-01 3.287844111402368e+00
7478 3.170492992513133e+00 -8.705705514701033e-01 3.287844111368701e+00
7479 3.170492992488725e+00 -8.705705516861491e-01 3.287844111402370e+00
7480 3.170492992494686e+00 -8.705705516181932e-01 3.287844111390124e+00
7481 3.219612536988504e+00 -1.406954595401553e+00 3.513605857499543e+00
7482 3.219612536997523e+00 -1.406954595429095e+00 3.513605857518836e+00
7483 3.219612536997517e+00 -1.406954595429103e+00 3.513605857518833e+00
7484 3.219612536995212e+00 -1.406954595421245e+00 3.513605857513575e+00
7485 3.219612536996100e+00 -1.406954595422592e+00 3.513605857514928e+00
7486 3.219612536996116e+00 -1.406954595422596e+00 3.513605857514944e+00
7487 3.170492992513147e+00 -8.705705514701052e-01 3.287844111368715e+00
7488 3.170492992507120e+00 -8.705705515380796e-01 3.287844111380902e+00
7489 3.219612536995259e+00 -1.406954595421273e+00 3.513605857513629e+00
7490 3.219612536993729e+00 -1.406954595414726e+00 3.513605857509606e+00
7491 2.731655665538613e+00 -1.088615232896496e+00 2.940582561392130e+00
7492 3.219612536993743e+00 -1.406954595414740e+00 3.513605857509624e+00
7493 2.731655665374913e+00 -1.088615233212302e+00 2.940582561356972e+00
7494 2.620646251760438e+00 9.248364147292573e-01 2.779048249108909e+00
7495 2.620646251760450e+00 9.248364147292616e-01 2.779048249108922e+00
7496 3.170492992507139e+00 -8.705705515380717e-01 3.287844111380918e+00
7497 3.170492992494746e+00 -8.705705516182028e-01 3.287844111390185e+00
7498 2.620646251761449e+00 9.248364147301580e-01 2.779048249110164e+00
7499 2.620646251761451e+00 9.248364147301601e-01 2.779048249110166e+00
7500 3.040156267222395e+00 1.382304314092792e+00 3.339657968399032e+00
7501 3.040156267336123e+00 1.382304313815919e+00 3.339657968387961e+00
7502 3.040156267265878e+00 1.382304313952903e+00 3.339657968380714e+00
7503 2.620646251761451e+00 -9.248364147301557e-01 2.779048249110164e+00
7504 3.040156267292632e+00 1.382304313955836e+00 3.339657968406283e+00
7505 3.040156267265882e+00 1.382304313952883e+00 3.339657968380710e+00
7506 2.620646251760473e+00 -9.248364147292678e-01 2.779048249108947e+00
7507 3.040156267336109e+00 -1.382304313815902e+00 3.339657968387942e+00
7508 3.040156267222372e+00 -1.382304314092780e+00 3.339657968399007e+00
7509 2.620646251760452e+00 -9.248364147292651e-01 2.779048249108926e+00
7510 3.040156267292649e+00 1.382304313955828e+00 3.339657968406295e+00
7511 2.731655665374901e+00 -1.088615233212313e+00 2.940582561356965e+00
7512 2.620646251761388e+00 -9.248364147301430e-01 2.779048249110101e+00
7513 2.731655665374904e+00 1.088615233212288e+00 2.940582561356959e+00
7514 2.731655665538638e+00 1.088615232896488e+00 2.940582561392149e+00
7515 2.731655665538627e+00 1.088615232896495e+00 2.940582561392142e+00
7516 2.731655665374889e+00 1.088615233212290e+00 2.940582561356945e+00
7517 3.040156267222394e+00 -1.382304314092793e+00 3.339657968399032e+00
7518 3.040156267336149e+00 -1.382304313815922e+00 3.339657968387987e+00
7519 3.310234572015763e+00 1.245873542292933e+00 3.536927169896762e+00
7520 3.310234571991519e+00 1.245873542465079e+00 3.536927169934710e+00
7521 3.310234571956653e+00 1.245873542543690e+00 3.536927169929770e+00
7522 3.310234572015772e+00 -1.245873542292944e+00 3.536927169896775e+00
7523 3.310234571956681e+00 -1.245873542543709e+00 3.536927169929803e+00
7524 3.310234572015786e+00 1.245873542292939e+00 3.536927169896786e+00
7525 3.310234572015771e+00 -1.245873542292931e+00 3.536927169896769e+00
7526 3.310234571956712e+00 -1.245873542543718e+00 3.536927169929835e+00
7527 3.310234571991520e+00 1.245873542465081e+00 3.536927169934712e+00
7528 3.310234571956720e+00 1.245873542543727e+00 3.536927169929845e+00
7529 2.731655665432404e+00 1.088615233046317e+00 2.940582561348930e+00
7530 3.310234571980919e+00 1.245873542371563e+00 3.536927169891850e+00
7531 3.310234571980911e+00 -1.245873542371555e+00 3.536927169891839e+00
7532 3.040156267292617e+00 -1.382304313955820e+00 3.339657968406263e+00
7533 3.040156267265853e+00 -1.382304313952877e+00 3.339657968380681e+00
7534 3.040156267292642e+00 -1.382304313955825e+00 3.339657968406287e+00
7535 3.170492992513195e+00 8.705705514701259e-01 3.287844111368767e+00
7536 3.170492992488759e+00 8.705705516861693e-01 3.287844111402408e+00
7537 3.310234571980919e+00 -1.245873542371559e+00 3.536927169891848e+00
7538 3.310234571991539e+00 -1.245873542465093e+00 3.536927169934735e+00
7539 3.170492992513140e+00 8.705705514701130e-01 3.287844111368709e+00
7540 3.170492992488724e+00 8.705705516861596e-01 3.287844111402371e+00
7541 3.170492992494746e+00 8.705705516182105e-01 3.287844111390186e+00
7542 3.170492992507124e+00 8.705705515380724e-01 3.287844111380903e+00
7543 2.873494680201794e+00 1.037609092454966e+00 3.055094811277259e+00
7544 2.873494680221245e+00 1.037609092541087e+00 3.055094811324802e+00
7545 2.873494680221210e+00 1.037609092541082e+00 3.055094811324768e+00
7546 2.873494680201786e+00 1.037609092454969e+00 3.055094811277252e+00
7547 2.873494680211822e+00 1.037609092553139e+00 3.055094811320034e+00
7548 2.873494680211784e+00 1.037609092553124e+00 3.055094811319992e+00
7549 3.170492992507120e+00 8.705705515380661e-01 3.287844111380898e+00
7550 2.873494680211265e+00 1.037609092442942e+00 3.055094811282082e+00
7551 3.310234571991524e+00 -1.245873542465089e+00 3.536927169934719e+00
7552 3.219612537002820e+00 1.406954595442313e+00 3.513605857528983e+00
7553 3.219612536988515e+00 1.406954595401551e+00 3.513605857499552e+00
7554 3.219612537002768e+00 1.406954595442291e+00 3.513605857528927e+00
7555 3.219612536997543e+00 1.406954595429112e+00 3.513605857518861e+00
7556 3.219612536988475e+00 1.406954595401543e+00 3.513605857499513e+00
7557 3.219612536993765e+00 1.406954595414749e+00 3.513605857509647e+00
7558 3.040156267265900e+00 -1.382304313952895e+00 3.339657968380731e+00
7559 2.873494680211215e+00 1.037609092442915e+00 3.055094811282027e+00
7560 3.310234571980918e+00 1.245873542371557e+00 3.536927169891846e+00
7561 3.170492992494756e+00 8.705705516182010e-01 3.287844111390194e+00
7562 3.219612536997503e+00 1.406954595429104e+00 3.513605857518821e+00
7563 3.219612536993749e+00 1.406954595414738e+00 3.513605857509629e+00
7564 3.219612536996090e+00 1.406954595422603e+00 3.513605857514923e+00
7565 2.873494680201800e+00 -1.037609092454968e+00 3.055094811277265e+00
7566 2.873494680211774e+00 -1.037609092553115e+00 3.055094811319981e+00
7567 3.217779265571084e+00 1.298741997260640e+00 3.469990515460776e+00
7568 3.217779265560861e+00 1.298741997194882e+00 3.469990515426684e+00
7569 3.217779265565331e+00 1.298741997211751e+00 3.469990515437143e+00
7570 3.217779265565378e+00 1.298741997211770e+00 3.469990515437194e+00
7571 2.873494680201790e+00 -1.037609092454969e+00 3.055094811277255e+00
7572 2.873494680211226e+00 -1.037609092442922e+00 3.055094811282039e+00
7573 2.873494680221240e+00 -1.037609092541088e+00 3.055094811324799e+00
7574 3.219612536996074e+00 1.406954595422591e+00 3.513605857514903e+00
7575 3.219612536995195e+00 1.406954595421245e+00 3.513605857513559e+00
7576 3.219612536995228e+00 1.406954595421275e+00 3.513605857513602e+00
7577 2.873494680211810e+00 -1.037609092553132e+00 3.055094811320020e+00
7578 3.217779265560920e+00 1.298741997194908e+00 3.469990515426748e+00
7579 3.217779265566653e+00 1.298741997243787e+00 3.469990515450359e+00
7580 2.873494680211211e+00 -1.037609092442915e+00 3.055094811282023e+00
7581 2.873494680221251e+00 -1.037609092541086e+00 3.055094811324809e+00
7582 2.836962462133417e+00 -1.021664192561656e+00 3.015319839406221e+00
7583 2.836962462133904e+00 -1.021664192542851e+00 3.015319839400308e+00
7584 2.836962462133442e+00 -1.021664192561662e+00 3.015319839406247e+00
7585 2.836962462131662e+00 -1.021664192616482e+00 3.015319839423147e+00
7586 2.836962462132123e+00 -1.021664192597667e+00 3.015319839417205e+00
7587 2.836962462132108e+00 -1.021664192597679e+00 3.015319839417195e+00
7588 2.836962462131692e+00 -1.021664192616498e+00 3.015319839423180e+00
7589 2.836962462133918e+00 -1.021664192542857e+00 3.015319839400323e+00
7590 3.140084028250952e+00 -1.331774345002662e+00 3.410828434630507e+00
7591 3.140084028202314e+00 -1.331774345133639e+00 3.410828434636870e+00
7592 3.170492992500933e+00 -8.705705515781295e-01 3.287844111385540e+00
7593 3.170492992500922e+00 -8.705705515781301e-01 3.287844111385530e+00
7594 3.040156267279040e+00 1.382304313954210e+00 3.339657968393237e+00
7595 3.040156267279419e+00 1.382304313954471e+00 3.339657968393690e+00
7596 3.170492992500928e+00 -8.705705515781342e-01 3.287844111385536e+00
7597 3.040156267279500e+00 1.382304313954519e+00 3.339657968393783e+00
7598 3.170492992500938e+00 -8.705705515781342e-01 3.287844111385546e+00
7599 3.040156267279047e+00 -1.382304313954219e+00 3.339657968393247e+00
7600 2.731655665538663e+00 -1.088615232896500e+00 2.940582561392177e+00
7601 2.731655665481170e+00 -1.088615233062496e+00 2.940582561400221e+00
7602 3.310234571986303e+00 -1.245873542418725e+00 3.536927169913501e+00
7603 3.310234571986330e+00 -1.245873542418751e+00 3.536927169913535e+00
7604 3.310234571986185e+00 -1.245873542417920e+00 3.536927169913106e+00
7605 2.731655665481190e+00 -1.088615233062512e+00 2.940582561400245e+00
7606 2.731655665432403e+00 -1.088615233046321e+00 2.940582561348931e+00
7607 3.310234571986298e+00 1.245873542418721e+00 3.536927169913495e+00
7608 3.310234571986225e+00 -1.245873542417933e+00 3.536927169913148e+00
7609 3.310234571986193e+00 1.245873542417932e+00 3.536927169913118e+00
7610 3.310234571986308e+00 1.245873542418731e+00 3.536927169913507e+00
7611 3.310234571986156e+00 1.245873542417920e+00 3.536927169913080e+00
7612 3.040156267279074e+00 -1.382304313954225e+00 3.339657968393274e+00
7613 3.040156267279460e+00 -1.382304313954496e+00 3.339657968393738e+00
7614 2.731655665432421e+00 -1.088615233046316e+00 2.940582561348946e+00
7615 2.836962462133884e+00 1.021664192542846e+00 3.015319839400288e+00
7616 2.836962462131670e+00 1.021664192616493e+00 3.015319839423158e+00
7617 3.040156267279413e+00 -1.382304313954499e+00 3.339657968393697e+00
7618 2.836962462133889e+00 1.021664192542858e+00 3.015319839400296e+00
7619 2.836962462131667e+00 1.021664192616492e+00 3.015319839423155e+00
7620 2.836962462132136e+00 1.021664192597660e+00 3.015319839417215e+00
7621 2.731655665432386e+00 1.088615233046317e+00 2.940582561348914e+00
7622 2.731655665481164e+00 1.088615233062491e+00 2.940582561400214e+00
7623 2.836962462132155e+00 1.021664192597681e+00 3.015319839417240e+00
7624 2.731655665481191e+00 1.088615233062498e+00 2.940582561400242e+00
7625 3.170492992501018e+00 8.705705515781387e-01 3.287844111385624e+00
7626 3.170492992500956e+00 8.705705515781378e-01 3.287844111385565e+00
7627 3.217779265571110e+00 1.298741997260632e+00 3.469990515460797e+00
7628 2.836962462133430e+00 1.021664192561671e+00 3.015319839406239e+00
7629 3.170492992500957e+00 8.705705515781411e-01 3.287844111385566e+00
7630 2.731655665457021e+00 1.088615233054683e+00 2.940582561374895e+00
7631 3.140084028250954e+00 1.331774345002666e+00 3.410828434630510e+00
7632 3.140084028202305e+00 1.331774345133642e+00 3.410828434636863e+00
7633 3.140084028202274e+00 1.331774345133637e+00 3.410828434636833e+00
7634 2.731655665456582e+00 1.088615233054176e+00 2.940582561374300e+00
7635 3.217779265566663e+00 1.298741997243795e+00 3.469990515450372e+00
7636 3.140084028250941e+00 1.331774345002661e+00 3.410828434630497e+00
7637 3.140084028226548e+00 1.331774345068242e+00 3.410828434633646e+00
7638 3.170492992500952e+00 8.705705515781383e-01 3.287844111385561e+00
7639 3.140084028223364e+00 1.331774345043677e+00 3.410828434621123e+00
7640 3.217779265565933e+00 1.298741997227852e+00 3.469990515443727e+00
7641 2.731655665456992e+00 1.088615233054660e+00 2.940582561374860e+00
7642 3.217779265565975e+00 1.298741997227873e+00 3.469990515443774e+00
7643 2.836962462133443e+00 1.021664192561673e+00 3.015319839406251e+00
7644 3.217779265566089e+00 1.298741997227699e+00 3.469990515443815e+00
7645 3.217779265571102e+00 -1.298741997260647e+00 3.469990515460795e+00
7646 3.217779265566076e+00 1.298741997227687e+00 3.469990515443798e+00
7647 3.217779265571083e+00 -1.298741997260640e+00 3.469990515460775e+00
7648 3.217779265560891e+00 -1.298741997194903e+00 3.469990515426720e+00
7649 3.217779265560869e+00 -1.298741997194880e+00 3.469990515426690e+00
7650 2.887217463748628e+00 -1.202676854534758e+00 3.127691848537621e+00
7651 2.887217463732506e+00 -1.202676854490924e+00 3.127691848505882e+00
7652 2.887217463748624e+00 -1.202676854534755e+00 3.127691848537615e+00
7653 2.887217463732553e+00 -1.202676854490939e+00 3.127691848505932e+00
7654 2.887217463738268e+00 -1.202676854503458e+00 3.127691848516022e+00
7655 3.217779265566627e+00 -1.298741997243775e+00 3.469990515450331e+00
7656 3.217779265565356e+00 -1.298741997211764e+00 3.469990515437171e+00
7657 3.217779265566696e+00 -1.298741997243814e+00 3.469990515450409e+00
7658 3.217779265565932e+00 -1.298741997227845e+00 3.469990515443724e+00
7659 3.217779265566037e+00 -1.298741997227673e+00 3.469990515443757e+00
7660 3.217779265566054e+00 -1.298741997227692e+00 3.469990515443779e+00
7661 2.887217463742849e+00 -1.202676854522203e+00 3.127691848527458e+00
7662 3.217779265565959e+00 -1.298741997227862e+00 3.469990515443755e+00
7663 2.887217463748629e+00 1.202676854534753e+00 3.127691848537620e+00
7664 3.217779265565362e+00 -1.298741997211753e+00 3.469990515437173e+00
7665 2.887217463732493e+00 1.202676854490916e+00 3.127691848505869e+00
7666 2.887217463742858e+00 1.202676854522208e+00 3.127691848527469e+00
7667 2.887217463748633e+00 1.202676854534753e+00 3.127691848537624e+00
7668 2.887217463742846e+00 1.202676854522211e+00 3.127691848527459e+00
7669 2.887217463732497e+00 1.202676854490924e+00 3.127691848505875e+00
7670 2.887217463738282e+00 1.202676854503464e+00 3.127691848516037e+00
7671 2.887217463740907e+00 1.202676854513473e+00 3.127691848522308e+00
7672 2.887217463740922e+00 1.202676854513470e+00 3.127691848522321e+00
7673 2.887217463742883e+00 -1.202676854522211e+00 3.127691848527493e+00
7674 2.887217463738247e+00 -1.202676854503461e+00 3.127691848516004e+00
7675 2.887217463740878e+00 -1.202676854513463e+00 3.127691848522278e+00
7676 2.887217463738247e+00 1.202676854503456e+00 3.127691848516001e+00
7677 2.887217463740229e+00 -1.202676854512213e+00 3.127691848521198e+00
7678 2.887217463740905e+00 -1.202676854513468e+00 3.127691848522305e+00
7679 2.887217463740220e+00 -1.202676854512196e+00 3.127691848521184e+00
7680 3.040156267279125e+00 1.382304313954211e+00 3.339657968393315e+00
7681 2.731655665456578e+00 -1.088615233054153e+00 2.940582561374288e+00
7682 2.731655665456556e+00 -1.088615233054154e+00 2.940582561374268e+00
7683 2.731655665457031e+00 -1.088615233054677e+00 2.940582561374903e+00
7684 2.731655665457014e+00 -1.088615233054674e+00 2.940582561374886e+00
7685 3.140084028229836e+00 1.331774345092619e+00 3.410828434646191e+00
7686 3.140084028229863e+00 1.331774345092626e+00 3.410828434646219e+00
7687 3.140084028223395e+00 1.331774345043676e+00 3.410828434621152e+00
7688 2.923764145261125e+00 9.956794132985528e-01 3.088652500878185e+00
7689 2.957942662657349e+00 1.096583433351535e+00 3.154666388363354e+00
7690 2.957942662650940e+00 1.096583433500545e+00 3.154666388409142e+00
7691 2.957942662656518e+00 1.096583433450479e+00 3.154666388396968e+00
7692 2.923764145255070e+00 9.956794132080863e-01 3.088652500843290e+00
7693 2.923764145261087e+00 9.956794132985314e-01 3.088652500878143e+00
7694 3.140084028226670e+00 1.331774345068067e+00 3.410828434633690e+00
7695 3.140084028226646e+00 1.331774345068041e+00 3.410828434633658e+00
7696 2.957942662657310e+00 1.096583433351515e+00 3.154666388363310e+00
7697 2.957942662650957e+00 1.096583433500539e+00 3.154666388409155e+00
7698 2.957942662651838e+00 1.096583433401639e+00 3.154666388375604e+00
7699 2.923764145255089e+00 9.956794132080946e-01 3.088652500843311e+00
7700 2.957942662656444e+00 1.096583433450434e+00 3.154666388396884e+00
7701 2.887217463740220e+00 1.202676854512204e+00 3.127691848521187e+00
7702 2.923764145258668e+00 9.956794132742717e-01 3.088652500868032e+00
7703 2.887217463740246e+00 1.202676854512200e+00 3.127691848521209e+00
7704 2.957942662651787e+00 1.096583433401617e+00 3.154666388375547e+00
7705 3.140084028202317e+00 -1.331774345133630e+00 3.410828434636869e+00
7706 3.140084028250928e+00 -1.331774345002646e+00 3.410828434630479e+00
7707 2.923764145255118e+00 -9.956794132080984e-01 3.088652500843339e+00
7708 3.140084028229854e+00 -1.331774345092625e+00 3.410828434646210e+00
7709 2.923764145261146e+00 -9.956794132985557e-01 3.088652500878206e+00
7710 2.957942662657354e+00 -1.096583433351537e+00 3.154666388363359e+00
7711 2.957942662650961e+00 -1.096583433500549e+00 3.154666388409163e+00
7712 2.923764145258624e+00 9.956794132742635e-01 3.088652500867987e+00
7713 2.957942662657326e+00 -1.096583433351521e+00 3.154666388363328e+00
7714 2.957942662651851e+00 -1.096583433401644e+00 3.154666388375617e+00
7715 2.957942662650916e+00 -1.096583433500528e+00 3.154666388409114e+00
7716 3.140084028229850e+00 -1.331774345092616e+00 3.410828434646203e+00
7717 2.923764145255062e+00 -9.956794132080709e-01 3.088652500843277e+00
7718 2.923764145261102e+00 -9.956794132985359e-01 3.088652500878158e+00
7719 3.140084028223367e+00 -1.331774345043666e+00 3.410828434621122e+00
7720 2.923764145257588e+00 -9.956794132323719e-01 3.088652500853502e+00
7721 2.837812470157525e+00 1.031786493934723e+00 3.019563376524438e+00
7722 3.140084028226523e+00 -1.331774345068237e+00 3.410828434633622e+00
7723 3.140084028226701e+00 -1.331774345068062e+00 3.410828434633717e+00
7724 3.140084028226533e+00 -1.331774345068234e+00 3.410828434633629e+00
7725 2.837812470157528e+00 1.031786493934721e+00 3.019563376524441e+00
7726 2.837812470127638e+00 1.031786493981865e+00 3.019563376512458e+00
7727 2.957942662651790e+00 -1.096583433401621e+00 3.154666388375551e+00
7728 2.957942662656501e+00 -1.096583433450448e+00 3.154666388396942e+00
7729 2.957942662656457e+00 -1.096583433450436e+00 3.154666388396897e+00
7730 2.837812470128542e+00 1.031786494046616e+00 3.019563376535433e+00
7731 3.140084028223364e+00 -1.331774345043663e+00 3.410828434621119e+00
7732 2.837812470127653e+00 1.031786493981868e+00 3.019563376512473e+00
7733 2.923764145258683e+00 -9.956794132742818e-01 3.088652500868049e+00
7734 3.140084028226690e+00 -1.331774345068045e+00 3.410828434633700e+00
7735 2.837812470098680e+00 1.031786494093754e+00 3.019563376523476e+00
7736 2.923764145258624e+00 -9.956794132742699e-01 3.088652500867989e+00
7737 2.837812470098724e+00 1.031786494093771e+00 3.019563376523523e+00
7738 2.837812470127680e+00 -1.031786493981873e+00 3.019563376512500e+00
7739 2.837812470157568e+00 -1.031786493934735e+00 3.019563376524482e+00
7740 2.837812470128564e+00 -1.031786494046617e+00 3.019563376535454e+00
7741 2.837812470128302e+00 -1.031786494014162e+00 3.019563376524118e+00
7742 2.837812470128543e+00 -1.031786494046617e+00 3.019563376535434e+00
7743 2.837812470098705e+00 -1.031786494093768e+00 3.019563376523504e+00
7744 2.837812470098714e+00 -1.031786494093762e+00 3.019563376523510e+00
7745 2.837812470157539e+00 -1.031786493934729e+00 3.019563376524452e+00
7746 2.837812470127662e+00 -1.031786493981871e+00 3.019563376512483e+00
7747 2.837812470127938e+00 -1.031786494014327e+00 3.019563376523832e+00
7748 2.837812470128291e+00 -1.031786494014174e+00 3.019563376524111e+00
7749 2.923764145257516e+00 9.956794132323472e-01 3.088652500853426e+00
7750 2.957942662654130e+00 1.096583433426034e+00 3.154666388386232e+00
7751 2.957942662654136e+00 -1.096583433426037e+00 3.154666388386238e+00
7752 2.957942662654105e+00 1.096583433426026e+00 3.154666388386206e+00
7753 2.957942662654097e+00 1.096583433426014e+00 3.154666388386195e+00
7754 2.957942662654126e+00 -1.096583433426026e+00 3.154666388386226e+00
7755 2.957942662654103e+00 -1.096583433426023e+00 3.154666388386203e+00
7756 2.923764145257500e+00 -9.956794132323442e-01 3.088652500853410e+00
7757 2.837812470128561e+00 1.031786494046617e+00 3.019563376535451e+00
7758 2.923764145257498e+00 9.956794132323420e-01 3.088652500853408e+00
7759 2.837812470127909e+00 1.031786494014319e+00 3.019563376523803e+00
7760 2.837812470128294e+00 1.031786494014162e+00 3.019563376524110e+00
7761 2.837812470127937e+00 1.031786494014332e+00 3.019563376523833e+00
7762 2.923764145257986e+00 9.956794132533733e-01 3.088652500860649e+00
7763 2.923764145258173e+00 9.956794132532449e-01 3.088652500860785e+00
7764 2.923764145257953e+00 9.956794132533680e-01 3.088652500860616e+00
7765 2.923764145258160e+00 -9.956794132532401e-01 3.088652500860771e+00
7766 2.923764145257981e+00 -9.956794132533657e-01 3.088652500860642e+00
7767 2.923764145258167e+00 -9.956794132532489e-01 3.088652500860781e+00
7768 2.923764145257968e+00 -9.956794132533701e-01 3.088652500860630e+00
7769 2.837812470127900e+00 -1.031786494014306e+00 3.019563376523789e+00
7770 2.923764145258157e+00 9.956794132532470e-01 3.088652500860771e+00
7771 2.837812470128287e+00 1.031786494014162e+00 3.019563376524104e+00
7772 2.731655665456564e+00 1.088615233054152e+00 2.940582561374274e+00
7773 3.140084028226526e+00 1.331774345068235e+00 3.410828434633623e+00
7774 2.957942662654093e+00 1.096583433426026e+00 3.154666388386194e+00
7775 2.957942662654105e+00 -1.096583433426026e+00 3.154666388386206e+00
