0 1.000240291239145e-01 6.373467138906980e-01 6.451477661043654e-01
1 1.000240291517881e-01 6.373467138907002e-01 6.451477661086891e-01
2 1.000240287347249e-01 6.373467138906805e-01 6.451477660440079e-01
3 1.000240287068740e-01 6.373467138906420e-01 6.451477660396520e-01
4 1.000240287068462e-01 -6.373467138906540e-01 6.451477660396594e-01
5 1.000240287347001e-01 -6.373467138906881e-01 6.451477660440115e-01
6 1.000240291517569e-01 -6.373467138907168e-01 6.451477661087007e-01
7 1.000240291239030e-01 -6.373467138907125e-01 6.451477661043780e-01
8 3.052761150117238e-01 1.265091462180298e+00 1.301403055966190e+00
9 3.052761150527120e-01 1.265091462180308e+00 1.301403055975813e+00
10 3.052761148418065e-01 1.265091462180292e+00 1.301403055926325e+00
11 3.052761148008545e-01 1.265091462180248e+00 1.301403055916676e+00
12 3.052761148008585e-01 -1.265091462180268e+00 1.301403055916696e+00
13 3.052761148418320e-01 -1.265091462180280e+00 1.301403055926320e+00
14 3.052761150527156e-01 -1.265091462180334e+00 1.301403055975839e+00
15 3.052761150117511e-01 -1.265091462180281e+00 1.301403055966179e+00
16 7.017927060579097e-01 1.915450443088964e+00 2.039966519873743e+00
17 7.017927061006050e-01 1.915450443088979e+00 2.039966519888446e+00
18 7.017927059603490e-01 1.915450443088964e+00 2.039966519840180e+00
19 7.017927059176159e-01 1.915450443088943e+00 2.039966519825460e+00
20 7.017927059176177e-01 -1.915450443088937e+00 2.039966519825454e+00
21 7.017927061006267e-01 -1.915450443088974e+00 2.039966519888448e+00
22 7.017927059603386e-01 -1.915450443088943e+00 2.039966519840157e+00
23 7.017927060579039e-01 -1.915450443088947e+00 2.039966519873725e+00
24 5.167822711531633e-01 9.577487188493597e-01 1.088276860103077e+00
25 5.167822710785637e-01 9.577487188495847e-01 1.088276860067850e+00
26 5.167822702683270e-01 9.577487188501738e-01 1.088276859683617e+00
27 5.167822703178109e-01 9.577487188545005e-01 1.088276859710923e+00
28 5.167822707408811e-01 9.577487188586771e-01 1.088276859915499e+00
29 5.167822707321494e-01 9.577487188566757e-01 1.088276859909591e+00
30 5.167822706328425e-01 9.577487188632848e-01 1.088276859868251e+00
31 5.167822706363462e-01 9.577487188655772e-01 1.088276859871932e+00
32 5.167822711531470e-01 -9.577487188493359e-01 1.088276860103048e+00
33 5.167822710785660e-01 -9.577487188495629e-01 1.088276860067832e+00
34 5.167822702683190e-01 -9.577487188501800e-01 1.088276859683619e+00
35 5.167822703177939e-01 -9.577487188544895e-01 1.088276859710905e+00
36 5.167822707321168e-01 -9.577487188566711e-01 1.088276859909572e+00
37 5.167822707408373e-01 -9.577487188586877e-01 1.088276859915488e+00
38 5.167822706363373e-01 -9.577487188655898e-01 1.088276859871939e+00
39 5.167822706328247e-01 -9.577487188632829e-01 1.088276859868240e+00
40 1.262551850949400e+00 2.461187014345869e+00 2.766130636090871e+00
41 1.262551850992375e+00 2.461187014345914e+00 2.766130636110527e+00
42 1.262551850882152e+00 2.461187014345871e+00 2.766130636060179e+00
43 1.262551850839259e+00 2.461187014345859e+00 2.766130636040591e+00
44 1.262551850839290e+00 -2.461187014345884e+00 2.766130636040627e+00
45 1.262551850992394e+00 -2.461187014345932e+00 2.766130636110552e+00
46 1.262551850882171e+00 -2.461187014345899e+00 2.766130636060213e+00
47 1.262551850949412e+00 -2.461187014345875e+00 2.766130636090883e+00
48 7.214427636060029e-01 1.453406225140555e+00 1.622611881022934e+00
49 7.214427634663592e-01 1.453406225136053e+00 1.622611880956814e+00
50 7.214427629271133e-01 1.453406225135351e+00 1.622611880716426e+00
51 7.214427630146500e-01 1.453406225134920e+00 1.622611880754961e+00
52 7.214427632851393e-01 1.453406225148182e+00 1.622611880887104e+00
53 7.214427632666908e-01 1.453406225141391e+00 1.622611880872819e+00
54 7.214427632033918e-01 1.453406225148249e+00 1.622611880850818e+00
55 7.214427632171152e-01 1.453406225155394e+00 1.622611880863319e+00
56 7.214427636060022e-01 -1.453406225140557e+00 1.622611881022936e+00
57 7.214427629271107e-01 -1.453406225135353e+00 1.622611880716427e+00
58 7.214427630146205e-01 -1.453406225134914e+00 1.622611880754942e+00
59 7.214427634663351e-01 -1.453406225136034e+00 1.622611880956786e+00
60 7.214427632034025e-01 -1.453406225148286e+00 1.622611880850856e+00
61 7.214427632171320e-01 -1.453406225155418e+00 1.622611880863348e+00
62 7.214427632666796e-01 -1.453406225141397e+00 1.622611880872819e+00
63 7.214427632851207e-01 -1.453406225148174e+00 1.622611880887089e+00
64 1.117644551556556e+00 2.044833293710859e+00 2.330337431079983e+00
65 1.117644551008262e+00 2.044833293703897e+00 2.330337430810909e+00
66 1.117644551403158e+00 2.044833293700533e+00 2.330337430997352e+00
67 1.117644551095704e+00 2.044833293698787e+00 2.330337430848363e+00
68 1.117644551300512e+00 2.044833293724291e+00 2.330337430968969e+00
69 1.117644551230009e+00 2.044833293715873e+00 2.330337430927769e+00
70 1.117644551253378e+00 2.044833293721857e+00 2.330337430944227e+00
71 1.117644551275398e+00 2.044833293709241e+00 2.330337430943719e+00
72 1.117644551556509e+00 -2.044833293710827e+00 2.330337431079933e+00
73 1.117644551008244e+00 -2.044833293703910e+00 2.330337430810912e+00
74 1.117644551095698e+00 -2.044833293698817e+00 2.330337430848386e+00
75 1.117644551403184e+00 -2.044833293700531e+00 2.330337430997362e+00
76 1.117644551230005e+00 -2.044833293715854e+00 2.330337430927750e+00
77 1.117644551253372e+00 -2.044833293721861e+00 2.330337430944229e+00
78 1.117644551275386e+00 -2.044833293709335e+00 2.330337430943795e+00
79 1.117644551300503e+00 -2.044833293724284e+00 2.330337430968958e+00
80 8.503536140247080e+00 4.343568226647153e-01 8.514622289795573e+00
81 8.503536139988235e+00 4.343568226647370e-01 8.514622289537066e+00
82 8.503536140206430e+00 4.343568226646584e-01 8.514622289754971e+00
83 8.503536140028876e+00 4.343568226647164e-01 8.514622289577652e+00
84 8.503536140028830e+00 -4.343568226647393e-01 8.514622289577606e+00
85 8.503536139988137e+00 -4.343568226647492e-01 8.514622289536968e+00
86 8.503536140246899e+00 -4.343568226647206e-01 8.514622289795390e+00
87 8.503536140206363e+00 -4.343568226646626e-01 8.514622289754906e+00
88 1.949338739152456e+00 -2.850602656298516e+00 3.453383416890838e+00
89 1.949338739291222e+00 -2.850602656298546e+00 3.453383416969192e+00
90 1.949338739195217e+00 -2.850602656298510e+00 3.453383416914970e+00
91 1.949338739248422e+00 -2.850602656298510e+00 3.453383416945003e+00
92 1.949338739195253e+00 2.850602656298543e+00 3.453383416915018e+00
93 1.949338739152453e+00 2.850602656298522e+00 3.453383416890841e+00
94 1.949338739248468e+00 2.850602656298584e+00 3.453383416945091e+00
95 1.949338739291226e+00 2.850602656298561e+00 3.453383416969207e+00
96 1.678268315360741e+00 -2.563207405611134e+00 3.063758597299000e+00
97 1.678268314878544e+00 -2.563207405603937e+00 3.063758597028841e+00
98 1.678268314959589e+00 -2.563207405597749e+00 3.063758597068059e+00
99 8.500765826625669e+00 4.498689951510850e-01 8.512661261434349e+00
100 8.500765827301864e+00 4.498689950909068e-01 8.512661262106420e+00
101 8.500765827358464e+00 4.498689952906860e-01 8.512661262173497e+00
102 8.500765826754971e+00 4.498689954321539e-01 8.512661261578323e+00
103 8.464303327197396e+00 -5.435101768228147e-01 8.481735325221772e+00
104 8.464303326613219e+00 -5.435101766765255e-01 8.481735324629421e+00
105 8.464303326665011e+00 -5.435101768191503e-01 8.481735324690247e+00
106 8.464303326995779e+00 -5.435101766058005e-01 8.481735325006662e+00
107 8.464303326755074e+00 -5.435101768980239e-01 8.481735324785179e+00
108 8.464303326975077e+00 -5.435101767981491e-01 8.481735324998329e+00
109 8.464303326954479e+00 -5.435101769544542e-01 8.481735324987788e+00
110 8.464303326868821e+00 -5.435101768568023e-01 8.481735324896050e+00
111 8.464303327197419e+00 5.435101768229007e-01 8.481735325221800e+00
112 8.464303326995786e+00 5.435101766058583e-01 8.481735325006673e+00
113 8.464303326613244e+00 5.435101766765058e-01 8.481735324629446e+00
114 8.464303326975188e+00 5.435101767980701e-01 8.481735324998434e+00
115 8.464303326954514e+00 5.435101769544729e-01 8.481735324987826e+00
116 8.464303326868935e+00 5.435101768568835e-01 8.481735324896169e+00
117 8.464303326665137e+00 5.435101768191221e-01 8.481735324690371e+00
118 8.464303326755239e+00 5.435101768980720e-01 8.481735324785346e+00
119 8.500765826625704e+00 -4.498689951510597e-01 8.512661261434383e+00
120 8.500765826754794e+00 -4.498689954320844e-01 8.512661261578144e+00
121 8.500765827358379e+00 -4.498689952907676e-01 8.512661262173417e+00
122 8.500765827301782e+00 -4.498689950908570e-01 8.512661262106333e+00
123 8.500765826951627e+00 -4.498689952606090e-01 8.512661261765640e+00
124 8.500765827068633e+00 -4.498689952242184e-01 8.512661261880559e+00
125 1.678268315360807e+00 2.563207405611143e+00 3.063758597299044e+00
126 1.678268315206432e+00 2.563207405594373e+00 3.063758597200451e+00
127 1.678268314878576e+00 2.563207405603952e+00 3.063758597028871e+00
128 1.678268314959503e+00 2.563207405597713e+00 3.063758597067982e+00
129 1.678268315142565e+00 2.563207405634154e+00 3.063758597198746e+00
130 1.678268315099646e+00 2.563207405617026e+00 3.063758597160906e+00
131 1.678268315073329e+00 2.563207405615364e+00 3.063758597145101e+00
132 1.678268315110510e+00 2.563207405609184e+00 3.063758597160297e+00
133 8.298284054057183e+00 -1.175972544185406e+00 8.381195002295174e+00
134 8.298284054099367e+00 -1.175972544185422e+00 8.381195002336945e+00
135 8.298284054183357e+00 -1.175972544185419e+00 8.381195002420103e+00
136 8.298284054140892e+00 -1.175972544185367e+00 8.381195002378050e+00
137 1.678268315206478e+00 -2.563207405594416e+00 3.063758597200511e+00
138 1.678268315073350e+00 -2.563207405615336e+00 3.063758597145089e+00
139 1.678268315142542e+00 -2.563207405634163e+00 3.063758597198742e+00
140 1.678268315110497e+00 -2.563207405609133e+00 3.063758597160247e+00
141 1.678268315099666e+00 -2.563207405617047e+00 3.063758597160936e+00
142 8.298284054183265e+00 1.175972544185415e+00 8.381195002420011e+00
143 8.298284054057135e+00 1.175972544185392e+00 8.381195002295126e+00
144 8.298284054140876e+00 1.175972544185373e+00 8.381195002378034e+00
145 8.298284054099438e+00 1.175972544185402e+00 8.381195002337012e+00
146 8.500765826963299e+00 4.498689952367076e-01 8.512661261776032e+00
147 8.500765826951506e+00 4.498689952605889e-01 8.512661261765516e+00
148 8.500765827050266e+00 4.498689952110332e-01 8.512661261861521e+00
149 8.500765827068586e+00 4.498689952242743e-01 8.512661261880515e+00
150 8.500765827050305e+00 -4.498689952110531e-01 8.512661261861561e+00
151 8.500765826963347e+00 -4.498689952366702e-01 8.512661261776078e+00
152 8.271281114024955e+00 -1.227925079921494e+00 8.361931072971489e+00
153 8.271281113542493e+00 -1.227925079971170e+00 8.361931072501550e+00
154 8.271281113498064e+00 -1.227925079893109e+00 8.361931072446142e+00
155 8.271281113709431e+00 -1.227925079941362e+00 8.361931072662301e+00
156 8.271281113788479e+00 -1.227925079864622e+00 8.361931072729224e+00
157 8.271281113749716e+00 -1.227925079912133e+00 8.361931072697857e+00
158 8.271281113801159e+00 -1.227925079932463e+00 8.361931072751728e+00
159 8.271281113732417e+00 -1.227925079930718e+00 8.361931072683477e+00
160 8.335105018943134e+00 -1.202411954550175e+00 8.421387663874416e+00
161 8.335105019704352e+00 -1.202411954572206e+00 8.421387664630981e+00
162 8.335105019127608e+00 -1.202411954690152e+00 8.421387664076986e+00
163 8.335105019584590e+00 -1.202411954473917e+00 8.421387664498413e+00
164 8.500765827009294e+00 4.498689952372106e-01 8.512661261821989e+00
165 8.335105018943212e+00 1.202411954550186e+00 8.421387663874496e+00
166 8.335105019704312e+00 1.202411954572195e+00 8.421387664630938e+00
167 8.335105019584521e+00 1.202411954473929e+00 8.421387664498345e+00
168 8.335105019127520e+00 1.202411954690160e+00 8.421387664076899e+00
169 8.500765827009339e+00 4.498689952371792e-01 8.512661261822032e+00
170 8.500765827009321e+00 4.498689952372150e-01 8.512661261822016e+00
171 8.500765827009342e+00 4.498689952371515e-01 8.512661261822036e+00
172 8.271281114024907e+00 1.227925079921496e+00 8.361931072971441e+00
173 8.271281113498121e+00 1.227925079893158e+00 8.361931072446206e+00
174 8.271281113542530e+00 1.227925079971192e+00 8.361931072501591e+00
175 8.271281113788644e+00 1.227925079864633e+00 8.361931072729389e+00
176 8.271281113801177e+00 1.227925079932501e+00 8.361931072751752e+00
177 8.271281113732512e+00 1.227925079930734e+00 8.361931072683573e+00
178 8.271281113709335e+00 1.227925079941352e+00 8.361931072662207e+00
179 8.271281113749620e+00 1.227925079912108e+00 8.361931072697759e+00
180 8.500765827009310e+00 -4.498689952372010e-01 8.512661261822005e+00
181 8.500765827009351e+00 -4.498689952371811e-01 8.512661261822045e+00
182 8.500765827009339e+00 -4.498689952371666e-01 8.512661261822032e+00
183 8.500765827009312e+00 -4.498689952371521e-01 8.512661261822005e+00
184 7.901767462989125e+00 -1.857795849308192e+00 8.117224553802879e+00
185 7.901767463027051e+00 -1.857795849308259e+00 8.117224553839812e+00
186 7.901767463086638e+00 -1.857795849308221e+00 8.117224553897810e+00
187 7.901767463048637e+00 -1.857795849308232e+00 8.117224553860821e+00
188 1.095070154803274e+00 1.102774531491617e+00 1.554120430097817e+00
189 1.095070154637021e+00 1.102774531429581e+00 1.554120429936651e+00
190 1.095070153818723e+00 1.102774531442785e+00 1.554120429369428e+00
191 1.095070153859243e+00 1.102774531416603e+00 1.554120429379401e+00
192 1.095070153921771e+00 1.102774531687685e+00 1.554120429615815e+00
193 1.095070153986248e+00 1.102774531679739e+00 1.554120429655608e+00
194 1.095070154408924e+00 1.102774531609592e+00 1.554120429903661e+00
195 1.095070154377231e+00 1.102774531550174e+00 1.554120429839168e+00
196 8.181707727547780e+00 -8.132409038542061e-01 8.222025426056321e+00
197 8.181707727538251e+00 -8.132409039707225e-01 8.222025426058366e+00
198 8.181707728502353e+00 -8.132409038927181e-01 8.222025427010026e+00
199 8.181707728338756e+00 -8.132409039105318e-01 8.222025426848992e+00
200 8.181707727903657e+00 -8.132409041446770e-01 8.222025426439185e+00
201 8.181707727970377e+00 -8.132409041808761e-01 8.222025426509159e+00
202 8.181707728039889e+00 -8.132409040468940e-01 8.222025426565077e+00
203 8.181707727992265e+00 -8.132409040352023e-01 8.222025426516531e+00
204 8.181707728502357e+00 8.132409038927284e-01 8.222025427010029e+00
205 8.181707728338651e+00 8.132409039105528e-01 8.222025426848889e+00
206 8.181707727538232e+00 8.132409039707362e-01 8.222025426058348e+00
207 8.181707727547835e+00 8.132409038542203e-01 8.222025426056380e+00
208 8.181707728039912e+00 8.132409040469112e-01 8.222025426565102e+00
209 8.181707727992361e+00 8.132409040352114e-01 8.222025426516627e+00
210 8.181707727903653e+00 8.132409041446710e-01 8.222025426439181e+00
211 8.181707727970370e+00 8.132409041808428e-01 8.222025426509148e+00
212 8.335105019337689e+00 -1.202411954577514e+00 8.421387664268831e+00
213 8.335105019342176e+00 -1.202411954566300e+00 8.421387664271672e+00
214 8.335105019337867e+00 -1.202411954569531e+00 8.421387664267868e+00
215 8.335105019340817e+00 -1.202411954573208e+00 8.421387664271315e+00
216 7.901767462989203e+00 1.857795849308226e+00 8.117224553802963e+00
217 7.901767463048725e+00 1.857795849308254e+00 8.117224553860911e+00
218 7.901767463086688e+00 1.857795849308253e+00 8.117224553897866e+00
219 7.901767463027054e+00 1.857795849308229e+00 8.117224553839810e+00
220 7.948470134780488e+00 -1.877807128080199e+00 8.167272316616250e+00
221 7.948470134929864e+00 -1.877807128151778e+00 8.167272316778082e+00
222 7.948470135495922e+00 -1.877807128069463e+00 8.167272317310047e+00
223 1.095070154637057e+00 -1.102774531429557e+00 1.554120429936659e+00
224 1.095070153818731e+00 -1.102774531442785e+00 1.554120429369434e+00
225 1.095070153859275e+00 -1.102774531416631e+00 1.554120429379444e+00
226 1.095070153921774e+00 -1.102774531687660e+00 1.554120429615799e+00
227 1.095070153986228e+00 -1.102774531679732e+00 1.554120429655589e+00
228 1.095070154803307e+00 -1.102774531491610e+00 1.554120430097834e+00
229 1.095070154408951e+00 -1.102774531609593e+00 1.554120429903681e+00
230 1.095070154377256e+00 -1.102774531550172e+00 1.554120429839184e+00
231 1.095070154226536e+00 1.102774531538441e+00 1.554120429724659e+00
232 1.095070154226562e+00 1.102774531538469e+00 1.554120429724697e+00
233 8.335105019337806e+00 1.202411954569535e+00 8.421387664267810e+00
234 8.335105019342219e+00 1.202411954566217e+00 8.421387664271704e+00
235 8.335105019337760e+00 1.202411954577631e+00 8.421387664268920e+00
236 8.335105019340673e+00 1.202411954573142e+00 8.421387664271162e+00
237 8.335105019339816e+00 1.202411954571606e+00 8.421387664270092e+00
238 8.335105019339634e+00 1.202411954571638e+00 8.421387664269918e+00
239 1.095070154226555e+00 1.102774531538438e+00 1.554120429724670e+00
240 8.205983821810179e+00 -7.027033103122560e-01 8.236016174470166e+00
241 8.205983822169037e+00 -7.027033102474384e-01 8.236016174822185e+00
242 8.205983822067770e+00 -7.027033103314139e-01 8.236016174728453e+00
243 8.205983821738142e+00 -7.027033105288748e-01 8.236016174416873e+00
244 8.205983821821150e+00 -7.027033109512296e-01 8.236016174535616e+00
245 8.205983822066177e+00 -7.027033109849218e-01 8.236016174782623e+00
246 8.205983822006711e+00 -7.027033108188648e-01 8.236016174709206e+00
247 8.205983822172021e+00 -7.027033107520610e-01 8.236016174868213e+00
248 1.297086901622800e+00 1.553016173701488e+00 2.023436103794693e+00
249 1.297086901337036e+00 1.553016173595725e+00 2.023436103530335e+00
250 1.297086900715347e+00 1.553016173632639e+00 2.023436103160144e+00
251 1.297086900781724e+00 1.553016173617484e+00 2.023436103191062e+00
252 1.297086900849843e+00 1.553016173799592e+00 2.023436103374499e+00
253 1.297086901202471e+00 1.553016173799618e+00 2.023436103600565e+00
254 1.297086900997281e+00 1.553016173802467e+00 2.023436103471218e+00
255 1.297086901160233e+00 1.553016173695550e+00 2.023436103493615e+00
256 7.948470135396622e+00 -1.877807128018581e+00 8.167272317201711e+00
257 8.335105019339840e+00 1.202411954571655e+00 8.421387664270126e+00
258 1.095070154226560e+00 1.102774531538455e+00 1.554120429724685e+00
259 8.335105019339725e+00 -1.202411954571621e+00 8.421387664270005e+00
260 8.335105019339707e+00 -1.202411954571604e+00 8.421387664269986e+00
261 8.335105019339792e+00 -1.202411954571633e+00 8.421387664270073e+00
262 1.095070154226574e+00 -1.102774531538478e+00 1.554120429724712e+00
263 1.095070154226556e+00 -1.102774531538444e+00 1.554120429724675e+00
264 2.364994929224399e+00 2.939151976552837e+00 3.772507833859536e+00
265 2.364994929300152e+00 2.939151976546710e+00 3.772507833902253e+00
266 2.364994929522458e+00 2.939151976538932e+00 3.772507834035557e+00
267 2.364994929474535e+00 2.939151976588721e+00 3.772507834044304e+00
268 2.364994929673324e+00 2.939151976559966e+00 3.772507834146523e+00
269 1.095070154226572e+00 -1.102774531538480e+00 1.554120429724712e+00
270 8.205983822168946e+00 7.027033102474349e-01 8.236016174822094e+00
271 8.205983821810175e+00 7.027033103122489e-01 8.236016174470162e+00
272 8.205983822067701e+00 7.027033103313989e-01 8.236016174728382e+00
273 8.205983821821087e+00 7.027033109512056e-01 8.236016174535552e+00
274 8.205983822066095e+00 7.027033109848609e-01 8.236016174782536e+00
275 8.205983822172000e+00 7.027033107520756e-01 8.236016174868194e+00
276 8.205983821738117e+00 7.027033105288504e-01 8.236016174416847e+00
277 8.205983822006708e+00 7.027033108189020e-01 8.236016174709205e+00
278 1.297086900715332e+00 -1.553016173632640e+00 2.023436103160135e+00
279 1.297086900781724e+00 -1.553016173617505e+00 2.023436103191078e+00
280 1.297086900849808e+00 -1.553016173799570e+00 2.023436103374460e+00
281 1.297086901622721e+00 -1.553016173701474e+00 2.023436103794631e+00
282 1.297086901337020e+00 -1.553016173595759e+00 2.023436103530349e+00
283 1.297086900997298e+00 -1.553016173802461e+00 2.023436103471224e+00
284 7.948470135495882e+00 1.877807128069446e+00 8.167272317310005e+00
285 7.948470135396645e+00 1.877807128018589e+00 8.167272317201734e+00
286 7.948470135149588e+00 1.877807128079062e+00 8.167272316975199e+00
287 7.948470135151726e+00 1.877807128080751e+00 8.167272316977670e+00
288 1.297086901160257e+00 -1.553016173695516e+00 2.023436103493605e+00
289 7.948470134780535e+00 1.877807128080241e+00 8.167272316616303e+00
290 7.948470134929834e+00 1.877807128151760e+00 8.167272316778048e+00
291 1.297086901202423e+00 -1.553016173799598e+00 2.023436103600518e+00
292 8.335105019339725e+00 -1.202411954571646e+00 8.421387664270009e+00
293 7.948470135151294e+00 -1.877807128077952e+00 8.167272316976604e+00
294 7.948470135149987e+00 -1.877807128082191e+00 8.167272316976307e+00
295 1.095070154226574e+00 -1.102774531538449e+00 1.554120429724691e+00
296 1.297086901083361e+00 1.553016173705553e+00 2.023436103452015e+00
297 1.297086901083352e+00 1.553016173705581e+00 2.023436103452031e+00
298 1.297086901083301e+00 1.553016173705549e+00 2.023436103451973e+00
299 7.948470135150721e+00 1.877807128079995e+00 8.167272316976517e+00
300 7.948470135150056e+00 1.877807128082232e+00 8.167272316976383e+00
301 2.364994929431913e+00 2.939151976563476e+00 3.772507833997915e+00
302 2.364994929405804e+00 2.939151976563953e+00 3.772507833981919e+00
303 7.879001279492536e+00 -1.892658342234600e+00 8.103136230045452e+00
304 7.879001279051647e+00 -1.892658342277376e+00 8.103136229626751e+00
305 7.879001279010978e+00 -1.892658342237019e+00 8.103136229577780e+00
306 2.364994929438948e+00 2.939151976557912e+00 3.772507833997991e+00
307 7.879001279356708e+00 -1.892658342222371e+00 8.103136229910527e+00
308 7.879001279222440e+00 -1.892658342252419e+00 8.103136229786990e+00
309 7.879001279238824e+00 -1.892658342238413e+00 8.103136229799649e+00
310 7.879001279233034e+00 -1.892658342247466e+00 8.103136229796135e+00
311 7.879001279243763e+00 -1.892658342234295e+00 8.103136229803489e+00
312 7.879001279492559e+00 1.892658342234658e+00 8.103136230045491e+00
313 7.879001279011063e+00 1.892658342237074e+00 8.103136229577876e+00
314 7.879001279356697e+00 1.892658342222345e+00 8.103136229910509e+00
315 7.879001279051663e+00 1.892658342277387e+00 8.103136229626768e+00
316 2.364994929673297e+00 -2.939151976559975e+00 3.772507834146513e+00
317 2.364994929224390e+00 -2.939151976552876e+00 3.772507833859561e+00
318 2.364994929522524e+00 -2.939151976538941e+00 3.772507834035604e+00
319 2.364994929300087e+00 -2.939151976546691e+00 3.772507833902197e+00
320 2.364994929474544e+00 -2.939151976588714e+00 3.772507834044304e+00
321 2.364994929405778e+00 -2.939151976563942e+00 3.772507833981896e+00
322 7.879001279222364e+00 1.892658342252423e+00 8.103136229786918e+00
323 7.879001279233075e+00 1.892658342247532e+00 8.103136229796188e+00
324 7.879001279243775e+00 1.892658342234326e+00 8.103136229803511e+00
325 2.364994929438952e+00 -2.939151976557969e+00 3.772507833998039e+00
326 2.364994929431830e+00 -2.939151976563417e+00 3.772507833997818e+00
327 1.297086901083342e+00 1.553016173705571e+00 2.023436103452017e+00
328 7.948470135151840e+00 -1.877807128080791e+00 8.167272316977789e+00
329 7.948470135149636e+00 -1.877807128079098e+00 8.167272316975254e+00
330 2.715349978897294e+00 3.052897158849283e+00 4.085744310454039e+00
331 2.715349978849837e+00 3.052897158849324e+00 4.085744310422531e+00
332 2.715349978939944e+00 3.052897158849301e+00 4.085744310482399e+00
333 2.715349978807183e+00 3.052897158849280e+00 4.085744310394150e+00
334 2.715349978807117e+00 -3.052897158849240e+00 4.085744310394078e+00
335 2.715349978849773e+00 -3.052897158849295e+00 4.085744310422467e+00
336 2.715349978939872e+00 -3.052897158849271e+00 4.085744310482328e+00
337 2.715349978897285e+00 -3.052897158849287e+00 4.085744310454037e+00
338 8.205983821981359e+00 7.027033106158935e-01 8.236016174666629e+00
339 8.205983821981327e+00 7.027033106158744e-01 8.236016174666595e+00
340 8.205983821981375e+00 7.027033106158892e-01 8.236016174666645e+00
341 7.879001279238778e+00 1.892658342238397e+00 8.103136229799599e+00
342 7.964817355120367e+00 -1.358577642811040e+00 8.079854498193182e+00
343 7.964817355790029e+00 -1.358577642835186e+00 8.079854498857371e+00
344 7.964817355106811e+00 -1.358577642939469e+00 8.079854498201414e+00
345 7.964817355658022e+00 -1.358577642918540e+00 8.079854498741257e+00
346 7.964817355340623e+00 -1.358577643046068e+00 8.079854498449821e+00
347 7.964817355472536e+00 -1.358577643073058e+00 8.079854498584394e+00
348 7.964817355447702e+00 -1.358577642934891e+00 8.079854498536681e+00
349 7.964817355423580e+00 -1.358577642943860e+00 8.079854498514411e+00
350 7.964817355789971e+00 1.358577642835154e+00 8.079854498857307e+00
351 7.964817355106881e+00 1.358577642939471e+00 8.079854498201483e+00
352 7.964817355657979e+00 1.358577642918485e+00 8.079854498741208e+00
353 7.964817355472535e+00 1.358577643073051e+00 8.079854498584391e+00
354 7.964817355340637e+00 1.358577643046074e+00 8.079854498449835e+00
355 7.964817355120347e+00 1.358577642811014e+00 8.079854498193159e+00
356 7.964817355423638e+00 1.358577642943845e+00 8.079854498514466e+00
357 7.964817355447670e+00 1.358577642934881e+00 8.079854498536648e+00
358 8.335105019339757e+00 1.202411954571640e+00 8.421387664270039e+00
359 1.297086901083345e+00 -1.553016173705566e+00 2.023436103452015e+00
360 1.297086901083308e+00 -1.553016173705578e+00 2.023436103452001e+00
361 7.948470135151390e+00 1.877807128077962e+00 8.167272316976700e+00
362 7.948470135150725e+00 1.877807128080009e+00 8.167272316976524e+00
363 8.205983821981413e+00 -7.027033106158798e-01 8.236016174666680e+00
364 8.205983821981450e+00 -7.027033106158609e-01 8.236016174666716e+00
365 8.205983821981453e+00 -7.027033106158821e-01 8.236016174666721e+00
366 8.205983821981413e+00 -7.027033106158620e-01 8.236016174666679e+00
367 7.948470135150814e+00 -1.877807128080032e+00 8.167272316976616e+00
368 7.948470135150643e+00 -1.877807128080003e+00 8.167272316976444e+00
369 1.297086901083349e+00 -1.553016173705574e+00 2.023436103452023e+00
370 1.297086901083374e+00 -1.553016173705594e+00 2.023436103452055e+00
371 8.205983821981381e+00 7.027033106158889e-01 8.236016174666650e+00
372 7.341008318088135e+00 -2.416587788125689e+00 7.728538003009199e+00
373 7.341008318120418e+00 -2.416587788125658e+00 7.728538003039851e+00
374 7.341008318174347e+00 -2.416587788125725e+00 7.728538003091098e+00
375 7.341008318141879e+00 -2.416587788125695e+00 7.728538003060249e+00
376 7.948470135150692e+00 1.877807128079997e+00 8.167272316976488e+00
377 7.948470135150745e+00 1.877807128080002e+00 8.167272316976542e+00
378 7.341008318174186e+00 2.416587788125696e+00 7.728538003090936e+00
379 7.341008318088035e+00 2.416587788125681e+00 7.728538003009100e+00
380 7.341008318141863e+00 2.416587788125728e+00 7.728538003060244e+00
381 7.341008318120489e+00 2.416587788125659e+00 7.728538003039921e+00
382 7.738346925977855e+00 -9.308220573848732e-01 7.794128742156183e+00
383 7.948470135150795e+00 -1.877807128080069e+00 8.167272316976605e+00
384 7.948470135150708e+00 -1.877807128080004e+00 8.167272316976506e+00
385 7.738346925977901e+00 -9.308220573848833e-01 7.794128742156230e+00
386 1.692038457574799e+00 2.116860961778149e+00 2.709998980334202e+00
387 1.692038457288407e+00 2.116860961675063e+00 2.709998980074865e+00
388 1.692038456769080e+00 2.116860961712780e+00 2.709998979780074e+00
389 1.692038456824907e+00 2.116860961713041e+00 2.709998979815135e+00
390 1.692038456919251e+00 2.116860961827310e+00 2.709998979963300e+00
391 1.692038457180236e+00 2.116860961881091e+00 2.709998980168260e+00
392 7.738346925977858e+00 -9.308220573848685e-01 7.794128742156186e+00
393 7.969937323891203e+00 -1.295160911414055e+00 8.074487149857195e+00
394 7.969937324088562e+00 -1.295160911413550e+00 8.074487150051917e+00
395 7.969937323935889e+00 -1.295160911011699e+00 8.074487149836763e+00
396 7.969937324148809e+00 -1.295160910965030e+00 8.074487150039440e+00
397 7.969937323912323e+00 -1.295160911238028e+00 8.074487149849805e+00
398 7.969937324050641e+00 -1.295160911075598e+00 8.074487149960278e+00
399 7.969937324100967e+00 -1.295160911206984e+00 8.074487150031029e+00
400 7.969937324029204e+00 -1.295160911230734e+00 8.074487149964003e+00
401 1.692038457574797e+00 -2.116860961778136e+00 2.709998980334191e+00
402 1.692038456769106e+00 -2.116860961712768e+00 2.709998979780082e+00
403 1.692038456824929e+00 -2.116860961713012e+00 2.709998979815127e+00
404 1.692038457288422e+00 -2.116860961675062e+00 2.709998980074873e+00
405 1.692038457180282e+00 -2.116860961881136e+00 2.709998980168325e+00
406 1.692038456919245e+00 -2.116860961827328e+00 2.709998979963309e+00
407 1.692038457081650e+00 2.116860961819594e+00 2.709998980058669e+00
408 1.692038457139035e+00 2.116860961759860e+00 2.709998980047839e+00
409 7.738346925977813e+00 -9.308220573848772e-01 7.794128742156142e+00
410 7.969937324019781e+00 -1.295160911194477e+00 8.074487149948888e+00
411 1.692038457081641e+00 -2.116860961819637e+00 2.709998980058697e+00
412 1.692038457139058e+00 -2.116860961759872e+00 2.709998980047863e+00
413 7.738346925977804e+00 9.308220573848676e-01 7.794128742156132e+00
414 7.738346925977826e+00 9.308220573848510e-01 7.794128742156152e+00
415 7.738346925977840e+00 9.308220573848716e-01 7.794128742156168e+00
416 7.969937324148793e+00 1.295160910965042e+00 8.074487150039428e+00
417 7.969937324088511e+00 1.295160911413571e+00 8.074487150051871e+00
418 7.969937323891210e+00 1.295160911414054e+00 8.074487149857202e+00
419 7.969937323935880e+00 1.295160911011756e+00 8.074487149836763e+00
420 7.969937323912355e+00 1.295160911238016e+00 8.074487149849835e+00
421 7.969937324050669e+00 1.295160911075586e+00 8.074487149960305e+00
422 7.969937324100988e+00 1.295160911207033e+00 8.074487150031056e+00
423 7.969937324029203e+00 1.295160911230766e+00 8.074487149964007e+00
424 7.319729864567321e+00 2.443903068792887e+00 7.716936406365808e+00
425 7.319729865025526e+00 2.443903068782933e+00 7.716936406797275e+00
426 7.319729864602811e+00 2.443903068818837e+00 7.716936406407688e+00
427 7.319729864920773e+00 2.443903068775072e+00 7.716936406695424e+00
428 7.564378806765700e+00 -1.977767091710676e+00 7.818656495926892e+00
429 7.564378806833957e+00 -1.977767091638168e+00 7.818656495974587e+00
430 7.564378806312045e+00 -1.977767091622341e+00 7.818656495465647e+00
431 7.564378806469993e+00 -1.977767091806409e+00 7.818656495665018e+00
432 7.564378806285471e+00 -1.977767091718163e+00 7.818656495464174e+00
433 7.564378806560191e+00 -1.977767091715341e+00 7.818656495729247e+00
434 7.564378806615464e+00 -1.977767091819424e+00 7.818656495809050e+00
435 7.319729864782134e+00 2.443903068795593e+00 7.716936406570420e+00
436 7.319729864786754e+00 2.443903068788012e+00 7.716936406572403e+00
437 7.319729864774938e+00 2.443903068798697e+00 7.716936406564578e+00
438 7.319729864785307e+00 2.443903068789797e+00 7.716936406571594e+00
439 7.564378806551326e+00 -1.977767091721061e+00 7.818656495722117e+00
440 7.319729865025548e+00 -2.443903068782975e+00 7.716936406797309e+00
441 7.319729864602754e+00 -2.443903068818842e+00 7.716936406407636e+00
442 7.319729864567297e+00 -2.443903068792879e+00 7.716936406365781e+00
443 7.319729864920621e+00 -2.443903068775056e+00 7.716936406695275e+00
444 7.319729864785149e+00 -2.443903068789738e+00 7.716936406571426e+00
445 7.319729864774912e+00 -2.443903068798708e+00 7.716936406564557e+00
446 7.319729864786754e+00 -2.443903068788022e+00 7.716936406572406e+00
447 7.319729864782112e+00 -2.443903068795600e+00 7.716936406570403e+00
448 7.564378806833835e+00 1.977767091638158e+00 7.818656495974468e+00
449 7.564378806469972e+00 1.977767091806408e+00 7.818656495664998e+00
450 7.564378806551353e+00 1.977767091721046e+00 7.818656495722140e+00
451 7.564378806312055e+00 1.977767091622334e+00 7.818656495465653e+00
452 7.564378806285397e+00 1.977767091718178e+00 7.818656495464107e+00
453 7.564378806615366e+00 1.977767091819435e+00 7.818656495808957e+00
454 7.564378806765669e+00 1.977767091710671e+00 7.818656495926860e+00
455 1.692038457097182e+00 2.116860961770849e+00 2.709998980030291e+00
456 7.738346925977816e+00 9.308220573848409e-01 7.794128742156141e+00
457 7.969937324019753e+00 -1.295160911194466e+00 8.074487149948856e+00
458 7.969937324019810e+00 -1.295160911194475e+00 8.074487149948915e+00
459 7.390957250743932e+00 -2.432821463722997e+00 7.781058369956853e+00
460 7.390957250056907e+00 -2.432821463743323e+00 7.781058369310627e+00
461 7.390957250181225e+00 -2.432821463789243e+00 7.781058369443071e+00
462 7.390957250660692e+00 -2.432821463690258e+00 7.781058369867552e+00
463 7.969937324019753e+00 1.295160911194478e+00 8.074487149948858e+00
464 7.969937324019709e+00 1.295160911194465e+00 8.074487149948814e+00
465 7.564378806560216e+00 1.977767091715338e+00 7.818656495729269e+00
466 7.969937324019767e+00 1.295160911194485e+00 8.074487149948874e+00
467 7.390957250743869e+00 2.432821463722984e+00 7.781058369956790e+00
468 7.390957250660692e+00 2.432821463690275e+00 7.781058369867557e+00
469 7.390957250181171e+00 2.432821463789233e+00 7.781058369443016e+00
470 7.390957250056984e+00 2.432821463743342e+00 7.781058369310707e+00
471 7.390957250411401e+00 2.432821463737053e+00 7.781058369645389e+00
472 7.390957250409904e+00 2.432821463735762e+00 7.781058369643563e+00
473 7.390957250410157e+00 2.432821463737855e+00 7.781058369644458e+00
474 7.390957250411123e+00 2.432821463735134e+00 7.781058369644525e+00
475 7.390957250410700e+00 2.432821463736437e+00 7.781058369644531e+00
476 7.969937324019691e+00 -1.295160911194496e+00 8.074487149948801e+00
477 1.692038457097174e+00 2.116860961770865e+00 2.709998980030298e+00
478 1.692038457097161e+00 2.116860961770854e+00 2.709998980030282e+00
479 1.692038457097155e+00 2.116860961770861e+00 2.709998980030283e+00
480 1.692038457097152e+00 -2.116860961770869e+00 2.709998980030287e+00
481 1.692038457097222e+00 -2.116860961770918e+00 2.709998980030370e+00
482 7.533094832824601e+00 1.435505228173338e+00 7.668650012905901e+00
483 7.533094832824657e+00 1.435505228173372e+00 7.668650012905963e+00
484 1.692038457097172e+00 -2.116860961770886e+00 2.709998980030314e+00
485 7.969937324019724e+00 1.295160911194486e+00 8.074487149948832e+00
486 7.533094832824530e+00 -1.435505228173360e+00 7.668650012905837e+00
487 7.533094832824585e+00 -1.435505228173336e+00 7.668650012905885e+00
488 7.390957250410113e+00 -2.432821463737834e+00 7.781058369644410e+00
489 7.390957250411072e+00 -2.432821463735145e+00 7.781058369644479e+00
490 7.390957250409923e+00 -2.432821463735782e+00 7.781058369643588e+00
491 7.390957250411420e+00 -2.432821463737056e+00 7.781058369645407e+00
492 7.390957250410551e+00 2.432821463736392e+00 7.781058369644374e+00
493 7.390957250410681e+00 -2.432821463736467e+00 7.781058369644520e+00
494 2.252154260634800e+00 -2.621049891891885e+00 3.455734560043920e+00
495 2.252154259932196e+00 -2.621049891839366e+00 3.455734559546189e+00
496 2.252154259887977e+00 -2.621049891833990e+00 3.455734559513293e+00
497 2.252154260051380e+00 -2.621049891921401e+00 3.455734559686083e+00
498 2.252154260362815e+00 -2.621049891797135e+00 3.455734559794799e+00
499 2.252154260278806e+00 -2.621049891995721e+00 3.455734559890669e+00
500 7.711172918876118e+00 -1.048858485845383e+00 7.782177838377782e+00
501 7.711172918891825e+00 -1.048858485834873e+00 7.782177838391931e+00
502 7.711172919101537e+00 -1.048858485846150e+00 7.782177838601249e+00
503 7.711172919996135e+00 -1.048858485672286e+00 7.782177839464251e+00
504 7.711172919995439e+00 -1.048858485739436e+00 7.782177839472611e+00
505 2.252154260222603e+00 -2.621049891872711e+00 3.455734559760742e+00
506 2.252154260193650e+00 -2.621049891905414e+00 3.455734559766677e+00
507 7.567652390554303e+00 -1.935767433196739e+00 7.811309637934431e+00
508 7.567652390371864e+00 -1.935767433228839e+00 7.811309637765638e+00
509 7.567652390519211e+00 -1.935767433501872e+00 7.811309637976052e+00
510 7.567652390526860e+00 -1.935767433327381e+00 7.811309637940221e+00
511 7.567652390346360e+00 -1.935767433401735e+00 7.811309637783778e+00
512 7.567652390344556e+00 -1.935767433511420e+00 7.811309637809210e+00
513 7.567652390475013e+00 -1.935767433320957e+00 7.811309637888399e+00
514 7.567652390464777e+00 -1.935767433364216e+00 7.811309637889202e+00
515 1.692038457097190e+00 -2.116860961770858e+00 2.709998980030303e+00
516 7.533094832824512e+00 -1.435505228173363e+00 7.668650012905819e+00
517 7.533094832824518e+00 -1.435505228173342e+00 7.668650012905820e+00
518 7.533094832824538e+00 1.435505228173349e+00 7.668650012905843e+00
519 7.533094832824595e+00 1.435505228173350e+00 7.668650012905899e+00
520 7.390957250410631e+00 2.432821463736433e+00 7.781058369644465e+00
521 7.390957250410653e+00 2.432821463736450e+00 7.781058369644490e+00
522 2.252154260634848e+00 2.621049891891881e+00 3.455734560043948e+00
523 2.252154260362790e+00 2.621049891797097e+00 3.455734559794754e+00
524 2.252154259888042e+00 2.621049891834019e+00 3.455734559513357e+00
525 2.252154259932213e+00 2.621049891839339e+00 3.455734559546179e+00
526 2.252154260278830e+00 2.621049891995724e+00 3.455734559890687e+00
527 2.252154260051339e+00 2.621049891921420e+00 3.455734559686070e+00
528 7.390957250410667e+00 -2.432821463736474e+00 7.781058369644510e+00
529 7.390957250410639e+00 -2.432821463736467e+00 7.781058369644481e+00
530 7.390957250410598e+00 -2.432821463736461e+00 7.781058369644442e+00
531 2.252154260193614e+00 2.621049891905422e+00 3.455734559766659e+00
532 7.711172919239621e+00 -1.048858485874983e+00 7.782177838741958e+00
533 7.711172919558627e+00 -1.048858485911252e+00 7.782177839062943e+00
534 7.711172919518829e+00 -1.048858485843928e+00 7.782177839014433e+00
535 7.567652390519270e+00 1.935767433501896e+00 7.811309637976114e+00
536 7.567652390344596e+00 1.935767433511401e+00 7.811309637809246e+00
537 7.567652390371872e+00 1.935767433228836e+00 7.811309637765645e+00
538 7.567652390346469e+00 1.935767433401721e+00 7.811309637783878e+00
539 7.567652390527017e+00 1.935767433327395e+00 7.811309637940376e+00
540 7.567652390554386e+00 1.935767433196777e+00 7.811309637934522e+00
541 7.567652390474987e+00 1.935767433320964e+00 7.811309637888376e+00
542 7.711172919996098e+00 1.048858485672295e+00 7.782177839464217e+00
543 7.711172919995501e+00 1.048858485739425e+00 7.782177839472672e+00
544 7.711172918875969e+00 1.048858485845414e+00 7.782177838377638e+00
545 7.711172918891736e+00 1.048858485834886e+00 7.782177838391845e+00
546 7.711172919101582e+00 1.048858485846137e+00 7.782177838601291e+00
547 7.711172919558578e+00 1.048858485911172e+00 7.782177839062883e+00
548 7.711172919518783e+00 1.048858485843943e+00 7.782177839014390e+00
549 7.711172919239483e+00 1.048858485874980e+00 7.782177838741823e+00
550 1.714661806141374e+00 9.308220573849045e-01 1.951024041869875e+00
551 1.714661806141378e+00 9.308220573848671e-01 1.951024041869861e+00
552 3.130982321600916e+00 3.135744694085441e+00 4.431246448197444e+00
553 2.252154260195496e+00 -2.621049891882178e+00 3.455734559750257e+00
554 3.130982321600935e+00 -3.135744694085434e+00 4.431246448197452e+00
555 3.130982321166178e+00 -3.135744694078418e+00 4.431246447885301e+00
556 7.567652390450446e+00 -1.935767433356649e+00 7.811309637873443e+00
557 2.252154260222512e+00 2.621049891872674e+00 3.455734559760655e+00
558 7.567652390450432e+00 -1.935767433356657e+00 7.811309637873430e+00
559 6.654221429784760e+00 2.812186075349991e+00 7.224060725035408e+00
560 6.654221429836912e+00 2.812186075349954e+00 7.224060725083434e+00
561 6.654221429865610e+00 2.812186075350004e+00 7.224060725109887e+00
562 6.654221429813362e+00 2.812186075349937e+00 7.224060725061733e+00
563 7.567652390464716e+00 1.935767433364223e+00 7.811309637889145e+00
564 6.654221429813377e+00 -2.812186075349922e+00 7.224060725061741e+00
565 6.654221429865653e+00 -2.812186075349997e+00 7.224060725109923e+00
566 6.654221429784725e+00 -2.812186075349956e+00 7.224060725035364e+00
567 6.654221429836811e+00 -2.812186075349947e+00 7.224060725083338e+00
568 7.567652390450450e+00 1.935767433356663e+00 7.811309637873450e+00
569 7.002267310554538e+00 2.509824900872721e+00 7.438478911813990e+00
570 7.002267310062642e+00 2.509824900936206e+00 7.438478911372361e+00
571 7.002267310096507e+00 2.509824900860286e+00 7.438478911378625e+00
572 7.002267310514846e+00 2.509824900932511e+00 7.438478911796801e+00
573 7.002267310374548e+00 2.509824901021165e+00 7.438478911694642e+00
574 7.002267310229300e+00 2.509824901014150e+00 7.438478911555546e+00
575 7.567652390450414e+00 1.935767433356656e+00 7.811309637873414e+00
576 7.567652390450466e+00 1.935767433356624e+00 7.811309637873456e+00
577 7.002267310096540e+00 -2.509824900860304e+00 7.438478911378661e+00
578 7.002267310554514e+00 -2.509824900872718e+00 7.438478911813966e+00
579 7.002267310514906e+00 -2.509824900932533e+00 7.438478911796865e+00
580 7.002267310062654e+00 -2.509824900936201e+00 7.438478911372370e+00
581 7.002267310229318e+00 -2.509824901014158e+00 7.438478911555564e+00
582 7.002267310374629e+00 -2.509824901021185e+00 7.438478911694725e+00
583 7.002267310312782e+00 -2.509824900936618e+00 7.438478911607972e+00
584 7.567652390450334e+00 1.935767433356628e+00 7.811309637873330e+00
585 7.002267310308186e+00 -2.509824900940339e+00 7.438478911604901e+00
586 7.002267310312912e+00 2.509824900936685e+00 7.438478911608116e+00
587 7.002267310308184e+00 2.509824900940347e+00 7.438478911604902e+00
588 2.252154260195465e+00 -2.621049891882171e+00 3.455734559750231e+00
589 1.714661806141327e+00 9.308220573848720e-01 1.951024041869819e+00
590 7.567652390450493e+00 -1.935767433356668e+00 7.811309637873492e+00
591 7.711172919397202e+00 1.048858485821049e+00 7.782177838890834e+00
592 7.711172919397340e+00 1.048858485821030e+00 7.782177838890967e+00
593 7.136578237471283e+00 -2.032035738511394e+00 7.420237070480717e+00
594 7.136578237471308e+00 -2.032035738511387e+00 7.420237070480741e+00
595 2.252154260195492e+00 2.621049891882147e+00 3.455734559750231e+00
596 2.252154260195490e+00 2.621049891882184e+00 3.455734559750257e+00
597 2.252154260195493e+00 2.621049891882183e+00 3.455734559750258e+00
598 3.130982321166187e+00 3.135744694078426e+00 4.431246447885313e+00
599 3.130982321452918e+00 3.135744694062853e+00 4.431246448076887e+00
600 3.130982321239103e+00 3.135744694072332e+00 4.431246447932521e+00
601 3.130982321410102e+00 3.135744694116040e+00 4.431246448084274e+00
602 7.711172919397243e+00 -1.048858485821028e+00 7.782177838890871e+00
603 7.711172919397284e+00 -1.048858485821031e+00 7.782177838890911e+00
604 7.711172919397284e+00 -1.048858485821027e+00 7.782177838890911e+00
605 3.130982321341991e+00 3.135744694089276e+00 4.431246448017209e+00
606 3.130982321367533e+00 3.135744694087923e+00 4.431246448034299e+00
607 3.130982321239132e+00 -3.135744694072321e+00 4.431246447932534e+00
608 3.130982321452897e+00 -3.135744694062807e+00 4.431246448076840e+00
609 3.130982321341981e+00 -3.135744694089282e+00 4.431246448017206e+00
610 3.130982321373533e+00 -3.135744694083430e+00 4.431246448035358e+00
611 3.130982321410145e+00 -3.135744694116042e+00 4.431246448084305e+00
612 7.500359292285542e+00 1.514171140908134e+00 7.651673265197170e+00
613 7.500359292345327e+00 1.514171141015618e+00 7.651673265277042e+00
614 7.500359291481974e+00 1.514171141044460e+00 7.651673264436469e+00
615 7.500359291464074e+00 1.514171141041155e+00 7.651673264418269e+00
616 7.500359291579507e+00 1.514171141060140e+00 7.651673264535177e+00
617 7.500359292018731e+00 1.514171141147935e+00 7.651673264983089e+00
618 3.130982321367616e+00 -3.135744694088006e+00 4.431246448034416e+00
619 7.500359292345347e+00 -1.514171141015604e+00 7.651673265277058e+00
620 7.500359292285465e+00 -1.514171140908188e+00 7.651673265197104e+00
621 7.500359291481949e+00 -1.514171141044490e+00 7.651673264436450e+00
622 7.500359291464068e+00 -1.514171141041150e+00 7.651673264418264e+00
623 7.500359291579539e+00 -1.514171141060102e+00 7.651673264535201e+00
624 7.500359292018632e+00 -1.514171141147894e+00 7.651673264982983e+00
625 7.500359291920000e+00 -1.514171141031798e+00 7.651673264863328e+00
626 7.500359291826318e+00 -1.514171141066261e+00 7.651673264778319e+00
627 1.714661806141342e+00 9.308220573848495e-01 1.951024041869821e+00
628 7.567652390450440e+00 -1.935767433356644e+00 7.811309637873435e+00
629 7.711172919397208e+00 -1.048858485821053e+00 7.782177838890839e+00
630 3.130982321373420e+00 3.135744694083371e+00 4.431246448035237e+00
631 7.711172919397296e+00 1.048858485821059e+00 7.782177838890927e+00
632 7.711172919397312e+00 1.048858485821063e+00 7.782177838890945e+00
633 7.500359291826284e+00 1.514171141066250e+00 7.651673264778282e+00
634 7.500359291919962e+00 1.514171141031773e+00 7.651673264863285e+00
635 7.136578237471243e+00 2.032035738511370e+00 7.420237070480672e+00
636 7.136578237471306e+00 2.032035738511405e+00 7.420237070480742e+00
637 7.136578237471230e+00 2.032035738511396e+00 7.420237070480668e+00
638 6.633552384166391e+00 -2.835837782852006e+00 7.214290898219352e+00
639 6.633552383751919e+00 -2.835837782883790e+00 7.214290897850738e+00
640 6.633552383719843e+00 -2.835837782863944e+00 7.214290897813443e+00
641 6.633552384075935e+00 -2.835837782845974e+00 7.214290898133807e+00
642 6.633552383925042e+00 -2.835837782866345e+00 7.214290898003068e+00
643 6.633552383933023e+00 -2.835837782859425e+00 7.214290898007686e+00
644 7.005313577329635e+00 -2.477204400602690e+00 7.430407792246954e+00
645 7.005313577347532e+00 -2.477204400383753e+00 7.430407792190836e+00
646 7.005313577517514e+00 -2.477204400356552e+00 7.430407792342025e+00
647 7.005313577318038e+00 -2.477204400519426e+00 7.430407792208262e+00
648 7.005313577520302e+00 -2.477204400453564e+00 7.430407792376998e+00
649 7.005313577494386e+00 -2.477204400591362e+00 7.430407792398503e+00
650 7.005313577432033e+00 -2.477204400460459e+00 7.430407792296076e+00
651 7.005313577440012e+00 -2.477204400483165e+00 7.430407792311169e+00
652 2.252154260195475e+00 -2.621049891882152e+00 3.455734559750223e+00
653 2.252154260195522e+00 -2.621049891882210e+00 3.455734559750297e+00
654 2.252154260195511e+00 2.621049891882229e+00 3.455734559750305e+00
655 1.919913899294630e+00 1.435505228173357e+00 2.397236876242678e+00
656 1.919913899294579e+00 1.435505228173342e+00 2.397236876242628e+00
657 7.136578237471275e+00 -2.032035738511373e+00 7.420237070480704e+00
658 7.136578237471252e+00 -2.032035738511375e+00 7.420237070480683e+00
659 7.136578237471370e+00 2.032035738511416e+00 7.420237070480807e+00
660 1.714661806141381e+00 -9.308220573848787e-01 1.951024041869869e+00
661 1.714661806141358e+00 -9.308220573848818e-01 1.951024041869851e+00
662 1.714661806141336e+00 -9.308220573848944e-01 1.951024041869837e+00
663 1.714661806141363e+00 -9.308220573848736e-01 1.951024041869851e+00
664 6.633552383930892e+00 -2.835837782863961e+00 7.214290898007510e+00
665 6.633552383933820e+00 -2.835837782858379e+00 7.214290898008008e+00
666 1.687487800159570e+00 1.048858485672283e+00 1.986886810730329e+00
667 1.687487800158985e+00 1.048858485739428e+00 1.986886810765278e+00
668 1.687487799722198e+00 1.048858485911210e+00 1.986886810484991e+00
669 1.687487799682347e+00 1.048858485843943e+00 1.986886810415635e+00
670 1.687487799265125e+00 1.048858485846206e+00 1.986886810062478e+00
671 1.687487799403136e+00 1.048858485875006e+00 1.986886810194896e+00
672 1.687487799039525e+00 1.048858485845346e+00 1.986886809870419e+00
673 1.687487799055296e+00 1.048858485834898e+00 1.986886809878299e+00
674 6.633552383719899e+00 2.835837782863941e+00 7.214290897813494e+00
675 6.633552383751839e+00 2.835837782883773e+00 7.214290897850659e+00
676 6.633552384166354e+00 2.835837782852003e+00 7.214290898219318e+00
677 6.633552384075989e+00 2.835837782845967e+00 7.214290898133853e+00
678 6.633552383930907e+00 2.835837782863939e+00 7.214290898007515e+00
679 6.633552383933799e+00 2.835837782858433e+00 7.214290898008010e+00
680 6.633552383925063e+00 2.835837782866379e+00 7.214290898003100e+00
681 6.633552383933005e+00 2.835837782859433e+00 7.214290898007674e+00
682 1.919913899294638e+00 -1.435505228173339e+00 2.397236876242674e+00
683 1.919913899294627e+00 1.435505228173369e+00 2.397236876242683e+00
684 1.919913899294647e+00 1.435505228173371e+00 2.397236876242700e+00
685 7.500359291865142e+00 1.514171141039440e+00 7.651673264811066e+00
686 7.500359291865153e+00 -1.514171141039432e+00 7.651673264811076e+00
687 7.500359291865163e+00 -1.514171141039437e+00 7.651673264811087e+00
688 7.500359291865214e+00 -1.514171141039443e+00 7.651673264811138e+00
689 7.500359291865215e+00 1.514171141039435e+00 7.651673264811137e+00
690 7.500359291865110e+00 1.514171141039430e+00 7.651673264811034e+00
691 6.705477189297518e+00 -2.826433490714254e+00 7.276822837861350e+00
692 6.705477189858983e+00 -2.826433490656148e+00 7.276822838356162e+00
693 6.705477189187242e+00 -2.826433490679185e+00 7.276822837746111e+00
694 6.705477189784905e+00 -2.826433490631152e+00 7.276822838278191e+00
695 7.500359291865180e+00 1.514171141039428e+00 7.651673264811101e+00
696 2.938660163313985e+00 2.989737968919987e+00 4.192166108141516e+00
697 2.938660163351372e+00 2.989737968926174e+00 4.192166108172136e+00
698 2.938660163769329e+00 2.989737968884857e+00 4.192166108435654e+00
699 2.938660163697752e+00 2.989737969071049e+00 4.192166108518266e+00
700 2.938660164029920e+00 2.989737968972563e+00 4.192166108680874e+00
701 7.005313577517456e+00 2.477204400356544e+00 7.430407792341969e+00
702 7.005313577494322e+00 2.477204400591346e+00 7.430407792398437e+00
703 7.005313577329594e+00 2.477204400602677e+00 7.430407792246912e+00
704 7.005313577317940e+00 2.477204400519437e+00 7.430407792208173e+00
705 7.005313577520297e+00 2.477204400453574e+00 7.430407792376996e+00
706 7.005313577347511e+00 2.477204400383769e+00 7.430407792190822e+00
707 7.005313577431929e+00 2.477204400460475e+00 7.430407792295984e+00
708 7.005313577439924e+00 2.477204400483147e+00 7.430407792311081e+00
709 7.500359291865140e+00 -1.514171141039429e+00 7.651673264811062e+00
710 1.919913899294599e+00 -1.435505228173334e+00 2.397236876242639e+00
711 1.919913899294624e+00 -1.435505228173345e+00 2.397236876242666e+00
712 1.919913899294588e+00 -1.435505228173356e+00 2.397236876242644e+00
713 6.705477189187257e+00 2.826433490679166e+00 7.276822837746118e+00
714 6.705477189858984e+00 2.826433490656187e+00 7.276822838356177e+00
715 6.705477189784882e+00 2.826433490631171e+00 7.276822838278178e+00
716 6.705477189297694e+00 2.826433490714293e+00 7.276822837861526e+00
717 2.938660163485550e+00 2.989737968994545e+00 4.192166108314954e+00
718 2.938660163632064e+00 2.989737968954140e+00 4.192166108388843e+00
719 2.938660163612650e+00 2.989737968977026e+00 4.192166108391556e+00
720 6.705477189531688e+00 -2.826433490671278e+00 7.276822838060442e+00
721 6.705477189532469e+00 -2.826433490669175e+00 7.276822838060345e+00
722 6.705477189532813e+00 -2.826433490670719e+00 7.276822838061261e+00
723 6.705477189531612e+00 -2.826433490669576e+00 7.276822838059709e+00
724 2.938660164029918e+00 -2.989737968972586e+00 4.192166108680889e+00
725 2.938660163351405e+00 -2.989737968926180e+00 4.192166108172164e+00
726 2.938660163313981e+00 -2.989737968919973e+00 4.192166108141503e+00
727 2.938660163485561e+00 -2.989737968994608e+00 4.192166108315006e+00
728 2.938660163769284e+00 -2.989737968884808e+00 4.192166108435587e+00
729 2.938660163697682e+00 -2.989737969071038e+00 4.192166108518208e+00
730 7.101294363322229e+00 -2.088156403896331e+00 7.401944258212521e+00
731 7.101294363221112e+00 -2.088156403799270e+00 7.401944258088130e+00
732 7.101294362669117e+00 -2.088156403925604e+00 7.401944257594195e+00
733 7.101294362582228e+00 -2.088156403895258e+00 7.401944257502274e+00
734 7.101294362550782e+00 -2.088156403901873e+00 7.401944257473972e+00
735 7.101294363055791e+00 -2.088156404002412e+00 7.401944257986831e+00
736 1.687487800158974e+00 -1.048858485739398e+00 1.986886810765252e+00
737 1.687487800159592e+00 -1.048858485672288e+00 1.986886810730351e+00
738 1.687487799039527e+00 -1.048858485845373e+00 1.986886809870435e+00
739 1.687487799055338e+00 -1.048858485834878e+00 1.986886809878324e+00
740 1.687487799265110e+00 -1.048858485846198e+00 1.986886810062461e+00
741 1.687487799403124e+00 -1.048858485875005e+00 1.986886810194886e+00
742 1.687487799682339e+00 -1.048858485843945e+00 1.986886810415630e+00
743 1.687487799722190e+00 -1.048858485911205e+00 1.986886810484982e+00
744 1.687487799560783e+00 1.048858485821028e+00 1.986886810300293e+00
745 1.687487799560738e+00 1.048858485821029e+00 1.986886810300256e+00
746 7.005313577424869e+00 2.477204400481345e+00 7.430407792296285e+00
747 2.316430494647872e+00 2.032035738511396e+00 3.081398948387265e+00
748 2.316430494647828e+00 2.032035738511381e+00 3.081398948387221e+00
749 2.938660163632024e+00 -2.989737968954121e+00 4.192166108388801e+00
750 2.938660163612708e+00 -2.989737968977058e+00 4.192166108391620e+00
751 6.705477189532117e+00 -2.826433490670162e+00 7.276822838060403e+00
752 7.005313577424905e+00 -2.477204400481361e+00 7.430407792296326e+00
753 7.005313577424904e+00 -2.477204400481370e+00 7.430407792296325e+00
754 7.005313577424940e+00 -2.477204400481418e+00 7.430407792296377e+00
755 7.005313577424874e+00 -2.477204400481343e+00 7.430407792296290e+00
756 7.101294362928886e+00 -2.088156403892972e+00 7.401944257834209e+00
757 6.575819090616670e+00 -2.552970888550241e+00 7.054009999305618e+00
758 6.575819090616763e+00 -2.552970888550282e+00 7.054009999305720e+00
759 6.575819090616724e+00 -2.552970888550265e+00 7.054009999305678e+00
760 3.508383169603765e+00 3.052897158849289e+00 4.650691725675765e+00
761 3.508383169556304e+00 3.052897158849311e+00 4.650691725639976e+00
762 3.508383169513702e+00 3.052897158849283e+00 4.650691725607818e+00
763 3.508383169646482e+00 3.052897158849330e+00 4.650691725708016e+00
764 7.101294363322184e+00 2.088156403896336e+00 7.401944258212479e+00
765 7.101294363221108e+00 2.088156403799304e+00 7.401944258088136e+00
766 7.101294363055829e+00 2.088156404002404e+00 7.401944257986867e+00
767 7.101294362550758e+00 2.088156403901855e+00 7.401944257473944e+00
768 7.101294362582110e+00 2.088156403895204e+00 7.401944257502147e+00
769 7.101294362669113e+00 2.088156403925655e+00 7.401944257594207e+00
770 7.101294362895504e+00 2.088156403911710e+00 7.401944257807467e+00
771 7.101294362928835e+00 2.088156403892961e+00 7.401944257834156e+00
772 2.938660163611553e+00 2.989737968962532e+00 4.192166108380450e+00
773 7.101294362895486e+00 -2.088156403911685e+00 7.401944257807444e+00
774 6.705477189532914e+00 2.826433490670737e+00 7.276822838061361e+00
775 6.705477189531674e+00 2.826433490669608e+00 7.276822838059780e+00
776 2.316430494647828e+00 2.032035738511381e+00 3.081398948387221e+00
777 7.005313577424884e+00 2.477204400481363e+00 7.430407792296305e+00
778 7.005313577424907e+00 2.477204400481377e+00 7.430407792296332e+00
779 1.687487799560792e+00 1.048858485821041e+00 1.986886810300307e+00
780 1.687487799560804e+00 1.048858485821029e+00 1.986886810300312e+00
781 3.508383169513671e+00 -3.052897158849259e+00 4.650691725607780e+00
782 3.508383169646415e+00 -3.052897158849280e+00 4.650691725707934e+00
783 3.508383169556224e+00 -3.052897158849274e+00 4.650691725639891e+00
784 3.508383169603777e+00 -3.052897158849262e+00 4.650691725675755e+00
785 6.705477189532156e+00 -2.826433490670176e+00 7.276822838060444e+00
786 6.575819090616758e+00 2.552970888550256e+00 7.054009999305706e+00
787 2.316430494647867e+00 -2.032035738511427e+00 3.081398948387281e+00
788 2.316430494647904e+00 -2.032035738511415e+00 3.081398948387301e+00
789 6.575819090616750e+00 2.552970888550272e+00 7.054009999305704e+00
790 2.316430494647846e+00 -2.032035738511424e+00 3.081398948387263e+00
791 1.687487799560748e+00 -1.048858485821041e+00 1.986886810300270e+00
792 1.687487799560808e+00 -1.048858485821060e+00 1.986886810300331e+00
793 1.887178358815311e+00 1.514171141015602e+00 2.419536402343503e+00
794 1.887178358755440e+00 1.514171140908120e+00 2.419536402229542e+00
795 1.887178357952044e+00 1.514171141044490e+00 2.419536401688255e+00
796 1.887178357934119e+00 1.514171141041158e+00 2.419536401672188e+00
797 1.887178358049525e+00 1.514171141060098e+00 2.419536401774054e+00
798 1.887178358488697e+00 1.514171141147915e+00 2.419536402171555e+00
799 1.687487799560774e+00 -1.048858485821026e+00 1.986886810300284e+00
800 1.687487799560745e+00 -1.048858485821029e+00 1.986886810300261e+00
801 6.575819090616649e+00 2.552970888550230e+00 7.054009999305595e+00
802 2.316430494647855e+00 2.032035738511401e+00 3.081398948387255e+00
803 6.575819090616700e+00 -2.552970888550278e+00 7.054009999305659e+00
804 6.705477189532162e+00 -2.826433490670165e+00 7.276822838060446e+00
805 2.938660163611565e+00 -2.989737968962493e+00 4.192166108380430e+00
806 6.705477189531726e+00 2.826433490671318e+00 7.276822838060491e+00
807 6.705477189532605e+00 2.826433490669168e+00 7.276822838060466e+00
808 6.705477189532233e+00 2.826433490670207e+00 7.276822838060528e+00
809 2.938660163611584e+00 -2.989737968962562e+00 4.192166108380492e+00
810 6.705477189532207e+00 2.826433490670196e+00 7.276822838060498e+00
811 2.938660163611594e+00 -2.989737968962539e+00 4.192166108380484e+00
812 7.101294362903219e+00 -2.088156403903187e+00 7.401944257812465e+00
813 7.101294362903244e+00 -2.088156403903179e+00 7.401944257812486e+00
814 7.101294362903228e+00 -2.088156403903185e+00 7.401944257812473e+00
815 2.938660163611579e+00 -2.989737968962548e+00 4.192166108380479e+00
816 7.118755274639804e+00 -1.102774531491618e+00 7.203664923323307e+00
817 7.118755274473525e+00 -1.102774531429541e+00 7.203664923149486e+00
818 7.118755273655179e+00 -1.102774531442796e+00 7.203664922342814e+00
819 7.118755273695738e+00 -1.102774531416698e+00 7.203664922378900e+00
820 7.118755273758245e+00 -1.102774531687584e+00 7.203664922482139e+00
821 7.118755273822773e+00 -1.102774531679729e+00 7.203664922544704e+00
822 7.118755274213740e+00 -1.102774531550172e+00 7.203664922911229e+00
823 7.118755274245414e+00 -1.102774531609607e+00 7.203664922951628e+00
824 6.314931287433588e+00 -2.892644234138526e+00 6.945915910108796e+00
825 6.314931287396732e+00 -2.892644234203454e+00 6.945915910102326e+00
826 6.314931287556313e+00 -2.892644234274879e+00 6.945915910277156e+00
827 6.314931287836055e+00 -2.892644234201050e+00 6.945915910500740e+00
828 6.314931287863002e+00 -2.892644234149255e+00 6.945915910503668e+00
829 6.314931287698824e+00 -2.892644234279438e+00 6.945915910408620e+00
830 6.314931287636081e+00 -2.892644234205452e+00 6.945915910320764e+00
831 6.314931287632821e+00 -2.892644234208222e+00 6.945915910318956e+00
832 7.005313577424957e+00 2.477204400481388e+00 7.430407792296382e+00
833 2.316430494647861e+00 -2.032035738511393e+00 3.081398948387255e+00
834 6.705477189532112e+00 -2.826433490670161e+00 7.276822838060398e+00
835 6.575819090616768e+00 2.552970888550276e+00 7.054009999305723e+00
836 2.938660163611560e+00 2.989737968962558e+00 4.192166108380473e+00
837 2.938660163611579e+00 2.989737968962509e+00 4.192166108380452e+00
838 2.938660163611579e+00 2.989737968962519e+00 4.192166108380460e+00
839 7.101294362903298e+00 2.088156403903184e+00 7.401944257812540e+00
840 7.101294362903201e+00 2.088156403903167e+00 7.401944257812442e+00
841 1.887178358390098e+00 1.514171141031807e+00 2.419536402021989e+00
842 1.887178358296430e+00 1.514171141066258e+00 2.419536401970490e+00
843 7.101294362903262e+00 -2.088156403903186e+00 7.401944257812506e+00
844 6.705477189532122e+00 2.826433490670164e+00 7.276822838060409e+00
845 6.705477189532107e+00 2.826433490670170e+00 7.276822838060397e+00
846 6.123709148543367e+00 -6.373467138906381e-01 6.156786870573069e+00
847 6.123709148571152e+00 -6.373467138906744e-01 6.156786870600707e+00
848 6.123709148988266e+00 -6.373467138906967e-01 6.156786871015584e+00
849 6.123709148960378e+00 -6.373467138907126e-01 6.156786870987847e+00
850 1.887178358815364e+00 -1.514171141015624e+00 2.419536402343558e+00
851 1.887178358755495e+00 -1.514171140908178e+00 2.419536402229621e+00
852 1.887178357952030e+00 -1.514171141044474e+00 2.419536401688234e+00
853 1.887178357934115e+00 -1.514171141041159e+00 2.419536401672186e+00
854 1.887178358049566e+00 -1.514171141060121e+00 2.419536401774101e+00
855 1.887178358488697e+00 -1.514171141147867e+00 2.419536402171525e+00
856 7.118755274639805e+00 1.102774531491618e+00 7.203664923323308e+00
857 7.118755274473552e+00 1.102774531429592e+00 7.203664923149519e+00
858 7.118755273655142e+00 1.102774531442765e+00 7.203664922342774e+00
859 7.118755273695707e+00 1.102774531416608e+00 7.203664922378856e+00
860 7.118755273758181e+00 1.102774531687683e+00 7.203664922482091e+00
861 7.118755273822717e+00 1.102774531679770e+00 7.203664922544655e+00
862 7.118755274245415e+00 1.102774531609580e+00 7.203664922951624e+00
863 7.118755274213712e+00 1.102774531550184e+00 7.203664922911202e+00
864 2.877189641502387e+00 -2.552970888550238e+00 3.846541380377135e+00
865 2.877189641502443e+00 -2.552970888550264e+00 3.846541380377193e+00
866 7.101294362903265e+00 2.088156403903203e+00 7.401944257812514e+00
867 7.101294362903126e+00 2.088156403903169e+00 7.401944257812370e+00
868 6.123709148960432e+00 6.373467138907145e-01 6.156786870987902e+00
869 6.123709148988249e+00 6.373467138907027e-01 6.156786871015567e+00
870 6.123709148543351e+00 6.373467138906371e-01 6.156786870573053e+00
871 6.123709148571185e+00 6.373467138906780e-01 6.156786870600742e+00
872 1.887178358390085e+00 -1.514171141031774e+00 2.419536402021958e+00
873 1.887178358296410e+00 -1.514171141066252e+00 2.419536401970470e+00
874 6.314931287396652e+00 2.892644234203425e+00 6.945915910102243e+00
875 6.314931287433536e+00 2.892644234138501e+00 6.945915910108737e+00
876 6.314931287862968e+00 2.892644234149231e+00 6.945915910503627e+00
877 6.314931287698837e+00 2.892644234279449e+00 6.945915910408636e+00
878 6.314931287556250e+00 2.892644234274841e+00 6.945915910277082e+00
879 6.314931287836084e+00 2.892644234201057e+00 6.945915910500768e+00
880 6.314931287632839e+00 2.892644234208256e+00 6.945915910318985e+00
881 6.314931287636050e+00 2.892644234205431e+00 6.945915910320727e+00
882 6.540467390989630e+00 -9.577487188493656e-01 6.610219081169419e+00
883 6.540467390915063e+00 -9.577487188495749e-01 6.610219081095671e+00
884 6.540467390104822e+00 -9.577487188501761e-01 6.610219080294067e+00
885 6.540467390154329e+00 -9.577487188544977e-01 6.610219080343678e+00
886 6.540467390568598e+00 -9.577487188566720e-01 6.610219080753890e+00
887 6.540467390577318e+00 -9.577487188586841e-01 6.610219080762810e+00
888 6.540467390469276e+00 -9.577487188632778e-01 6.610219080656573e+00
889 6.540467390472781e+00 -9.577487188655730e-01 6.610219080660373e+00
890 7.118755274062998e+00 -1.102774531538471e+00 7.203664922760472e+00
891 7.118755274062956e+00 -1.102774531538463e+00 7.203664922760430e+00
892 7.118755274062994e+00 -1.102774531538452e+00 7.203664922760466e+00
893 7.118755274063092e+00 -1.102774531538486e+00 7.203664922760567e+00
894 1.887178358335256e+00 -1.514171141039434e+00 2.419536401983986e+00
895 1.887178358335233e+00 -1.514171141039437e+00 2.419536401983970e+00
896 1.887178358335238e+00 1.514171141039431e+00 2.419536401983970e+00
897 1.887178358335226e+00 1.514171141039427e+00 2.419536401983958e+00
898 1.887178358335240e+00 1.514171141039435e+00 2.419536401983974e+00
899 1.887178358335234e+00 1.514171141039453e+00 2.419536401983981e+00
900 7.118755274063044e+00 1.102774531538467e+00 7.203664922760518e+00
901 7.118755274063069e+00 1.102774531538453e+00 7.203664922760541e+00
902 7.118755274063021e+00 1.102774531538461e+00 7.203664922760494e+00
903 6.539511964250947e+00 -2.597797547087083e+00 7.036602079571712e+00
904 6.539511964134123e+00 -2.597797547003954e+00 7.036602079432450e+00
905 6.539511963559323e+00 -2.597797547081883e+00 7.036602078927027e+00
906 6.539511963529745e+00 -2.597797547087116e+00 7.036602078901470e+00
907 6.539511963666783e+00 -2.597797547105781e+00 7.036602079035719e+00
908 6.539511964012291e+00 -2.597797547174599e+00 7.036602079382225e+00
909 6.540467390989657e+00 9.577487188493450e-01 6.610219081169444e+00
910 6.540467390915079e+00 9.577487188495469e-01 6.610219081095684e+00
911 6.540467390104792e+00 9.577487188501658e-01 6.610219080294035e+00
912 6.540467390154285e+00 9.577487188544811e-01 6.610219080343632e+00
913 2.281146620498745e+00 2.088156403896328e+00 3.092576122158691e+00
914 2.281146620397726e+00 2.088156403799324e+00 3.092576122018679e+00
915 2.281146620232358e+00 2.088156404002378e+00 3.092576122033805e+00
916 2.281146619845580e+00 2.088156403925658e+00 3.092576121696708e+00
917 2.281146619727354e+00 2.088156403901884e+00 3.092576121593449e+00
918 2.281146619758839e+00 2.088156403895239e+00 3.092576121612186e+00
919 2.281146620105422e+00 2.088156403892985e+00 3.092576121866311e+00
920 2.281146620072070e+00 2.088156403911669e+00 3.092576121854326e+00
921 6.540467390577364e+00 9.577487188586860e-01 6.610219080762855e+00
922 6.540467390469379e+00 9.577487188633061e-01 6.610219080656679e+00
923 6.540467390472878e+00 9.577487188655948e-01 6.610219080660473e+00
924 6.540467390568718e+00 9.577487188566796e-01 6.610219080754011e+00
925 2.281146620498725e+00 -2.088156403896351e+00 3.092576122158692e+00
926 2.281146620397657e+00 -2.088156403799282e+00 3.092576122018600e+00
927 2.281146619845600e+00 -2.088156403925651e+00 3.092576121696718e+00
928 2.281146619758740e+00 -2.088156403895230e+00 3.092576121612107e+00
929 2.281146619727307e+00 -2.088156403901861e+00 3.092576121593399e+00
930 2.877189641502419e+00 -2.552970888550280e+00 3.846541380377186e+00
931 2.877189641502421e+00 -2.552970888550268e+00 3.846541380377180e+00
932 2.877189641502448e+00 2.552970888550292e+00 3.846541380377215e+00
933 2.877189641502412e+00 2.552970888550276e+00 3.846541380377178e+00
934 2.877189641502436e+00 2.552970888550264e+00 3.846541380377187e+00
935 7.118755274063069e+00 1.102774531538478e+00 7.203664922760544e+00
936 1.887178358335209e+00 -1.514171141039420e+00 2.419536401983941e+00
937 1.887178358335204e+00 -1.514171141039434e+00 2.419536401983945e+00
938 2.281146620232315e+00 -2.088156404002395e+00 3.092576122033786e+00
939 5.918457048582694e+00 -1.265091462180330e+00 6.052155834378336e+00
940 5.918457048371813e+00 -1.265091462180308e+00 6.052155834172110e+00
941 5.918457048330792e+00 -1.265091462180264e+00 6.052155834131986e+00
942 5.918457048541706e+00 -1.265091462180305e+00 6.052155834338248e+00
943 6.539511963875861e+00 -2.597797547079835e+00 7.036602079220447e+00
944 6.539511963861504e+00 -2.597797547091718e+00 7.036602079211493e+00
945 2.281146620105428e+00 -2.088156403892998e+00 3.092576121866324e+00
946 5.918457048582672e+00 1.265091462180318e+00 6.052155834378314e+00
947 5.918457048371797e+00 1.265091462180289e+00 6.052155834172090e+00
948 5.918457048541712e+00 1.265091462180310e+00 6.052155834338256e+00
949 5.918457048330824e+00 1.265091462180257e+00 6.052155834132015e+00
950 2.281146620079737e+00 2.088156403903158e+00 3.092576121854234e+00
951 6.317943452611051e+00 -2.864515563123165e+00 6.936992062974100e+00
952 6.317943452625100e+00 -2.864515562937735e+00 6.936992062910325e+00
953 6.317943452770801e+00 -2.864515563111863e+00 6.936992063114928e+00
954 6.317943452788883e+00 -2.864515562913141e+00 6.936992063049337e+00
955 6.317943452803257e+00 -2.864515562995157e+00 6.936992063096295e+00
956 6.317943452592633e+00 -2.864515563052976e+00 6.936992062928343e+00
957 2.281146620079738e+00 2.088156403903168e+00 3.092576121854242e+00
958 2.281146620079743e+00 2.088156403903167e+00 3.092576121854246e+00
959 2.877189641502419e+00 2.552970888550288e+00 3.846541380377191e+00
960 6.539511963861241e+00 -2.597797547088970e+00 7.036602079210233e+00
961 2.281146620072047e+00 -2.088156403911689e+00 3.092576121854322e+00
962 6.539511963861326e+00 -2.597797547088999e+00 7.036602079210324e+00
963 5.888210190134054e+00 -3.017057520311952e+00 6.616166210432550e+00
964 5.888210190161114e+00 -3.017057520311980e+00 6.616166210456647e+00
965 5.888210190212776e+00 -3.017057520311973e+00 6.616166210502621e+00
966 5.888210190185789e+00 -3.017057520312012e+00 6.616166210478620e+00
967 6.539511964250968e+00 2.597797547087060e+00 7.036602079571724e+00
968 6.539511964134158e+00 2.597797547003966e+00 7.036602079432488e+00
969 6.539511964012283e+00 2.597797547174565e+00 7.036602079382205e+00
970 6.539511963529756e+00 2.597797547087083e+00 7.036602078901470e+00
971 6.539511963559272e+00 2.597797547081774e+00 7.036602078926941e+00
972 6.539511963666772e+00 2.597797547105798e+00 7.036602079035714e+00
973 2.281146620079727e+00 -2.088156403903183e+00 3.092576121854244e+00
974 2.281146620079758e+00 -2.088156403903187e+00 3.092576121854269e+00
975 2.281146620079770e+00 -2.088156403903187e+00 3.092576121854278e+00
976 2.281146620079753e+00 -2.088156403903170e+00 3.092576121854254e+00
977 3.924015511872663e+00 -3.135744694078415e+00 5.023026231651415e+00
978 3.924015511945691e+00 -3.135744694072355e+00 5.023026231704682e+00
979 3.924015512307415e+00 -3.135744694085438e+00 5.023026231995429e+00
980 3.924015512159410e+00 -3.135744694062813e+00 5.023026231865683e+00
981 3.924015512048456e+00 -3.135744694089285e+00 5.023026231795532e+00
982 3.924015512116602e+00 -3.135744694116027e+00 5.023026231865461e+00
983 3.924015512079991e+00 -3.135744694083411e+00 5.023026231816499e+00
984 6.334623697135903e+00 -1.453406225140537e+00 6.499218956120267e+00
985 6.334623696457057e+00 -1.453406225135354e+00 6.499218955457454e+00
986 6.334623696544584e+00 -1.453406225134912e+00 6.499218955542664e+00
987 6.334623696996282e+00 -1.453406225136045e+00 6.499218955983175e+00
988 6.334623696796615e+00 -1.453406225141385e+00 6.499218955789760e+00
989 6.334623696815090e+00 -1.453406225148188e+00 6.499218955809289e+00
990 6.334623696733357e+00 -1.453406225148268e+00 6.499218955729644e+00
991 6.334623696747102e+00 -1.453406225155441e+00 6.499218955744645e+00
992 6.317943452788911e+00 2.864515562913162e+00 6.936992063049372e+00
993 6.317943452770840e+00 2.864515563111885e+00 6.936992063114972e+00
994 6.317943452803240e+00 2.864515562995154e+00 6.936992063096279e+00
995 6.317943452625118e+00 2.864515562937724e+00 6.936992062910338e+00
996 6.317943452592569e+00 2.864515563052936e+00 6.936992062928268e+00
997 6.317943452611067e+00 2.864515563123172e+00 6.936992062974118e+00
998 6.317943452716174e+00 2.864515563019410e+00 6.936992063027000e+00
999 6.317943452703858e+00 2.864515563002728e+00 6.936992063008893e+00
1000 2.281146620079767e+00 2.088156403903178e+00 3.092576121854270e+00
1001 3.563976530698525e+00 -2.930214043420694e+00 4.613901066519497e+00
1002 6.539511963861393e+00 -2.597797547088982e+00 7.036602079210379e+00
1003 3.563976530698518e+00 -2.930214043420682e+00 4.613901066519484e+00
1004 6.539511963875794e+00 2.597797547079821e+00 7.036602079220382e+00
1005 6.317943452703820e+00 -2.864515563002697e+00 6.936992063008845e+00
1006 6.317943452716212e+00 -2.864515563019412e+00 6.936992063027035e+00
1007 3.704561135434163e+00 -3.183211022180463e+00 4.884322431811852e+00
1008 3.704561134766007e+00 -3.183211022136581e+00 4.884322431276484e+00
1009 3.704561134731509e+00 -3.183211022130370e+00 4.884322431246272e+00
1010 3.704561135179220e+00 -3.183211022096436e+00 4.884322431563726e+00
1011 3.704561134906803e+00 -3.183211022199705e+00 4.884322431424411e+00
1012 2.840882514445078e+00 -2.597797547081820e+00 3.849566931033166e+00
1013 2.840882514415476e+00 -2.597797547087128e+00 3.849566931014903e+00
1014 2.840882515019840e+00 -2.597797547003962e+00 3.849566931404786e+00
1015 2.840882515136651e+00 -2.597797547087085e+00 3.849566931547083e+00
1016 2.840882514552475e+00 -2.597797547105792e+00 3.849566931128600e+00
1017 3.704561135112522e+00 -3.183211022275256e+00 4.884322431629680e+00
1018 2.840882514897986e+00 -2.597797547174617e+00 3.849566931430022e+00
1019 6.334623696457023e+00 1.453406225135346e+00 6.499218955457419e+00
1020 6.334623696996271e+00 1.453406225136031e+00 6.499218955983163e+00
1021 6.334623696544580e+00 1.453406225134910e+00 6.499218955542660e+00
1022 6.334623697135947e+00 1.453406225140547e+00 6.499218956120312e+00
1023 6.334623696815080e+00 1.453406225148171e+00 6.499218955809275e+00
1024 6.334623696796653e+00 1.453406225141390e+00 6.499218955789799e+00
1025 6.334623696747093e+00 1.453406225155431e+00 6.499218955744634e+00
1026 6.512186200398300e+00 -2.116860961778130e+00 6.847603189449450e+00
1027 6.512186200111862e+00 -2.116860961675063e+00 6.847603189145181e+00
1028 6.512186199648372e+00 -2.116860961713030e+00 6.847603188716131e+00
1029 6.512186199592610e+00 -2.116860961712796e+00 6.847603188663027e+00
1030 6.512186199742678e+00 -2.116860961827319e+00 6.847603188841148e+00
1031 6.512186200003725e+00 -2.116860961881081e+00 6.847603189106028e+00
1032 6.512186199962507e+00 -2.116860961759887e+00 6.847603189029364e+00
1033 6.512186199905049e+00 -2.116860961819600e+00 6.847603188993180e+00
1034 6.334623696733337e+00 1.453406225148254e+00 6.499218955729622e+00
1035 3.704561135042864e+00 -3.183211022162527e+00 4.884322431503378e+00
1036 6.539511963861340e+00 -2.597797547088975e+00 7.036602079210327e+00
1037 6.317943452701602e+00 -2.864515563019570e+00 6.936992063013794e+00
1038 3.563976530698468e+00 2.930214043420677e+00 4.613901066519441e+00
1039 6.539511963861520e+00 2.597797547091689e+00 7.036602079211496e+00
1040 3.924015512074104e+00 -3.135744694087940e+00 5.023026231814727e+00
1041 3.563976530698484e+00 -2.930214043420690e+00 4.613901066519462e+00
1042 3.563976530698525e+00 2.930214043420693e+00 4.613901066519496e+00
1043 5.888210190212786e+00 3.017057520312003e+00 6.616166210502643e+00
1044 5.888210190134098e+00 3.017057520311990e+00 6.616166210432606e+00
1045 5.888210190185774e+00 3.017057520312000e+00 6.616166210478601e+00
1046 5.888210190161128e+00 3.017057520311966e+00 6.616166210456652e+00
1047 2.158022608665916e+00 8.132409038927146e-01 2.306170493974260e+00
1048 2.158022608502114e+00 8.132409039105113e-01 2.306170493827257e+00
1049 2.158022607701793e+00 8.132409039707214e-01 2.306170493099581e+00
1050 2.158022607711330e+00 8.132409038542296e-01 2.306170493067426e+00
1051 2.158022608203470e+00 8.132409040468946e-01 2.306170493595892e+00
1052 2.158022608067193e+00 8.132409041446720e-01 2.306170493502850e+00
1053 2.158022608133868e+00 8.132409041808529e-01 2.306170493577999e+00
1054 2.158022608155869e+00 8.132409040352238e-01 2.306170493547233e+00
1055 2.840882515136622e+00 2.597797547087068e+00 3.849566931547050e+00
1056 2.840882515019851e+00 2.597797547003959e+00 3.849566931404792e+00
1057 2.840882514897952e+00 2.597797547174577e+00 3.849566931429970e+00
1058 2.840882514552387e+00 2.597797547105762e+00 3.849566931128514e+00
1059 2.840882514415438e+00 2.597797547087109e+00 3.849566931014861e+00
1060 2.840882514445137e+00 2.597797547081878e+00 3.849566931033249e+00
1061 2.840882514747226e+00 2.597797547091748e+00 3.849566931262844e+00
1062 3.924015512307411e+00 3.135744694085417e+00 5.023026231995412e+00
1063 3.924015511872687e+00 3.135744694078406e+00 5.023026231651428e+00
1064 3.924015512159396e+00 3.135744694062790e+00 5.023026231865658e+00
1065 3.924015511945689e+00 3.135744694072371e+00 5.023026231704689e+00
1066 3.924015512116623e+00 3.135744694116022e+00 5.023026231865474e+00
1067 3.924015512048444e+00 3.135744694089277e+00 5.023026231795517e+00
1068 3.924015512074051e+00 3.135744694087971e+00 5.023026231814705e+00
1069 3.563976530698466e+00 -2.930214043420645e+00 4.613901066519420e+00
1070 6.539511963861312e+00 2.597797547088966e+00 7.036602079210296e+00
1071 3.704561135027007e+00 -3.183211022182032e+00 4.884322431504064e+00
1072 6.317943452701507e+00 -2.864515563019519e+00 6.936992063013685e+00
1073 6.317943452701446e+00 -2.864515563019537e+00 6.936992063013638e+00
1074 6.317943452701376e+00 -2.864515563019485e+00 6.936992063013554e+00
1075 2.840882514761555e+00 -2.597797547079838e+00 3.849566931265381e+00
1076 2.840882514747208e+00 -2.597797547091710e+00 3.849566931262804e+00
1077 5.521940448924068e+00 -1.915450443088965e+00 5.844722125250562e+00
1078 5.521940448783765e+00 -1.915450443088967e+00 5.844722125118007e+00
1079 5.521940448741073e+00 -1.915450443088917e+00 5.844722125077657e+00
1080 2.840882514761466e+00 2.597797547079788e+00 3.849566931265282e+00
1081 3.704561135434020e+00 3.183211022180358e+00 4.884322431811674e+00
1082 3.704561134731462e+00 3.183211022130330e+00 4.884322431246209e+00
1083 3.704561134766008e+00 3.183211022136579e+00 4.884322431276483e+00
1084 3.704561135179165e+00 3.183211022096407e+00 4.884322431563666e+00
1085 3.704561134906839e+00 3.183211022199729e+00 4.884322431424454e+00
1086 3.704561135112443e+00 3.183211022275214e+00 4.884322431629591e+00
1087 3.924015512079984e+00 3.135744694083432e+00 5.023026231816507e+00
1088 2.158022608665909e+00 -8.132409038927157e-01 2.306170493974254e+00
1089 2.158022608502141e+00 -8.132409039105253e-01 2.306170493827286e+00
1090 2.158022607711354e+00 -8.132409038542299e-01 2.306170493067448e+00
1091 2.158022607701807e+00 -8.132409039707378e-01 2.306170493099599e+00
1092 2.158022608067166e+00 -8.132409041446802e-01 2.306170493502826e+00
1093 2.158022608133865e+00 -8.132409041808509e-01 2.306170493577996e+00
1094 2.158022608203475e+00 -8.132409040469093e-01 2.306170493595901e+00
1095 2.158022608155878e+00 -8.132409040352276e-01 2.306170493547242e+00
1096 5.889032201420636e+00 2.930214043420658e+00 6.577754526404038e+00
1097 3.704561135024976e+00 -3.183211022170397e+00 4.884322431494940e+00
1098 3.563976530698513e+00 2.930214043420682e+00 4.613901066519479e+00
1099 3.563976530698473e+00 2.930214043420676e+00 4.613901066519445e+00
1100 6.317943452701419e+00 2.864515563019509e+00 6.936992063013601e+00
1101 6.539511963861322e+00 2.597797547088990e+00 7.036602079210315e+00
1102 6.539511963861280e+00 2.597797547088965e+00 7.036602079210266e+00
1103 6.317943452701464e+00 2.864515563019536e+00 6.936992063013653e+00
1104 6.317943452701521e+00 2.864515563019551e+00 6.936992063013713e+00
1105 5.521940448881332e+00 -1.915450443088957e+00 5.844722125210184e+00
1106 2.840882514747015e+00 -2.597797547088953e+00 3.849566931260801e+00
1107 5.889032201420609e+00 -2.930214043420637e+00 6.577754526404006e+00
1108 5.889032201420663e+00 -2.930214043420670e+00 6.577754526404068e+00
1109 2.840882514747015e+00 -2.597797547088969e+00 3.849566931260813e+00
1110 5.521940448881361e+00 1.915450443088939e+00 5.844722125210206e+00
1111 5.521940448924106e+00 1.915450443088971e+00 5.844722125250599e+00
1112 5.521940448741111e+00 1.915450443088930e+00 5.844722125077698e+00
1113 5.521940448783774e+00 1.915450443088959e+00 5.844722125118014e+00
1114 3.704561135026975e+00 3.183211022182007e+00 4.884322431504023e+00
1115 3.704561135042943e+00 3.183211022162554e+00 4.884322431503456e+00
1116 5.867773980346525e+00 -3.039166633162230e+00 6.608124189855872e+00
1117 5.867773980316051e+00 -3.039166633144760e+00 6.608124189820779e+00
1118 5.867773980757644e+00 -3.039166633132305e+00 6.608124190207169e+00
1119 5.867773980673205e+00 -3.039166633127028e+00 6.608124190129764e+00
1120 5.867773980520196e+00 -3.039166633146014e+00 6.608124190002629e+00
1121 3.704561135024998e+00 -3.183211022170444e+00 4.884322431494987e+00
1122 6.539511963861337e+00 2.597797547088994e+00 7.036602079210331e+00
1123 6.317943452701447e+00 2.864515563019518e+00 6.936992063013630e+00
1124 5.889032201420729e+00 2.930214043420703e+00 6.577754526404142e+00
1125 5.889032201420662e+00 2.930214043420673e+00 6.577754526404068e+00
1126 2.840882514746975e+00 -2.597797547088939e+00 3.849566931260762e+00
1127 2.840882514747014e+00 -2.597797547088956e+00 3.849566931260803e+00
1128 6.512186199920674e+00 -2.116860961770871e+00 6.847603188992977e+00
1129 6.512186199920603e+00 -2.116860961770844e+00 6.847603188992900e+00
1130 6.512186199920546e+00 -2.116860961770850e+00 6.847603188992847e+00
1131 2.840882514747050e+00 2.597797547088998e+00 3.849566931260858e+00
1132 2.840882514747012e+00 2.597797547088940e+00 3.849566931260791e+00
1133 2.840882514746979e+00 2.597797547088954e+00 3.849566931260776e+00
1134 5.889032201420739e+00 -2.930214043420686e+00 6.577754526404143e+00
1135 5.889032201420668e+00 -2.930214043420703e+00 6.577754526404087e+00
1136 2.840882514747043e+00 2.597797547088992e+00 3.849566931260849e+00
1137 5.867773980527340e+00 -3.039166633139895e+00 6.608124190006158e+00
1138 5.867773980525495e+00 -3.039166633143874e+00 6.608124190006350e+00
1139 5.867773980527877e+00 -3.039166633139103e+00 6.608124190006270e+00
1140 5.867773980316093e+00 3.039166633144803e+00 6.608124189820836e+00
1141 5.867773980757613e+00 3.039166633132292e+00 6.608124190207135e+00
1142 5.867773980673272e+00 3.039166633127037e+00 6.608124190129828e+00
1143 5.867773980346532e+00 3.039166633162222e+00 6.608124189855875e+00
1144 5.867773980527789e+00 3.039166633139018e+00 6.608124190006155e+00
1145 5.867773980525440e+00 3.039166633143873e+00 6.608124190006301e+00
1146 2.351636422260045e+00 1.358577642835166e+00 2.715865805615509e+00
1147 2.351636421576857e+00 1.358577642939468e+00 2.715865805076121e+00
1148 2.351636421590441e+00 1.358577642811032e+00 2.715865805023635e+00
1149 2.351636421942561e+00 1.358577643073054e+00 2.715865805459604e+00
1150 2.351636422128047e+00 1.358577642918521e+00 2.715865805542911e+00
1151 2.351636421810713e+00 1.358577643046095e+00 2.715865805331953e+00
1152 2.351636421917772e+00 1.358577642934903e+00 2.715865805369031e+00
1153 2.351636421893670e+00 1.358577642943856e+00 2.715865805352641e+00
1154 5.867773980527333e+00 3.039166633139875e+00 6.608124190006143e+00
1155 5.867773980520187e+00 3.039166633145998e+00 6.608124190002613e+00
1156 5.889032201420736e+00 2.930214043420701e+00 6.577754526404147e+00
1157 3.704561135025004e+00 -3.183211022170395e+00 4.884322431494960e+00
1158 3.704561135025001e+00 -3.183211022170437e+00 4.884322431494986e+00
1159 2.479851020151785e+00 4.343568226647436e-01 2.517603410297829e+00
1160 2.479851020410600e+00 4.343568226647192e-01 2.517603410552759e+00
1161 2.479851020192402e+00 4.343568226647286e-01 2.517603410337835e+00
1162 2.479851020369950e+00 4.343568226646661e-01 2.517603410512709e+00
1163 3.704561135024991e+00 3.183211022170426e+00 4.884322431494970e+00
1164 3.704561135025002e+00 3.183211022170414e+00 4.884322431494970e+00
1165 3.704561135024963e+00 3.183211022170397e+00 4.884322431494930e+00
1166 5.937792293831694e+00 -2.044833293703916e+00 6.280025519353170e+00
1167 5.937792293919138e+00 -2.044833293698795e+00 6.280025519434181e+00
1168 5.937792294379971e+00 -2.044833293710843e+00 6.280025519873823e+00
1169 5.937792294226616e+00 -2.044833293700524e+00 6.280025519725466e+00
1170 5.937792294053481e+00 -2.044833293715861e+00 6.280025519566760e+00
1171 5.937792294098936e+00 -2.044833293709343e+00 6.280025519607617e+00
1172 5.937792294076853e+00 -2.044833293721876e+00 6.280025519590818e+00
1173 2.351636421590436e+00 -1.358577642811055e+00 2.715865805023641e+00
1174 2.351636421576863e+00 -1.358577642939470e+00 2.715865805076127e+00
1175 2.351636422260060e+00 -1.358577642835176e+00 2.715865805615528e+00
1176 2.351636422128073e+00 -1.358577642918536e+00 2.715865805542942e+00
1177 2.351636421942553e+00 -1.358577643073041e+00 2.715865805459591e+00
1178 2.351636421810698e+00 -1.358577643046081e+00 2.715865805331933e+00
1179 2.351636421917782e+00 -1.358577642934897e+00 2.715865805369037e+00
1180 2.351636421893638e+00 -1.358577642943864e+00 2.715865805352617e+00
1181 3.704561135025060e+00 3.183211022170459e+00 4.884322431495045e+00
1182 4.329987770706315e+00 -3.127363090186147e+00 5.341272694061304e+00
1183 4.329987770706372e+00 -3.127363090186177e+00 5.341272694061366e+00
1184 2.479851020192401e+00 -4.343568226647333e-01 2.517603410337834e+00
1185 2.479851020151808e+00 -4.343568226647536e-01 2.517603410297853e+00
1186 2.479851020410626e+00 -4.343568226647233e-01 2.517603410552786e+00
1187 2.479851020369941e+00 -4.343568226646650e-01 2.517603410512701e+00
1188 5.937792294123981e+00 -2.044833293724313e+00 6.280025519636172e+00
1189 2.744231063488601e+00 -1.977767091622344e+00 3.382656766288902e+00
1190 2.744231063461989e+00 -1.977767091718155e+00 3.382656766323330e+00
1191 2.744231064010491e+00 -1.977767091638162e+00 3.382656766721540e+00
1192 2.744231063942207e+00 -1.977767091710688e+00 3.382656766708548e+00
1193 2.744231063646521e+00 -1.977767091806425e+00 3.382656766524644e+00
1194 2.744231063791965e+00 -1.977767091819427e+00 3.382656766650239e+00
1195 2.440618207360951e+00 5.435101768228834e-01 2.500404076626781e+00
1196 2.440618207159305e+00 5.435101766058231e-01 2.500404076382774e+00
1197 2.440618206776821e+00 5.435101766765432e-01 2.500404076024807e+00
1198 2.440618207117969e+00 5.435101769544664e-01 2.500404076418210e+00
1199 2.440618206828633e+00 5.435101768191125e-01 2.500404076106371e+00
1200 2.440618207032501e+00 5.435101768568081e-01 2.500404076313558e+00
1201 2.440618206918715e+00 5.435101768980609e-01 2.500404076211460e+00
1202 2.440618207138646e+00 5.435101767980544e-01 2.500404076404394e+00
1203 5.939962290913174e+00 -3.030443271802487e+00 6.668338506785887e+00
1204 5.939962290352355e+00 -3.030443271857131e+00 6.668338506311160e+00
1205 5.939962290843364e+00 -3.030443271780572e+00 6.668338506713744e+00
1206 5.939962290248217e+00 -3.030443271826257e+00 6.668338506204365e+00
1207 2.744231063736716e+00 -1.977767091715343e+00 3.382656766544563e+00
1208 5.548711058862764e+00 3.092169945573576e+00 6.352142110111709e+00
1209 5.548711059318710e+00 3.092169945523527e+00 6.352142110485621e+00
1210 5.548711058900649e+00 3.092169945513584e+00 6.352142110115598e+00
1211 5.548711059019777e+00 3.092169945641785e+00 6.352142110282067e+00
1212 5.548711059296929e+00 3.092169945571650e+00 6.352142110490022e+00
1213 5.548711059160471e+00 3.092169945645504e+00 6.352142110406775e+00
1214 5.937792294379967e+00 2.044833293710830e+00 6.280025519873816e+00
1215 5.937792293831696e+00 2.044833293703905e+00 6.280025519353169e+00
1216 5.937792294226598e+00 2.044833293700529e+00 6.280025519725450e+00
1217 5.937792293919135e+00 2.044833293698793e+00 6.280025519434179e+00
1218 5.548711059095065e+00 3.092169945578625e+00 6.352142110317085e+00
1219 5.937792294123991e+00 2.044833293724318e+00 6.280025519636181e+00
1220 5.937792294076763e+00 2.044833293721835e+00 6.280025519590720e+00
1221 5.937792294053406e+00 2.044833293715850e+00 6.280025519566686e+00
1222 5.937792294098905e+00 2.044833293709369e+00 6.280025519607594e+00
1223 5.548711059097847e+00 3.092169945576200e+00 6.352142110318335e+00
1224 5.548711058900652e+00 -3.092169945513568e+00 6.352142110115592e+00
1225 5.548711058862714e+00 -3.092169945573565e+00 6.352142110111659e+00
1226 5.548711059019853e+00 -3.092169945641784e+00 6.352142110282131e+00
1227 5.548711059296974e+00 -3.092169945571654e+00 6.352142110490063e+00
1228 5.548711059318740e+00 -3.092169945523533e+00 6.352142110485651e+00
1229 5.548711059097781e+00 -3.092169945576185e+00 6.352142110318270e+00
1230 5.548711059160490e+00 -3.092169945645521e+00 6.352142110406799e+00
1231 2.440618207159281e+00 -5.435101766058068e-01 2.500404076382746e+00
1232 2.440618206918721e+00 -5.435101768980375e-01 2.500404076211461e+00
1233 2.440618207360918e+00 -5.435101768228944e-01 2.500404076626751e+00
1234 2.440618206776756e+00 -5.435101766765204e-01 2.500404076024739e+00
1235 2.440618206828643e+00 -5.435101768191259e-01 2.500404076106383e+00
1236 2.440618207138666e+00 -5.435101767980469e-01 2.500404076404413e+00
1237 2.440618207117970e+00 -5.435101769544648e-01 2.500404076418211e+00
1238 2.440618207032449e+00 -5.435101768568121e-01 2.500404076313508e+00
1239 4.329987770706319e+00 -3.127363090186117e+00 5.341272694061288e+00
1240 2.744231063727864e+00 -1.977767091721064e+00 3.382656766540725e+00
1241 5.548711059095089e+00 -3.092169945578671e+00 6.352142110317128e+00
1242 2.744231064010499e+00 1.977767091638172e+00 3.382656766721553e+00
1243 2.744231063942204e+00 1.977767091710691e+00 3.382656766708548e+00
1244 2.744231063462010e+00 1.977767091718154e+00 3.382656766323346e+00
1245 2.744231063791982e+00 1.977767091819436e+00 3.382656766650258e+00
1246 2.744231063488611e+00 1.977767091622351e+00 3.382656766288914e+00
1247 2.744231063646512e+00 1.977767091806397e+00 3.382656766524620e+00
1248 2.744231063736735e+00 1.977767091715353e+00 3.382656766544583e+00
1249 2.744231063727872e+00 1.977767091721063e+00 3.382656766540732e+00
1250 4.329987770706338e+00 -3.127363090186136e+00 5.341272694061315e+00
1251 4.961181299953596e+00 -2.461187014345888e+00 5.538118941535481e+00
1252 4.961181300106705e+00 -2.461187014345915e+00 5.538118941672652e+00
1253 2.685103120653305e+00 1.175972544185400e+00 2.931329083064540e+00
1254 2.685103120527180e+00 1.175972544185404e+00 2.931329082949011e+00
1255 2.685103120610993e+00 1.175972544185379e+00 2.931329083025774e+00
1256 4.961181299953511e+00 2.461187014345851e+00 5.538118941535388e+00
1257 4.961181300063723e+00 2.461187014345881e+00 5.538118941634133e+00
1258 4.961181300106663e+00 2.461187014345909e+00 5.538118941672612e+00
1259 4.961181299996426e+00 2.461187014345883e+00 5.538118941573847e+00
1260 2.685103120569509e+00 1.175972544185396e+00 2.931329082987781e+00
1261 4.329987770706352e+00 3.127363090186122e+00 5.341272694061319e+00
1262 4.329987770706311e+00 3.127363090186134e+00 5.341272694061293e+00
1263 4.329987770706351e+00 3.127363090186148e+00 5.341272694061333e+00
1264 4.329987770706373e+00 3.127363090186154e+00 5.341272694061354e+00
1265 3.527226797307914e+00 2.969326334260357e+00 4.610664568039958e+00
1266 3.527226797185957e+00 2.969326334187921e+00 4.610664567900010e+00
1267 3.527226796610762e+00 2.969326334258696e+00 4.610664567505557e+00
1268 3.527226796637895e+00 2.969326334254707e+00 4.610664567523745e+00
1269 3.527226796760722e+00 2.969326334274123e+00 4.610664567630214e+00
1270 3.527226797081477e+00 2.969326334335567e+00 4.610664567915166e+00
1271 5.939962290248261e+00 3.030443271826273e+00 6.668338506204411e+00
1272 5.939962290913257e+00 3.030443271802528e+00 6.668338506785981e+00
1273 5.939962290843305e+00 3.030443271780523e+00 6.668338506713668e+00
1274 5.939962290352308e+00 3.030443271857154e+00 6.668338506311128e+00
1275 3.527226796942756e+00 2.969326334252386e+00 4.610664567755474e+00
1276 3.527226796935379e+00 2.969326334261447e+00 4.610664567755665e+00
1277 5.939962290588675e+00 3.030443271816025e+00 6.668338506502987e+00
1278 5.939962290589830e+00 3.030443271817109e+00 6.668338506504507e+00
1279 4.961181299996477e+00 -2.461187014345914e+00 5.538118941573908e+00
1280 4.961181300063719e+00 -2.461187014345899e+00 5.538118941634137e+00
1281 3.527226796932878e+00 2.969326334260654e+00 4.610664567753242e+00
1282 3.527226797307971e+00 -2.969326334260377e+00 4.610664568040015e+00
1283 3.527226797185948e+00 -2.969326334187889e+00 4.610664567899982e+00
1284 3.527226796637876e+00 -2.969326334254672e+00 4.610664567523708e+00
1285 3.527226796610769e+00 -2.969326334258688e+00 4.610664567505557e+00
1286 3.527226797081442e+00 -2.969326334335539e+00 4.610664567915122e+00
1287 3.527226796760722e+00 -2.969326334274107e+00 4.610664567630204e+00
1288 2.685103120569479e+00 -1.175972544185392e+00 2.931329082987753e+00
1289 2.685103120527137e+00 -1.175972544185401e+00 2.931329082948971e+00
1290 2.685103120610949e+00 -1.175972544185364e+00 2.931329083025728e+00
1291 2.685103120653273e+00 -1.175972544185409e+00 2.931329083064515e+00
1292 5.095176999506325e+00 3.017057520312013e+00 5.921441103073605e+00
1293 5.095176999427625e+00 3.017057520312006e+00 5.921441103005883e+00
1294 5.095176999479224e+00 3.017057520311994e+00 5.921441103050276e+00
1295 5.095176999454583e+00 3.017057520311943e+00 5.921441103029047e+00
1296 5.123020961412894e+00 3.127363090186140e+00 6.002144922353549e+00
1297 5.123020961412865e+00 3.127363090186137e+00 6.002144922353524e+00
1298 2.182298701984632e+00 7.027033109512160e-01 2.292644666734384e+00
1299 2.182298702332548e+00 7.027033102474599e-01 2.292644666849850e+00
1300 2.182298701973732e+00 7.027033103122226e-01 2.292644666528154e+00
1301 2.182298702231268e+00 7.027033103314289e-01 2.292644666779182e+00
1302 5.123020961412818e+00 3.127363090186107e+00 6.002144922353469e+00
1303 5.123020961412810e+00 3.127363090186095e+00 6.002144922353454e+00
1304 2.182298702229682e+00 7.027033109848724e-01 2.292644666977955e+00
1305 5.939962290588832e+00 3.030443271817584e+00 6.668338506503834e+00
1306 5.939962290589587e+00 3.030443271815707e+00 6.668338506503654e+00
1307 5.939962290589231e+00 3.030443271816592e+00 6.668338506503740e+00
1308 5.939962290589315e+00 3.030443271816633e+00 6.668338506503833e+00
1309 5.939962290589387e+00 3.030443271816693e+00 6.668338506503924e+00
1310 3.527226796942779e+00 -2.969326334252393e+00 4.610664567755496e+00
1311 3.527226796932839e+00 2.969326334260630e+00 4.610664567753196e+00
1312 5.095176999427598e+00 -3.017057520311988e+00 5.921441103005850e+00
1313 5.095176999454567e+00 -3.017057520311937e+00 5.921441103029030e+00
1314 5.095176999506329e+00 -3.017057520312008e+00 5.921441103073605e+00
1315 5.095176999479280e+00 -3.017057520312000e+00 5.921441103050327e+00
1316 4.274394410013410e+00 2.850602656298544e+00 5.137741048014215e+00
1317 4.274394409970538e+00 2.850602656298507e+00 5.137741047978526e+00
1318 4.274394409874637e+00 2.850602656298509e+00 5.137741047898742e+00
1319 4.274394409917381e+00 2.850602656298522e+00 5.137741047934310e+00
1320 3.081619720203617e+00 -1.857795849308227e+00 3.598303144213213e+00
1321 3.081619720165626e+00 -1.857795849308219e+00 3.598303144180673e+00
1322 3.081619720225181e+00 -1.857795849308228e+00 3.598303144231680e+00
1323 3.081619720263177e+00 -1.857795849308252e+00 3.598303144264233e+00
1324 5.123020961412869e+00 -3.127363090186146e+00 6.002144922353531e+00
1325 5.123020961412900e+00 -3.127363090186167e+00 6.002144922353569e+00
1326 5.123020961412788e+00 -3.127363090186130e+00 6.002144922353454e+00
1327 5.123020961412919e+00 -3.127363090186161e+00 6.002144922353581e+00
1328 2.182298701901681e+00 7.027033105288492e-01 2.292644666525967e+00
1329 2.182298702335590e+00 7.027033107520513e-01 2.292644667007405e+00
1330 2.182298702170243e+00 7.027033108189108e-01 2.292644666870509e+00
1331 3.642378869059941e+00 2.416587788125689e+00 4.371134905661524e+00
1332 3.642378868973782e+00 2.416587788125666e+00 4.371134905589718e+00
1333 3.642378869027560e+00 2.416587788125689e+00 4.371134905634541e+00
1334 3.642378869006133e+00 2.416587788125656e+00 4.371134905616669e+00
1335 3.527226796932803e+00 2.969326334260626e+00 4.610664567753165e+00
1336 5.939962290588829e+00 -3.030443271817578e+00 6.668338506503829e+00
1337 5.939962290589593e+00 -3.030443271815716e+00 6.668338506503663e+00
1338 3.527226796935406e+00 -2.969326334261447e+00 4.610664567755686e+00
1339 5.939962290589830e+00 -3.030443271817132e+00 6.668338506504518e+00
1340 5.939962290588734e+00 -3.030443271816034e+00 6.668338506503043e+00
1341 5.939962290589305e+00 -3.030443271816651e+00 6.668338506503831e+00
1342 3.303637861440238e+00 -2.509824900872709e+00 4.148884687790459e+00
1343 3.303637861400527e+00 -2.509824900932485e+00 4.148884687794999e+00
1344 3.303637860982199e+00 -2.509824900860283e+00 4.148884687418219e+00
1345 3.303637860948379e+00 -2.509824900936207e+00 4.148884687437218e+00
1346 3.303637861114988e+00 -2.509824901014144e+00 4.148884687617031e+00
1347 3.303637861260263e+00 -2.509824901021157e+00 4.148884687736952e+00
1348 3.303637861198507e+00 -2.509824900936642e+00 4.148884687636651e+00
1349 2.182298701984618e+00 -7.027033109512162e-01 2.292644666734370e+00
1350 2.182298701973700e+00 -7.027033103122187e-01 2.292644666528123e+00
1351 2.182298701901668e+00 -7.027033105288480e-01 2.292644666525955e+00
1352 2.182298702229687e+00 -7.027033109848673e-01 2.292644666977957e+00
1353 2.182298702332551e+00 -7.027033102474586e-01 2.292644666849853e+00
1354 2.182298702231266e+00 -7.027033103314210e-01 2.292644666779178e+00
1355 2.182298702170211e+00 -7.027033108189065e-01 2.292644666870477e+00
1356 2.182298702335560e+00 -7.027033107520501e-01 2.292644667007376e+00
1357 3.527226796932851e+00 2.969326334260660e+00 4.610664567753224e+00
1358 4.274394410013405e+00 -2.850602656298546e+00 5.137741048014212e+00
1359 4.274394409874612e+00 -2.850602656298490e+00 5.137741047898711e+00
1360 2.182298702144897e+00 7.027033106158770e-01 2.292644666784152e+00
1361 3.303637861193910e+00 -2.509824900940390e+00 4.148884687635258e+00
1362 2.182298702144920e+00 7.027033106158749e-01 2.292644666784173e+00
1363 3.081619720263158e+00 1.857795849308246e+00 3.598303144264215e+00
1364 3.081619720165635e+00 1.857795849308224e+00 3.598303144180684e+00
1365 3.081619720225169e+00 1.857795849308228e+00 3.598303144231671e+00
1366 3.081619720203611e+00 1.857795849308210e+00 3.598303144213199e+00
1367 3.527226796932849e+00 -2.969326334260622e+00 4.610664567753199e+00
1368 3.527226796932875e+00 -2.969326334260657e+00 4.610664567753242e+00
1369 3.527226796932848e+00 -2.969326334260647e+00 4.610664567753214e+00
1370 4.755677868612217e+00 3.092169945523528e+00 5.672564407920550e+00
1371 4.755677868156207e+00 3.092169945573561e+00 5.672564407565519e+00
1372 4.755677868194159e+00 3.092169945513600e+00 5.672564407564653e+00
1373 4.755677868453959e+00 3.092169945645518e+00 5.672564407854369e+00
1374 4.755677868313298e+00 3.092169945641756e+00 5.672564407734393e+00
1375 4.755677868590475e+00 3.092169945571669e+00 5.672564407928563e+00
1376 4.755677868388582e+00 3.092169945578655e+00 5.672564407763112e+00
1377 5.376897764475070e+00 2.563207405611128e+00 5.956598171254859e+00
1378 5.376897763992911e+00 2.563207405603958e+00 5.956598170816539e+00
1379 5.376897764320751e+00 2.563207405594412e+00 5.956598171108366e+00
1380 5.376897764073849e+00 2.563207405597733e+00 5.956598170886922e+00
1381 5.376897764256823e+00 2.563207405634214e+00 5.956598171067787e+00
1382 5.376897764214019e+00 2.563207405617053e+00 5.956598171021764e+00
1383 5.376897764224808e+00 2.563207405609145e+00 5.956598171028100e+00
1384 5.376897764187592e+00 2.563207405615338e+00 5.956598170997171e+00
1385 5.376897764475081e+00 -2.563207405611138e+00 5.956598171254874e+00
1386 5.376897763992837e+00 -2.563207405603950e+00 5.956598170816469e+00
1387 5.376897764073838e+00 -2.563207405597729e+00 5.956598170886910e+00
1388 5.376897764320717e+00 -2.563207405594402e+00 5.956598171108331e+00
1389 5.376897764187568e+00 -2.563207405615339e+00 5.956598170997150e+00
1390 5.376897764224834e+00 -2.563207405609164e+00 5.956598171028132e+00
1391 5.376897764256800e+00 -2.563207405634223e+00 5.956598171067768e+00
1392 5.376897764214044e+00 -2.563207405617026e+00 5.956598171021775e+00
1393 5.939962290589292e+00 -3.030443271816647e+00 6.668338506503817e+00
1394 5.939962290589255e+00 -3.030443271816607e+00 6.668338506503768e+00
1395 2.182298702144942e+00 7.027033106158747e-01 2.292644666784194e+00
1396 3.527226796932879e+00 -2.969326334260658e+00 4.610664567753244e+00
1397 4.274394409970566e+00 -2.850602656298497e+00 5.137741047978544e+00
1398 4.274394409917385e+00 -2.850602656298525e+00 5.137741047934315e+00
1399 2.182298702144931e+00 7.027033106158755e-01 2.292644666784184e+00
1400 3.642378869059943e+00 -2.416587788125692e+00 4.371134905661528e+00
1401 3.642378869006134e+00 -2.416587788125638e+00 4.371134905616660e+00
1402 3.642378869027540e+00 -2.416587788125691e+00 4.371134905634527e+00
1403 3.642378868973787e+00 -2.416587788125673e+00 4.371134905589726e+00
1404 4.755677868391281e+00 3.092169945576193e+00 5.672564407764033e+00
1405 4.329165759143408e+00 2.812186075349969e+00 5.162370259147631e+00
1406 4.329165759062528e+00 2.812186075349958e+00 5.162370259079799e+00
1407 4.329165759114727e+00 2.812186075349991e+00 5.162370259123592e+00
1408 4.329165759091219e+00 2.812186075349949e+00 5.162370259103855e+00
1409 3.303637860948390e+00 2.509824900936195e+00 4.148884687437220e+00
1410 3.303637860982203e+00 2.509824900860287e+00 4.148884687418225e+00
1411 3.303637861440258e+00 2.509824900872718e+00 4.148884687790481e+00
1412 3.303637861114986e+00 2.509824901014133e+00 4.148884687617023e+00
1413 3.303637861400533e+00 2.509824900932499e+00 4.148884687795012e+00
1414 3.303637861260261e+00 2.509824901021155e+00 4.148884687736950e+00
1415 5.551719126308242e+00 3.065919616873320e+00 6.342038186146895e+00
1416 5.551719126292014e+00 3.065919617056299e+00 6.342038186221147e+00
1417 5.551719126134393e+00 3.065919617067389e+00 6.342038186088528e+00
1418 5.551719126112981e+00 3.065919617002806e+00 6.342038186038564e+00
1419 5.551719126147087e+00 3.065919616896692e+00 6.342038186017121e+00
1420 5.551719126327012e+00 3.065919616948822e+00 6.342038186199825e+00
1421 5.939962290589214e+00 3.030443271816593e+00 6.668338506503725e+00
1422 5.939962290589284e+00 -3.030443271816611e+00 6.668338506503795e+00
1423 4.329165759062541e+00 -2.812186075349981e+00 5.162370259079823e+00
1424 4.329165759091224e+00 -2.812186075349964e+00 5.162370259103867e+00
1425 4.329165759143438e+00 -2.812186075350001e+00 5.162370259147674e+00
1426 4.329165759114699e+00 -2.812186075349991e+00 5.162370259123567e+00
1427 3.303637861193853e+00 2.509824900940324e+00 4.148884687635172e+00
1428 4.293065051186574e+00 3.164030123267914e+00 5.333056736494217e+00
1429 4.293065051309835e+00 3.164030123334688e+00 5.333056736633058e+00
1430 4.293065051087986e+00 3.164030123403684e+00 5.333056736495405e+00
1431 4.293065050622761e+00 3.164030123332565e+00 5.333056736078708e+00
1432 4.293065050648540e+00 3.164030123329050e+00 5.333056736097376e+00
1433 4.497594326140567e+00 3.183211022180399e+00 5.510098650138907e+00
1434 4.497594325438025e+00 3.183211022130382e+00 5.510098649536565e+00
1435 4.497594325885667e+00 3.183211022096453e+00 5.510098649882349e+00
1436 4.497594325472567e+00 3.183211022136604e+00 5.510098649568353e+00
1437 4.293065050778816e+00 3.164030123346598e+00 5.333056736212657e+00
1438 4.497594325818936e+00 3.183211022275235e+00 5.510098649931164e+00
1439 4.497594325613294e+00 3.183211022199725e+00 5.510098649719687e+00
1440 2.182298702144922e+00 -7.027033106158823e-01 2.292644666784178e+00
1441 2.182298702144887e+00 -7.027033106158742e-01 2.292644666784142e+00
1442 3.303637861198567e+00 2.509824900936684e+00 4.148884687636724e+00
1443 2.182298702144944e+00 -7.027033106158793e-01 2.292644666784198e+00
1444 2.182298702144981e+00 -7.027033106158762e-01 2.292644666784232e+00
1445 5.852282468030062e+00 2.969326334260350e+00 6.562477349670933e+00
1446 5.852282467908146e+00 2.969326334187917e+00 6.562477349529437e+00
1447 5.852282467332913e+00 2.969326334258684e+00 6.562477349048477e+00
1448 5.852282467359990e+00 2.969326334254696e+00 6.562477349070819e+00
1449 5.852282467803740e+00 2.969326334335602e+00 6.562477349503153e+00
1450 5.852282467483026e+00 2.969326334274130e+00 6.562477349189334e+00
1451 4.293065051309922e+00 -3.164030123334720e+00 5.333056736633146e+00
1452 4.293065050648584e+00 -3.164030123329088e+00 5.333056736097434e+00
1453 4.293065050622707e+00 -3.164030123332509e+00 5.333056736078632e+00
1454 4.293065051087995e+00 -3.164030123403673e+00 5.333056736495406e+00
1455 4.293065050778815e+00 -3.164030123346527e+00 5.333056736212615e+00
1456 4.293065051186636e+00 -3.164030123267915e+00 5.333056736494267e+00
1457 4.755677868194153e+00 -3.092169945513595e+00 5.672564407564645e+00
1458 4.755677868156234e+00 -3.092169945573573e+00 5.672564407565550e+00
1459 4.755677868590451e+00 -3.092169945571653e+00 5.672564407928535e+00
1460 4.755677868612223e+00 -3.092169945523522e+00 5.672564407920552e+00
1461 4.755677868313300e+00 -3.092169945641770e+00 5.672564407734404e+00
1462 4.755677868453944e+00 -3.092169945645492e+00 5.672564407854343e+00
1463 4.755677868391343e+00 -3.092169945576170e+00 5.672564407764072e+00
1464 6.910267835152692e+00 -1.553016173701483e+00 7.082630922850933e+00
1465 6.910267834245303e+00 -1.553016173632612e+00 7.082630921950525e+00
1466 6.910267834311772e+00 -1.553016173617394e+00 7.082630922012040e+00
1467 6.910267834379803e+00 -1.553016173799701e+00 7.082630922118389e+00
1468 6.910267834866995e+00 -1.553016173595767e+00 7.082630922549010e+00
1469 6.910267834527264e+00 -1.553016173802474e+00 7.082630922262870e+00
1470 4.755677868388593e+00 -3.092169945578672e+00 5.672564407763131e+00
1471 2.658100179968140e+00 1.227925079893143e+00 2.928019222713068e+00
1472 2.658100180012564e+00 1.227925079971220e+00 2.928019222786141e+00
1473 2.658100180494946e+00 1.227925079921525e+00 2.928019223203213e+00
1474 2.658100180258502e+00 1.227925079864606e+00 2.928019222964696e+00
1475 2.658100180271235e+00 1.227925079932484e+00 2.928019223004721e+00
1476 2.658100180202474e+00 1.227925079930744e+00 2.928019222941569e+00
1477 2.658100180179453e+00 1.227925079941383e+00 2.928019222925132e+00
1478 4.293065050949172e+00 3.164030123326639e+00 5.333056736337952e+00
1479 4.497594325749355e+00 3.183211022162499e+00 5.510098649809239e+00
1480 6.910267834732378e+00 -1.553016173799561e+00 7.082630922462354e+00
1481 6.910267834245271e+00 1.553016173632596e+00 7.082630921950491e+00
1482 6.910267834311661e+00 1.553016173617463e+00 7.082630922011946e+00
1483 6.910267835152681e+00 1.553016173701473e+00 7.082630922850920e+00
1484 5.074740789609541e+00 3.039166633144777e+00 5.915194663385765e+00
1485 5.074740790051200e+00 3.039166633132350e+00 5.915194663758286e+00
1486 5.074740789966717e+00 3.039166633127038e+00 5.915194663683077e+00
1487 5.074740789640027e+00 3.039166633162239e+00 5.915194663420890e+00
1488 4.690050600395467e+00 2.939151976560015e+00 5.534906410734197e+00
1489 4.690050599946553e+00 2.939151976552890e+00 5.534906410350024e+00
1490 4.690050600244665e+00 2.939151976538910e+00 5.534906410595207e+00
1491 4.690050600022216e+00 2.939151976546677e+00 5.534906410410839e+00
1492 4.690050600196712e+00 2.939151976588735e+00 5.534906410581033e+00
1493 3.989875617140795e+00 2.892644234149242e+00 4.928133328717020e+00
1494 3.989875616674535e+00 2.892644234203448e+00 4.928133328371347e+00
1495 3.989875616976708e+00 2.892644234279462e+00 4.928133328660608e+00
1496 3.989875616834080e+00 2.892644234274849e+00 4.928133328542426e+00
1497 3.989875616711402e+00 2.892644234138523e+00 4.928133328363086e+00
1498 3.989875617113916e+00 2.892644234201049e+00 4.928133328725666e+00
1499 4.690050600127988e+00 2.939151976563958e+00 5.534906410509642e+00
1500 4.690050600153961e+00 2.939151976563378e+00 5.534906410531341e+00
1501 5.551719126147038e+00 -3.065919616896647e+00 6.342038186017056e+00
1502 5.551719126308235e+00 -3.065919616873295e+00 6.342038186146876e+00
1503 5.551719126326953e+00 -3.065919616948805e+00 6.342038186199765e+00
1504 5.551719126113048e+00 -3.065919617002845e+00 6.342038186038641e+00
1505 5.551719126134419e+00 -3.065919617067377e+00 6.342038186088545e+00
1506 5.551719126292014e+00 -3.065919617056275e+00 6.342038186221134e+00
1507 5.074740790051129e+00 -3.039166633132335e+00 5.915194663758218e+00
1508 5.074740789966743e+00 -3.039166633127051e+00 5.915194663683107e+00
1509 5.074740789609556e+00 -3.039166633144796e+00 5.915194663385787e+00
1510 5.074740789640032e+00 -3.039166633162266e+00 5.915194663420909e+00
1511 5.074740789813625e+00 -3.039166633145990e+00 5.915194663561475e+00
1512 5.074740789820777e+00 -3.039166633139864e+00 5.915194663564463e+00
1513 5.074740789819018e+00 -3.039166633143873e+00 5.915194663565013e+00
1514 4.690050600395455e+00 -2.939151976559977e+00 5.534906410734167e+00
1515 4.690050599946576e+00 -2.939151976552881e+00 5.534906410350039e+00
1516 4.690050600244665e+00 -2.939151976538905e+00 5.534906410595204e+00
1517 4.690050600196681e+00 -2.939151976588692e+00 5.534906410580983e+00
1518 4.690050600022212e+00 -2.939151976546668e+00 5.534906410410829e+00
1519 4.690050600127942e+00 -2.939151976563927e+00 5.534906410509587e+00
1520 4.690050600161119e+00 -2.939151976557946e+00 5.534906410534522e+00
1521 4.497594325733401e+00 3.183211022181979e+00 5.510098649807472e+00
1522 4.293065050944146e+00 3.164030123334604e+00 5.333056736338632e+00
1523 4.293065050949163e+00 -3.164030123326655e+00 5.333056736337953e+00
1524 2.658100180219724e+00 1.227925079912124e+00 2.928019222949420e+00
1525 6.910267834379853e+00 1.553016173799605e+00 7.082630922118418e+00
1526 6.910267834732340e+00 1.553016173799533e+00 7.082630922462311e+00
1527 6.910267834867024e+00 1.553016173595769e+00 7.082630922549037e+00
1528 5.074740789821404e+00 -3.039166633139071e+00 5.915194663564594e+00
1529 5.551719126223599e+00 -3.065919616956151e+00 6.342038186112843e+00
1530 5.852282467360036e+00 -2.969326334254697e+00 6.562477349070860e+00
1531 5.852282467332986e+00 -2.969326334258730e+00 6.562477349048564e+00
1532 5.852282467908091e+00 -2.969326334187897e+00 6.562477349529379e+00
1533 5.852282468030162e+00 -2.969326334260372e+00 6.562477349671033e+00
1534 5.852282467803685e+00 -2.969326334335581e+00 6.562477349503095e+00
1535 4.497594326140643e+00 -3.183211022180438e+00 5.510098650138991e+00
1536 4.497594325437976e+00 -3.183211022130357e+00 5.510098649536510e+00
1537 4.497594325472513e+00 -3.183211022136592e+00 5.510098649568303e+00
1538 4.497594325885768e+00 -3.183211022096456e+00 5.510098649882433e+00
1539 4.497594325819064e+00 -3.183211022275278e+00 5.510098649931293e+00
1540 4.497594325613322e+00 -3.183211022199727e+00 5.510098649719711e+00
1541 4.497594325731487e+00 3.183211022170429e+00 5.510098649799237e+00
1542 4.690050600161113e+00 2.939151976557946e+00 5.534906410534518e+00
1543 3.989875616910728e+00 2.892644234208271e+00 4.928133328565403e+00
1544 3.989875616913874e+00 2.892644234205424e+00 4.928133328566279e+00
1545 5.074740789818985e+00 3.039166633143833e+00 5.915194663564965e+00
1546 5.074740789821451e+00 3.039166633139144e+00 5.915194663564671e+00
1547 5.074740789813670e+00 3.039166633146032e+00 5.915194663561534e+00
1548 5.551719126237304e+00 -3.065919616970803e+00 6.342038186131923e+00
1549 5.852282467482971e+00 -2.969326334274111e+00 6.562477349189275e+00
1550 4.497594325749416e+00 -3.183211022162557e+00 5.510098649809324e+00
1551 3.989875616711416e+00 -2.892644234138538e+00 4.928133328363107e+00
1552 3.989875616674509e+00 -2.892644234203430e+00 4.928133328371317e+00
1553 3.989875617140806e+00 -2.892644234149234e+00 4.928133328717024e+00
1554 3.989875617113954e+00 -2.892644234201093e+00 4.928133328725724e+00
1555 3.989875616834114e+00 -2.892644234274844e+00 4.928133328542451e+00
1556 3.989875616976703e+00 -2.892644234279455e+00 4.928133328660599e+00
1557 3.989875616913948e+00 -2.892644234205469e+00 4.928133328566365e+00
1558 5.086098242016399e+00 -3.164030123334716e+00 5.989948409528399e+00
1559 5.086098241355022e+00 -3.164030123329049e+00 5.989948408963826e+00
1560 5.086098241329212e+00 -3.164030123332528e+00 5.989948408943750e+00
1561 5.086098241893119e+00 -3.164030123267907e+00 5.989948409388432e+00
1562 5.086098241794507e+00 -3.164030123403687e+00 5.989948409376422e+00
1563 5.086098241485341e+00 -3.164030123346568e+00 5.989948409083736e+00
1564 5.086098242016379e+00 3.164030123334700e+00 5.989948409528374e+00
1565 5.086098241893083e+00 3.164030123267910e+00 5.989948409388402e+00
1566 2.658100180494917e+00 -1.227925079921525e+00 2.928019223203187e+00
1567 2.658100179968105e+00 -1.227925079893137e+00 2.928019222713033e+00
1568 2.658100180012559e+00 -1.227925079971212e+00 2.928019222786132e+00
1569 5.086098241329197e+00 3.164030123332483e+00 5.989948408943714e+00
1570 5.086098241794495e+00 3.164030123403675e+00 5.989948409376405e+00
1571 5.086098241355024e+00 3.164030123329045e+00 5.989948408963826e+00
1572 5.086098241485332e+00 3.164030123346578e+00 5.989948409083733e+00
1573 2.658100180271213e+00 -1.227925079932465e+00 2.928019223004693e+00
1574 2.658100180219726e+00 -1.227925079912136e+00 2.928019222949427e+00
1575 2.658100180179414e+00 -1.227925079941371e+00 2.928019222925092e+00
1576 2.658100180258522e+00 -1.227925079864635e+00 2.928019222964726e+00
1577 6.910267834690239e+00 -1.553016173695554e+00 7.082630922398434e+00
1578 5.852282467665002e+00 2.969326334252424e+00 6.562477349341793e+00
1579 6.910267834527322e+00 1.553016173802479e+00 7.082630922262928e+00
1580 4.690050600153939e+00 -2.939151976563382e+00 5.534906410531325e+00
1581 5.074740789820808e+00 3.039166633139902e+00 5.915194663564509e+00
1582 4.497594325731488e+00 3.183211022170396e+00 5.510098649799219e+00
1583 4.497594325731534e+00 3.183211022170401e+00 5.510098649799259e+00
1584 3.989875616910728e+00 -2.892644234208283e+00 4.928133328565409e+00
1585 4.293065050940998e+00 3.164030123334472e+00 5.333056736336019e+00
1586 4.293065050940985e+00 3.164030123334453e+00 5.333056736335998e+00
1587 4.293065050941014e+00 3.164030123334480e+00 5.333056736336036e+00
1588 4.293065050941025e+00 3.164030123334474e+00 5.333056736336041e+00
1589 2.356756390618815e+00 1.295160910965047e+00 2.689189928215268e+00
1590 2.356756390361308e+00 1.295160911414077e+00 2.689189928205854e+00
1591 2.356756390558576e+00 1.295160911413556e+00 2.689189928378485e+00
1592 2.356756390382418e+00 1.295160911238032e+00 2.689189928139569e+00
1593 2.356756390405982e+00 1.295160911011732e+00 2.689189928051229e+00
1594 2.356756390520689e+00 1.295160911075617e+00 2.689189928182524e+00
1595 2.356756390571020e+00 1.295160911206992e+00 2.689189928289906e+00
1596 2.356756390499246e+00 1.295160911230761e+00 2.689189928238451e+00
1597 5.852282467657698e+00 2.969326334261515e+00 6.562477349339394e+00
1598 4.293065050944172e+00 -3.164030123334612e+00 5.333056736338657e+00
1599 6.910267834690254e+00 1.553016173695552e+00 7.082630922398448e+00
1600 4.497594325733516e+00 -3.183211022182029e+00 5.510098649807595e+00
1601 2.658100180202446e+00 -1.227925079930736e+00 2.928019222941541e+00
1602 2.356756390361328e+00 -1.295160911414063e+00 2.689189928205864e+00
1603 2.356756390558594e+00 -1.295160911413541e+00 2.689189928378494e+00
1604 2.356756390406014e+00 -1.295160911011763e+00 2.689189928051272e+00
1605 2.356756390382398e+00 -1.295160911238042e+00 2.689189928139555e+00
1606 2.356756390520686e+00 -1.295160911075578e+00 2.689189928182502e+00
1607 2.356756390618824e+00 -1.295160910965039e+00 2.689189928215272e+00
1608 2.356756390571026e+00 -1.295160911207003e+00 2.689189928289917e+00
1609 5.551719126223686e+00 3.065919616956203e+00 6.342038186112943e+00
1610 5.551719126237293e+00 3.065919616970779e+00 6.342038186131902e+00
1611 4.497594325731533e+00 3.183211022170449e+00 5.510098649799286e+00
1612 5.852282467665034e+00 -2.969326334252433e+00 6.562477349341828e+00
1613 5.086098241655675e+00 3.164030123326665e+00 5.989948409217853e+00
1614 5.086098241650682e+00 3.164030123334621e+00 5.989948409217817e+00
1615 5.086098241655615e+00 -3.164030123326615e+00 5.989948409217776e+00
1616 5.086098241650655e+00 -3.164030123334618e+00 5.989948409217792e+00
1617 4.497594325731465e+00 -3.183211022170390e+00 5.510098649799197e+00
1618 4.497594325731526e+00 -3.183211022170423e+00 5.510098649799265e+00
1619 4.497594325731527e+00 -3.183211022170417e+00 5.510098649799262e+00
1620 3.058853536669049e+00 -1.892658342234623e+00 3.597046088003748e+00
1621 3.058853536228169e+00 -1.892658342277400e+00 3.597046087651340e+00
1622 3.058853536533244e+00 -1.892658342222354e+00 3.597046087881805e+00
1623 3.058853536187518e+00 -1.892658342237038e+00 3.597046087595533e+00
1624 3.058853536398916e+00 -1.892658342252422e+00 3.597046087783397e+00
1625 3.058853536415344e+00 -1.892658342238398e+00 3.597046087789988e+00
1626 3.058853536420312e+00 -1.892658342234311e+00 3.597046087792062e+00
1627 3.058853536409562e+00 -1.892658342247461e+00 3.597046087789840e+00
1628 5.852282467657602e+00 -2.969326334261451e+00 6.562477349339281e+00
1629 5.551719126222832e+00 -3.065919616971533e+00 6.342038186119608e+00
1630 5.551719126222894e+00 -3.065919616971573e+00 6.342038186119680e+00
1631 5.551719126222763e+00 3.065919616971521e+00 6.342038186119542e+00
1632 2.356756390499244e+00 -1.295160911230772e+00 2.689189928238455e+00
1633 5.551719126222885e+00 3.065919616971565e+00 6.342038186119669e+00
1634 4.293065050940992e+00 -3.164030123334468e+00 5.333056736336012e+00
1635 4.293065050940976e+00 -3.164030123334471e+00 5.333056736336001e+00
1636 4.293065050941041e+00 -3.164030123334494e+00 5.333056736336066e+00
1637 4.293065050941044e+00 -3.164030123334493e+00 5.333056736336068e+00
1638 3.621100415911249e+00 2.443903068782966e+00 4.368641714734617e+00
1639 3.621100415452989e+00 2.443903068792889e+00 4.368641714360324e+00
1640 3.621100415806353e+00 2.443903068775072e+00 4.368641714643255e+00
1641 3.621100415488474e+00 2.443903068818852e+00 4.368641714404260e+00
1642 6.910267834613270e+00 1.553016173705552e+00 7.082630922325531e+00
1643 6.910267834613280e+00 1.553016173705567e+00 7.082630922325544e+00
1644 6.910267834613319e+00 1.553016173705581e+00 7.082630922325585e+00
1645 6.910267834613335e+00 1.553016173705560e+00 7.082630922325596e+00
1646 4.308496713353779e+00 2.835837782846018e+00 5.158015108508053e+00
1647 4.308496713444158e+00 2.835837782851977e+00 5.158015108586822e+00
1648 4.308496713029719e+00 2.835837782883777e+00 5.158015108258124e+00
1649 4.308496712997632e+00 2.835837782863928e+00 5.158015108220408e+00
1650 3.058853536187532e+00 1.892658342237047e+00 3.597046087595550e+00
1651 3.058853536228152e+00 1.892658342277397e+00 3.597046087651324e+00
1652 3.058853536669068e+00 1.892658342234627e+00 3.597046088003765e+00
1653 3.058853536533251e+00 1.892658342222366e+00 3.597046087881818e+00
1654 6.512186200398187e+00 2.116860961778121e+00 6.847603189449340e+00
1655 6.512186200111866e+00 2.116860961675048e+00 6.847603189145180e+00
1656 6.512186199592509e+00 2.116860961712776e+00 6.847603188662926e+00
1657 6.512186199648378e+00 2.116860961712995e+00 6.847603188716125e+00
1658 6.512186199742698e+00 2.116860961827358e+00 6.847603188841179e+00
1659 6.512186200003772e+00 2.116860961881110e+00 6.847603189106082e+00
1660 6.512186199962546e+00 2.116860961759878e+00 6.847603189029398e+00
1661 6.512186199905037e+00 2.116860961819602e+00 6.847603188993169e+00
1662 3.621100415911192e+00 -2.443903068782959e+00 4.368641714734567e+00
1663 3.621100415488412e+00 -2.443903068818818e+00 4.368641714404190e+00
1664 3.621100415453044e+00 -2.443903068792915e+00 4.368641714360384e+00
1665 3.621100415806363e+00 -2.443903068775067e+00 4.368641714643260e+00
1666 3.621100415660663e+00 -2.443903068798717e+00 4.368641714535721e+00
1667 3.621100415670915e+00 -2.443903068789762e+00 4.368641714539209e+00
1668 5.852282467655043e+00 -2.969326334260634e+00 6.562477349336628e+00
1669 4.497594325731494e+00 -3.183211022170405e+00 5.510098649799229e+00
1670 5.551719126222862e+00 -3.065919616971550e+00 6.342038186119642e+00
1671 5.551719126222862e+00 -3.065919616971546e+00 6.342038186119640e+00
1672 5.551719126222858e+00 3.065919616971560e+00 6.342038186119643e+00
1673 5.551719126222848e+00 3.065919616971558e+00 6.342038186119635e+00
1674 6.910267834613360e+00 -1.553016173705577e+00 7.082630922325625e+00
1675 6.910267834613245e+00 -1.553016173705559e+00 7.082630922325509e+00
1676 6.910267834613419e+00 -1.553016173705599e+00 7.082630922325686e+00
1677 6.910267834613334e+00 -1.553016173705538e+00 7.082630922325591e+00
1678 5.086098241647494e+00 -3.164030123334465e+00 5.989948409215027e+00
1679 5.086098241647393e+00 -3.164030123334430e+00 5.989948409214922e+00
1680 5.086098241647510e+00 -3.164030123334474e+00 5.989948409215046e+00
1681 4.308496713208702e+00 2.835837782863951e+00 5.158015108396729e+00
1682 5.086098241647464e+00 3.164030123334444e+00 5.989948409214991e+00
1683 5.086098241647512e+00 3.164030123334496e+00 5.989948409215058e+00
1684 5.086098241647554e+00 3.164030123334482e+00 5.989948409215089e+00
1685 5.086098241647554e+00 3.164030123334492e+00 5.989948409215093e+00
1686 3.058853536420327e+00 1.892658342234309e+00 3.597046087792074e+00
1687 3.058853536409560e+00 1.892658342247483e+00 3.597046087789850e+00
1688 4.308496713444181e+00 -2.835837782851981e+00 5.158015108586843e+00
1689 4.308496713029736e+00 -2.835837782883790e+00 5.158015108258145e+00
1690 4.308496712997693e+00 -2.835837782863960e+00 5.158015108220478e+00
1691 4.308496713353794e+00 -2.835837782845992e+00 5.158015108508050e+00
1692 3.621100415672414e+00 -2.443903068787983e+00 4.368641714539457e+00
1693 3.621100415667801e+00 -2.443903068795605e+00 4.368641714539898e+00
1694 2.356756390489775e+00 1.295160911194480e+00 2.689189928212679e+00
1695 5.086098241647519e+00 -3.164030123334477e+00 5.989948409215056e+00
1696 2.477080706789234e+00 4.498689951510808e-01 2.517600234498260e+00
1697 2.477080706918497e+00 4.498689954321400e-01 2.517600234675665e+00
1698 2.477080707465424e+00 4.498689950909100e-01 2.517600235152816e+00
1699 2.477080707522000e+00 4.498689952907211e-01 2.517600235244184e+00
1700 3.058853536398896e+00 1.892658342252402e+00 3.597046087783369e+00
1701 3.058853536415300e+00 1.892658342238383e+00 3.597046087789943e+00
1702 3.621100415667833e+00 2.443903068795592e+00 4.368641714539916e+00
1703 3.621100415672443e+00 2.443903068788006e+00 4.368641714539494e+00
1704 3.621100415660640e+00 2.443903068798702e+00 4.368641714535694e+00
1705 3.621100415670837e+00 2.443903068789748e+00 4.368641714539137e+00
1706 4.308496713211638e+00 2.835837782858412e+00 5.158015108396135e+00
1707 4.308496713202901e+00 2.835837782866386e+00 5.158015108393221e+00
1708 4.308496713210888e+00 2.835837782859443e+00 5.158015108396076e+00
1709 4.308496713202886e+00 -2.835837782866347e+00 5.158015108393188e+00
1710 5.950783709002372e+00 2.621049891834051e+00 6.502440256304652e+00
1711 5.950783709046542e+00 2.621049891839349e+00 6.502440256347212e+00
1712 5.950783709749103e+00 2.621049891891893e+00 6.502440257011347e+00
1713 5.950783709477248e+00 2.621049891797248e+00 6.502440256724407e+00
1714 5.950783709393221e+00 2.621049891995742e+00 6.502440256727519e+00
1715 4.308496713210799e+00 -2.835837782859397e+00 5.158015108395976e+00
1716 4.308496713208697e+00 -2.835837782863953e+00 5.158015108396726e+00
1717 4.308496713211657e+00 -2.835837782858409e+00 5.158015108396151e+00
1718 5.852282467654999e+00 -2.969326334260623e+00 6.562477349336583e+00
1719 5.263715834752135e+00 -2.989737968972568e+00 6.053530995389103e+00
1720 5.263715834073642e+00 -2.989737968926195e+00 6.053530994776231e+00
1721 5.852282467655000e+00 -2.969326334260635e+00 6.562477349336589e+00
1722 5.852282467655055e+00 -2.969326334260669e+00 6.562477349336655e+00
1723 2.356756390489767e+00 1.295160911194479e+00 2.689189928212671e+00
1724 2.356756390489779e+00 1.295160911194478e+00 2.689189928212680e+00
1725 2.356756390489779e+00 -1.295160911194481e+00 2.689189928212682e+00
1726 2.356756390489771e+00 -1.295160911194467e+00 2.689189928212668e+00
1727 2.356756390489779e+00 -1.295160911194488e+00 2.689189928212686e+00
1728 2.356756390489795e+00 1.295160911194485e+00 2.689189928212698e+00
1729 5.146929099541811e+00 3.030443271826294e+00 5.972810525997584e+00
1730 5.146929100206722e+00 3.030443271802515e+00 5.972810526558490e+00
1731 5.146929100136767e+00 3.030443271780517e+00 5.972810526487047e+00
1732 5.146929099645870e+00 3.030443271857158e+00 5.972810526102914e+00
1733 5.852282467655051e+00 2.969326334260647e+00 6.562477349336641e+00
1734 5.852282467655057e+00 2.969326334260655e+00 6.562477349336649e+00
1735 5.852282467655070e+00 2.969326334260653e+00 6.562477349336660e+00
1736 5.852282467655012e+00 2.969326334260652e+00 6.562477349336609e+00
1737 5.950783709165604e+00 2.621049891921425e+00 6.502440256489256e+00
1738 2.477080707213783e+00 4.498689952110104e-01 2.517600234926685e+00
1739 2.477080707126797e+00 4.498689952367120e-01 2.517600234845691e+00
1740 2.477080707115117e+00 4.498689952606080e-01 2.517600234838469e+00
1741 2.477080707232144e+00 4.498689952242511e-01 2.517600234947116e+00
1742 2.356756390489803e+00 -1.295160911194496e+00 2.689189928212711e+00
1743 5.950783709307982e+00 2.621049891905440e+00 6.502440256613111e+00
1744 5.950783709336851e+00 2.621049891872684e+00 6.502440256626327e+00
1745 5.146929100206751e+00 -3.030443271802569e+00 5.972810526558542e+00
1746 5.146929100136739e+00 -3.030443271780515e+00 5.972810526487022e+00
1747 5.146929099541730e+00 -3.030443271826278e+00 5.972810525997505e+00
1748 5.146929099645821e+00 -3.030443271857135e+00 5.972810526102860e+00
1749 6.512186199920579e+00 2.116860961770852e+00 6.847603188992879e+00
1750 6.512186199920701e+00 2.116860961770887e+00 6.847603188993006e+00
1751 6.512186199920620e+00 2.116860961770866e+00 6.847603188992923e+00
1752 6.512186199920575e+00 2.116860961770842e+00 6.847603188992872e+00
1753 5.263715834491475e+00 -2.989737968884814e+00 6.053530995119112e+00
1754 5.263715834036207e+00 -2.989737968919999e+00 6.053530994740619e+00
1755 5.263715834207738e+00 -2.989737968994602e+00 6.053530994926617e+00
1756 5.263715834419931e+00 -2.989737969071070e+00 6.053530995148890e+00
1757 2.747504647730950e+00 -1.935767433196767e+00 3.360948875649311e+00
1758 2.747504647548456e+00 -1.935767433228845e+00 3.360948875518602e+00
1759 2.747504647695870e+00 -1.935767433501901e+00 3.360948875796379e+00
1760 2.747504647523007e+00 -1.935767433401724e+00 3.360948875597369e+00
1761 2.747504647521188e+00 -1.935767433511431e+00 3.360948875659068e+00
1762 2.747504647703529e+00 -1.935767433327413e+00 3.360948875702142e+00
1763 5.950783709749198e+00 -2.621049891891921e+00 6.502440257011447e+00
1764 5.950783709002324e+00 -2.621049891834041e+00 6.502440256304604e+00
1765 5.950783709046627e+00 -2.621049891839388e+00 6.502440256347304e+00
1766 5.950783709477143e+00 -2.621049891797174e+00 6.502440256724281e+00
1767 5.950783709393104e+00 -2.621049891995725e+00 6.502440256727405e+00
1768 5.950783709165677e+00 -2.621049891921471e+00 6.502440256489341e+00
1769 5.263715834752094e+00 2.989737968972581e+00 6.053530995389074e+00
1770 5.263715834491562e+00 2.989737968884858e+00 6.053530995119209e+00
1771 5.263715834036152e+00 2.989737968919980e+00 6.053530994740563e+00
1772 5.263715834073619e+00 2.989737968926185e+00 6.053530994776207e+00
1773 5.263715834419899e+00 2.989737969071041e+00 6.053530995148847e+00
1774 5.263715834207722e+00 2.989737968994553e+00 6.053530994926579e+00
1775 5.263715834354181e+00 2.989737968954098e+00 6.053530995033949e+00
1776 5.263715834334953e+00 2.989737968977124e+00 6.053530995028601e+00
1777 4.758685935440589e+00 -3.065919616896706e+00 5.660826346871286e+00
1778 4.758685935427947e+00 -3.065919617067415e+00 5.660826346953116e+00
1779 4.758685935406521e+00 -3.065919617002848e+00 5.660826346900135e+00
1780 4.758685935601747e+00 -3.065919616873326e+00 5.660826346994098e+00
1781 4.758685935620458e+00 -3.065919616948812e+00 5.660826347050712e+00
1782 4.758685935585488e+00 -3.065919617056307e+00 5.660826347079534e+00
1783 4.758685935517202e+00 -3.065919616956224e+00 5.660826346967926e+00
1784 4.758685935530766e+00 -3.065919616970789e+00 5.660826346987216e+00
1785 5.263715834354221e+00 -2.989737968954114e+00 6.053530995033991e+00
1786 2.477080707172862e+00 4.498689952371810e-01 2.517600234891099e+00
1787 2.477080707172846e+00 4.498689952371808e-01 2.517600234891083e+00
1788 5.950783709336908e+00 -2.621049891872736e+00 6.502440256626401e+00
1789 5.146929099882243e+00 3.030443271816054e+00 5.972810526285746e+00
1790 5.146929099883277e+00 3.030443271817114e+00 5.972810526287176e+00
1791 5.146929099883121e+00 3.030443271815682e+00 5.972810526286315e+00
1792 5.146929099882394e+00 3.030443271817631e+00 5.972810526286677e+00
1793 3.306684128215382e+00 -2.477204400602715e+00 4.131670553923314e+00
1794 3.306684128233284e+00 -2.477204400383797e+00 4.131670553806384e+00
1795 3.306684128403187e+00 -2.477204400356569e+00 4.131670553926038e+00
1796 3.306684128380048e+00 -2.477204400591377e+00 4.131670554048302e+00
1797 3.306684128203671e+00 -2.477204400519421e+00 4.131670553864001e+00
1798 3.306684128406003e+00 -2.477204400453584e+00 4.131670553986459e+00
1799 4.380421518465141e+00 2.826433490679219e+00 5.213139069377065e+00
1800 4.380421518575443e+00 2.826433490714304e+00 5.213139069488769e+00
1801 4.380421519062666e+00 2.826433490631144e+00 5.213139069853079e+00
1802 4.380421519136777e+00 2.826433490656147e+00 5.213139069928908e+00
1803 2.477080706789204e+00 -4.498689951510788e-01 2.517600234498230e+00
1804 2.477080706918496e+00 -4.498689954321416e-01 2.517600234675665e+00
1805 2.477080707521973e+00 -4.498689952907214e-01 2.517600235244158e+00
1806 2.477080707465384e+00 -4.498689950909140e-01 2.517600235152778e+00
1807 2.477080707232165e+00 -4.498689952242718e-01 2.517600234947141e+00
1808 2.747504647730927e+00 1.935767433196742e+00 3.360948875649278e+00
1809 2.747504647695837e+00 1.935767433501900e+00 3.360948875796351e+00
1810 2.747504647521164e+00 1.935767433511412e+00 3.360948875659038e+00
1811 4.758685935427884e+00 3.065919617067401e+00 5.660826346953056e+00
1812 4.758685935406530e+00 3.065919617002863e+00 5.660826346900150e+00
1813 4.758685935585502e+00 3.065919617056306e+00 5.660826347079546e+00
1814 4.758685935601791e+00 3.065919616873328e+00 5.660826346994137e+00
1815 4.758685935440551e+00 3.065919616896662e+00 5.660826346871231e+00
1816 4.758685935620472e+00 3.065919616948817e+00 5.660826347050725e+00
1817 2.747504647548435e+00 1.935767433228823e+00 3.360948875518572e+00
1818 2.747504647523035e+00 1.935767433401735e+00 3.360948875597398e+00
1819 4.758685935530792e+00 3.065919616970804e+00 5.660826346987247e+00
1820 5.263715834334868e+00 -2.989737968977061e+00 6.053530995028496e+00
1821 2.747504647651615e+00 -1.935767433320976e+00 3.360948875655996e+00
1822 2.477080707172873e+00 4.498689952371789e-01 2.517600234891110e+00
1823 3.306684128317670e+00 -2.477204400460434e+00 4.131670553919871e+00
1824 2.477080707213765e+00 -4.498689952110020e-01 2.517600234926666e+00
1825 2.477080707115119e+00 -4.498689952606058e-01 2.517600234838471e+00
1826 2.747504647651579e+00 1.935767433320943e+00 3.360948875655948e+00
1827 2.747504647703511e+00 1.935767433327396e+00 3.360948875702117e+00
1828 2.747504647641247e+00 1.935767433364198e+00 3.360948875672415e+00
1829 3.306684128403210e+00 2.477204400356578e+00 4.131670553926061e+00
1830 3.306684128380061e+00 2.477204400591390e+00 4.131670554048321e+00
1831 3.306684128233219e+00 2.477204400383745e+00 4.131670553806302e+00
1832 3.306684128215322e+00 2.477204400602676e+00 4.131670553923242e+00
1833 3.306684128203688e+00 2.477204400519441e+00 4.131670553864025e+00
1834 3.306684128405974e+00 2.477204400453565e+00 4.131670553986424e+00
1835 3.306684128317668e+00 2.477204400460450e+00 4.131670553919878e+00
1836 3.992887782066740e+00 2.864515562913168e+00 4.914122734563067e+00
1837 3.992887782048630e+00 2.864515563111897e+00 4.914122734664194e+00
1838 3.992887781888881e+00 2.864515563123175e+00 4.914122734540967e+00
1839 3.992887781870434e+00 2.864515563053000e+00 4.914122734485072e+00
1840 3.992887782081051e+00 2.864515562995182e+00 4.914122734622502e+00
1841 3.992887781902940e+00 2.864515562937728e+00 4.914122734444291e+00
1842 3.992887781888883e+00 -2.864515563123166e+00 4.914122734540964e+00
1843 3.992887781902979e+00 -2.864515562937781e+00 4.914122734444352e+00
1844 3.992887782066745e+00 -2.864515562913183e+00 4.914122734563080e+00
1845 3.992887782048680e+00 -2.864515563111888e+00 4.914122734664229e+00
1846 3.992887782081072e+00 -2.864515562995182e+00 4.914122734622519e+00
1847 3.992887781870434e+00 -2.864515563052995e+00 4.914122734485069e+00
1848 3.992887781981686e+00 -2.864515563002733e+00 4.914122734546166e+00
1849 5.950783709309807e+00 2.621049891882204e+00 6.502440256605415e+00
1850 5.950783709307895e+00 -2.621049891905389e+00 6.502440256613011e+00
1851 4.758685935517192e+00 3.065919616956203e+00 5.660826346967906e+00
1852 2.747504647641259e+00 -1.935767433364191e+00 3.360948875672420e+00
1853 3.692327800942645e+00 2.432821463743327e+00 4.421753596036777e+00
1854 3.692327801629571e+00 2.432821463722995e+00 4.421753596599200e+00
1855 3.306684128325601e+00 -2.477204400483125e+00 4.131670553939823e+00
1856 5.146929099882323e+00 -3.030443271817587e+00 5.972810526286594e+00
1857 5.146929099883086e+00 -3.030443271815691e+00 5.972810526286289e+00
1858 5.146929099882197e+00 -3.030443271816042e+00 5.972810526285701e+00
1859 2.477080707126754e+00 -4.498689952367037e-01 2.517600234845647e+00
1860 4.380421519136780e+00 -2.826433490656165e+00 5.213139069928920e+00
1861 4.380421518465104e+00 -2.826433490679195e+00 5.213139069377021e+00
1862 4.380421518575409e+00 -2.826433490714298e+00 5.213139069488737e+00
1863 4.380421519062771e+00 -2.826433490631171e+00 5.213139069853182e+00
1864 2.721924085413230e+00 1.202411954550178e+00 2.975678953650382e+00
1865 2.721924086174385e+00 1.202411954572199e+00 2.975678954355526e+00
1866 2.721924086054581e+00 1.202411954473942e+00 2.975678954206235e+00
1867 2.721924085597616e+00 1.202411954690170e+00 2.975678953875611e+00
1868 2.721924085413254e+00 -1.202411954550182e+00 2.975678953650404e+00
1869 2.721924086174390e+00 -1.202411954572214e+00 2.975678954355537e+00
1870 2.721924085597636e+00 -1.202411954690174e+00 2.975678953875632e+00
1871 2.721924086054570e+00 -1.202411954473935e+00 2.975678954206222e+00
1872 5.146929099883287e+00 -3.030443271817121e+00 5.972810526287189e+00
1873 3.992887781994049e+00 -2.864515563019429e+00 4.914122734565944e+00
1874 3.306684128325639e+00 2.477204400483133e+00 4.131670553939857e+00
1875 2.747504647626990e+00 -1.935767433356659e+00 3.360948875656418e+00
1876 3.692327801546339e+00 2.432821463690270e+00 4.421753596511692e+00
1877 2.747504647626970e+00 -1.935767433356640e+00 3.360948875656390e+00
1878 3.692327801066889e+00 2.432821463789220e+00 4.421753596165775e+00
1879 4.758685935516321e+00 3.065919616971529e+00 5.660826346975474e+00
1880 4.758685935516292e+00 3.065919616971537e+00 5.660826346975454e+00
1881 4.758685935516319e+00 3.065919616971538e+00 5.660826346975477e+00
1882 3.128322391957099e+00 -1.877807128080239e+00 3.648638184074867e+00
1883 3.128322392672461e+00 -1.877807128069457e+00 3.648638184682666e+00
1884 3.128322392106421e+00 -1.877807128151808e+00 3.648638184239729e+00
1885 3.128322392573230e+00 -1.877807128018581e+00 3.648638184571401e+00
1886 4.380421518810667e+00 2.826433490670766e+00 5.213139069662815e+00
1887 4.380421518809476e+00 2.826433490669626e+00 5.213139069661196e+00
1888 4.380421518809547e+00 2.826433490671283e+00 5.213139069662154e+00
1889 4.380421518810337e+00 2.826433490669181e+00 5.213139069661679e+00
1890 2.721924085807732e+00 -1.202411954577526e+00 2.975678954022292e+00
1891 2.721924085812284e+00 -1.202411954566311e+00 2.975678954021925e+00
1892 2.721924085807943e+00 1.202411954569520e+00 2.975678954019251e+00
1893 2.721924085810927e+00 1.202411954573209e+00 2.975678954023471e+00
1894 2.721924085807749e+00 1.202411954577534e+00 2.975678954022311e+00
1895 2.721924085812278e+00 1.202411954566306e+00 2.975678954021917e+00
1896 2.477080707172850e+00 -4.498689952371774e-01 2.517600234891087e+00
1897 2.477080707172896e+00 -4.498689952371857e-01 2.517600234891133e+00
1898 2.477080707172890e+00 -4.498689952371833e-01 2.517600234891127e+00
1899 2.477080707172881e+00 -4.498689952371874e-01 2.517600234891119e+00
1900 4.380421518809579e+00 -2.826433490671316e+00 5.213139069662199e+00
1901 4.380421518810412e+00 -2.826433490669211e+00 5.213139069661758e+00
1902 2.747504647627010e+00 1.935767433356661e+00 3.360948875656435e+00
1903 2.747504647626960e+00 1.935767433356642e+00 3.360948875656384e+00
1904 2.747504647626936e+00 1.935767433356624e+00 3.360948875656354e+00
1905 2.747504647626986e+00 1.935767433356651e+00 3.360948875656410e+00
1906 4.380421518810619e+00 -2.826433490670732e+00 5.213139069662757e+00
1907 4.380421518809380e+00 -2.826433490669560e+00 5.213139069661080e+00
1908 4.380421518809978e+00 -2.826433490670212e+00 5.213139069661936e+00
1909 5.263715834333706e+00 2.989737968962502e+00 6.053530995020296e+00
1910 5.950783709309816e+00 -2.621049891882239e+00 6.502440256605437e+00
1911 5.146929099882776e+00 3.030443271816633e+00 5.972810526286501e+00
1912 5.146929099882710e+00 3.030443271816594e+00 5.972810526286425e+00
1913 3.992887781994023e+00 2.864515563019424e+00 4.914122734565919e+00
1914 3.992887781981616e+00 2.864515563002694e+00 4.914122734546086e+00
1915 5.263715834333766e+00 -2.989737968962552e+00 6.053530995020372e+00
1916 5.263715834333787e+00 -2.989737968962535e+00 6.053530995020382e+00
1917 5.263715834333790e+00 -2.989737968962553e+00 6.053530995020394e+00
1918 4.380421518810036e+00 2.826433490670253e+00 5.213139069662007e+00
1919 2.747504647627000e+00 -1.935767433356663e+00 3.360948875656428e+00
1920 2.747504647626952e+00 -1.935767433356622e+00 3.360948875656365e+00
1921 3.692327800942634e+00 -2.432821463743334e+00 4.421753596036773e+00
1922 3.692327801066903e+00 -2.432821463789242e+00 4.421753596165800e+00
1923 2.721924085807964e+00 -1.202411954569528e+00 2.975678954019274e+00
1924 2.721924085810933e+00 -1.202411954573215e+00 2.975678954023478e+00
1925 3.692327801629603e+00 -2.432821463722990e+00 4.421753596599223e+00
1926 3.692327801546394e+00 -2.432821463690284e+00 4.421753596511746e+00
1927 3.128322392672465e+00 1.877807128069455e+00 3.648638184682667e+00
1928 3.128322392573243e+00 1.877807128018592e+00 3.648638184571418e+00
1929 3.128322391957134e+00 1.877807128080250e+00 3.648638184074902e+00
1930 3.128322392106419e+00 1.877807128151804e+00 3.648638184239725e+00
1931 5.950783709309878e+00 -2.621049891882241e+00 6.502440256605495e+00
1932 2.721924085809864e+00 1.202411954571639e+00 2.975678954021864e+00
1933 5.950783709309895e+00 -2.621049891882202e+00 6.502440256605495e+00
1934 4.758685935516313e+00 -3.065919616971533e+00 5.660826346975470e+00
1935 4.758685935516335e+00 -3.065919616971528e+00 5.660826346975486e+00
1936 4.758685935516287e+00 -3.065919616971513e+00 5.660826346975437e+00
1937 5.146929099882735e+00 -3.030443271816592e+00 5.972810526286445e+00
1938 5.146929099882747e+00 -3.030443271816595e+00 5.972810526286455e+00
1939 5.146929099882741e+00 -3.030443271816596e+00 5.972810526286452e+00
1940 3.306684128310606e+00 2.477204400481378e+00 4.131670553926774e+00
1941 3.306684128310615e+00 2.477204400481388e+00 4.131670553926787e+00
1942 3.992887781979260e+00 2.864515563019519e+00 4.914122734553980e+00
1943 3.992887781979290e+00 2.864515563019527e+00 4.914122734554009e+00
1944 3.992887781979299e+00 2.864515563019519e+00 4.914122734554011e+00
1945 3.692327801295619e+00 2.432821463735753e+00 4.421753596327356e+00
1946 3.692327801297083e+00 2.432821463737070e+00 4.421753596329304e+00
1947 3.692327801296768e+00 2.432821463735148e+00 4.421753596327983e+00
1948 3.692327801295852e+00 2.432821463737846e+00 4.421753596328703e+00
1949 2.721924085809856e+00 -1.202411954571641e+00 2.975678954021857e+00
1950 2.721924085809832e+00 -1.202411954571620e+00 2.975678954021827e+00
1951 3.128322392326659e+00 -1.877807128082286e+00 3.648638184392778e+00
1952 3.128322392327970e+00 -1.877807128077995e+00 3.648638184391695e+00
1953 3.128322392326146e+00 -1.877807128079083e+00 3.648638184390690e+00
1954 3.128322392328303e+00 -1.877807128080768e+00 3.648638184393408e+00
1955 3.692327801296389e+00 2.432821463736496e+00 4.421753596328408e+00
1956 3.692327801296773e+00 -2.432821463735181e+00 4.421753596328005e+00
1957 3.692327801295881e+00 -2.432821463737875e+00 4.421753596328744e+00
1958 3.128322392326210e+00 1.877807128079104e+00 3.648638184390756e+00
1959 3.128322392326622e+00 1.877807128082259e+00 3.648638184392733e+00
1960 3.128322392328319e+00 1.877807128080789e+00 3.648638184393432e+00
1961 3.128322392327925e+00 1.877807128077967e+00 3.648638184391641e+00
1962 3.692327801295601e+00 -2.432821463735739e+00 4.421753596327334e+00
1963 3.692327801297084e+00 -2.432821463737053e+00 4.421753596329296e+00
1964 5.146929099882749e+00 3.030443271816621e+00 5.972810526286471e+00
1965 5.950783709309801e+00 -2.621049891882167e+00 6.502440256605395e+00
1966 5.950783709309819e+00 2.621049891882200e+00 6.502440256605426e+00
1967 5.950783709309811e+00 2.621049891882193e+00 6.502440256605414e+00
1968 5.950783709309749e+00 2.621049891882176e+00 6.502440256605350e+00
1969 5.263715834333801e+00 2.989737968962570e+00 6.053530995020411e+00
1970 5.263715834333813e+00 2.989737968962551e+00 6.053530995020412e+00
1971 5.263715834333771e+00 2.989737968962536e+00 6.053530995020370e+00
1972 2.721924085809846e+00 1.202411954571633e+00 2.975678954021845e+00
1973 2.721924085809855e+00 1.202411954571639e+00 2.975678954021856e+00
1974 2.721924085809862e+00 -1.202411954571643e+00 2.975678954021864e+00
1975 3.306684128310595e+00 2.477204400481352e+00 4.131670553926750e+00
1976 3.306684128310604e+00 2.477204400481384e+00 4.131670553926775e+00
1977 3.306684128310613e+00 -2.477204400481378e+00 4.131670553926780e+00
1978 3.306684128310607e+00 -2.477204400481377e+00 4.131670553926774e+00
1979 3.306684128310607e+00 -2.477204400481376e+00 4.131670553926774e+00
1980 3.306684128310604e+00 -2.477204400481347e+00 4.131670553926754e+00
1981 3.992887781979296e+00 -2.864515563019528e+00 4.914122734554014e+00
1982 3.992887781979278e+00 -2.864515563019516e+00 4.914122734553994e+00
1983 3.992887781979292e+00 -2.864515563019535e+00 4.914122734554016e+00
1984 3.992887781979297e+00 -2.864515563019522e+00 4.914122734554011e+00
1985 3.128322392327260e+00 -1.877807128080009e+00 3.648638184392123e+00
1986 3.128322392327278e+00 -1.877807128080032e+00 3.648638184392150e+00
1987 3.128322392327263e+00 -1.877807128080014e+00 3.648638184392127e+00
1988 3.128322392327245e+00 1.877807128080017e+00 3.648638184392113e+00
1989 3.128322392327266e+00 1.877807128080020e+00 3.648638184392133e+00
1990 3.128322392327275e+00 1.877807128080025e+00 3.648638184392143e+00
1991 2.477080707172867e+00 4.498689952371714e-01 2.517600234891102e+00
1992 4.380421518809955e+00 -2.826433490670186e+00 5.213139069661902e+00
1993 4.758685935516302e+00 -3.065919616971540e+00 5.660826346975464e+00
1994 3.692327801296332e+00 2.432821463736438e+00 4.421753596328328e+00
1995 3.692327801296349e+00 2.432821463736451e+00 4.421753596328350e+00
1996 3.692327801296358e+00 -2.432821463736463e+00 4.421753596328364e+00
1997 3.692327801296328e+00 -2.432821463736451e+00 4.421753596328332e+00
1998 3.692327801296345e+00 -2.432821463736457e+00 4.421753596328350e+00
1999 5.263715834333752e+00 -2.989737968962542e+00 6.053530995020355e+00
2000 4.758685935516326e+00 3.065919616971547e+00 5.660826346975488e+00
2001 3.992887781979265e+00 2.864515563019519e+00 4.914122734553985e+00
2002 4.380421518809990e+00 2.826433490670190e+00 5.213139069661934e+00
2003 4.380421518809988e+00 2.826433490670200e+00 5.213139069661938e+00
2004 2.721924085809847e+00 -1.202411954571639e+00 2.975678954021848e+00
2005 4.380421518809981e+00 -2.826433490670181e+00 5.213139069661921e+00
2006 3.128322392327266e+00 1.877807128080018e+00 3.648638184392131e+00
2007 3.692327801296339e+00 -2.432821463736455e+00 4.421753596328344e+00
2008 4.380421518809975e+00 -2.826433490670182e+00 5.213139069661917e+00
2009 6.512186199920619e+00 -2.116860961770859e+00 6.847603188992919e+00
2010 5.146929099882755e+00 -3.030443271816618e+00 5.972810526286475e+00
2011 5.146929099882765e+00 3.030443271816614e+00 5.972810526286482e+00
2012 2.721924085809838e+00 1.202411954571632e+00 2.975678954021837e+00
2013 3.692327801296337e+00 2.432821463736449e+00 4.421753596328340e+00
2014 4.380421518809983e+00 2.826433490670187e+00 5.213139069661926e+00
2015 3.128322392327260e+00 -1.877807128080012e+00 3.648638184392124e+00
