0 5.300802736237076e-02 3.212572244163954e-01 3.256010675728445e-01
1 5.300802736219909e-02 3.212572244158891e-01 3.256010675723170e-01
2 5.300802736237109e-02 -3.212572244163922e-01 3.256010675728414e-01
3 5.300802736219942e-02 -3.212572244158865e-01 3.256010675723146e-01
4 5.300802736237180e-02 3.212572244163870e-01 3.256010675728364e-01
5 5.300802736220043e-02 3.212572244158808e-01 3.256010675723092e-01
6 5.300802736236737e-02 -3.212572244163900e-01 3.256010675728387e-01
7 5.300802736219844e-02 -3.212572244158861e-01 3.256010675723140e-01
8 2.000530404818618e-01 6.000707141443703e-01 6.325393908522789e-01
9 2.000530404824774e-01 6.000707141451912e-01 6.325393908532523e-01
10 2.000530404818637e-01 -6.000707141443684e-01 6.325393908522777e-01
11 2.000530404824792e-01 -6.000707141451886e-01 6.325393908532505e-01
12 2.000530404824850e-01 6.000707141451866e-01 6.325393908532504e-01
13 2.000530404818673e-01 6.000707141443651e-01 6.325393908522756e-01
14 2.000530404824793e-01 -6.000707141451975e-01 6.325393908532589e-01
15 2.000530404818639e-01 -6.000707141443790e-01 6.325393908522877e-01
16 1.542437643780227e-01 5.335694800134018e-01 5.554165363502196e-01
17 1.542437643254232e-01 5.335694799300271e-01 5.554165362555172e-01
18 1.542437643247968e-01 5.335694799290348e-01 5.554165362543900e-01
19 1.542437643254217e-01 5.335694799300211e-01 5.554165362555110e-01
20 1.542437643247922e-01 5.335694799290281e-01 5.554165362543824e-01
21 1.542437643786476e-01 5.335694800143930e-01 5.554165363513454e-01
22 1.542437643780208e-01 5.335694800133997e-01 5.554165363502173e-01
23 1.542437643786464e-01 5.335694800143923e-01 5.554165363513446e-01
24 1.542437643254194e-01 -5.335694799300206e-01 5.554165362555099e-01
25 1.542437643247935e-01 -5.335694799290285e-01 5.554165362543830e-01
26 1.542437643247935e-01 -5.335694799290316e-01 5.554165362543860e-01
27 1.542437643254184e-01 -5.335694799300226e-01 5.554165362555116e-01
28 1.542437643786435e-01 -5.335694800143862e-01 5.554165363513379e-01
29 1.542437643780187e-01 -5.335694800133959e-01 5.554165363502129e-01
30 1.542437643786467e-01 -5.335694800143884e-01 5.554165363513409e-01
31 1.542437643780216e-01 -5.335694800133987e-01 5.554165363502164e-01
32 3.048491584678725e-01 7.188639004554701e-01 7.808318108252392e-01
33 3.048491584693974e-01 7.188639004569430e-01 7.808318108271907e-01
34 3.048491584313165e-01 7.188639004201200e-01 7.808318107784225e-01
35 3.048491584297905e-01 7.188639004186423e-01 7.808318107764662e-01
36 3.048491584678769e-01 -7.188639004554797e-01 7.808318108252496e-01
37 3.048491584694059e-01 -7.188639004569554e-01 7.808318108272051e-01
38 3.048491584313202e-01 -7.188639004201287e-01 7.808318107784319e-01
39 3.048491584297983e-01 -7.188639004186537e-01 7.808318107764798e-01
40 3.048491584297979e-01 7.188639004186463e-01 7.808318107764729e-01
41 3.048491584313271e-01 7.188639004201285e-01 7.808318107784344e-01
42 3.048491584693965e-01 7.188639004569528e-01 7.808318108271991e-01
43 3.048491584678659e-01 7.188639004554531e-01 7.808318108252209e-01
44 3.048491584693996e-01 -7.188639004569590e-01 7.808318108272061e-01
45 3.048491584678757e-01 -7.188639004554849e-01 7.808318108252540e-01
46 3.048491584297922e-01 -7.188639004186598e-01 7.808318107764830e-01
47 3.048491584313172e-01 -7.188639004201242e-01 7.808318107784266e-01
48 3.247883959587787e-01 7.376240839098352e-01 8.059632692085293e-01
49 3.247883959623303e-01 7.376240839130861e-01 8.059632692129356e-01
50 3.247883960292359e-01 7.376240839743475e-01 8.059632692959643e-01
51 3.247883960292274e-01 7.376240839743344e-01 8.059632692959490e-01
52 3.247883960996788e-01 -7.376240840388268e-01 8.059632693833635e-01
53 3.247883960961284e-01 -7.376240840355791e-01 8.059632693789603e-01
54 3.247883959587792e-01 -7.376240839098474e-01 8.059632692085406e-01
55 3.247883959623324e-01 -7.376240839131030e-01 8.059632692129519e-01
56 3.247883959623364e-01 -7.376240839131016e-01 8.059632692129522e-01
57 3.247883960292248e-01 -7.376240839743283e-01 8.059632692959423e-01
58 3.247883960292125e-01 -7.376240839743090e-01 8.059632692959195e-01
59 3.247883959623402e-01 7.376240839131035e-01 8.059632692129555e-01
60 3.247883959587891e-01 7.376240839098523e-01 8.059632692085490e-01
61 3.247883959587851e-01 -7.376240839098508e-01 8.059632692085460e-01
62 3.247883960996846e-01 -7.376240840388276e-01 8.059632693833665e-01
63 3.247883960961331e-01 -7.376240840355770e-01 8.059632693789603e-01
64 3.247883960961269e-01 7.376240840355609e-01 8.059632693789431e-01
65 3.247883960996780e-01 7.376240840388106e-01 8.059632693833484e-01
66 3.247883960292399e-01 7.376240839743360e-01 8.059632692959554e-01
67 3.247883960292244e-01 7.376240839743248e-01 8.059632692959389e-01
68 3.247883960961391e-01 7.376240840355835e-01 8.059632693789687e-01
69 3.247883960996922e-01 7.376240840388326e-01 8.059632693833741e-01
70 3.247883960292295e-01 -7.376240839743293e-01 8.059632692959450e-01
71 3.247883960292162e-01 -7.376240839743178e-01 8.059632692959291e-01
72 4.397592776985146e-01 8.283298455723231e-01 9.378265060168581e-01
73 4.397592776978304e-01 8.283298455718617e-01 9.378265060161297e-01
74 4.397592776985095e-01 -8.283298455723331e-01 9.378265060168645e-01
75 4.397592776978237e-01 -8.283298455718676e-01 9.378265060161318e-01
76 4.397592776985154e-01 8.283298455723354e-01 9.378265060168692e-01
77 4.397592776978304e-01 8.283298455718722e-01 9.378265060161390e-01
78 4.397592776985149e-01 -8.283298455723274e-01 9.378265060168620e-01
79 4.397592776978287e-01 -8.283298455718590e-01 9.378265060161264e-01
80 4.735573296138232e-01 -8.502106295414721e-01 9.731981601998031e-01
81 4.735573295186918e-01 -8.502106294825678e-01 9.731981601020517e-01
82 4.735573295251602e-01 -8.502106294865698e-01 9.731981601086955e-01
83 4.735573296073498e-01 -8.502106295374605e-01 9.731981601931484e-01
84 4.735573296073633e-01 -8.502106295374802e-01 9.731981601931722e-01
85 4.735573295662733e-01 -8.502106295120470e-01 9.731981601509588e-01
86 4.735573295662547e-01 -8.502106295120211e-01 9.731981601509272e-01
87 4.735573295186897e-01 8.502106294825620e-01 9.731981601020457e-01
88 4.735573295251567e-01 8.502106294865598e-01 9.731981601086852e-01
89 4.735573296138198e-01 8.502106295414674e-01 9.731981601997974e-01
90 4.735573295662741e-01 8.502106295120232e-01 9.731981601509384e-01
91 4.735573295662475e-01 8.502106295120072e-01 9.731981601509114e-01
92 4.735573296138269e-01 8.502106295414661e-01 9.731981601997997e-01
93 4.735573296073484e-01 8.502106295374534e-01 9.731981601931415e-01
94 4.735573296073566e-01 8.502106295374607e-01 9.731981601931521e-01
95 4.735573295187007e-01 8.502106294825725e-01 9.731981601020604e-01
96 4.735573295251698e-01 8.502106294865777e-01 9.731981601087072e-01
97 4.735573296138423e-01 -8.502106295414971e-01 9.731981601998342e-01
98 4.735573295251663e-01 -8.502106294865848e-01 9.731981601087117e-01
99 4.735573295186961e-01 -8.502106294825791e-01 9.731981601020638e-01
100 4.735573295662634e-01 8.502106295120289e-01 9.731981601509382e-01
101 4.735573295662427e-01 8.502106295119818e-01 9.731981601508869e-01
102 4.735573295662666e-01 -8.502106295120297e-01 9.731981601509403e-01
103 4.735573295662451e-01 -8.502106295120135e-01 9.731981601509159e-01
104 5.426150558303424e-01 8.892688079825700e-01 1.041743784077691e+00
105 5.426150558316893e-01 8.892688079832649e-01 1.041743784078986e+00
106 5.426150558117121e-01 8.892688079729895e-01 1.041743784059808e+00
107 5.426150558103686e-01 8.892688079723000e-01 1.041743784058520e+00
108 5.426150558316912e-01 -8.892688079832707e-01 1.041743784078991e+00
109 5.426150558103681e-01 -8.892688079723023e-01 1.041743784058522e+00
110 5.426150558117097e-01 -8.892688079729949e-01 1.041743784059812e+00
111 5.426150558303401e-01 -8.892688079825753e-01 1.041743784077694e+00
112 5.426150558103664e-01 -8.892688079722982e-01 1.041743784058518e+00
113 5.426150558316868e-01 8.892688079832678e-01 1.041743784078987e+00
114 5.426150558303494e-01 8.892688079825832e-01 1.041743784077706e+00
115 5.426150558103597e-01 8.892688079723046e-01 1.041743784058520e+00
116 5.426150558117184e-01 8.892688079730012e-01 1.041743784059822e+00
117 5.426150558117138e-01 -8.892688079729865e-01 1.041743784059807e+00
118 5.426150558316873e-01 -8.892688079832641e-01 1.041743784078984e+00
119 5.426150558303431e-01 -8.892688079825717e-01 1.041743784077693e+00
120 5.958919276639288e-01 9.147112474075574e-01 1.091688534147411e+00
121 5.958919276639498e-01 -9.147112474075599e-01 1.091688534147425e+00
122 5.958919276639453e-01 -9.147112474075820e-01 1.091688534147440e+00
123 5.958919276639609e-01 9.147112474076102e-01 1.091688534147472e+00
124 5.958919276639322e-01 9.147112474075757e-01 1.091688534147428e+00
125 5.958919276639527e-01 -9.147112474075700e-01 1.091688534147434e+00
126 5.499257417398160e-01 8.929911314803239e-01 1.048738042759294e+00
127 5.499257417364525e-01 8.929911314786279e-01 1.048738042756087e+00
128 5.499257416205481e-01 8.929911314202111e-01 1.048738042645569e+00
129 5.499257416171821e-01 8.929911314185189e-01 1.048738042642363e+00
130 5.499257417364622e-01 -8.929911314786383e-01 1.048738042756101e+00
131 5.499257416171933e-01 -8.929911314185298e-01 1.048738042642378e+00
132 5.499257416205581e-01 -8.929911314202262e-01 1.048738042645587e+00
133 5.499257417398296e-01 -8.929911314803376e-01 1.048738042759313e+00
134 5.499257417398304e-01 -8.929911314803368e-01 1.048738042759313e+00
135 5.499257416785535e-01 -8.929911314494569e-01 1.048738042700887e+00
136 5.499257416784729e-01 -8.929911314494141e-01 1.048738042700809e+00
137 5.499257417398190e-01 8.929911314803245e-01 1.048738042759297e+00
138 5.499257416171851e-01 8.929911314185163e-01 1.048738042642362e+00
139 5.499257417364544e-01 8.929911314786294e-01 1.048738042756089e+00
140 5.499257416205477e-01 8.929911314202094e-01 1.048738042645567e+00
141 5.499257416171973e-01 -8.929911314185144e-01 1.048738042642367e+00
142 5.499257416205557e-01 -8.929911314202059e-01 1.048738042645568e+00
143 5.499257416785337e-01 8.929911314494399e-01 1.048738042700862e+00
144 5.499257416784558e-01 8.929911314494022e-01 1.048738042700790e+00
145 5.499257416785525e-01 -8.929911314494370e-01 1.048738042700870e+00
146 5.499257416784766e-01 -8.929911314494007e-01 1.048738042700799e+00
147 5.499257417364578e-01 -8.929911314786227e-01 1.048738042756085e+00
148 5.499257416785437e-01 8.929911314494512e-01 1.048738042700877e+00
149 5.499257416784638e-01 8.929911314494051e-01 1.048738042700796e+00
150 5.958919276639500e-01 9.147112474076070e-01 1.091688534147464e+00
151 5.958919276639529e-01 -9.147112474075805e-01 1.091688534147443e+00
152 7.127404245274122e-01 9.578527737189902e-01 1.193935027075041e+00
153 7.127404245269775e-01 9.578527737188594e-01 1.193935027074676e+00
154 7.127404245269614e-01 -9.578527737188400e-01 1.193935027074651e+00
155 7.127404245273953e-01 -9.578527737189700e-01 1.193935027075015e+00
156 7.127404245269693e-01 9.578527737188544e-01 1.193935027074668e+00
157 7.127404245274132e-01 9.578527737189937e-01 1.193935027075044e+00
158 7.362238529773558e-01 9.645839226985773e-01 1.213444562236528e+00
159 7.362238529773570e-01 9.645839226985895e-01 1.213444562236538e+00
160 7.127404245269666e-01 -9.578527737188559e-01 1.193935027074667e+00
161 7.127404245273986e-01 -9.578527737189897e-01 1.193935027075032e+00
162 7.362238529773230e-01 9.645839226985630e-01 1.213444562236496e+00
163 6.891777760701787e-01 9.504680662345818e-01 1.174033880243983e+00
164 6.891777760652281e-01 9.504680662329601e-01 1.174033880239764e+00
165 6.891777760701799e-01 9.504680662345767e-01 1.174033880243979e+00
166 6.891777760652317e-01 9.504680662329669e-01 1.174033880239772e+00
167 6.891777760027519e-01 9.504680662125304e-01 1.174033880186550e+00
168 6.891777759978103e-01 9.504680662109163e-01 1.174033880182342e+00
169 6.891777759978049e-01 9.504680662109143e-01 1.174033880182338e+00
170 6.891777760027499e-01 9.504680662125300e-01 1.174033880186548e+00
171 6.891777760339338e-01 9.504680662227190e-01 1.174033880213103e+00
172 6.891777760340629e-01 9.504680662227619e-01 1.174033880213213e+00
173 7.362238529773386e-01 9.645839226985499e-01 1.213444562236495e+00
174 6.891777760339359e-01 9.504680662227348e-01 1.174033880213117e+00
175 6.891777760340542e-01 9.504680662227676e-01 1.174033880213213e+00
176 6.984601458562275e-01 9.534535732611980e-01 1.181913825840974e+00
177 6.984601458977856e-01 9.534535732743411e-01 1.181913825876136e+00
178 6.984601458941019e-01 9.534535732731854e-01 1.181913825873027e+00
179 6.984601458599160e-01 9.534535732623731e-01 1.181913825844102e+00
180 6.984601458562262e-01 9.534535732612034e-01 1.181913825840978e+00
181 6.984601458599083e-01 9.534535732623612e-01 1.181913825844088e+00
182 6.984601458977799e-01 9.534535732743359e-01 1.181913825876129e+00
183 6.984601458941115e-01 9.534535732731892e-01 1.181913825873036e+00
184 6.984601458769933e-01 9.534535732677667e-01 1.181913825858545e+00
185 6.984601458770132e-01 9.534535732677701e-01 1.181913825858560e+00
186 7.362238529773492e-01 -9.645839226985677e-01 1.213444562236516e+00
187 7.362238529773221e-01 -9.645839226985594e-01 1.213444562236493e+00
188 7.362238529773423e-01 -9.645839226985785e-01 1.213444562236520e+00
189 6.891777760701671e-01 -9.504680662345736e-01 1.174033880243969e+00
190 6.891777760652208e-01 -9.504680662329538e-01 1.174033880239754e+00
191 6.891777760701755e-01 -9.504680662345762e-01 1.174033880243976e+00
192 6.891777760652312e-01 -9.504680662329579e-01 1.174033880239764e+00
193 6.891777759977995e-01 -9.504680662109098e-01 1.174033880182331e+00
194 6.891777759978023e-01 -9.504680662109232e-01 1.174033880182343e+00
195 6.891777760027448e-01 -9.504680662125270e-01 1.174033880186543e+00
196 6.891777760027348e-01 -9.504680662125119e-01 1.174033880186525e+00
197 6.891777760339286e-01 -9.504680662227424e-01 1.174033880213118e+00
198 6.891777760340619e-01 -9.504680662227861e-01 1.174033880213232e+00
199 6.891777760339295e-01 -9.504680662227293e-01 1.174033880213109e+00
200 6.891777760340636e-01 -9.504680662227736e-01 1.174033880213223e+00
201 7.362238529773468e-01 -9.645839226985519e-01 1.213444562236502e+00
202 6.984601458977965e-01 -9.534535732743546e-01 1.181913825876153e+00
203 6.984601458562375e-01 -9.534535732612118e-01 1.181913825840991e+00
204 6.984601458599243e-01 -9.534535732623822e-01 1.181913825844114e+00
205 6.984601458562418e-01 -9.534535732612237e-01 1.181913825841004e+00
206 6.984601458599309e-01 -9.534535732623977e-01 1.181913825844131e+00
207 6.984601458941095e-01 -9.534535732731920e-01 1.181913825873037e+00
208 6.984601458977960e-01 -9.534535732743451e-01 1.181913825876145e+00
209 6.984601458941099e-01 -9.534535732731757e-01 1.181913825873024e+00
210 6.984601458770132e-01 -9.534535732677801e-01 1.181913825858568e+00
211 6.984601458770011e-01 -9.534535732677708e-01 1.181913825858553e+00
212 6.984601458770283e-01 9.534535732677927e-01 1.181913825858587e+00
213 6.984601458770082e-01 9.534535732677820e-01 1.181913825858566e+00
214 6.984601458770250e-01 -9.534535732677951e-01 1.181913825858587e+00
215 6.984601458769921e-01 -9.534535732677502e-01 1.181913825858531e+00
216 8.046238017182845e-01 9.807283727243219e-01 1.268561233586334e+00
217 8.046238017176841e-01 9.807283727242121e-01 1.268561233585868e+00
218 8.046238017241137e-01 9.807283727254812e-01 1.268561233590928e+00
219 8.046238017247206e-01 9.807283727256145e-01 1.268561233591416e+00
220 8.057513518626994e-01 9.809523245103199e-01 1.269449764264332e+00
221 8.057513518620197e-01 9.809523245101842e-01 1.269449764263795e+00
222 8.057513518960137e-01 9.809523245169173e-01 1.269449764290575e+00
223 8.057513518966937e-01 9.809523245170508e-01 1.269449764291110e+00
224 8.057513518967110e-01 9.809523245170602e-01 1.269449764291128e+00
225 8.057513518960288e-01 9.809523245169276e-01 1.269449764290593e+00
226 8.057513518627143e-01 9.809523245103156e-01 1.269449764264338e+00
227 8.057513518620507e-01 9.809523245101966e-01 1.269449764263825e+00
228 8.046238017182838e-01 9.807283727243358e-01 1.268561233586345e+00
229 8.046238017176763e-01 9.807283727241876e-01 1.268561233585844e+00
230 8.046238017247084e-01 9.807283727255900e-01 1.268561233591389e+00
231 8.046238017241033e-01 9.807283727254693e-01 1.268561233590912e+00
232 8.057513518967055e-01 -9.809523245170443e-01 1.269449764291113e+00
233 8.057513518960256e-01 -9.809523245169108e-01 1.269449764290578e+00
234 8.046238017176679e-01 -9.807283727241930e-01 1.268561233585843e+00
235 8.046238017182737e-01 -9.807283727243160e-01 1.268561233586323e+00
236 8.057513518960183e-01 -9.809523245169318e-01 1.269449764290589e+00
237 8.057513518966961e-01 -9.809523245170666e-01 1.269449764291124e+00
238 8.057513518620335e-01 -9.809523245101801e-01 1.269449764263801e+00
239 8.057513518627119e-01 -9.809523245103143e-01 1.269449764264335e+00
240 8.057513518620358e-01 -9.809523245102013e-01 1.269449764263819e+00
241 8.057513518627184e-01 -9.809523245103514e-01 1.269449764264368e+00
242 8.046238017176788e-01 -9.807283727241943e-01 1.268561233585851e+00
243 8.046238017182826e-01 -9.807283727243232e-01 1.268561233586334e+00
244 8.046238017247084e-01 -9.807283727255970e-01 1.268561233591394e+00
245 8.046238017241030e-01 -9.807283727254753e-01 1.268561233590916e+00
246 8.046238017241155e-01 -9.807283727254930e-01 1.268561233590938e+00
247 8.046238017247072e-01 -9.807283727255988e-01 1.268561233591395e+00
248 8.684430850794226e-01 -9.913086189211358e-01 1.317909773076137e+00
249 8.684430850785463e-01 -9.913086189210234e-01 1.317909773075475e+00
250 8.684430850431597e-01 -9.913086189163280e-01 1.317909773048625e+00
251 8.684430850440422e-01 -9.913086189164455e-01 1.317909773049295e+00
252 8.684430850613309e-01 -9.913086189187492e-01 1.317909773062420e+00
253 8.684430850612531e-01 -9.913086189187288e-01 1.317909773062354e+00
254 8.684430850431732e-01 9.913086189163413e-01 1.317909773048644e+00
255 8.684430850440531e-01 9.913086189164588e-01 1.317909773049312e+00
256 8.684430850794389e-01 9.913086189211550e-01 1.317909773076162e+00
257 8.684430850785569e-01 9.913086189210361e-01 1.317909773075492e+00
258 8.684430850794154e-01 9.913086189211459e-01 1.317909773076140e+00
259 8.684430850785423e-01 9.913086189210294e-01 1.317909773075477e+00
260 8.684430850431591e-01 9.913086189163334e-01 1.317909773048629e+00
261 8.684430850440318e-01 9.913086189164542e-01 1.317909773049295e+00
262 8.684430850612392e-01 9.913086189187270e-01 1.317909773062343e+00
263 8.684430850613255e-01 9.913086189187377e-01 1.317909773062408e+00
264 8.684430850613468e-01 9.913086189187391e-01 1.317909773062423e+00
265 8.684430850612579e-01 9.913086189187297e-01 1.317909773062357e+00
266 8.684430850613446e-01 -9.913086189187401e-01 1.317909773062423e+00
267 8.684430850612683e-01 -9.913086189187308e-01 1.317909773062365e+00
268 8.684430850794405e-01 -9.913086189211635e-01 1.317909773076170e+00
269 8.684430850431688e-01 -9.913086189163307e-01 1.317909773048633e+00
270 8.684430850785578e-01 -9.913086189210286e-01 1.317909773075487e+00
271 8.684430850440426e-01 -9.913086189164430e-01 1.317909773049293e+00
272 8.908914512876258e-01 9.940298408624690e-01 1.334834410143235e+00
273 8.908914512853390e-01 9.940298408622203e-01 1.334834410141523e+00
274 8.908914512688787e-01 9.940298408604136e-01 1.334834410129192e+00
275 8.908914512665886e-01 9.940298408601620e-01 1.334834410127476e+00
276 8.908914512771073e-01 9.940298408613217e-01 1.334834410135360e+00
277 8.908914512771365e-01 9.940298408613394e-01 1.334834410135393e+00
278 8.908914512771327e-01 9.940298408613454e-01 1.334834410135395e+00
279 8.908914512771188e-01 9.940298408613332e-01 1.334834410135376e+00
280 8.908914512876334e-01 9.940298408624755e-01 1.334834410143245e+00
281 8.908914512853521e-01 9.940298408622310e-01 1.334834410141540e+00
282 8.908914512688677e-01 9.940298408603807e-01 1.334834410129160e+00
283 8.908914512665839e-01 9.940298408601616e-01 1.334834410127473e+00
284 8.908914512876308e-01 -9.940298408624733e-01 1.334834410143241e+00
285 8.908914512853382e-01 -9.940298408622232e-01 1.334834410141525e+00
286 8.908914512665902e-01 -9.940298408601620e-01 1.334834410127477e+00
287 8.908914512688776e-01 -9.940298408604152e-01 1.334834410129192e+00
288 8.908914512771088e-01 -9.940298408613251e-01 1.334834410135364e+00
289 8.908914512771331e-01 -9.940298408613298e-01 1.334834410135383e+00
290 9.175848981163313e-01 9.965980889498035e-01 1.354684389867086e+00
291 9.175848981143728e-01 9.965980889496394e-01 1.354684389865638e+00
292 9.347095282376465e-01 9.978663008486004e-01 1.367267002654388e+00
293 8.908914512876339e-01 -9.940298408624667e-01 1.334834410143238e+00
294 8.908914512853661e-01 -9.940298408622511e-01 1.334834410141564e+00
295 8.908914512665913e-01 -9.940298408601497e-01 1.334834410127469e+00
296 8.908914512689061e-01 -9.940298408604455e-01 1.334834410129234e+00
297 9.175848981163413e-01 9.965980889498157e-01 1.354684389867102e+00
298 9.175848981143871e-01 9.965980889496494e-01 1.354684389865656e+00
299 9.175848980991202e-01 9.965980889483784e-01 1.354684389854379e+00
300 9.175848980971661e-01 9.965980889482215e-01 1.354684389852941e+00
301 9.175848980991212e-01 9.965980889483725e-01 1.354684389854376e+00
302 9.175848980971617e-01 9.965980889482057e-01 1.354684389852926e+00
303 9.175848981163296e-01 -9.965980889497984e-01 1.354684389867081e+00
304 9.175848981143815e-01 -9.965980889496419e-01 1.354684389865646e+00
305 9.175848980971596e-01 -9.965980889482120e-01 1.354684389852929e+00
306 9.175848981163325e-01 -9.965980889498171e-01 1.354684389867097e+00
307 9.175848981143639e-01 -9.965980889496435e-01 1.354684389865636e+00
308 9.175848980991277e-01 -9.965980889483799e-01 1.354684389854386e+00
309 9.175848980991157e-01 -9.965980889483871e-01 1.354684389854383e+00
310 9.175848980971575e-01 -9.965980889482260e-01 1.354684389852938e+00
311 8.908914512771122e-01 -9.940298408613241e-01 1.334834410135365e+00
312 8.908914512770965e-01 -9.940298408613211e-01 1.334834410135353e+00
313 9.347095282376368e-01 9.978663008486013e-01 1.367267002654382e+00
314 9.347095282376163e-01 -9.978663008485605e-01 1.367267002654338e+00
315 9.347095282376834e-01 -9.978663008486286e-01 1.367267002654434e+00
316 9.347095282376525e-01 9.978663008485867e-01 1.367267002654382e+00
317 9.347095282376731e-01 9.978663008486234e-01 1.367267002654423e+00
318 9.347095282376346e-01 -9.978663008486000e-01 1.367267002654379e+00
319 9.347095282376253e-01 -9.978663008485724e-01 1.367267002654353e+00
320 9.812136787638317e-01 9.998235215405922e-01 1.400866645194710e+00
321 9.812136787637030e-01 9.998235215405902e-01 1.400866645194619e+00
322 9.812136787638245e-01 -9.998235215405804e-01 1.400866645194697e+00
323 9.812136787636947e-01 -9.998235215405730e-01 1.400866645194601e+00
324 9.368759974882699e-01 9.980056915550468e-01 1.368850610930904e+00
325 9.368759974825985e-01 9.980056915546903e-01 1.368850610926762e+00
326 9.368759974887342e-01 -9.980056915550891e-01 1.368850610931252e+00
327 9.368759974830546e-01 -9.980056915547276e-01 1.368850610927101e+00
328 9.368759974826031e-01 -9.980056915547023e-01 1.368850610926774e+00
329 9.368759974887289e-01 -9.980056915550868e-01 1.368850610931247e+00
330 9.368759974826026e-01 9.980056915546920e-01 1.368850610926766e+00
331 9.368759974830525e-01 9.980056915547210e-01 1.368850610927095e+00
332 9.368759974887269e-01 9.980056915550788e-01 1.368850610931239e+00
333 9.368759974882794e-01 9.980056915550499e-01 1.368850610930912e+00
334 9.368759974856740e-01 9.980056915548898e-01 1.368850610929012e+00
335 9.368759974856898e-01 9.980056915549204e-01 1.368850610929045e+00
336 9.368759974887342e-01 9.980056915550809e-01 1.368850610931246e+00
337 9.368759974830582e-01 9.980056915547202e-01 1.368850610927098e+00
338 9.368759974882790e-01 -9.980056915550618e-01 1.368850610930921e+00
339 9.368759974830601e-01 -9.980056915547246e-01 1.368850610927103e+00
340 9.368759974826050e-01 -9.980056915546947e-01 1.368850610926770e+00
341 9.368759974856676e-01 -9.980056915548792e-01 1.368850610929000e+00
342 9.368759974856488e-01 -9.980056915548854e-01 1.368850610928992e+00
343 9.368759974882793e-01 -9.980056915550495e-01 1.368850610930912e+00
344 9.368759974856764e-01 9.980056915548909e-01 1.368850610929015e+00
345 9.368759974856657e-01 9.980056915549138e-01 1.368850610929024e+00
346 9.368759974856855e-01 -9.980056915549143e-01 1.368850610929038e+00
347 9.368759974856649e-01 -9.980056915548667e-01 1.368850610928989e+00
348 9.812136787638299e-01 -9.998235215405811e-01 1.400866645194701e+00
349 9.812136787637018e-01 -9.998235215405791e-01 1.400866645194610e+00
350 9.812136787636675e-01 9.998235215405697e-01 1.400866645194579e+00
351 9.812136787638451e-01 9.998235215405903e-01 1.400866645194719e+00
352 9.774002441398862e-01 9.997445929550689e-01 1.398141798383700e+00
353 9.774002441536375e-01 9.997445929553823e-01 1.398141798393537e+00
354 9.774002441495764e-01 9.997445929552853e-01 1.398141798390628e+00
355 9.774002441439061e-01 9.997445929551554e-01 1.398141798386572e+00
356 9.774002441398607e-01 -9.997445929550408e-01 1.398141798383662e+00
357 9.774002441536092e-01 -9.997445929553529e-01 1.398141798393496e+00
358 9.774002441438883e-01 -9.997445929551261e-01 1.398141798386538e+00
359 9.774002441468272e-01 -9.997445929552534e-01 1.398141798388684e+00
360 9.774002441467010e-01 -9.997445929552046e-01 1.398141798388561e+00
361 9.774002441398799e-01 9.997445929550679e-01 1.398141798383695e+00
362 9.774002441536143e-01 9.997445929553650e-01 1.398141798393508e+00
363 9.774002441468110e-01 9.997445929552204e-01 1.398141798388649e+00
364 9.774002441398786e-01 -9.997445929550498e-01 1.398141798383681e+00
365 9.774002441466723e-01 9.997445929552157e-01 1.398141798388548e+00
366 9.774002441536292e-01 -9.997445929553637e-01 1.398141798393518e+00
367 9.774002441495527e-01 -9.997445929552465e-01 1.398141798390584e+00
368 9.774002441495873e-01 9.997445929552672e-01 1.398141798390623e+00
369 9.774002441439177e-01 9.997445929551402e-01 1.398141798386569e+00
370 9.774002441466811e-01 9.997445929552122e-01 1.398141798388552e+00
371 9.774002441438757e-01 -9.997445929551280e-01 1.398141798386531e+00
372 9.774002441495635e-01 -9.997445929552757e-01 1.398141798390613e+00
373 9.774002441466618e-01 -9.997445929551848e-01 1.398141798388519e+00
374 9.774002441468002e-01 -9.997445929551985e-01 1.398141798388626e+00
375 9.774002441468158e-01 9.997445929552253e-01 1.398141798388656e+00
376 1.063427337773024e+00 -9.979864603809736e-01 1.458373984212131e+00
377 1.063427337773925e+00 -9.979864603809154e-01 1.458373984212748e+00
378 1.055938713651247e+00 -9.984342042319850e-01 1.453229998027775e+00
379 1.055938713651099e+00 -9.984342042319949e-01 1.453229998027674e+00
380 1.063427337772988e+00 -9.979864603809618e-01 1.458373984212097e+00
381 1.063427337773871e+00 -9.979864603808806e-01 1.458373984212685e+00
382 1.055938713649119e+00 -9.984342042321124e-01 1.453229998026316e+00
383 1.055938713649264e+00 -9.984342042320987e-01 1.453229998026412e+00
384 1.055938713651222e+00 -9.984342042319672e-01 1.453229998027745e+00
385 1.055938713651068e+00 -9.984342042319669e-01 1.453229998027633e+00
386 1.055938713649085e+00 -9.984342042320801e-01 1.453229998026269e+00
387 1.055938713649233e+00 -9.984342042320756e-01 1.453229998026374e+00
388 1.077817128794363e+00 -9.969676496483881e-01 1.468207838682233e+00
389 1.077817128797886e+00 -9.969676496481050e-01 1.468207838684628e+00
390 1.077817128800749e+00 -9.969676496478828e-01 1.468207838686578e+00
391 1.077817128804293e+00 -9.969676496476149e-01 1.468207838688998e+00
392 1.063427337773928e+00 9.979864603809285e-01 1.458373984212760e+00
393 1.063427337773887e+00 9.979864603809018e-01 1.458373984212711e+00
394 1.063427337773020e+00 9.979864603809772e-01 1.458373984212131e+00
395 1.063427337772998e+00 9.979864603809704e-01 1.458373984212110e+00
396 1.055938713651080e+00 9.984342042319754e-01 1.453229998027648e+00
397 1.055938713651226e+00 9.984342042319723e-01 1.453229998027751e+00
398 1.055938713649091e+00 9.984342042320876e-01 1.453229998026279e+00
399 1.055938713649240e+00 9.984342042320793e-01 1.453229998026382e+00
400 1.077817128794346e+00 -9.969676496483761e-01 1.468207838682213e+00
401 1.077817128804305e+00 -9.969676496476205e-01 1.468207838689011e+00
402 1.077817128797892e+00 -9.969676496481062e-01 1.468207838684633e+00
403 1.077817128800743e+00 -9.969676496478811e-01 1.468207838686573e+00
404 1.055938713649105e+00 9.984342042320815e-01 1.453229998026285e+00
405 1.055938713649263e+00 9.984342042320867e-01 1.453229998026403e+00
406 1.055938713651236e+00 9.984342042319648e-01 1.453229998027753e+00
407 1.055938713651112e+00 9.984342042319978e-01 1.453229998027686e+00
408 1.077817128794355e+00 9.969676496483828e-01 1.468207838682224e+00
409 1.077817128797897e+00 9.969676496481178e-01 1.468207838684645e+00
410 1.077817128800758e+00 9.969676496478941e-01 1.468207838686593e+00
411 1.077817128804285e+00 9.969676496476070e-01 1.468207838688987e+00
412 1.077817128804304e+00 9.969676496476210e-01 1.468207838689011e+00
413 1.077817128794378e+00 9.969676496483978e-01 1.468207838682251e+00
414 1.077817128797908e+00 9.969676496481079e-01 1.468207838684646e+00
415 1.077817128800740e+00 9.969676496478644e-01 1.468207838686560e+00
416 1.130162492600551e+00 -9.914926755831743e-01 1.503437722493410e+00
417 1.130162492593856e+00 -9.914926755840427e-01 1.503437722488950e+00
418 1.130162492560734e+00 -9.914926755884013e-01 1.503437722466926e+00
419 1.130162492567408e+00 -9.914926755875133e-01 1.503437722471357e+00
420 1.130162492580858e+00 -9.914926755857403e-01 1.503437722480299e+00
421 1.130162492580396e+00 -9.914926755857982e-01 1.503437722479990e+00
422 1.096542086356508e+00 -9.953289032093362e-01 1.480906537467839e+00
423 1.096542086340426e+00 -9.953289032108986e-01 1.480906537456981e+00
424 1.096542086352786e+00 -9.953289032097138e-01 1.480906537465337e+00
425 1.096542086344184e+00 -9.953289032105468e-01 1.480906537459527e+00
426 1.124675762882911e+00 -9.921975379643901e-01 1.499783826409278e+00
427 1.124675762879678e+00 -9.921975379647920e-01 1.499783826407120e+00
428 1.124675762834662e+00 -9.921975379704501e-01 1.499783826377105e+00
429 1.124675762837894e+00 -9.921975379700423e-01 1.499783826379259e+00
430 1.096542086356528e+00 -9.953289032093382e-01 1.480906537467855e+00
431 1.096542086340440e+00 -9.953289032108863e-01 1.480906537456983e+00
432 1.124675762882894e+00 -9.921975379643784e-01 1.499783826409257e+00
433 1.124675762879667e+00 -9.921975379647869e-01 1.499783826407108e+00
434 1.124675762834646e+00 -9.921975379704360e-01 1.499783826377084e+00
435 1.124675762837889e+00 -9.921975379700467e-01 1.499783826379258e+00
436 1.096542086352796e+00 -9.953289032096946e-01 1.480906537465331e+00
437 1.096542086344188e+00 -9.953289032105399e-01 1.480906537459526e+00
438 1.096542086348453e+00 -9.953289032101300e-01 1.480906537462408e+00
439 1.096542086348540e+00 -9.953289032101114e-01 1.480906537462460e+00
440 1.096542086340449e+00 9.953289032109209e-01 1.480906537457013e+00
441 1.096542086356532e+00 9.953289032093583e-01 1.480906537467871e+00
442 1.096542086344206e+00 9.953289032105529e-01 1.480906537459548e+00
443 1.096542086352796e+00 9.953289032097157e-01 1.480906537465345e+00
444 1.096542086348525e+00 9.953289032101221e-01 1.480906537462456e+00
445 1.096542086348439e+00 9.953289032101239e-01 1.480906537462394e+00
446 1.096542086348464e+00 -9.953289032101351e-01 1.480906537462419e+00
447 1.096542086356506e+00 9.953289032093255e-01 1.480906537467830e+00
448 1.096542086340443e+00 9.953289032108861e-01 1.480906537456985e+00
449 1.096542086344188e+00 9.953289032105307e-01 1.480906537459519e+00
450 1.096542086352791e+00 9.953289032096970e-01 1.480906537465329e+00
451 1.124675762879677e+00 9.921975379648107e-01 1.499783826407131e+00
452 1.124675762837884e+00 9.921975379700564e-01 1.499783826379261e+00
453 1.124675762834657e+00 9.921975379704587e-01 1.499783826377107e+00
454 1.124675762882904e+00 9.921975379644000e-01 1.499783826409279e+00
455 1.124675762882902e+00 9.921975379643991e-01 1.499783826409277e+00
456 1.096542086348535e+00 -9.953289032101147e-01 1.480906537462458e+00
457 1.124675762834649e+00 9.921975379704662e-01 1.499783826377107e+00
458 1.124675762837897e+00 9.921975379700640e-01 1.499783826379276e+00
459 1.124675762879676e+00 9.921975379648064e-01 1.499783826407127e+00
460 1.096542086348432e+00 9.953289032101149e-01 1.480906537462382e+00
461 1.096542086348517e+00 9.953289032101055e-01 1.480906537462439e+00
462 1.130162492600516e+00 9.914926755831439e-01 1.503437722493364e+00
463 1.130162492560691e+00 9.914926755883717e-01 1.503437722466874e+00
464 1.130162492567381e+00 9.914926755874882e-01 1.503437722471321e+00
465 1.130162492560709e+00 9.914926755883968e-01 1.503437722466904e+00
466 1.130162492600534e+00 9.914926755831729e-01 1.503437722493397e+00
467 1.130162492593829e+00 9.914926755840199e-01 1.503437722488915e+00
468 1.130162492593859e+00 9.914926755840522e-01 1.503437722488959e+00
469 1.130162492567404e+00 9.914926755875180e-01 1.503437722471358e+00
470 1.130162492580372e+00 9.914926755857894e-01 1.503437722479966e+00
471 1.130162492580838e+00 9.914926755857268e-01 1.503437722480275e+00
472 1.130162492580397e+00 9.914926755858000e-01 1.503437722479992e+00
473 1.130162492580863e+00 9.914926755857377e-01 1.503437722480301e+00
474 1.140171933494572e+00 -9.901271782250850e-01 1.510080748499470e+00
475 1.140171933492195e+00 -9.901271782254180e-01 1.510080748497894e+00
476 1.133725254761439e+00 -9.910184440363653e-01 1.505805601564873e+00
477 1.140171933494583e+00 9.901271782250936e-01 1.510080748499484e+00
478 1.140171933492207e+00 9.901271782254231e-01 1.510080748497906e+00
479 1.133725254761448e+00 9.910184440363556e-01 1.505805601564873e+00
480 1.133725254761442e+00 9.910184440363535e-01 1.505805601564868e+00
481 1.140171933492217e+00 9.901271782254134e-01 1.510080748497907e+00
482 1.140171933494616e+00 -9.901271782251051e-01 1.510080748499516e+00
483 1.140171933492246e+00 -9.901271782254283e-01 1.510080748497939e+00
484 1.133725254761460e+00 -9.910184440363556e-01 1.505805601564882e+00
485 1.140171933494591e+00 9.901271782250897e-01 1.510080748499488e+00
486 1.133725254761448e+00 9.910184440363539e-01 1.505805601564872e+00
487 1.133725254761417e+00 -9.910184440363350e-01 1.505805601564836e+00
488 1.133725254761445e+00 9.910184440363741e-01 1.505805601564883e+00
489 1.133725254761446e+00 -9.910184440363482e-01 1.505805601564866e+00
490 1.130162492600529e+00 -9.914926755831536e-01 1.503437722493380e+00
491 1.130162492560707e+00 -9.914926755883858e-01 1.503437722466896e+00
492 1.130162492593824e+00 -9.914926755840370e-01 1.503437722488922e+00
493 1.130162492567409e+00 -9.914926755875040e-01 1.503437722471352e+00
494 1.130162492580398e+00 -9.914926755858017e-01 1.503437722479994e+00
495 1.130162492580862e+00 -9.914926755857398e-01 1.503437722480302e+00
496 1.159851340380492e+00 -9.871410987929221e-01 1.523057018206647e+00
497 1.159851340395961e+00 -9.871410987904200e-01 1.523057018216805e+00
498 1.159851340395958e+00 9.871410987904063e-01 1.523057018216794e+00
499 1.159851340380492e+00 9.871410987929123e-01 1.523057018206641e+00
500 1.159851340383285e+00 9.871410987924687e-01 1.523057018208480e+00
501 1.159851340393170e+00 9.871410987908669e-01 1.523057018214969e+00
502 1.159851340383283e+00 -9.871410987924671e-01 1.523057018208477e+00
503 1.159851340380469e+00 -9.871410987929189e-01 1.523057018206627e+00
504 1.159851340393169e+00 -9.871410987908669e-01 1.523057018214968e+00
505 1.159851340395949e+00 -9.871410987904146e-01 1.523057018216792e+00
506 1.159851340388220e+00 9.871410987916531e-01 1.523057018211709e+00
507 1.159851340388197e+00 9.871410987916672e-01 1.523057018211701e+00
508 1.159851340380486e+00 9.871410987929194e-01 1.523057018206640e+00
509 1.159851340395949e+00 9.871410987904140e-01 1.523057018216792e+00
510 1.159851340383262e+00 9.871410987924634e-01 1.523057018208458e+00
511 1.159851340393159e+00 -9.871410987908651e-01 1.523057018214960e+00
512 1.159851340383259e+00 -9.871410987924545e-01 1.523057018208451e+00
513 1.159851340393166e+00 9.871410987908613e-01 1.523057018214963e+00
514 1.159851340388224e+00 -9.871410987916653e-01 1.523057018211720e+00
515 1.159851340388204e+00 -9.871410987916697e-01 1.523057018211707e+00
516 1.159851340388214e+00 9.871410987916499e-01 1.523057018211703e+00
517 1.159851340388249e+00 -9.871410987917000e-01 1.523057018211762e+00
518 1.166713358406360e+00 9.860054037141752e-01 1.527555798272980e+00
519 1.166713358405403e+00 9.860054037143373e-01 1.527555798272354e+00
520 1.166713358483546e+00 9.860054037011251e-01 1.527555798323509e+00
521 1.166713358444358e+00 9.860054037077601e-01 1.527555798297861e+00
522 1.166713358444613e+00 9.860054037077161e-01 1.527555798298028e+00
523 1.166713358482598e+00 9.860054037012914e-01 1.527555798322893e+00
524 1.166713358444633e+00 9.860054037077308e-01 1.527555798298053e+00
525 1.166713358405404e+00 -9.860054037143294e-01 1.527555798272349e+00
526 1.166713358406363e+00 -9.860054037141727e-01 1.527555798272981e+00
527 1.166713358483549e+00 -9.860054037011237e-01 1.527555798323511e+00
528 1.166713358483555e+00 -9.860054037011259e-01 1.527555798323516e+00
529 1.166713358406376e+00 -9.860054037141865e-01 1.527555798272999e+00
530 1.166713358405437e+00 -9.860054037143499e-01 1.527555798272388e+00
531 1.166713358482590e+00 -9.860054037012872e-01 1.527555798322884e+00
532 1.166713358482628e+00 -9.860054037013043e-01 1.527555798322924e+00
533 1.166713358444378e+00 9.860054037077752e-01 1.527555798297886e+00
534 1.166713358483545e+00 9.860054037011313e-01 1.527555798323513e+00
535 1.166713358444342e+00 -9.860054037077460e-01 1.527555798297840e+00
536 1.166713358405402e+00 9.860054037143335e-01 1.527555798272351e+00
537 1.166713358406364e+00 9.860054037141828e-01 1.527555798272988e+00
538 1.166713358482585e+00 9.860054037012875e-01 1.527555798322880e+00
539 1.166713358444599e+00 -9.860054037077057e-01 1.527555798298010e+00
540 1.159851340388247e+00 9.871410987916820e-01 1.523057018211748e+00
541 1.159851340388257e+00 -9.871410987917121e-01 1.523057018211776e+00
542 1.166713358444615e+00 -9.860054037077169e-01 1.527555798298029e+00
543 1.166713358444355e+00 -9.860054037077474e-01 1.527555798297850e+00
544 1.196143514590524e+00 9.805751995235947e-01 1.546701984681506e+00
545 1.196143514583492e+00 9.805751995250045e-01 1.546701984676961e+00
546 1.196143514541389e+00 9.805751995334280e-01 1.546701984649742e+00
547 1.196143514548405e+00 9.805751995320199e-01 1.546701984654274e+00
548 1.196143514590503e+00 -9.805751995235938e-01 1.546701984681489e+00
549 1.196143514541364e+00 -9.805751995334252e-01 1.546701984649720e+00
550 1.196143514548391e+00 -9.805751995320107e-01 1.546701984654258e+00
551 1.196143514590484e+00 9.805751995235844e-01 1.546701984681468e+00
552 1.196143514583458e+00 9.805751995249949e-01 1.546701984676929e+00
553 1.196143514583477e+00 -9.805751995249932e-01 1.546701984676943e+00
554 1.196143514583457e+00 -9.805751995249758e-01 1.546701984676916e+00
555 1.196143514541352e+00 -9.805751995334211e-01 1.546701984649709e+00
556 1.196143514590490e+00 -9.805751995235841e-01 1.546701984681473e+00
557 1.196143514548371e+00 -9.805751995319963e-01 1.546701984654233e+00
558 1.196143514541366e+00 9.805751995334342e-01 1.546701984649727e+00
559 1.196143514548385e+00 9.805751995320212e-01 1.546701984654259e+00
560 1.226738420822510e+00 9.739556913204426e-01 1.566357826863832e+00
561 1.226738420822383e+00 9.739556913204590e-01 1.566357826863743e+00
562 1.226738420822495e+00 -9.739556913204153e-01 1.566357826863803e+00
563 1.226738420822371e+00 -9.739556913204395e-01 1.566357826863721e+00
564 1.226738420822330e+00 9.739556913204457e-01 1.566357826863693e+00
565 1.226738420822475e+00 9.739556913204345e-01 1.566357826863799e+00
566 1.226738420822369e+00 -9.739556913204821e-01 1.566357826863746e+00
567 1.226738420822493e+00 -9.739556913204674e-01 1.566357826863835e+00
568 1.254235411711972e+00 9.671423656972791e-01 1.583815274430332e+00
569 1.254235411715010e+00 9.671423656964850e-01 1.583815274432254e+00
570 1.254235411711981e+00 9.671423656972875e-01 1.583815274430345e+00
571 1.254235411715001e+00 9.671423656964825e-01 1.583815274432245e+00
572 1.241509137595894e+00 9.703985452240630e-01 1.575759586773020e+00
573 1.241509137591439e+00 9.703985452251529e-01 1.575759586770181e+00
574 1.241509137582563e+00 9.703985452273737e-01 1.575759586764555e+00
575 1.241509137587029e+00 9.703985452262445e-01 1.575759586767379e+00
576 1.241509137587033e+00 9.703985452262562e-01 1.575759586767389e+00
577 1.241509137595879e+00 9.703985452240413e-01 1.575759586772995e+00
578 1.241509137591442e+00 9.703985452251624e-01 1.575759586770189e+00
579 1.241509137582573e+00 9.703985452273712e-01 1.575759586764562e+00
580 1.231348164916955e+00 9.728710226671523e-01 1.569298037337007e+00
581 1.231348164919714e+00 9.728710226665038e-01 1.569298037338770e+00
582 1.231348164843395e+00 9.728710226846452e-01 1.569298037290134e+00
583 1.231348164840643e+00 9.728710226853111e-01 1.569298037288387e+00
584 1.254235411711987e+00 -9.671423656972671e-01 1.583815274430337e+00
585 1.254235411715017e+00 -9.671423656964627e-01 1.583815274432245e+00
586 1.231348164916959e+00 9.728710226671797e-01 1.569298037337027e+00
587 1.231348164843389e+00 9.728710226846513e-01 1.569298037290132e+00
588 1.231348164840638e+00 9.728710226853120e-01 1.569298037288383e+00
589 1.254235411715036e+00 -9.671423656964943e-01 1.583815274432280e+00
590 1.254235411712000e+00 -9.671423656972933e-01 1.583815274430364e+00
591 1.231348164919724e+00 9.728710226665249e-01 1.569298037338791e+00
592 1.231348164880060e+00 9.728710226759554e-01 1.569298037313515e+00
593 1.231348164880317e+00 9.728710226758964e-01 1.569298037313680e+00
594 1.231348164840622e+00 -9.728710226853017e-01 1.569298037288364e+00
595 1.231348164843378e+00 -9.728710226846375e-01 1.569298037290115e+00
596 1.231348164916940e+00 -9.728710226671458e-01 1.569298037336992e+00
597 1.231348164919692e+00 -9.728710226664919e-01 1.569298037338746e+00
598 1.241509137582611e+00 -9.703985452273967e-01 1.575759586764608e+00
599 1.241509137587041e+00 -9.703985452262550e-01 1.575759586767394e+00
600 1.241509137595933e+00 -9.703985452240719e-01 1.575759586773056e+00
601 1.241509137595884e+00 -9.703985452240541e-01 1.575759586773006e+00
602 1.241509137591460e+00 -9.703985452251677e-01 1.575759586770207e+00
603 1.241509137591428e+00 -9.703985452251516e-01 1.575759586770171e+00
604 1.231348164880284e+00 -9.728710226758773e-01 1.569298037313643e+00
605 1.241509137587023e+00 -9.703985452262603e-01 1.575759586767384e+00
606 1.231348164880032e+00 -9.728710226759396e-01 1.569298037313484e+00
607 1.241509137582576e+00 -9.703985452273718e-01 1.575759586764565e+00
608 1.231348164916949e+00 -9.728710226671652e-01 1.569298037337010e+00
609 1.231348164840641e+00 -9.728710226853234e-01 1.569298037288392e+00
610 1.231348164843395e+00 -9.728710226846659e-01 1.569298037290146e+00
611 1.231348164880314e+00 9.728710226758976e-01 1.569298037313679e+00
612 1.231348164919711e+00 -9.728710226665119e-01 1.569298037338773e+00
613 1.231348164880336e+00 -9.728710226759083e-01 1.569298037313703e+00
614 1.231348164880079e+00 -9.728710226759687e-01 1.569298037313538e+00
615 1.231348164880034e+00 9.728710226759314e-01 1.569298037313479e+00
616 1.301249516140569e+00 -9.535453470656998e-01 1.613226280521958e+00
617 1.301249516096003e+00 -9.535453470797767e-01 1.613226280494331e+00
618 1.282029400046420e+00 9.594057627604271e-01 1.601267872718772e+00
619 1.282029400053173e+00 9.594057627584412e-01 1.601267872722989e+00
620 1.282029400047073e+00 9.594057627602267e-01 1.601267872719175e+00
621 1.301249516095989e+00 9.535453470797632e-01 1.613226280494312e+00
622 1.301249516133012e+00 9.535453470680645e-01 1.613226280517260e+00
623 1.301249516140563e+00 9.535453470656909e-01 1.613226280521948e+00
624 1.301249516096028e+00 9.535453470797872e-01 1.613226280494357e+00
625 1.301249516103538e+00 9.535453470773811e-01 1.613226280498993e+00
626 1.301249516103549e+00 9.535453470773848e-01 1.613226280499004e+00
627 1.282029400053816e+00 9.594057627582396e-01 1.601267872723382e+00
628 1.282029400046433e+00 9.594057627604263e-01 1.601267872718782e+00
629 1.301249516133010e+00 9.535453470680610e-01 1.613226280517256e+00
630 1.301249516140603e+00 9.535453470657060e-01 1.613226280521989e+00
631 1.282029400046416e+00 -9.594057627604160e-01 1.601267872718762e+00
632 1.282029400053172e+00 -9.594057627584328e-01 1.601267872722982e+00
633 1.282029400047075e+00 -9.594057627602213e-01 1.601267872719173e+00
634 1.282029400053132e+00 9.594057627584222e-01 1.601267872722944e+00
635 1.282029400047057e+00 9.594057627602222e-01 1.601267872719159e+00
636 1.282029400053824e+00 -9.594057627582350e-01 1.601267872723386e+00
637 1.282029400046381e+00 -9.594057627603990e-01 1.601267872718723e+00
638 1.282029400047047e+00 -9.594057627602096e-01 1.601267872719144e+00
639 1.282029400053142e+00 -9.594057627584226e-01 1.601267872722953e+00
640 1.282029400053791e+00 -9.594057627582216e-01 1.601267872723352e+00
641 1.282029400053815e+00 9.594057627582591e-01 1.601267872723394e+00
642 1.284349568498180e+00 9.587206698490296e-01 1.602716174778689e+00
643 1.284349568506545e+00 9.587206698465430e-01 1.602716174783905e+00
644 1.284349568524329e+00 9.587206698412443e-01 1.602716174794987e+00
645 1.284349568550333e+00 9.587206698335591e-01 1.602716174811228e+00
646 1.284349568524151e+00 9.587206698412943e-01 1.602716174794874e+00
647 1.284349568541970e+00 9.587206698360448e-01 1.602716174806013e+00
648 1.284349568541956e+00 9.587206698360289e-01 1.602716174805992e+00
649 1.284349568524353e+00 9.587206698412786e-01 1.602716174795026e+00
650 1.284487622370393e+00 9.586797133495666e-01 1.602802309959264e+00
651 1.284487622375795e+00 9.586797133479719e-01 1.602802309962639e+00
652 1.284487622400522e+00 9.586797133406260e-01 1.602802309978062e+00
653 1.284487622370412e+00 9.586797133495821e-01 1.602802309959288e+00
654 1.284487622400534e+00 9.586797133406384e-01 1.602802309978079e+00
655 1.284487622375819e+00 9.586797133479963e-01 1.602802309962673e+00
656 1.284487622395134e+00 9.586797133422336e-01 1.602802309974705e+00
657 1.284487622385484e+00 9.586797133451093e-01 1.602802309968692e+00
658 1.284487622385466e+00 9.586797133451116e-01 1.602802309968679e+00
659 1.284487622395156e+00 9.586797133422602e-01 1.602802309974739e+00
660 1.284349568524153e+00 9.587206698413175e-01 1.602716174794889e+00
661 1.284487622385523e+00 9.586797133451525e-01 1.602802309968749e+00
662 1.284487622370412e+00 -9.586797133495910e-01 1.602802309959293e+00
663 1.284487622375809e+00 -9.586797133479896e-01 1.602802309962661e+00
664 1.284487622385460e+00 -9.586797133451084e-01 1.602802309968672e+00
665 1.284487622385475e+00 -9.586797133451050e-01 1.602802309968682e+00
666 1.284349568498176e+00 -9.587206698490314e-01 1.602716174778687e+00
667 1.284349568541962e+00 -9.587206698360443e-01 1.602716174806006e+00
668 1.284349568506547e+00 -9.587206698465474e-01 1.602716174783909e+00
669 1.284349568550327e+00 -9.587206698335595e-01 1.602716174811224e+00
670 1.284349568550336e+00 -9.587206698335610e-01 1.602716174811231e+00
671 1.284349568524339e+00 -9.587206698412635e-01 1.602716174795006e+00
672 1.284349568524160e+00 -9.587206698413177e-01 1.602716174794895e+00
673 1.284487622395147e+00 -9.586797133422456e-01 1.602802309974723e+00
674 1.284487622370400e+00 -9.586797133495846e-01 1.602802309959281e+00
675 1.284487622400535e+00 -9.586797133406466e-01 1.602802309978085e+00
676 1.284487622375799e+00 -9.586797133479946e-01 1.602802309962656e+00
677 1.284349568541970e+00 -9.587206698360407e-01 1.602716174806011e+00
678 1.284487622400524e+00 -9.586797133406380e-01 1.602802309978071e+00
679 1.284349568498178e+00 -9.587206698490202e-01 1.602716174778682e+00
680 1.284349568506554e+00 -9.587206698465401e-01 1.602716174783910e+00
681 1.284349568524323e+00 -9.587206698412738e-01 1.602716174795000e+00
682 1.284349568524129e+00 -9.587206698413079e-01 1.602716174794864e+00
683 1.284487622395149e+00 -9.586797133422440e-01 1.602802309974724e+00
684 1.284487622385469e+00 -9.586797133451070e-01 1.602802309968678e+00
685 1.284487622385474e+00 -9.586797133450887e-01 1.602802309968672e+00
686 1.284487622385443e+00 9.586797133451169e-01 1.602802309968664e+00
687 1.301249516133016e+00 -9.535453470680855e-01 1.613226280517276e+00
688 1.301249516103546e+00 -9.535453470773940e-01 1.613226280499007e+00
689 1.301249516140561e+00 -9.535453470656907e-01 1.613226280521946e+00
690 1.301249516095992e+00 -9.535453470797628e-01 1.613226280494314e+00
691 1.301249516103544e+00 -9.535453470773814e-01 1.613226280498998e+00
692 1.301249516133004e+00 -9.535453470680644e-01 1.613226280517253e+00
693 1.319589177264613e+00 -9.475562034922835e-01 1.624554817644086e+00
694 1.319589177262400e+00 -9.475562034930304e-01 1.624554817642724e+00
695 1.314229633342408e+00 -9.493470059275069e-01 1.621252376041078e+00
696 1.314229633342417e+00 9.493470059275034e-01 1.621252376041084e+00
697 1.314229633342355e+00 -9.493470059274829e-01 1.621252376041021e+00
698 1.319589177262406e+00 -9.475562034930513e-01 1.624554817642740e+00
699 1.319589177264616e+00 -9.475562034923051e-01 1.624554817644101e+00
700 1.314229633342378e+00 -9.493470059274909e-01 1.621252376041045e+00
701 1.314229633342388e+00 9.493470059274801e-01 1.621252376041046e+00
702 1.319589177264603e+00 9.475562034922866e-01 1.624554817644079e+00
703 1.319589177262390e+00 9.475562034930335e-01 1.624554817642717e+00
704 1.284349568498174e+00 9.587206698490194e-01 1.602716174778678e+00
705 1.284349568506541e+00 9.587206698465340e-01 1.602716174783896e+00
706 1.284349568550307e+00 9.587206698335434e-01 1.602716174811198e+00
707 1.319589177264627e+00 9.475562034923011e-01 1.624554817644107e+00
708 1.319589177262421e+00 9.475562034930454e-01 1.624554817642750e+00
709 1.314229633342350e+00 9.493470059274570e-01 1.621252376041002e+00
710 1.314229633342357e+00 9.493470059274820e-01 1.621252376041022e+00
711 1.314229633342367e+00 -9.493470059275010e-01 1.621252376041041e+00
712 1.328390590992362e+00 9.445420158164382e-01 1.629963552316314e+00
713 1.328390590917941e+00 -9.445420158423339e-01 1.629963552270669e+00
714 1.328390590992368e+00 -9.445420158164556e-01 1.629963552316329e+00
715 1.328390590921823e+00 -9.445420158409782e-01 1.629963552273046e+00
716 1.328390590988479e+00 -9.445420158178053e-01 1.629963552313942e+00
717 1.328390590955169e+00 -9.445420158293995e-01 1.629963552293514e+00
718 1.328390590921831e+00 9.445420158409714e-01 1.629963552273049e+00
719 1.328390590917938e+00 9.445420158423175e-01 1.629963552270657e+00
720 1.328390590992369e+00 9.445420158164527e-01 1.629963552316328e+00
721 1.328390590988484e+00 9.445420158177944e-01 1.629963552313940e+00
722 1.328390590955146e+00 9.445420158293731e-01 1.629963552293479e+00
723 1.328390590955153e+00 9.445420158294098e-01 1.629963552293506e+00
724 1.328390590955151e+00 9.445420158294107e-01 1.629963552293505e+00
725 1.328390590955165e+00 -9.445420158293897e-01 1.629963552293504e+00
726 1.328390590988489e+00 9.445420158177967e-01 1.629963552313945e+00
727 1.328390590917960e+00 9.445420158423334e-01 1.629963552270683e+00
728 1.328390590921826e+00 9.445420158409827e-01 1.629963552273052e+00
729 1.328390590917938e+00 -9.445420158423167e-01 1.629963552270655e+00
730 1.328390590921823e+00 -9.445420158409650e-01 1.629963552273039e+00
731 1.328390590988486e+00 -9.445420158177869e-01 1.629963552313937e+00
732 1.328390590992371e+00 -9.445420158164536e-01 1.629963552316330e+00
733 1.328390590955174e+00 9.445420158294007e-01 1.629963552293518e+00
734 1.328390590955140e+00 -9.445420158293830e-01 1.629963552293480e+00
735 1.328390590955117e+00 -9.445420158293668e-01 1.629963552293452e+00
736 1.360838218862816e+00 9.326284253691048e-01 1.649750416797698e+00
737 1.360838218867343e+00 9.326284253673534e-01 1.649750416800442e+00
738 1.360838218862801e+00 9.326284253690897e-01 1.649750416797677e+00
739 1.360838218867330e+00 9.326284253673355e-01 1.649750416800420e+00
740 1.360838218862788e+00 -9.326284253690975e-01 1.649750416797671e+00
741 1.360838218867318e+00 -9.326284253673468e-01 1.649750416800418e+00
742 1.360838218862834e+00 -9.326284253691273e-01 1.649750416797725e+00
743 1.360838218867354e+00 -9.326284253673595e-01 1.649750416800454e+00
744 1.357648250493167e+00 9.338563748354569e-01 1.647815675640931e+00
745 1.357648250519041e+00 9.338563748255478e-01 1.647815675656634e+00
746 1.357648250514446e+00 9.338563748273041e-01 1.647815675653843e+00
747 1.357648250506122e+00 9.338563748305005e-01 1.647815675648796e+00
748 1.357648250497758e+00 9.338563748336943e-01 1.647815675643715e+00
749 1.357648250493179e+00 -9.338563748354634e-01 1.647815675640945e+00
750 1.357648250506142e+00 -9.338563748305400e-01 1.647815675648835e+00
751 1.357648250519057e+00 -9.338563748255584e-01 1.647815675656652e+00
752 1.357648250506108e+00 9.338563748305195e-01 1.647815675648795e+00
753 1.357648250514454e+00 -9.338563748273180e-01 1.647815675653857e+00
754 1.357648250497768e+00 -9.338563748337090e-01 1.647815675643731e+00
755 1.357648250493186e+00 -9.338563748354685e-01 1.647815675640953e+00
756 1.357648250506103e+00 -9.338563748305115e-01 1.647815675648787e+00
757 1.357648250519041e+00 -9.338563748255484e-01 1.647815675656634e+00
758 1.357648250514423e+00 -9.338563748273063e-01 1.647815675653825e+00
759 1.357648250497775e+00 -9.338563748337150e-01 1.647815675643741e+00
760 1.357648250519039e+00 9.338563748255558e-01 1.647815675656636e+00
761 1.357648250493178e+00 9.338563748354700e-01 1.647815675640948e+00
762 1.357648250497793e+00 9.338563748336961e-01 1.647815675643745e+00
763 1.357648250514477e+00 9.338563748273419e-01 1.647815675653890e+00
764 1.357648250506096e+00 9.338563748305240e-01 1.647815675648788e+00
765 1.357648250506128e+00 9.338563748305100e-01 1.647815675648807e+00
766 1.375981832781549e+00 9.266270347572356e-01 1.658904357004302e+00
767 1.375981832784658e+00 9.266270347559750e-01 1.658904357006177e+00
768 1.375981832781529e+00 -9.266270347572276e-01 1.658904357004281e+00
769 1.375981832784637e+00 -9.266270347559650e-01 1.658904357006154e+00
770 1.357648250506121e+00 -9.338563748305214e-01 1.647815675648807e+00
771 1.375981832781543e+00 9.266270347572347e-01 1.658904357004296e+00
772 1.375981832784639e+00 9.266270347559645e-01 1.658904357006155e+00
773 1.375981832781540e+00 -9.266270347572392e-01 1.658904357004297e+00
774 1.375981832784650e+00 -9.266270347559847e-01 1.658904357006175e+00
775 1.357648250506142e+00 -9.338563748305218e-01 1.647815675648825e+00
776 1.391846852510933e+00 9.200304582968784e-01 1.668440500898535e+00
777 1.391846852512944e+00 9.200304582960213e-01 1.668440500899740e+00
778 1.391846852510912e+00 -9.200304582968658e-01 1.668440500898511e+00
779 1.391846852512922e+00 -9.200304582960056e-01 1.668440500899713e+00
780 1.391846852571502e+00 -9.200304582710573e-01 1.668440500934824e+00
781 1.391846852512944e+00 9.200304582960246e-01 1.668440500899742e+00
782 1.391846852510934e+00 9.200304582968836e-01 1.668440500898539e+00
783 1.391846852571520e+00 9.200304582710704e-01 1.668440500934847e+00
784 1.391846852573529e+00 9.200304582702123e-01 1.668440500936049e+00
785 1.391846852573537e+00 9.200304582702153e-01 1.668440500936058e+00
786 1.391846852512927e+00 -9.200304582960139e-01 1.668440500899722e+00
787 1.391846852510910e+00 -9.200304582968692e-01 1.668440500898511e+00
788 1.391846852573510e+00 -9.200304582702030e-01 1.668440500936029e+00
789 1.391846852571514e+00 -9.200304582710758e-01 1.668440500934845e+00
790 1.391846852571538e+00 9.200304582710795e-01 1.668440500934867e+00
791 1.391846852573524e+00 -9.200304582702160e-01 1.668440500936047e+00
792 1.392816138921734e+00 9.196170296031549e-01 1.669021353361597e+00
793 1.392816138937673e+00 9.196170295963479e-01 1.669021353371147e+00
794 1.392816138926520e+00 9.196170296011175e-01 1.669021353364469e+00
795 1.392816138932891e+00 9.196170295984014e-01 1.669021353368288e+00
796 1.392816138932882e+00 -9.196170295983865e-01 1.669021353368273e+00
797 1.392816138937693e+00 -9.196170295963602e-01 1.669021353371171e+00
798 1.392816138926511e+00 -9.196170296011043e-01 1.669021353364453e+00
799 1.392816138921762e+00 -9.196170296031710e-01 1.669021353361630e+00
800 1.392816138921734e+00 -9.196170296031512e-01 1.669021353361595e+00
801 1.392816138937678e+00 -9.196170295963453e-01 1.669021353371150e+00
802 1.392816138926514e+00 -9.196170296011006e-01 1.669021353364454e+00
803 1.392816138921724e+00 9.196170296031363e-01 1.669021353361579e+00
804 1.392816138937665e+00 9.196170295963403e-01 1.669021353371136e+00
805 1.392816138926515e+00 9.196170296011038e-01 1.669021353364457e+00
806 1.392816138932880e+00 -9.196170295983848e-01 1.669021353368270e+00
807 1.392816138932892e+00 9.196170295983880e-01 1.669021353368282e+00
808 1.413511643553538e+00 -9.104988306762662e-01 1.681375415284841e+00
809 1.413511643546637e+00 -9.104988306794231e-01 1.681375415280749e+00
810 1.413511643514714e+00 -9.104988306939120e-01 1.681375415261758e+00
811 1.413511643521665e+00 -9.104988306907701e-01 1.681375415265901e+00
812 1.413511643514738e+00 -9.104988306939235e-01 1.681375415261784e+00
813 1.413511643546652e+00 -9.104988306794314e-01 1.681375415280767e+00
814 1.413511643553567e+00 -9.104988306762666e-01 1.681375415284866e+00
815 1.413511643521703e+00 -9.104988306907743e-01 1.681375415265935e+00
816 1.428881758132619e+00 -9.033606353231658e-01 1.690492092905388e+00
817 1.428881758137123e+00 -9.033606353210266e-01 1.690492092908051e+00
818 1.413511643514716e+00 9.104988306939230e-01 1.681375415261766e+00
819 1.413511643553554e+00 9.104988306762842e-01 1.681375415284864e+00
820 1.413511643546632e+00 9.104988306794259e-01 1.681375415280746e+00
821 1.413511643521651e+00 9.104988306907710e-01 1.681375415265889e+00
822 1.419517170046815e+00 -9.077474010496447e-01 1.684943423432996e+00
823 1.419517170050887e+00 -9.077474010477495e-01 1.684943423435405e+00
824 1.419517170095129e+00 -9.077474010273048e-01 1.684943423461663e+00
825 1.413511643514753e+00 9.104988306939237e-01 1.681375415261797e+00
826 1.413511643553579e+00 9.104988306762853e-01 1.681375415284886e+00
827 1.413511643546637e+00 9.104988306794290e-01 1.681375415280753e+00
828 1.413511643521649e+00 9.104988306907730e-01 1.681375415265888e+00
829 1.428881758132627e+00 -9.033606353231751e-01 1.690492092905399e+00
830 1.428881758137142e+00 -9.033606353210381e-01 1.690492092908074e+00
831 1.419517170099217e+00 -9.077474010254254e-01 1.684943423464095e+00
832 1.419517170046802e+00 -9.077474010496411e-01 1.684943423432983e+00
833 1.419517170050875e+00 -9.077474010477485e-01 1.684943423435395e+00
834 1.419517170095140e+00 -9.077474010273061e-01 1.684943423461674e+00
835 1.419517170099224e+00 -9.077474010254251e-01 1.684943423464100e+00
836 1.419517170099233e+00 9.077474010254396e-01 1.684943423464116e+00
837 1.419517170095135e+00 9.077474010273215e-01 1.684943423461677e+00
838 1.419517170046821e+00 9.077474010496580e-01 1.684943423433008e+00
839 1.419517170050896e+00 9.077474010477679e-01 1.684943423435423e+00
840 1.428881758132617e+00 9.033606353231560e-01 1.690492092905381e+00
841 1.428881758137125e+00 9.033606353210130e-01 1.690492092908046e+00
842 1.419517170095139e+00 9.077474010273061e-01 1.684943423461672e+00
843 1.419517170099229e+00 9.077474010254309e-01 1.684943423464108e+00
844 1.417472709700782e+00 -9.086894609595020e-01 1.683729615824746e+00
845 1.417472709699004e+00 -9.086894609603156e-01 1.683729615823689e+00
846 1.417472709575815e+00 -9.086894610169147e-01 1.683729615750526e+00
847 1.417472709577589e+00 -9.086894610160970e-01 1.683729615751578e+00
848 1.419517170046817e+00 9.077474010496372e-01 1.684943423432993e+00
849 1.419517170050889e+00 9.077474010477473e-01 1.684943423435406e+00
850 1.428881758132651e+00 9.033606353231789e-01 1.690492092905422e+00
851 1.428881758137132e+00 9.033606353210293e-01 1.690492092908060e+00
852 1.417472709700784e+00 -9.086894609595049e-01 1.683729615824749e+00
853 1.417472709699003e+00 -9.086894609603140e-01 1.683729615823686e+00
854 1.417472709575806e+00 -9.086894610169121e-01 1.683729615750517e+00
855 1.417472709577582e+00 -9.086894610160929e-01 1.683729615751570e+00
856 1.417472709638797e+00 -9.086894609879943e-01 1.683729615787940e+00
857 1.417472709637839e+00 -9.086894609884330e-01 1.683729615787370e+00
858 1.417472709575837e+00 9.086894610169278e-01 1.683729615750551e+00
859 1.417472709577609e+00 9.086894610161083e-01 1.683729615751601e+00
860 1.417472709700788e+00 9.086894609595075e-01 1.683729615824755e+00
861 1.417472709699017e+00 9.086894609603241e-01 1.683729615823704e+00
862 1.417472709700815e+00 9.086894609595115e-01 1.683729615824779e+00
863 1.417472709699034e+00 9.086894609603197e-01 1.683729615823716e+00
864 1.417472709577612e+00 9.086894610160999e-01 1.683729615751599e+00
865 1.417472709575832e+00 9.086894610169136e-01 1.683729615750540e+00
866 1.417472709637825e+00 -9.086894609884231e-01 1.683729615787354e+00
867 1.417472709637813e+00 9.086894609884284e-01 1.683729615787346e+00
868 1.426503050804643e+00 9.044861235198869e-01 1.689084397416241e+00
869 1.426503050795773e+00 9.044861235240617e-01 1.689084397410985e+00
870 1.426503050850648e+00 9.044861234981803e-01 1.689084397443470e+00
871 1.426503050823242e+00 9.044861235111221e-01 1.689084397427255e+00
872 1.426503050823211e+00 9.044861235111324e-01 1.689084397427235e+00
873 1.426503050841805e+00 9.044861235023679e-01 1.689084397438244e+00
874 1.417472709638762e+00 9.086894609879861e-01 1.683729615787907e+00
875 1.417472709638767e+00 -9.086894609879816e-01 1.683729615787908e+00
876 1.417472709637813e+00 9.086894609884232e-01 1.683729615787343e+00
877 1.417472709638766e+00 9.086894609879903e-01 1.683729615787912e+00
878 1.426503050804627e+00 9.044861235198876e-01 1.689084397416228e+00
879 1.426503050795784e+00 9.044861235240732e-01 1.689084397411001e+00
880 1.441468876739157e+00 8.972765631154833e-01 1.697921598108694e+00
881 1.441468876738858e+00 8.972765631156486e-01 1.697921598108527e+00
882 1.426503050850653e+00 9.044861234981745e-01 1.689084397443471e+00
883 1.426503050841791e+00 9.044861235023611e-01 1.689084397438229e+00
884 1.426503050823193e+00 9.044861235111392e-01 1.689084397427223e+00
885 1.426503050823203e+00 9.044861235111167e-01 1.689084397427219e+00
886 1.448552988052033e+00 -8.937562401897929e-01 1.702088709812936e+00
887 1.441468876739193e+00 8.972765631154958e-01 1.697921598108731e+00
888 1.441468876738885e+00 8.972765631156564e-01 1.697921598108555e+00
889 1.448552988052048e+00 -8.937562401898013e-01 1.702088709812954e+00
890 1.448552988052053e+00 8.937562401898070e-01 1.702088709812961e+00
891 1.448552988052079e+00 8.937562401898260e-01 1.702088709812994e+00
892 1.441468876739170e+00 -8.972765631154815e-01 1.697921598108704e+00
893 1.441468876738846e+00 -8.972765631156383e-01 1.697921598108511e+00
894 1.426503050795766e+00 -9.044861235240516e-01 1.689084397410974e+00
895 1.426503050850636e+00 -9.044861234981746e-01 1.689084397443458e+00
896 1.426503050804627e+00 -9.044861235198809e-01 1.689084397416224e+00
897 1.426503050841784e+00 -9.044861235023576e-01 1.689084397438222e+00
898 1.426503050804636e+00 -9.044861235198840e-01 1.689084397416234e+00
899 1.434013322810053e+00 9.009064522428147e-01 1.693524917351222e+00
900 1.434013322780861e+00 9.009064522568782e-01 1.693524917333985e+00
901 1.434013322780705e+00 9.009064522569566e-01 1.693524917333895e+00
902 1.426503050850653e+00 -9.044861234981916e-01 1.689084397443481e+00
903 1.426503050795779e+00 -9.044861235240571e-01 1.689084397410988e+00
904 1.426503050823214e+00 -9.044861235111019e-01 1.689084397427221e+00
905 1.434013322747296e+00 9.009064522730461e-01 1.693524917314164e+00
906 1.434013322814253e+00 9.009064522407882e-01 1.693524917353701e+00
907 1.434013322751499e+00 9.009064522710248e-01 1.693524917316648e+00
908 1.434013322810082e+00 9.009064522428184e-01 1.693524917351249e+00
909 1.434013322814286e+00 9.009064522407945e-01 1.693524917353732e+00
910 1.426503050841793e+00 -9.044861235023740e-01 1.689084397438237e+00
911 1.434013322747358e+00 9.009064522730695e-01 1.693524917314229e+00
912 1.441468876739193e+00 -8.972765631154884e-01 1.697921598108727e+00
913 1.441468876738880e+00 -8.972765631156572e-01 1.697921598108551e+00
914 1.448552988052042e+00 8.937562401897904e-01 1.702088709812944e+00
915 1.434013322780695e+00 9.009064522569541e-01 1.693524917333885e+00
916 1.434013322780851e+00 9.009064522568766e-01 1.693524917333975e+00
917 1.426503050823181e+00 -9.044861235111190e-01 1.689084397427202e+00
918 1.426503050823224e+00 -9.044861235110983e-01 1.689084397427227e+00
919 1.426503050823187e+00 -9.044861235111334e-01 1.689084397427215e+00
920 1.434013322751507e+00 9.009064522710276e-01 1.693524917316656e+00
921 1.434013322747289e+00 -9.009064522730363e-01 1.693524917314153e+00
922 1.434013322814256e+00 -9.009064522407835e-01 1.693524917353700e+00
923 1.434013322810055e+00 -9.009064522428036e-01 1.693524917351218e+00
924 1.434013322810058e+00 -9.009064522427985e-01 1.693524917351218e+00
925 1.434013322747286e+00 -9.009064522730332e-01 1.693524917314149e+00
926 1.434013322780859e+00 -9.009064522568809e-01 1.693524917333984e+00
927 1.434013322814255e+00 -9.009064522407833e-01 1.693524917353699e+00
928 1.434013322751494e+00 -9.009064522710094e-01 1.693524917316636e+00
929 1.434013322751496e+00 -9.009064522710124e-01 1.693524917316638e+00
930 1.448552988052089e+00 8.937562401898376e-01 1.702088709813008e+00
931 1.434013322780704e+00 -9.009064522569621e-01 1.693524917333897e+00
932 1.434013322780866e+00 -9.009064522568913e-01 1.693524917333996e+00
933 1.434013322780706e+00 -9.009064522569566e-01 1.693524917333896e+00
934 1.441953449574719e+00 8.970379860287123e-01 1.698206965925791e+00
935 1.441953449671661e+00 8.970379859809393e-01 1.698206965982870e+00
936 1.441953449668283e+00 8.970379859826216e-01 1.698206965980890e+00
937 1.441953449671651e+00 8.970379859809392e-01 1.698206965982861e+00
938 1.441953449574711e+00 8.970379860287179e-01 1.698206965925787e+00
939 1.441953449620470e+00 8.970379860061435e-01 1.698206965952716e+00
940 1.441953449622485e+00 8.970379860051602e-01 1.698206965953908e+00
941 1.441953449571316e+00 8.970379860303789e-01 1.698206965923782e+00
942 1.441953449671656e+00 -8.970379859809461e-01 1.698206965982869e+00
943 1.441953449668264e+00 -8.970379859826177e-01 1.698206965980872e+00
944 1.441953449671650e+00 -8.970379859809401e-01 1.698206965982860e+00
945 1.441953449668266e+00 -8.970379859826096e-01 1.698206965980869e+00
946 1.441953449622490e+00 -8.970379860051777e-01 1.698206965953922e+00
947 1.441953449571301e+00 -8.970379860303830e-01 1.698206965923771e+00
948 1.441953449622483e+00 -8.970379860051749e-01 1.698206965953915e+00
949 1.441953449574702e+00 -8.970379860287100e-01 1.698206965925775e+00
950 1.441953449620474e+00 8.970379860061612e-01 1.698206965952730e+00
951 1.441953449571310e+00 8.970379860303819e-01 1.698206965923779e+00
952 1.441953449620480e+00 -8.970379860061654e-01 1.698206965952737e+00
953 1.441953449571310e+00 -8.970379860303735e-01 1.698206965923774e+00
954 1.441953449574697e+00 -8.970379860287102e-01 1.698206965925771e+00
955 1.441953449622481e+00 8.970379860051771e-01 1.698206965953914e+00
956 1.441953449668252e+00 8.970379859826026e-01 1.698206965980854e+00
957 1.441953449620456e+00 -8.970379860061543e-01 1.698206965952710e+00
958 1.449563775229488e+00 8.932482365381660e-01 1.702682457340801e+00
959 1.449563775229477e+00 -8.932482365381613e-01 1.702682457340789e+00
960 1.449563775266090e+00 -8.932482365197365e-01 1.702682457362293e+00
961 1.449563775247755e+00 -8.932482365289662e-01 1.702682457351526e+00
962 1.449563775247816e+00 -8.932482365289356e-01 1.702682457351562e+00
963 1.449563775229488e+00 8.932482365381738e-01 1.702682457340805e+00
964 1.449563775235938e+00 8.932482365349247e-01 1.702682457344592e+00
965 1.449563775247829e+00 8.932482365289379e-01 1.702682457351574e+00
966 1.449563775266097e+00 8.932482365197404e-01 1.702682457362302e+00
967 1.449563775247766e+00 8.932482365289680e-01 1.702682457351537e+00
968 1.449563775266113e+00 8.932482365197519e-01 1.702682457362321e+00
969 1.449563775247846e+00 8.932482365289653e-01 1.702682457351604e+00
970 1.449563775247789e+00 8.932482365289933e-01 1.702682457351569e+00
971 1.449563775266114e+00 -8.932482365197407e-01 1.702682457362316e+00
972 1.449563775235926e+00 8.932482365349140e-01 1.702682457344576e+00
973 1.449563775229461e+00 -8.932482365381550e-01 1.702682457340772e+00
974 1.449563775235921e+00 -8.932482365349191e-01 1.702682457344574e+00
975 1.449563775259648e+00 -8.932482365229854e-01 1.702682457358513e+00
976 1.449563775247758e+00 -8.932482365289482e-01 1.702682457351520e+00
977 1.449563775247832e+00 -8.932482365289284e-01 1.702682457351572e+00
978 1.449563775235902e+00 -8.932482365349057e-01 1.702682457344551e+00
979 1.449563775259661e+00 8.932482365229868e-01 1.702682457358526e+00
980 1.449563775259631e+00 -8.932482365229756e-01 1.702682457358494e+00
981 1.449563775259670e+00 8.932482365229943e-01 1.702682457358537e+00
982 1.448552988052059e+00 -8.937562401898217e-01 1.702088709812974e+00
983 1.448552988052050e+00 -8.937562401898033e-01 1.702088709812957e+00
984 1.467775691388022e+00 8.838472167499460e-01 1.713345085727394e+00
985 1.467775691387995e+00 8.838472167499352e-01 1.713345085727366e+00
986 1.467775691388024e+00 8.838472167499487e-01 1.713345085727397e+00
987 1.467775691388037e+00 8.838472167499636e-01 1.713345085727416e+00
988 1.472387790064781e+00 8.813908190544872e-01 1.716034842375116e+00
989 1.472387790064862e+00 8.813908190545391e-01 1.716034842375212e+00
990 1.472387790064803e+00 -8.813908190545066e-01 1.716034842375145e+00
991 1.467775691388016e+00 -8.838472167499378e-01 1.713345085727385e+00
992 1.472387790064814e+00 8.813908190544953e-01 1.716034842375148e+00
993 1.472931473245983e+00 8.810992120949699e-01 1.716351638340162e+00
994 1.472931473241878e+00 8.810992120971732e-01 1.716351638337771e+00
995 1.472931473209262e+00 8.810992121146750e-01 1.716351638318765e+00
996 1.472931473241880e+00 8.810992120971609e-01 1.716351638337765e+00
997 1.472931473245982e+00 8.810992120949558e-01 1.716351638340154e+00
998 1.467775691388025e+00 -8.838472167499523e-01 1.713345085727400e+00
999 1.472387790064821e+00 -8.813908190545162e-01 1.716034842375165e+00
1000 1.467775691388030e+00 -8.838472167499680e-01 1.713345085727413e+00
1001 1.472931473209232e+00 8.810992121146672e-01 1.716351638318735e+00
1002 1.472931473205158e+00 8.810992121168789e-01 1.716351638316374e+00
1003 1.467775691388075e+00 -8.838472167499702e-01 1.713345085727452e+00
1004 1.472387790064819e+00 8.813908190545118e-01 1.716034842375161e+00
1005 1.472931473205159e+00 8.810992121168766e-01 1.716351638316374e+00
1006 1.472931473205172e+00 -8.810992121168728e-01 1.716351638316383e+00
1007 1.472931473245994e+00 -8.810992120949623e-01 1.716351638340168e+00
1008 1.472931473241898e+00 -8.810992120971730e-01 1.716351638337788e+00
1009 1.472931473209287e+00 -8.810992121146781e-01 1.716351638318788e+00
1010 1.472387790064782e+00 -8.813908190545009e-01 1.716034842375124e+00
1011 1.472387790064789e+00 -8.813908190545012e-01 1.716034842375130e+00
1012 1.472931473241870e+00 -8.810992120971666e-01 1.716351638337761e+00
1013 1.472931473245982e+00 -8.810992120949657e-01 1.716351638340159e+00
1014 1.472931473205176e+00 -8.810992121168876e-01 1.716351638316394e+00
1015 1.472931473209305e+00 -8.810992121146975e-01 1.716351638318813e+00
1016 1.477796025009893e+00 8.784708069196783e-01 1.719183541727046e+00
1017 1.477796025000510e+00 8.784708069247725e-01 1.719183541721584e+00
1018 1.493017860315625e+00 8.700191890964228e-01 1.728014965391632e+00
1019 1.477796024999461e+00 8.784708069253486e-01 1.719183541720976e+00
1020 1.493017860312657e+00 8.700191890981016e-01 1.728014965389914e+00
1021 1.477796025008828e+00 8.784708069202471e-01 1.719183541726422e+00
1022 1.477796025009903e+00 8.784708069196864e-01 1.719183541727059e+00
1023 1.477796025000525e+00 8.784708069247824e-01 1.719183541721602e+00
1024 1.493017860315584e+00 8.700191890964128e-01 1.728014965391592e+00
1025 1.493017860315600e+00 -8.700191890964001e-01 1.728014965391599e+00
1026 1.493017860312633e+00 -8.700191890980805e-01 1.728014965389882e+00
1027 1.477796025009905e+00 -8.784708069196845e-01 1.719183541727060e+00
1028 1.477796024999457e+00 8.784708069253365e-01 1.719183541720967e+00
1029 1.477796024999483e+00 -8.784708069253577e-01 1.719183541721000e+00
1030 1.477796025008849e+00 -8.784708069202560e-01 1.719183541726444e+00
1031 1.477796025000529e+00 -8.784708069247813e-01 1.719183541721605e+00
1032 1.477796025009904e+00 -8.784708069196687e-01 1.719183541727051e+00
1033 1.477796025008826e+00 8.784708069202350e-01 1.719183541726414e+00
1034 1.477796025000529e+00 -8.784708069247711e-01 1.719183541721600e+00
1035 1.477796025008827e+00 -8.784708069202383e-01 1.719183541726416e+00
1036 1.477796024999466e+00 -8.784708069253436e-01 1.719183541720978e+00
1037 1.493017860312637e+00 8.700191890980857e-01 1.728014965389888e+00
1038 1.493017860312670e+00 -8.700191890981146e-01 1.728014965389931e+00
1039 1.490889370319755e+00 -8.712219155794638e-01 1.726782771722716e+00
1040 1.490889370316598e+00 -8.712219155812311e-01 1.726782771720881e+00
1041 1.490889370316611e+00 8.712219155812294e-01 1.726782771720892e+00
1042 1.490889370319742e+00 8.712219155794538e-01 1.726782771722699e+00
1043 1.490889370316596e+00 8.712219155812331e-01 1.726782771720882e+00
1044 1.490889370319736e+00 8.712219155794642e-01 1.726782771722700e+00
1045 1.490889370244951e+00 8.712219156215938e-01 1.726782771679387e+00
1046 1.490889370248103e+00 8.712219156198311e-01 1.726782771681219e+00
1047 1.490889370244940e+00 8.712219156215996e-01 1.726782771679380e+00
1048 1.490889370319751e+00 -8.712219155794556e-01 1.726782771722709e+00
1049 1.490889370316608e+00 -8.712219155812186e-01 1.726782771720884e+00
1050 1.490889370244964e+00 -8.712219156216032e-01 1.726782771679404e+00
1051 1.490889370283417e+00 -8.712219155999552e-01 1.726782771701681e+00
1052 1.490889370244953e+00 -8.712219156216028e-01 1.726782771679393e+00
1053 1.490889370248093e+00 8.712219156198335e-01 1.726782771681212e+00
1054 1.490889370283374e+00 8.712219155999332e-01 1.726782771701633e+00
1055 1.490889370281283e+00 8.712219156011118e-01 1.726782771700422e+00
1056 1.490889370281327e+00 -8.712219156011312e-01 1.726782771700470e+00
1057 1.490889370248098e+00 -8.712219156198352e-01 1.726782771681217e+00
1058 1.490889370281284e+00 8.712219156011054e-01 1.726782771700420e+00
1059 1.490889370283370e+00 8.712219155999230e-01 1.726782771701624e+00
1060 1.490889370248100e+00 -8.712219156198344e-01 1.726782771681218e+00
1061 1.490889370281307e+00 -8.712219156011225e-01 1.726782771700448e+00
1062 1.490889370283400e+00 -8.712219155999449e-01 1.726782771701661e+00
1063 1.493017860315626e+00 -8.700191890964470e-01 1.728014965391645e+00
1064 1.509488523749323e+00 8.604774513731692e-01 1.737520373305756e+00
1065 1.509488523753198e+00 8.604774513708755e-01 1.737520373307987e+00
1066 1.510712146378643e+00 8.597517686177764e-01 1.738224465613507e+00
1067 1.509488523749324e+00 -8.604774513731508e-01 1.737520373305748e+00
1068 1.509488523753200e+00 -8.604774513708565e-01 1.737520373307979e+00
1069 1.510712146378642e+00 8.597517686177676e-01 1.738224465613501e+00
1070 1.510712146378640e+00 -8.597517686177762e-01 1.738224465613504e+00
1071 1.509488523753177e+00 8.604774513708451e-01 1.737520373307954e+00
1072 1.509488523749312e+00 8.604774513731506e-01 1.737520373305738e+00
1073 1.509488523749330e+00 -8.604774513731446e-01 1.737520373305750e+00
1074 1.509488523753160e+00 -8.604774513708372e-01 1.737520373307935e+00
1075 1.510712146378602e+00 8.597517686177645e-01 1.738224465613466e+00
1076 1.510712146378602e+00 -8.597517686177472e-01 1.738224465613457e+00
1077 1.510712146378611e+00 -8.597517686177770e-01 1.738224465613479e+00
1078 1.510712146378606e+00 8.597517686177687e-01 1.738224465613471e+00
1079 1.510712146378615e+00 -8.597517686177694e-01 1.738224465613479e+00
1080 1.522164372668150e+00 8.528448675425337e-01 1.744800488741869e+00
1081 1.522164372674319e+00 8.528448675387412e-01 1.744800488745397e+00
1082 1.522164372702081e+00 8.528448675217613e-01 1.744800488761316e+00
1083 1.522164372695896e+00 8.528448675255285e-01 1.744800488757763e+00
1084 1.522164372668112e+00 -8.528448675425135e-01 1.744800488741826e+00
1085 1.522164372702038e+00 -8.528448675217397e-01 1.744800488761269e+00
1086 1.522164372674289e+00 -8.528448675387378e-01 1.744800488745369e+00
1087 1.522164372695867e+00 -8.528448675255241e-01 1.744800488757735e+00
1088 1.522164372668134e+00 -8.528448675425326e-01 1.744800488741854e+00
1089 1.522164372668141e+00 8.528448675425275e-01 1.744800488741858e+00
1090 1.522164372674318e+00 8.528448675387480e-01 1.744800488745400e+00
1091 1.522164372702074e+00 8.528448675217584e-01 1.744800488761309e+00
1092 1.522164372695892e+00 8.528448675255346e-01 1.744800488757762e+00
1093 1.522164372674314e+00 -8.528448675387553e-01 1.744800488745399e+00
1094 1.522164372702049e+00 -8.528448675217508e-01 1.744800488761284e+00
1095 1.522164372695881e+00 -8.528448675255195e-01 1.744800488757745e+00
1096 1.527541149589738e+00 8.495294789298948e-01 1.747879372056560e+00
1097 1.527541149584884e+00 8.495294789328860e-01 1.747879372053773e+00
1098 1.527541149573012e+00 8.495294789402805e-01 1.747879372046991e+00
1099 1.527541149577835e+00 8.495294789372630e-01 1.747879372049739e+00
1100 1.527541149573030e+00 8.495294789402799e-01 1.747879372047006e+00
1101 1.527541149577862e+00 8.495294789372749e-01 1.747879372049769e+00
1102 1.527541149589749e+00 8.495294789298853e-01 1.747879372056566e+00
1103 1.527541149584901e+00 8.495294789328870e-01 1.747879372053788e+00
1104 1.542422214488681e+00 -8.401060298026293e-01 1.756372520013594e+00
1105 1.542422214485064e+00 -8.401060298049333e-01 1.756372520011519e+00
1106 1.542422214459712e+00 -8.401060298213056e-01 1.756372519997087e+00
1107 1.542422214456135e+00 -8.401060298236405e-01 1.756372519995063e+00
1108 1.527541149573027e+00 -8.495294789402720e-01 1.747879372047000e+00
1109 1.527541149577867e+00 -8.495294789372586e-01 1.747879372049766e+00
1110 1.527541149584914e+00 -8.495294789328801e-01 1.747879372053796e+00
1111 1.527541149589752e+00 -8.495294789298854e-01 1.747879372056568e+00
1112 1.527541149584913e+00 -8.495294789328968e-01 1.747879372053804e+00
1113 1.527541149573016e+00 -8.495294789402692e-01 1.747879372046989e+00
1114 1.527541149577874e+00 -8.495294789372773e-01 1.747879372049781e+00
1115 1.527541149589742e+00 -8.495294789298862e-01 1.747879372056560e+00
1116 1.527713782235173e+00 8.494222531151694e-01 1.747978136167198e+00
1117 1.527713782254602e+00 8.494222531030986e-01 1.747978136178312e+00
1118 1.527713782229410e+00 8.494222531187615e-01 1.747978136163906e+00
1119 1.527713782235195e+00 8.494222531151632e-01 1.747978136167213e+00
1120 1.527713782260389e+00 8.494222530995226e-01 1.747978136181632e+00
1121 1.527713782254616e+00 8.494222531030989e-01 1.747978136178325e+00
1122 1.527713782260390e+00 8.494222530995182e-01 1.747978136181631e+00
1123 1.527713782229402e+00 8.494222531187637e-01 1.747978136163900e+00
1124 1.527713782244870e+00 8.494222531091361e-01 1.747978136172740e+00
1125 1.527713782244923e+00 8.494222531091563e-01 1.747978136172797e+00
1126 1.537604910589253e+00 8.431968691823051e-01 1.753627617616416e+00
1127 1.537604910585145e+00 8.431968691849144e-01 1.753627617614069e+00
1128 1.537604910529541e+00 8.431968692203684e-01 1.753627617582362e+00
1129 1.537604910533645e+00 8.431968692177508e-01 1.753627617584701e+00
1130 1.527713782244879e+00 8.494222531091229e-01 1.747978136172742e+00
1131 1.527713782260402e+00 -8.494222530995190e-01 1.747978136181642e+00
1132 1.527713782229432e+00 -8.494222531187667e-01 1.747978136163927e+00
1133 1.537604910559260e+00 8.431968692013916e-01 1.753627617599295e+00
1134 1.537604910559464e+00 8.431968692012619e-01 1.753627617599411e+00
1135 1.537604910559282e+00 8.431968692014058e-01 1.753627617599321e+00
1136 1.527713782235198e+00 -8.494222531151751e-01 1.747978136167222e+00
1137 1.537604910559487e+00 8.431968692012572e-01 1.753627617599429e+00
1138 1.527713782260371e+00 -8.494222530995077e-01 1.747978136181610e+00
1139 1.527713782254626e+00 -8.494222531031010e-01 1.747978136178334e+00
1140 1.527713782229407e+00 -8.494222531187534e-01 1.747978136163899e+00
1141 1.527713782244913e+00 -8.494222531091545e-01 1.747978136172787e+00
1142 1.527713782235218e+00 -8.494222531151928e-01 1.747978136167248e+00
1143 1.542422214488696e+00 8.401060298026293e-01 1.756372520013607e+00
1144 1.542422214456147e+00 8.401060298236369e-01 1.756372519995071e+00
1145 1.542422214485110e+00 8.401060298049515e-01 1.756372520011569e+00
1146 1.542422214488711e+00 8.401060298026459e-01 1.756372520013628e+00
1147 1.542422214459750e+00 8.401060298213217e-01 1.756372519997129e+00
1148 1.542422214485075e+00 8.401060298049460e-01 1.756372520011535e+00
1149 1.527713782254623e+00 -8.494222531031085e-01 1.747978136178335e+00
1150 1.527713782244920e+00 -8.494222531091561e-01 1.747978136172794e+00
1151 1.542422214456154e+00 8.401060298236487e-01 1.756372519995083e+00
1152 1.527713782244962e+00 -8.494222531091520e-01 1.747978136172828e+00
1153 1.542422214459716e+00 8.401060298213182e-01 1.756372519997097e+00
1154 1.537604910533630e+00 -8.431968692177525e-01 1.753627617584689e+00
1155 1.537604910585132e+00 -8.431968691849181e-01 1.753627617614059e+00
1156 1.537604910559283e+00 -8.431968692014074e-01 1.753627617599323e+00
1157 1.537604910559499e+00 -8.431968692012706e-01 1.753627617599447e+00
1158 1.537604910559515e+00 -8.431968692012901e-01 1.753627617599470e+00
1159 1.537604910585126e+00 -8.431968691849216e-01 1.753627617614056e+00
1160 1.537604910589236e+00 -8.431968691823006e-01 1.753627617616399e+00
1161 1.537604910533645e+00 -8.431968692177605e-01 1.753627617584705e+00
1162 1.537604910529529e+00 -8.431968692203698e-01 1.753627617582352e+00
1163 1.537604910559306e+00 -8.431968692014226e-01 1.753627617599350e+00
1164 1.537604910529534e+00 -8.431968692203785e-01 1.753627617582360e+00
1165 1.537604910589268e+00 -8.431968691823234e-01 1.753627617616437e+00
1166 1.527713782244938e+00 8.494222531091623e-01 1.747978136172812e+00
1167 1.537604910529519e+00 8.431968692203771e-01 1.753627617582346e+00
1168 1.537604910533653e+00 8.431968692177537e-01 1.753627617584710e+00
1169 1.537604910589243e+00 8.431968691823031e-01 1.753627617616406e+00
1170 1.537604910585145e+00 8.431968691849188e-01 1.753627617614071e+00
1171 1.527713782244903e+00 -8.494222531091463e-01 1.747978136172774e+00
1172 1.542422214488696e+00 -8.401060298026297e-01 1.756372520013608e+00
1173 1.542422214485133e+00 -8.401060298049681e-01 1.756372520011596e+00
1174 1.542422214459775e+00 -8.401060298213364e-01 1.756372519997157e+00
1175 1.542422214456163e+00 -8.401060298236460e-01 1.756372519995090e+00
1176 1.553296101254410e+00 8.329846483712280e-01 1.762552751719587e+00
1177 1.553296101245595e+00 8.329846483770730e-01 1.762552751714581e+00
1178 1.553296101200535e+00 8.329846484070120e-01 1.762552751689020e+00
1179 1.553296101209333e+00 8.329846484011579e-01 1.762552751694007e+00
1180 1.553296101200537e+00 8.329846484070051e-01 1.762552751689019e+00
1181 1.553296101254414e+00 8.329846483712198e-01 1.762552751719587e+00
1182 1.553296101209346e+00 8.329846484011693e-01 1.762552751694024e+00
1183 1.553296101245612e+00 8.329846483770847e-01 1.762552751714601e+00
1184 1.553296101227444e+00 8.329846483891126e-01 1.762552751704275e+00
1185 1.553296101227469e+00 8.329846483890998e-01 1.762552751704291e+00
1186 1.563461025492930e+00 8.261426466537514e-01 1.768310507477538e+00
1187 1.563461025497603e+00 8.261426466505604e-01 1.768310507480179e+00
1188 1.563461025559698e+00 8.261426466082119e-01 1.768310507515296e+00
1189 1.563461025555022e+00 8.261426466113958e-01 1.768310507512649e+00
1190 1.553296101227454e+00 8.329846483891230e-01 1.762552751704289e+00
1191 1.553296101227463e+00 8.329846483890926e-01 1.762552751704282e+00
1192 1.563461025492950e+00 8.261426466537558e-01 1.768310507477558e+00
1193 1.563461025497622e+00 8.261426466505735e-01 1.768310507480202e+00
1194 1.563461025555045e+00 8.261426466114057e-01 1.768310507512674e+00
1195 1.563461025559714e+00 8.261426466082225e-01 1.768310507515315e+00
1196 1.556185046692939e+00 8.310584779827155e-01 1.764191059204658e+00
1197 1.556185046690347e+00 8.310584779844574e-01 1.764191059203192e+00
1198 1.556185046663266e+00 8.310584780025698e-01 1.764191059187836e+00
1199 1.556185046665147e+00 8.310584780013165e-01 1.764191059188905e+00
1200 1.556185046635470e+00 8.310584780211687e-01 1.764191059172078e+00
1201 1.556185046638098e+00 8.310584780194269e-01 1.764191059173576e+00
1202 1.556185046663263e+00 8.310584780025693e-01 1.764191059187833e+00
1203 1.556185046692948e+00 8.310584779827206e-01 1.764191059204668e+00
1204 1.556185046690330e+00 8.310584779844575e-01 1.764191059203177e+00
1205 1.556185046635489e+00 8.310584780211792e-01 1.764191059172100e+00
1206 1.556185046638079e+00 8.310584780194302e-01 1.764191059173561e+00
1207 1.556185046665135e+00 8.310584780013108e-01 1.764191059188892e+00
1208 1.571186854563450e+00 8.208200638265679e-01 1.772674168913520e+00
1209 1.564827497402949e+00 8.252090027208294e-01 1.769083094373999e+00
1210 1.564827497448964e+00 8.252090026893336e-01 1.769083094400009e+00
1211 1.564827497393972e+00 8.252090027269763e-01 1.769083094368925e+00
1212 1.553296101200525e+00 -8.329846484070149e-01 1.762552751689012e+00
1213 1.553296101245601e+00 -8.329846483770748e-01 1.762552751714588e+00
1214 1.553296101209343e+00 -8.329846484011620e-01 1.762552751694018e+00
1215 1.553296101227480e+00 -8.329846483891383e-01 1.762552751704319e+00
1216 1.553296101227510e+00 -8.329846483891234e-01 1.762552751704338e+00
1217 1.553296101254396e+00 -8.329846483712262e-01 1.762552751719574e+00
1218 1.553296101209366e+00 -8.329846484011835e-01 1.762552751694048e+00
1219 1.564827497439988e+00 8.252090026954921e-01 1.769083094394943e+00
1220 1.564827497402927e+00 8.252090027208077e-01 1.769083094373969e+00
1221 1.564827497393952e+00 8.252090027269658e-01 1.769083094368903e+00
1222 1.553296101200550e+00 -8.329846484070266e-01 1.762552751689040e+00
1223 1.553296101245618e+00 -8.329846483770821e-01 1.762552751714606e+00
1224 1.553296101254419e+00 -8.329846483712320e-01 1.762552751719597e+00
1225 1.564827497448953e+00 8.252090026893356e-01 1.769083094400001e+00
1226 1.553296101227472e+00 -8.329846483891283e-01 1.762552751704307e+00
1227 1.553296101227497e+00 -8.329846483891155e-01 1.762552751704323e+00
1228 1.571186854563485e+00 8.208200638265695e-01 1.772674168913552e+00
1229 1.564827497439954e+00 8.252090026954663e-01 1.769083094394900e+00
1230 1.571186854563491e+00 8.208200638265822e-01 1.772674168913563e+00
1231 1.571186854563464e+00 -8.208200638265690e-01 1.772674168913533e+00
1232 1.571186854563412e+00 -8.208200638265398e-01 1.772674168913474e+00
1233 1.564827497448958e+00 -8.252090026893280e-01 1.769083094400002e+00
1234 1.564827497439948e+00 -8.252090026954668e-01 1.769083094394895e+00
1235 1.564827497402933e+00 -8.252090027208112e-01 1.769083094373976e+00
1236 1.564827497393967e+00 -8.252090027269666e-01 1.769083094368916e+00
1237 1.564827497393974e+00 -8.252090027269769e-01 1.769083094368928e+00
1238 1.563461025555033e+00 -8.261426466114044e-01 1.768310507512663e+00
1239 1.563461025559702e+00 -8.261426466082180e-01 1.768310507515302e+00
1240 1.563461025492935e+00 -8.261426466537545e-01 1.768310507477544e+00
1241 1.563461025497607e+00 -8.261426466505671e-01 1.768310507480186e+00
1242 1.556185046690329e+00 -8.310584779844432e-01 1.764191059203169e+00
1243 1.556185046692931e+00 -8.310584779827034e-01 1.764191059204645e+00
1244 1.556185046638076e+00 -8.310584780194118e-01 1.764191059173550e+00
1245 1.556185046635474e+00 -8.310584780211614e-01 1.764191059172079e+00
1246 1.556185046665149e+00 -8.310584780013116e-01 1.764191059188904e+00
1247 1.556185046663273e+00 -8.310584780025649e-01 1.764191059187840e+00
1248 1.556185046635484e+00 -8.310584780211712e-01 1.764191059172092e+00
1249 1.563461025555033e+00 -8.261426466113978e-01 1.768310507512660e+00
1250 1.563461025559697e+00 -8.261426466082114e-01 1.768310507515295e+00
1251 1.556185046663278e+00 -8.310584780025634e-01 1.764191059187844e+00
1252 1.556185046690333e+00 -8.310584779844505e-01 1.764191059203176e+00
1253 1.556185046692941e+00 -8.310584779827090e-01 1.764191059204657e+00
1254 1.556185046638110e+00 -8.310584780194440e-01 1.764191059173595e+00
1255 1.556185046665155e+00 -8.310584780013088e-01 1.764191059188908e+00
1256 1.563461025492942e+00 -8.261426466537534e-01 1.768310507477549e+00
1257 1.563461025497589e+00 -8.261426466505588e-01 1.768310507480166e+00
1258 1.564827497402944e+00 -8.252090027208249e-01 1.769083094373992e+00
1259 1.564827497448951e+00 -8.252090026893291e-01 1.769083094399996e+00
1260 1.564827497439973e+00 -8.252090026954811e-01 1.769083094394924e+00
1261 1.571186854563447e+00 -8.208200638265499e-01 1.772674168913509e+00
1262 1.571186854563459e+00 -8.208200638265457e-01 1.772674168913518e+00
1263 1.571186854563491e+00 8.208200638265709e-01 1.772674168913558e+00
1264 1.586040362903170e+00 8.102818603000028e-01 1.781033611667465e+00
1265 1.586040362911479e+00 8.102818602939761e-01 1.781033611672122e+00
1266 1.586040362942836e+00 8.102818602713139e-01 1.781033611689735e+00
1267 1.586040362934503e+00 8.102818602773233e-01 1.781033611685049e+00
1268 1.586040362903168e+00 -8.102818603000084e-01 1.781033611667465e+00
1269 1.586040362942833e+00 -8.102818602713209e-01 1.781033611689736e+00
1270 1.586040362911505e+00 -8.102818602940006e-01 1.781033611672156e+00
1271 1.586040362934530e+00 -8.102818602773481e-01 1.781033611685084e+00
1272 1.586040362942822e+00 8.102818602713158e-01 1.781033611689724e+00
1273 1.586040362934499e+00 8.102818602773347e-01 1.781033611685050e+00
1274 1.586040362903164e+00 8.102818603000072e-01 1.781033611667461e+00
1275 1.586040362911489e+00 8.102818602939919e-01 1.781033611672138e+00
1276 1.586040362942844e+00 -8.102818602713184e-01 1.781033611689745e+00
1277 1.586040362934513e+00 -8.102818602773391e-01 1.781033611685065e+00
1278 1.586040362903181e+00 -8.102818603000149e-01 1.781033611667479e+00
1279 1.586040362911513e+00 -8.102818602939998e-01 1.781033611672163e+00
1280 1.593331438656985e+00 -8.049582622039861e-01 1.785122650493013e+00
1281 1.593331438653696e+00 -8.049582622064112e-01 1.785122650491171e+00
1282 1.593331438657007e+00 8.049582622039921e-01 1.785122650493035e+00
1283 1.593331438653721e+00 8.049582622064179e-01 1.785122650491196e+00
1284 1.593331438657000e+00 8.049582622040037e-01 1.785122650493034e+00
1285 1.593331438653749e+00 8.049582622064575e-01 1.785122650491238e+00
1286 1.593331438657007e+00 -8.049582622039907e-01 1.785122650493034e+00
1287 1.593331438653726e+00 -8.049582622064135e-01 1.785122650491199e+00
1288 1.600471979882526e+00 7.996457973940694e-01 1.789118207296290e+00
1289 1.600471979879740e+00 7.996457973961607e-01 1.789118207294733e+00
1290 1.600471979879727e+00 -7.996457973961726e-01 1.789118207294726e+00
1291 1.600471979879727e+00 7.996457973961622e-01 1.789118207294722e+00
1292 1.600471979882533e+00 7.996457973940787e-01 1.789118207296300e+00
1293 1.600471979882522e+00 -7.996457973940900e-01 1.789118207296295e+00
1294 1.600471979879697e+00 -7.996457973961412e-01 1.789118207294685e+00
1295 1.600471979882500e+00 -7.996457973940539e-01 1.789118207296259e+00
1296 1.591157380790342e+00 -8.065562294059980e-01 1.783904358881720e+00
1297 1.591157380790366e+00 8.065562294060015e-01 1.783904358881743e+00
1298 1.591157380797477e+00 8.065562294007917e-01 1.783904358885731e+00
1299 1.591157380829539e+00 8.065562293772882e-01 1.783904358903702e+00
1300 1.591157380790352e+00 8.065562294060076e-01 1.783904358881734e+00
1301 1.591157380829529e+00 8.065562293772899e-01 1.783904358903693e+00
1302 1.591157380822424e+00 8.065562293825023e-01 1.783904358899713e+00
1303 1.591157380797473e+00 8.065562294007982e-01 1.783904358885730e+00
1304 1.591157380822420e+00 8.065562293825043e-01 1.783904358899710e+00
1305 1.591157380809871e+00 8.065562293916556e-01 1.783904358892655e+00
1306 1.591157380809955e+00 8.065562293915987e-01 1.783904358892704e+00
1307 1.591157380797462e+00 -8.065562294007875e-01 1.783904358885716e+00
1308 1.591157380790332e+00 -8.065562294059897e-01 1.783904358881708e+00
1309 1.591157380829518e+00 -8.065562293772881e-01 1.783904358903683e+00
1310 1.591157380822414e+00 -8.065562293824988e-01 1.783904358899703e+00
1311 1.591157380829503e+00 -8.065562293772759e-01 1.783904358903664e+00
1312 1.591157380797461e+00 -8.065562294007840e-01 1.783904358885713e+00
1313 1.591157380822414e+00 -8.065562293825012e-01 1.783904358899703e+00
1314 1.591157380809903e+00 8.065562293916755e-01 1.783904358892692e+00
1315 1.591157380809970e+00 8.065562293916190e-01 1.783904358892727e+00
1316 1.591157380809963e+00 -8.065562293916130e-01 1.783904358892718e+00
1317 1.591157380809871e+00 -8.065562293916702e-01 1.783904358892662e+00
1318 1.608019862702065e+00 7.939218138790954e-01 1.793332017613426e+00
1319 1.608019862702083e+00 7.939218138790983e-01 1.793332017613443e+00
1320 1.591157380809991e+00 -8.065562293916263e-01 1.783904358892748e+00
1321 1.591157380809886e+00 -8.065562293916825e-01 1.783904358892680e+00
1322 1.608019862702116e+00 -7.939218138791173e-01 1.793332017613481e+00
1323 1.608019862702057e+00 -7.939218138790900e-01 1.793332017613416e+00
1324 1.608019862702060e+00 -7.939218138790958e-01 1.793332017613422e+00
1325 1.608019862702048e+00 7.939218138790909e-01 1.793332017613409e+00
1326 1.608019862702055e+00 -7.939218138790954e-01 1.793332017613417e+00
1327 1.608019862702075e+00 7.939218138790949e-01 1.793332017613434e+00
1328 1.618247938182866e+00 7.859831340012895e-01 1.799026369002852e+00
1329 1.618247938158946e+00 7.859831340200953e-01 1.799026368989552e+00
1330 1.613383884215372e+00 7.897849141718627e-01 1.796320619627615e+00
1331 1.613383884219640e+00 7.897849141685432e-01 1.796320619629988e+00
1332 1.613383884156163e+00 7.897849142178308e-01 1.796320619594646e+00
1333 1.613383884215377e+00 7.897849141718616e-01 1.796320619627618e+00
1334 1.613383884091422e+00 7.897849142681210e-01 1.796320619558610e+00
1335 1.613383884095701e+00 7.897849142648058e-01 1.796320619560995e+00
1336 1.613383884095717e+00 7.897849142648066e-01 1.796320619561010e+00
1337 1.613383884091449e+00 7.897849142681279e-01 1.796320619558636e+00
1338 1.613383884154861e+00 7.897849142188389e-01 1.796320619593920e+00
1339 1.618247938185939e+00 7.859831339988650e-01 1.799026369004557e+00
1340 1.618247938158953e+00 7.859831340201070e-01 1.799026368989564e+00
1341 1.618247938162017e+00 7.859831340176662e-01 1.799026368991253e+00
1342 1.613383884219660e+00 7.897849141685507e-01 1.796320619630010e+00
1343 1.613383884156189e+00 7.897849142178294e-01 1.796320619594669e+00
1344 1.618247938182876e+00 7.859831340012886e-01 1.799026369002861e+00
1345 1.613383884154898e+00 7.897849142188456e-01 1.796320619593956e+00
1346 1.618247938162042e+00 7.859831340176727e-01 1.799026368991278e+00
1347 1.613383884219658e+00 -7.897849141685513e-01 1.796320619630008e+00
1348 1.613383884215393e+00 -7.897849141718696e-01 1.796320619627636e+00
1349 1.613383884095711e+00 -7.897849142648126e-01 1.796320619561007e+00
1350 1.613383884091433e+00 -7.897849142681298e-01 1.796320619558623e+00
1351 1.613383884154874e+00 -7.897849142188320e-01 1.796320619593928e+00
1352 1.613383884215398e+00 -7.897849141718711e-01 1.796320619627642e+00
1353 1.613383884219650e+00 -7.897849141685507e-01 1.796320619630000e+00
1354 1.613383884091439e+00 -7.897849142681288e-01 1.796320619558628e+00
1355 1.613383884095707e+00 -7.897849142648111e-01 1.796320619561003e+00
1356 1.613383884156182e+00 -7.897849142178235e-01 1.796320619594660e+00
1357 1.613383884154913e+00 -7.897849142188422e-01 1.796320619593968e+00
1358 1.618247938185942e+00 7.859831339988733e-01 1.799026369004563e+00
1359 1.622225178953220e+00 7.828383146209226e-01 1.801235786361223e+00
1360 1.622225178952726e+00 7.828383146213090e-01 1.801235786360947e+00
1361 1.618247938162053e+00 -7.859831340176969e-01 1.799026368991299e+00
1362 1.618247938185984e+00 -7.859831339988940e-01 1.799026369004610e+00
1363 1.618247938182890e+00 -7.859831340013179e-01 1.799026369002886e+00
1364 1.618247938162027e+00 -7.859831340176858e-01 1.799026368991270e+00
1365 1.622668150688760e+00 7.824860215930394e-01 1.801481696062489e+00
1366 1.622668150658617e+00 7.824860216170213e-01 1.801481696045755e+00
1367 1.622668150683219e+00 7.824860215974456e-01 1.801481696059412e+00
1368 1.622668150664150e+00 7.824860216126144e-01 1.801481696048824e+00
1369 1.613383884156197e+00 -7.897849142178257e-01 1.796320619594674e+00
1370 1.618247938158980e+00 -7.859831340201192e-01 1.799026368989593e+00
1371 1.618247938185961e+00 -7.859831339988872e-01 1.799026369004586e+00
1372 1.622225178953241e+00 7.828383146209097e-01 1.801235786361236e+00
1373 1.618247938158956e+00 -7.859831340201153e-01 1.799026368989570e+00
1374 1.618247938182852e+00 -7.859831340012947e-01 1.799026369002841e+00
1375 1.622225178952730e+00 7.828383146213025e-01 1.801235786360947e+00
1376 1.622225178952746e+00 -7.828383146213125e-01 1.801235786360965e+00
1377 1.622225178953240e+00 -7.828383146209210e-01 1.801235786361240e+00
1378 1.622225178952741e+00 -7.828383146212999e-01 1.801235786360956e+00
1379 1.622225178953233e+00 -7.828383146209196e-01 1.801235786361234e+00
1380 1.622668150688756e+00 -7.824860215930307e-01 1.801481696062482e+00
1381 1.622668150658616e+00 -7.824860216170149e-01 1.801481696045752e+00
1382 1.622668150664162e+00 -7.824860216126063e-01 1.801481696048832e+00
1383 1.622668150683227e+00 -7.824860215974355e-01 1.801481696059415e+00
1384 1.622484512629242e+00 7.826321176175739e-01 1.801379755978266e+00
1385 1.622484512626872e+00 7.826321176194522e-01 1.801379755976948e+00
1386 1.622484512544287e+00 7.826321176851564e-01 1.801379755931110e+00
1387 1.622484512545028e+00 7.826321176845608e-01 1.801379755931519e+00
1388 1.622484512462423e+00 7.826321177502527e-01 1.801379755885658e+00
1389 1.622835747231370e+00 7.823526263663843e-01 1.801574726308731e+00
1390 1.622835747227660e+00 7.823526263693412e-01 1.801574726306673e+00
1391 1.622835747272549e+00 7.823526263336023e-01 1.801574726331588e+00
1392 1.622835747271435e+00 7.823526263344973e-01 1.801574726330973e+00
1393 1.622835747312611e+00 7.823526263017248e-01 1.801574726353833e+00
1394 1.622835747316307e+00 7.823526262987645e-01 1.801574726355876e+00
1395 1.622835747312614e+00 7.823526263017148e-01 1.801574726353831e+00
1396 1.622835747227676e+00 7.823526263693359e-01 1.801574726306685e+00
1397 1.622835747316332e+00 7.823526262987691e-01 1.801574726355901e+00
1398 1.622484512460055e+00 7.826321177521363e-01 1.801379755884344e+00
1399 1.622835747231383e+00 7.823526263663866e-01 1.801574726308744e+00
1400 1.622484512544278e+00 7.826321176851387e-01 1.801379755931094e+00
1401 1.622484512629241e+00 7.826321176175597e-01 1.801379755978259e+00
1402 1.622484512626875e+00 7.826321176194523e-01 1.801379755976950e+00
1403 1.622835747272537e+00 7.823526263335849e-01 1.801574726331570e+00
1404 1.622835747271452e+00 7.823526263345139e-01 1.801574726330996e+00
1405 1.622484512462419e+00 7.826321177502509e-01 1.801379755885654e+00
1406 1.622484512460059e+00 7.826321177521340e-01 1.801379755884346e+00
1407 1.622835747316333e+00 -7.823526262987621e-01 1.801574726355899e+00
1408 1.622835747312614e+00 -7.823526263017156e-01 1.801574726353832e+00
1409 1.622835747316304e+00 -7.823526262987601e-01 1.801574726355872e+00
1410 1.622835747272542e+00 -7.823526263336024e-01 1.801574726331582e+00
1411 1.622835747227679e+00 -7.823526263693430e-01 1.801574726306691e+00
1412 1.622835747312593e+00 -7.823526263017119e-01 1.801574726353810e+00
1413 1.622835747231391e+00 -7.823526263663838e-01 1.801574726308750e+00
1414 1.622835747271433e+00 -7.823526263344996e-01 1.801574726330973e+00
1415 1.622484512626894e+00 -7.826321176194628e-01 1.801379755976972e+00
1416 1.622484512462443e+00 -7.826321177502671e-01 1.801379755885682e+00
1417 1.622484512545028e+00 -7.826321176845591e-01 1.801379755931518e+00
1418 1.622484512460072e+00 -7.826321177521435e-01 1.801379755884362e+00
1419 1.622484512460074e+00 -7.826321177521340e-01 1.801379755884359e+00
1420 1.622484512629266e+00 -7.826321176175846e-01 1.801379755978292e+00
1421 1.622484512544275e+00 -7.826321176851543e-01 1.801379755931098e+00
1422 1.622835747227659e+00 -7.823526263693439e-01 1.801574726306673e+00
1423 1.622484512462425e+00 -7.826321177502495e-01 1.801379755885659e+00
1424 1.622484512626886e+00 -7.826321176194496e-01 1.801379755976959e+00
1425 1.622835747271455e+00 -7.823526263345049e-01 1.801574726330995e+00
1426 1.622835747231385e+00 -7.823526263663861e-01 1.801574726308745e+00
1427 1.622484512544999e+00 -7.826321176845453e-01 1.801379755931486e+00
1428 1.622484512544260e+00 -7.826321176851505e-01 1.801379755931083e+00
1429 1.622484512629258e+00 -7.826321176175721e-01 1.801379755978280e+00
1430 1.622835747272578e+00 -7.823526263336031e-01 1.801574726331615e+00
1431 1.622668150658632e+00 -7.824860216170244e-01 1.801481696045770e+00
1432 1.622668150688772e+00 -7.824860215930404e-01 1.801481696062500e+00
1433 1.622668150683226e+00 -7.824860215974317e-01 1.801481696059413e+00
1434 1.622668150664131e+00 -7.824860216126042e-01 1.801481696048803e+00
1435 1.628107936611318e+00 -7.781262236613193e-01 1.804498787255395e+00
1436 1.628107936582222e+00 -7.781262236848071e-01 1.804498787239271e+00
1437 1.628107936604559e+00 -7.781262236667744e-01 1.804498787251649e+00
1438 1.628107936588972e+00 -7.781262236793538e-01 1.804498787243009e+00
1439 1.628107936588955e+00 -7.781262236793589e-01 1.804498787242996e+00
1440 1.628107936611308e+00 -7.781262236613239e-01 1.804498787255387e+00
1441 1.628107936604544e+00 -7.781262236667795e-01 1.804498787251637e+00
1442 1.628107936582208e+00 -7.781262236848113e-01 1.804498787239260e+00
1443 1.639923234198180e+00 -7.684388422955115e-01 1.811034640312405e+00
1444 1.639923234198178e+00 -7.684388422955084e-01 1.811034640312402e+00
1445 1.622668150688773e+00 7.824860215930238e-01 1.801481696062494e+00
1446 1.622668150683239e+00 7.824860215974287e-01 1.801481696059422e+00
1447 1.622668150664183e+00 7.824860216126056e-01 1.801481696048851e+00
1448 1.622668150658641e+00 7.824860216170124e-01 1.801481696045773e+00
1449 1.622484512545046e+00 7.826321176845502e-01 1.801379755931530e+00
1450 1.628544689621906e+00 -7.777734716391955e-01 1.804740806675960e+00
1451 1.628544689619692e+00 -7.777734716409485e-01 1.804740806674718e+00
1452 1.628544689575501e+00 -7.777734716766913e-01 1.804740806650245e+00
1453 1.628544689577662e+00 -7.777734716749167e-01 1.804740806651431e+00
1454 1.628544689599508e+00 -7.777734716572769e-01 1.804740806663541e+00
1455 1.628544689597860e+00 -7.777734716585978e-01 1.804740806662624e+00
1456 1.639923234198180e+00 7.684388422955055e-01 1.811034640312403e+00
1457 1.628107936582217e+00 7.781262236847994e-01 1.804498787239263e+00
1458 1.628107936611319e+00 7.781262236613109e-01 1.804498787255391e+00
1459 1.628107936604553e+00 7.781262236667721e-01 1.804498787251642e+00
1460 1.628544689621871e+00 -7.777734716391792e-01 1.804740806675922e+00
1461 1.628544689577676e+00 -7.777734716749223e-01 1.804740806651445e+00
1462 1.628544689575488e+00 -7.777734716766855e-01 1.804740806650231e+00
1463 1.628107936588968e+00 7.781262236793545e-01 1.804498787243006e+00
1464 1.628544689619717e+00 -7.777734716409580e-01 1.804740806674744e+00
1465 1.628107936588969e+00 7.781262236793548e-01 1.804498787243007e+00
1466 1.628107936582238e+00 7.781262236848226e-01 1.804498787239292e+00
1467 1.628107936611355e+00 7.781262236613360e-01 1.804498787255435e+00
1468 1.628107936604570e+00 7.781262236667796e-01 1.804498787251661e+00
1469 1.630825345994883e+00 -7.759248564926104e-01 1.806004067565300e+00
1470 1.630825345986643e+00 -7.759248564993139e-01 1.806004067560739e+00
1471 1.630825345873733e+00 -7.759248565910981e-01 1.806004067498215e+00
1472 1.630825345865492e+00 -7.759248565978036e-01 1.806004067493654e+00
1473 1.630825345994897e+00 -7.759248564926073e-01 1.806004067565312e+00
1474 1.630825345986651e+00 -7.759248564993176e-01 1.806004067560747e+00
1475 1.630825345873751e+00 -7.759248565911032e-01 1.806004067498234e+00
1476 1.630825345865512e+00 -7.759248565978040e-01 1.806004067493673e+00
1477 1.630825345930307e+00 -7.759248565451186e-01 1.806004067529547e+00
1478 1.630825345930087e+00 -7.759248565452945e-01 1.806004067529424e+00
1479 1.639923234198171e+00 7.684388422954972e-01 1.811034640312391e+00
1480 1.639923234198200e+00 7.684388422955200e-01 1.811034640312428e+00
1481 1.630825345994889e+00 7.759248564926173e-01 1.806004067565309e+00
1482 1.630825345986651e+00 7.759248564993229e-01 1.806004067560750e+00
1483 1.630825345865494e+00 7.759248565978094e-01 1.806004067493658e+00
1484 1.630825345873746e+00 7.759248565911058e-01 1.806004067498229e+00
1485 1.630825345994864e+00 7.759248564926047e-01 1.806004067565280e+00
1486 1.630825345986621e+00 7.759248564993090e-01 1.806004067560718e+00
1487 1.630825345865497e+00 7.759248565978116e-01 1.806004067493662e+00
1488 1.630825345873741e+00 7.759248565911091e-01 1.806004067498226e+00
1489 1.628544689575486e+00 7.777734716766842e-01 1.804740806650229e+00
1490 1.628544689577647e+00 7.777734716749094e-01 1.804740806651413e+00
1491 1.628544689597835e+00 7.777734716585814e-01 1.804740806662594e+00
1492 1.628544689575476e+00 7.777734716766802e-01 1.804740806650218e+00
1493 1.628544689577677e+00 7.777734716749312e-01 1.804740806651451e+00
1494 1.628544689599478e+00 7.777734716572572e-01 1.804740806663506e+00
1495 1.628544689597862e+00 7.777734716585850e-01 1.804740806662620e+00
1496 1.628544689619685e+00 7.777734716409394e-01 1.804740806674707e+00
1497 1.628544689621892e+00 7.777734716391858e-01 1.804740806675943e+00
1498 1.628544689619690e+00 7.777734716409528e-01 1.804740806674719e+00
1499 1.628544689621888e+00 7.777734716391745e-01 1.804740806675935e+00
1500 1.634265086409846e+00 7.731156446721106e-01 1.807907678144809e+00
1501 1.634265086405982e+00 7.731156446752820e-01 1.807907678142672e+00
1502 1.634265086356186e+00 7.731156447161316e-01 1.807907678115128e+00
1503 1.628544689599510e+00 7.777734716572711e-01 1.804740806663541e+00
1504 1.634265086409800e+00 7.731156446720848e-01 1.807907678144756e+00
1505 1.634265086405972e+00 7.731156446752732e-01 1.807907678142660e+00
1506 1.630825345930286e+00 7.759248565451260e-01 1.806004067529531e+00
1507 1.630825345930070e+00 7.759248565452920e-01 1.806004067529408e+00
1508 1.634265086360049e+00 7.731156447129643e-01 1.807907678117264e+00
1509 1.634265086356194e+00 7.731156447161380e-01 1.807907678115138e+00
1510 1.639923234198238e+00 7.684388422955073e-01 1.811034640312456e+00
1511 1.630825345930103e+00 7.759248565453092e-01 1.806004067529445e+00
1512 1.630825345930312e+00 7.759248565451319e-01 1.806004067529557e+00
1513 1.628544689599516e+00 -7.777734716572797e-01 1.804740806663550e+00
1514 1.628544689597886e+00 -7.777734716585990e-01 1.804740806662648e+00
1515 1.634265086360060e+00 7.731156447129695e-01 1.807907678117277e+00
1516 1.634265086382903e+00 7.731156446942147e-01 1.807907678129907e+00
1517 1.639923234198198e+00 -7.684388422955069e-01 1.811034640312420e+00
1518 1.641620468357978e+00 7.670222776975006e-01 1.811971560653238e+00
1519 1.637092744659196e+00 7.707871526101322e-01 1.809471052336736e+00
1520 1.637092744666520e+00 7.707871526040857e-01 1.809471052340786e+00
1521 1.634265086383143e+00 7.731156446940332e-01 1.807907678130046e+00
1522 1.641620468356543e+00 7.670222776987033e-01 1.811971560652446e+00
1523 1.641620468345802e+00 7.670222777076847e-01 1.811971560646517e+00
1524 1.641620468347235e+00 7.670222777064869e-01 1.811971560647308e+00
1525 1.637092744666520e+00 7.707871526040911e-01 1.809471052340789e+00
1526 1.637092744576882e+00 7.707871526781813e-01 1.809471052291251e+00
1527 1.637092744659209e+00 7.707871526101416e-01 1.809471052336752e+00
1528 1.634265086382900e+00 7.731156446941962e-01 1.807907678129895e+00
1529 1.637092744621881e+00 7.707871526409955e-01 1.809471052316123e+00
1530 1.639923234198176e+00 -7.684388422955042e-01 1.811034640312399e+00
1531 1.630825345930100e+00 -7.759248565452994e-01 1.806004067529437e+00
1532 1.630825345930310e+00 -7.759248565451222e-01 1.806004067529551e+00
1533 1.637092744621880e+00 7.707871526409903e-01 1.809471052316119e+00
1534 1.641620468357976e+00 7.670222776975097e-01 1.811971560653239e+00
1535 1.641620468356538e+00 7.670222776987015e-01 1.811971560652441e+00
1536 1.637092744576877e+00 7.707871526781800e-01 1.809471052291245e+00
1537 1.637092744584203e+00 7.707871526721324e-01 1.809471052295297e+00
1538 1.637092744621516e+00 7.707871526412802e-01 1.809471052315914e+00
1539 1.641620468345783e+00 7.670222777076904e-01 1.811971560646502e+00
1540 1.641620468347217e+00 7.670222777064907e-01 1.811971560647294e+00
1541 1.637092744584205e+00 7.707871526721284e-01 1.809471052295298e+00
1542 1.644540358347591e+00 -7.645702887826124e-01 1.813582288379315e+00
1543 1.637092744666515e+00 -7.707871526040839e-01 1.809471052340781e+00
1544 1.637092744659195e+00 -7.707871526101384e-01 1.809471052336738e+00
1545 1.644540358364292e+00 -7.645702887685354e-01 1.813582288388524e+00
1546 1.644540358364289e+00 -7.645702887685296e-01 1.813582288388519e+00
1547 1.637092744576868e+00 -7.707871526781753e-01 1.809471052291235e+00
1548 1.637092744621877e+00 -7.707871526409935e-01 1.809471052316118e+00
1549 1.637092744621538e+00 -7.707871526412881e-01 1.809471052315937e+00
1550 1.637092744584192e+00 -7.707871526721342e-01 1.809471052295289e+00
1551 1.637092744621880e+00 -7.707871526409897e-01 1.809471052316119e+00
1552 1.644540358359451e+00 -7.645702887726109e-01 1.813582288385852e+00
1553 1.637092744621531e+00 7.707871526412768e-01 1.809471052315926e+00
1554 1.637092744576851e+00 -7.707871526781753e-01 1.809471052291220e+00
1555 1.637092744584195e+00 -7.707871526721293e-01 1.809471052295289e+00
1556 1.637092744621491e+00 -7.707871526412606e-01 1.809471052315883e+00
1557 1.644540358364284e+00 7.645702887685274e-01 1.813582288388514e+00
1558 1.644540358347590e+00 -7.645702887826091e-01 1.813582288379312e+00
1559 1.644540358352429e+00 -7.645702887785266e-01 1.813582288381979e+00
1560 1.644540358352422e+00 7.645702887785202e-01 1.813582288381970e+00
1561 1.644540358364275e+00 7.645702887685198e-01 1.813582288388502e+00
1562 1.644540358352402e+00 7.645702887785166e-01 1.813582288381950e+00
1563 1.644540358359441e+00 -7.645702887725953e-01 1.813582288385837e+00
1564 1.644540358359422e+00 7.645702887725969e-01 1.813582288385820e+00
1565 1.644540358352419e+00 -7.645702887785206e-01 1.813582288381967e+00
1566 1.634265086383117e+00 -7.731156446940211e-01 1.807907678130017e+00
1567 1.634265086382909e+00 -7.731156446942125e-01 1.807907678129911e+00
1568 1.634265086406007e+00 -7.731156446752866e-01 1.807907678142697e+00
1569 1.634265086409865e+00 -7.731156446721146e-01 1.807907678144828e+00
1570 1.634265086405974e+00 -7.731156446752770e-01 1.807907678142663e+00
1571 1.644540358347584e+00 7.645702887826100e-01 1.813582288379307e+00
1572 1.634265086360057e+00 -7.731156447129640e-01 1.807907678117272e+00
1573 1.634265086383107e+00 -7.731156446940222e-01 1.807907678130009e+00
1574 1.634265086382900e+00 -7.731156446942160e-01 1.807907678129904e+00
1575 1.634265086409848e+00 -7.731156446721030e-01 1.807907678144807e+00
1576 1.634265086356204e+00 -7.731156447161401e-01 1.807907678115148e+00
1577 1.634265086360066e+00 -7.731156447129779e-01 1.807907678117287e+00
1578 1.644540358347574e+00 7.645702887825996e-01 1.813582288379294e+00
1579 1.642218794496329e+00 7.665213761137266e-01 1.812301737856105e+00
1580 1.642218794656613e+00 7.665213759794545e-01 1.812301737944555e+00
1581 1.642218794491908e+00 7.665213761174579e-01 1.812301737853677e+00
1582 1.642218794656602e+00 7.665213759794669e-01 1.812301737944550e+00
1583 1.641620468347263e+00 -7.670222777065019e-01 1.811971560647340e+00
1584 1.641620468357996e+00 -7.670222776975082e-01 1.811971560653257e+00
1585 1.641620468356563e+00 -7.670222776987106e-01 1.811971560652467e+00
1586 1.641620468357957e+00 -7.670222776975077e-01 1.811971560653221e+00
1587 1.644540358359428e+00 7.645702887725985e-01 1.813582288385826e+00
1588 1.634265086356186e+00 -7.731156447161409e-01 1.807907678115132e+00
1589 1.641620468345812e+00 -7.670222777076933e-01 1.811971560646530e+00
1590 1.641620468347201e+00 -7.670222777064870e-01 1.811971560647277e+00
1591 1.641620468345783e+00 -7.670222777076878e-01 1.811971560646501e+00
1592 1.642218794661055e+00 7.665213759757350e-01 1.812301737947007e+00
1593 1.641620468356541e+00 -7.670222776987088e-01 1.811971560652446e+00
1594 1.642218794491897e+00 7.665213761174646e-01 1.812301737853670e+00
1595 1.642218794496351e+00 -7.665213761137393e-01 1.812301737856130e+00
1596 1.642218794491907e+00 -7.665213761174605e-01 1.812301737853677e+00
1597 1.642218794656623e+00 -7.665213759794676e-01 1.812301737944569e+00
1598 1.642218794661059e+00 -7.665213759757394e-01 1.812301737947013e+00
1599 1.642218794491892e+00 -7.665213761174481e-01 1.812301737853659e+00
1600 1.642218794656595e+00 -7.665213759794463e-01 1.812301737944535e+00
1601 1.642218794661043e+00 -7.665213759757274e-01 1.812301737946993e+00
1602 1.642218794661036e+00 7.665213759757425e-01 1.812301737946993e+00
1603 1.642218794576457e+00 7.665213760466126e-01 1.812301737900327e+00
1604 1.642218794576478e+00 7.665213760465898e-01 1.812301737900336e+00
1605 1.637092744666517e+00 -7.707871526040904e-01 1.809471052340786e+00
1606 1.637092744659202e+00 -7.707871526101373e-01 1.809471052336744e+00
1607 1.634265086383133e+00 7.731156446940225e-01 1.807907678130032e+00
1608 1.642218794496370e+00 -7.665213761137426e-01 1.812301737856149e+00
1609 1.642218794576456e+00 -7.665213760465821e-01 1.812301737900313e+00
1610 1.642218794576487e+00 -7.665213760465943e-01 1.812301737900346e+00
1611 1.642218794496337e+00 7.665213761137426e-01 1.812301737856119e+00
1612 1.655680690870630e+00 -7.550382981427837e-01 1.819714642954823e+00
1613 1.655680690841075e+00 -7.550382981684572e-01 1.819714642938584e+00
1614 1.655680690873530e+00 -7.550382981402604e-01 1.819714642956415e+00
1615 1.655680690873555e+00 -7.550382981402597e-01 1.819714642956437e+00
1616 1.642218794576481e+00 -7.665213760466170e-01 1.812301737900350e+00
1617 1.655680690841968e+00 -7.550382981676769e-01 1.819714642939073e+00
1618 1.655680690870638e+00 -7.550382981427738e-01 1.819714642954826e+00
1619 1.642218794576480e+00 -7.665213760465861e-01 1.812301737900336e+00
1620 1.655680690812398e+00 -7.550382981933639e-01 1.819714642922826e+00
1621 1.655680690841099e+00 -7.550382981684701e-01 1.819714642938612e+00
1622 1.655680690841976e+00 -7.550382981676756e-01 1.819714642939080e+00
1623 1.642218794576485e+00 7.665213760466103e-01 1.812301737900351e+00
1624 1.642218794576513e+00 7.665213760465868e-01 1.812301737900366e+00
1625 1.655680690809480e+00 -7.550382981958847e-01 1.819714642921217e+00
1626 1.655680690812401e+00 -7.550382981933518e-01 1.819714642922825e+00
1627 1.655680690809482e+00 -7.550382981958719e-01 1.819714642921214e+00
1628 1.655680690812385e+00 7.550382981933539e-01 1.819714642922811e+00
1629 1.655680690870624e+00 7.550382981427739e-01 1.819714642954813e+00
1630 1.655680690809491e+00 7.550382981958812e-01 1.819714642921226e+00
1631 1.655680690812410e+00 7.550382981933579e-01 1.819714642922835e+00
1632 1.655680690841065e+00 7.550382981684500e-01 1.819714642938572e+00
1633 1.655680690841957e+00 7.550382981676701e-01 1.819714642939061e+00
1634 1.655680690870644e+00 7.550382981427870e-01 1.819714642954837e+00
1635 1.655680690873537e+00 7.550382981402547e-01 1.819714642956419e+00
1636 1.655680690841993e+00 7.550382981676885e-01 1.819714642939101e+00
1637 1.663722455937130e+00 7.479789445445220e-01 1.824128534909592e+00
1638 1.663722455885315e+00 7.479789445905038e-01 1.824128534881188e+00
1639 1.663722455893904e+00 7.479789445828623e-01 1.824128534885888e+00
1640 1.663722455928515e+00 7.479789445521661e-01 1.824128534904869e+00
1641 1.663722455928528e+00 7.479789445521696e-01 1.824128534904882e+00
1642 1.663722455893926e+00 7.479789445828722e-01 1.824128534885912e+00
1643 1.663722455911249e+00 7.479789445675054e-01 1.824128534895411e+00
1644 1.663722455911196e+00 7.479789445675524e-01 1.824128534895382e+00
1645 1.663722455911219e+00 7.479789445675438e-01 1.824128534895400e+00
1646 1.655680690873548e+00 7.550382981402755e-01 1.819714642956437e+00
1647 1.663722455885327e+00 7.479789445905169e-01 1.824128534881204e+00
1648 1.663722455937142e+00 7.479789445445385e-01 1.824128534909609e+00
1649 1.655680690841031e+00 7.550382981684369e-01 1.819714642938536e+00
1650 1.655680690809490e+00 7.550382981958740e-01 1.819714642921222e+00
1651 1.674604469144463e+00 7.381793888140931e-01 1.830084407383593e+00
1652 1.674604469141615e+00 7.381793888166936e-01 1.830084407382036e+00
1653 1.663722455911246e+00 7.479789445675014e-01 1.824128534895407e+00
1654 1.674604469141630e+00 -7.381793888166905e-01 1.830084407382048e+00
1655 1.674604469144476e+00 -7.381793888140886e-01 1.830084407383603e+00
1656 1.674604469144429e+00 7.381793888140857e-01 1.830084407383559e+00
1657 1.674604469141624e+00 7.381793888167005e-01 1.830084407382047e+00
1658 1.674604469141570e+00 -7.381793888166776e-01 1.830084407381988e+00
1659 1.674604469144447e+00 -7.381793888140883e-01 1.830084407383577e+00
1660 1.666831356543834e+00 7.452086567121339e-01 1.825832060512812e+00
1661 1.666831356608439e+00 7.452086566543130e-01 1.825832060548192e+00
1662 1.666831356602651e+00 7.452086566594940e-01 1.825832060545022e+00
1663 1.663722455885323e+00 -7.479789445905066e-01 1.824128534881196e+00
1664 1.663722455893933e+00 -7.479789445828712e-01 1.824128534885918e+00
1665 1.663722455928530e+00 -7.479789445521728e-01 1.824128534904885e+00
1666 1.663722455937145e+00 -7.479789445445301e-01 1.824128534909609e+00
1667 1.669559836194329e+00 7.427581206724775e-01 1.827325825477806e+00
1668 1.669559836201117e+00 7.427581206663340e-01 1.827325825481511e+00
1669 1.669559836227506e+00 7.427581206425671e-01 1.827325825495961e+00
1670 1.669559836220678e+00 7.427581206487017e-01 1.827325825492216e+00
1671 1.666831356549631e+00 7.452086567069526e-01 1.825832060515989e+00
1672 1.669559836194304e+00 7.427581206724625e-01 1.827325825477777e+00
1673 1.669559836201124e+00 7.427581206663256e-01 1.827325825481514e+00
1674 1.669559836227495e+00 7.427581206425552e-01 1.827325825495946e+00
1675 1.669559836220689e+00 7.427581206486980e-01 1.827325825492224e+00
1676 1.663722455928523e+00 -7.479789445521737e-01 1.824128534904879e+00
1677 1.663722455937132e+00 -7.479789445445271e-01 1.824128534909596e+00
1678 1.663722455885306e+00 -7.479789445905032e-01 1.824128534881179e+00
1679 1.663722455911270e+00 -7.479789445675140e-01 1.824128534895433e+00
1680 1.663722455893923e+00 -7.479789445828706e-01 1.824128534885908e+00
1681 1.663722455911220e+00 -7.479789445675555e-01 1.824128534895405e+00
1682 1.666831356543853e+00 7.452086567121439e-01 1.825832060512833e+00
1683 1.666831356608461e+00 7.452086566543183e-01 1.825832060548214e+00
1684 1.666831356602660e+00 7.452086566594999e-01 1.825832060545033e+00
1685 1.666831356549636e+00 7.452086567069587e-01 1.825832060515997e+00
1686 1.666831356575987e+00 7.452086566833939e-01 1.825832060530435e+00
1687 1.666831356576322e+00 7.452086566830868e-01 1.825832060530616e+00
1688 1.663722455911199e+00 -7.479789445674798e-01 1.824128534895354e+00
1689 1.663722455911186e+00 -7.479789445675230e-01 1.824128534895360e+00
1690 1.669559836210908e+00 7.427581206575251e-01 1.827325825486876e+00
1691 1.666831356575989e+00 7.452086566833742e-01 1.825832060530429e+00
1692 1.666831356576335e+00 7.452086566830767e-01 1.825832060530623e+00
1693 1.669559836210918e+00 7.427581206575269e-01 1.827325825486886e+00
1694 1.666831356602653e+00 -7.452086566595004e-01 1.825832060545027e+00
1695 1.666831356543822e+00 -7.452086567121318e-01 1.825832060512801e+00
1696 1.666831356549619e+00 -7.452086567069565e-01 1.825832060515980e+00
1697 1.666831356608440e+00 -7.452086566543141e-01 1.825832060548193e+00
1698 1.666831356608443e+00 -7.452086566543141e-01 1.825832060548195e+00
1699 1.666831356549634e+00 -7.452086567069519e-01 1.825832060515992e+00
1700 1.666831356575980e+00 -7.452086566833800e-01 1.825832060530423e+00
1701 1.666831356543836e+00 -7.452086567121358e-01 1.825832060512815e+00
1702 1.666831356576319e+00 -7.452086566830795e-01 1.825832060530610e+00
1703 1.666831356602674e+00 -7.452086566594971e-01 1.825832060545044e+00
1704 1.669559836220672e+00 -7.427581206486964e-01 1.827325825492208e+00
1705 1.669559836227472e+00 -7.427581206425559e-01 1.827325825495925e+00
1706 1.669559836194294e+00 -7.427581206724667e-01 1.827325825477770e+00
1707 1.669559836201105e+00 -7.427581206663260e-01 1.827325825481497e+00
1708 1.669559836210898e+00 -7.427581206575214e-01 1.827325825486865e+00
1709 1.669559836210916e+00 -7.427581206575061e-01 1.827325825486875e+00
1710 1.669559836210858e+00 7.427581206574997e-01 1.827325825486820e+00
1711 1.666831356576331e+00 -7.452086566830771e-01 1.825832060530620e+00
1712 1.666831356575974e+00 -7.452086566833661e-01 1.825832060530412e+00
1713 1.669559836227447e+00 -7.427581206425460e-01 1.827325825495899e+00
1714 1.669559836220701e+00 -7.427581206486986e-01 1.827325825492236e+00
1715 1.669559836194280e+00 -7.427581206724545e-01 1.827325825477752e+00
1716 1.669559836201139e+00 -7.427581206663336e-01 1.827325825481531e+00
1717 1.669559836210937e+00 -7.427581206575200e-01 1.827325825486901e+00
1718 1.669559836210960e+00 7.427581206575227e-01 1.827325825486923e+00
1719 1.669559836210867e+00 -7.427581206575157e-01 1.827325825486834e+00
1720 1.682511047768084e+00 7.308752764213614e-01 1.834399655349307e+00
1721 1.682511047762615e+00 7.308752764264730e-01 1.834399655346328e+00
1722 1.682511047751020e+00 7.308752764372981e-01 1.834399655340006e+00
1723 1.682511047745552e+00 7.308752764424093e-01 1.834399655337027e+00
1724 1.682511047768092e+00 -7.308752764213622e-01 1.834399655349315e+00
1725 1.682511047762614e+00 -7.308752764264661e-01 1.834399655346324e+00
1726 1.682511047751017e+00 -7.308752764372937e-01 1.834399655340002e+00
1727 1.682511047745560e+00 -7.308752764424084e-01 1.834399655337034e+00
1728 1.682511047768086e+00 7.308752764213554e-01 1.834399655349306e+00
1729 1.682511047745547e+00 7.308752764424005e-01 1.834399655337019e+00
1730 1.682511047762614e+00 7.308752764264638e-01 1.834399655346323e+00
1731 1.682511047751021e+00 7.308752764372838e-01 1.834399655340001e+00
1732 1.682511047768054e+00 -7.308752764213655e-01 1.834399655349282e+00
1733 1.682511047745534e+00 -7.308752764424158e-01 1.834399655337013e+00
1734 1.682511047762620e+00 -7.308752764264691e-01 1.834399655346330e+00
1735 1.682511047750999e+00 -7.308752764372878e-01 1.834399655339982e+00
1736 1.693648976617009e+00 7.203131937835281e-01 1.840461342472171e+00
1737 1.693648976619639e+00 7.203131937809574e-01 1.840461342473585e+00
1738 1.693648976640202e+00 7.203131937611952e-01 1.840461342484774e+00
1739 1.693648976637530e+00 7.203131937637284e-01 1.840461342483307e+00
1740 1.695921900159842e+00 7.181174756044160e-01 1.841695903294088e+00
1741 1.695921900162485e+00 7.181174756018543e-01 1.841695903295524e+00
1742 1.695921900159854e+00 7.181174756044131e-01 1.841695903294098e+00
1743 1.695921900162481e+00 7.181174756018485e-01 1.841695903295517e+00
1744 1.693648976640219e+00 7.203131937611913e-01 1.840461342484788e+00
1745 1.693648976637565e+00 7.203131937637434e-01 1.840461342483345e+00
1746 1.693648976617009e+00 7.203131937835191e-01 1.840461342472169e+00
1747 1.693648976619671e+00 7.203131937809758e-01 1.840461342473623e+00
1748 1.693648976617028e+00 -7.203131937835237e-01 1.840461342472187e+00
1749 1.693648976619692e+00 -7.203131937809742e-01 1.840461342473642e+00
1750 1.695921900162479e+00 -7.181174756018400e-01 1.841695903295512e+00
1751 1.695921900159836e+00 -7.181174756044046e-01 1.841695903294079e+00
1752 1.695921900159841e+00 -7.181174756044104e-01 1.841695903294085e+00
1753 1.695921900162458e+00 -7.181174756018374e-01 1.841695903295492e+00
1754 1.693648976617029e+00 -7.203131937835197e-01 1.840461342472187e+00
1755 1.693648976619675e+00 -7.203131937809752e-01 1.840461342473626e+00
1756 1.693648976637580e+00 -7.203131937637436e-01 1.840461342483359e+00
1757 1.693648976640219e+00 -7.203131937611899e-01 1.840461342484788e+00
1758 1.693648976637575e+00 -7.203131937637375e-01 1.840461342483352e+00
1759 1.693648976640223e+00 -7.203131937611958e-01 1.840461342484793e+00
1760 1.701175243921495e+00 -7.129889741302275e-01 1.844546146823829e+00
1761 1.701175243919623e+00 -7.129889741320631e-01 1.844546146822812e+00
1762 1.701175243882385e+00 -7.129889741686910e-01 1.844546146802626e+00
1763 1.701175243884255e+00 -7.129889741668461e-01 1.844546146803637e+00
1764 1.701175243901234e+00 -7.129889741501615e-01 1.844546146812847e+00
1765 1.701175243902648e+00 -7.129889741487438e-01 1.844546146813603e+00
1766 1.701175243901265e+00 -7.129889741501800e-01 1.844546146812883e+00
1767 1.703160416217874e+00 7.110312434044943e-01 1.845622071949938e+00
1768 1.703160416266949e+00 7.110312433559618e-01 1.845622071976528e+00
1769 1.703160416227150e+00 7.110312433953139e-01 1.845622071954961e+00
1770 1.703160416241207e+00 7.110312433814022e-01 1.845622071962573e+00
1771 1.703160416243578e+00 7.110312433790549e-01 1.845622071963857e+00
1772 1.703160416257651e+00 7.110312433651462e-01 1.845622071971486e+00
1773 1.703160416257635e+00 7.110312433651474e-01 1.845622071971471e+00
1774 1.701175243919638e+00 7.129889741320750e-01 1.844546146822830e+00
1775 1.701175243884260e+00 7.129889741668554e-01 1.844546146803646e+00
1776 1.701175243882408e+00 7.129889741687021e-01 1.844546146802652e+00
1777 1.701175243882388e+00 7.129889741686846e-01 1.844546146802626e+00
1778 1.701175243919627e+00 7.129889741320699e-01 1.844546146822818e+00
1779 1.701175243921517e+00 7.129889741302393e-01 1.844546146823853e+00
1780 1.701175243921521e+00 7.129889741302342e-01 1.844546146823855e+00
1781 1.701175243884263e+00 7.129889741668514e-01 1.844546146803647e+00
1782 1.701175243902663e+00 7.129889741487525e-01 1.844546146813620e+00
1783 1.701175243901229e+00 7.129889741501663e-01 1.844546146812845e+00
1784 1.701175243901255e+00 7.129889741501652e-01 1.844546146812868e+00
1785 1.701175243902697e+00 7.129889741487559e-01 1.844546146813653e+00
1786 1.709825106614069e+00 7.043779652798065e-01 1.849229626947268e+00
1787 1.709825106614048e+00 7.043779652798154e-01 1.849229626947253e+00
1788 1.709825106614074e+00 7.043779652798219e-01 1.849229626947279e+00
1789 1.709825106614078e+00 7.043779652798254e-01 1.849229626947284e+00
1790 1.712498107606680e+00 7.016740315415264e-01 1.850674529758326e+00
1791 1.712498107601607e+00 7.016740315466544e-01 1.850674529755575e+00
1792 1.712498107584393e+00 7.016740315641411e-01 1.850674529746276e+00
1793 1.712498107579362e+00 7.016740315692720e-01 1.850674529743566e+00
1794 1.712498107579359e+00 7.016740315693014e-01 1.850674529743575e+00
1795 1.703290534519369e+00 7.109025418648720e-01 1.845692571641663e+00
1796 1.703290534517041e+00 7.109025418671707e-01 1.845692571640400e+00
1797 1.703290534519373e+00 7.109025418648713e-01 1.845692571641666e+00
1798 1.703290534517048e+00 7.109025418671664e-01 1.845692571640404e+00
1799 1.703290534472143e+00 7.109025419115791e-01 1.845692571616070e+00
1800 1.703290534494216e+00 7.109025418897403e-01 1.845692571628029e+00
1801 1.703290534494958e+00 7.109025418890029e-01 1.845692571628430e+00
1802 1.703290534469839e+00 7.109025419138846e-01 1.845692571614832e+00
1803 1.703160416217877e+00 7.110312434045003e-01 1.845622071949943e+00
1804 1.703160416266943e+00 7.110312433559719e-01 1.845622071976527e+00
1805 1.703160416243577e+00 7.110312433790579e-01 1.845622071963857e+00
1806 1.703290534472164e+00 7.109025419115853e-01 1.845692571616092e+00
1807 1.703160416227155e+00 7.110312433953218e-01 1.845622071954969e+00
1808 1.703290534494233e+00 7.109025418897432e-01 1.845692571628045e+00
1809 1.703290534494980e+00 7.109025418890077e-01 1.845692571628451e+00
1810 1.703160416241235e+00 7.110312433814099e-01 1.845622071962603e+00
1811 1.703290534469838e+00 7.109025419138828e-01 1.845692571614830e+00
1812 1.712498107606695e+00 7.016740315415531e-01 1.850674529758349e+00
1813 1.709438210028282e+00 7.047676397402496e-01 1.849020394676527e+00
1814 1.709438210036064e+00 7.047676397324079e-01 1.849020394680733e+00
1815 1.709438210060484e+00 7.047676397078237e-01 1.849020394693938e+00
1816 1.709438210028283e+00 7.047676397402409e-01 1.849020394676525e+00
1817 1.709438210036091e+00 7.047676397324163e-01 1.849020394680761e+00
1818 1.709438210068283e+00 7.047676396999857e-01 1.849020394698161e+00
1819 1.709438210060517e+00 7.047676397078347e-01 1.849020394693973e+00
1820 1.709438210068252e+00 7.047676396999686e-01 1.849020394698126e+00
1821 1.711792749578691e+00 7.023895511799902e-01 1.850293354881059e+00
1822 1.711792749574066e+00 7.023895511847152e-01 1.850293354878574e+00
1823 1.711792749619208e+00 7.023895511389517e-01 1.850293354902964e+00
1824 1.711792749623873e+00 7.023895511342425e-01 1.850293354905493e+00
1825 1.701175243882403e+00 -7.129889741686961e-01 1.844546146802645e+00
1826 1.701175243884266e+00 -7.129889741668579e-01 1.844546146803652e+00
1827 1.711792749574075e+00 7.023895511847220e-01 1.850293354878584e+00
1828 1.701175243919636e+00 -7.129889741320781e-01 1.844546146822829e+00
1829 1.701175243902714e+00 -7.129889741487722e-01 1.844546146813675e+00
1830 1.701175243921518e+00 -7.129889741302347e-01 1.844546146823853e+00
1831 1.711792749623898e+00 7.023895511342482e-01 1.850293354905517e+00
1832 1.709438210048358e+00 7.047676397200797e-01 1.849020394687400e+00
1833 1.709438210048255e+00 7.047676397201688e-01 1.849020394687339e+00
1834 1.711792749599118e+00 7.023895511593397e-01 1.850293354892118e+00
1835 1.711792749598859e+00 7.023895511596221e-01 1.850293354891985e+00
1836 1.709825106614028e+00 -7.043779652798001e-01 1.849229626947228e+00
1837 1.709825106614040e+00 -7.043779652798285e-01 1.849229626947249e+00
1838 1.709825106614053e+00 -7.043779652798179e-01 1.849229626947257e+00
1839 1.709825106614061e+00 -7.043779652798192e-01 1.849229626947266e+00
1840 1.703160416217890e+00 -7.110312434044967e-01 1.845622071949954e+00
1841 1.703160416266963e+00 -7.110312433559662e-01 1.845622071976542e+00
1842 1.703160416257647e+00 -7.110312433651425e-01 1.845622071971481e+00
1843 1.703160416227143e+00 -7.110312433953070e-01 1.845622071954952e+00
1844 1.703290534519355e+00 -7.109025418648578e-01 1.845692571641644e+00
1845 1.703290534517031e+00 -7.109025418671558e-01 1.845692571640385e+00
1846 1.703290534469824e+00 -7.109025419138699e-01 1.845692571614813e+00
1847 1.703290534472146e+00 -7.109025419115692e-01 1.845692571616070e+00
1848 1.703160416217847e+00 -7.110312434044834e-01 1.845622071949909e+00
1849 1.703160416266899e+00 -7.110312433559516e-01 1.845622071976478e+00
1850 1.703160416257643e+00 -7.110312433651504e-01 1.845622071971480e+00
1851 1.703160416243604e+00 -7.110312433790629e-01 1.845622071963885e+00
1852 1.703160416241231e+00 -7.110312433814082e-01 1.845622071962598e+00
1853 1.703290534494949e+00 -7.109025418889918e-01 1.845692571628417e+00
1854 1.703290534494214e+00 -7.109025418897299e-01 1.845692571628023e+00
1855 1.703290534469846e+00 -7.109025419138890e-01 1.845692571614840e+00
1856 1.703290534519394e+00 -7.109025418648856e-01 1.845692571641691e+00
1857 1.703290534517063e+00 -7.109025418671836e-01 1.845692571640425e+00
1858 1.703290534472181e+00 -7.109025419115922e-01 1.845692571616110e+00
1859 1.703160416227168e+00 -7.110312433953191e-01 1.845622071954980e+00
1860 1.703290534494218e+00 -7.109025418897352e-01 1.845692571628028e+00
1861 1.703160416243577e+00 -7.110312433790555e-01 1.845622071963857e+00
1862 1.703160416241210e+00 -7.110312433814034e-01 1.845622071962577e+00
1863 1.703290534494966e+00 -7.109025418890029e-01 1.845692571628437e+00
1864 1.712498107601646e+00 -7.016740315466843e-01 1.850674529755623e+00
1865 1.712498107584413e+00 -7.016740315641629e-01 1.850674529746303e+00
1866 1.712498107601611e+00 -7.016740315466565e-01 1.850674529755580e+00
1867 1.712498107579366e+00 -7.016740315692764e-01 1.850674529743572e+00
1868 1.712498107606699e+00 -7.016740315415324e-01 1.850674529758346e+00
1869 1.712498107606693e+00 -7.016740315415383e-01 1.850674529758342e+00
1870 1.712498107579359e+00 -7.016740315692780e-01 1.850674529743566e+00
1871 1.712498107584391e+00 -7.016740315641496e-01 1.850674529746279e+00
1872 1.709438210028289e+00 -7.047676397402495e-01 1.849020394676534e+00
1873 1.709438210036083e+00 -7.047676397324111e-01 1.849020394680752e+00
1874 1.709438210068295e+00 -7.047676396999918e-01 1.849020394698174e+00
1875 1.711792749623889e+00 -7.023895511342479e-01 1.850293354905509e+00
1876 1.711792749619233e+00 -7.023895511389623e-01 1.850293354902992e+00
1877 1.711792749574063e+00 -7.023895511847233e-01 1.850293354878574e+00
1878 1.709438210028266e+00 -7.047676397402345e-01 1.849020394676506e+00
1879 1.709438210068269e+00 -7.047676396999704e-01 1.849020394698142e+00
1880 1.709438210060510e+00 -7.047676397078261e-01 1.849020394693963e+00
1881 1.709438210048315e+00 -7.047676397200652e-01 1.849020394687354e+00
1882 1.709438210036047e+00 -7.047676397323959e-01 1.849020394680712e+00
1883 1.711792749578736e+00 -7.023895511800047e-01 1.850293354881106e+00
1884 1.709438210048216e+00 -7.047676397201552e-01 1.849020394687297e+00
1885 1.711792749599130e+00 -7.023895511593357e-01 1.850293354892128e+00
1886 1.711792749598852e+00 -7.023895511596141e-01 1.850293354891976e+00
1887 1.711792749574050e+00 -7.023895511847131e-01 1.850293354878557e+00
1888 1.711792749623869e+00 -7.023895511342391e-01 1.850293354905487e+00
1889 1.709438210048337e+00 -7.047676397200799e-01 1.849020394687380e+00
1890 1.709438210048225e+00 -7.047676397201658e-01 1.849020394687309e+00
1891 1.711792749619202e+00 -7.023895511389535e-01 1.850293354902960e+00
1892 1.709438210060472e+00 -7.047676397078364e-01 1.849020394693932e+00
1893 1.711792749578714e+00 -7.023895511800006e-01 1.850293354881084e+00
1894 1.709438210048230e+00 7.047676397201637e-01 1.849020394687313e+00
1895 1.709438210048314e+00 7.047676397200654e-01 1.849020394687353e+00
1896 1.712498107584403e+00 7.016740315641430e-01 1.850674529746287e+00
1897 1.721361283202094e+00 -6.925589499147207e-01 1.855457508652284e+00
1898 1.712498107601621e+00 7.016740315466533e-01 1.850674529755588e+00
1899 1.711792749619216e+00 7.023895511389496e-01 1.850293354902971e+00
1900 1.711792749578720e+00 7.023895511799907e-01 1.850293354881085e+00
1901 1.711792749599119e+00 -7.023895511593483e-01 1.850293354892122e+00
1902 1.711792749598842e+00 -7.023895511596213e-01 1.850293354891970e+00
1903 1.721361283202116e+00 6.925589499147519e-01 1.855457508652316e+00
1904 1.721361283202077e+00 6.925589499147222e-01 1.855457508652269e+00
1905 1.715911295901097e+00 -6.981912463385407e-01 1.852517905949831e+00
1906 1.715911295969696e+00 -6.981912462682066e-01 1.852517905986864e+00
1907 1.715911295911139e+00 -6.981912463282508e-01 1.852517905955254e+00
1908 1.715911295959651e+00 -6.981912462785094e-01 1.852517905981442e+00
1909 1.711792749599130e+00 7.023895511593513e-01 1.850293354892133e+00
1910 1.711792749598801e+00 7.023895511596098e-01 1.850293354891926e+00
1911 1.715911295901090e+00 -6.981912463385329e-01 1.852517905949821e+00
1912 1.715911295969697e+00 -6.981912462681997e-01 1.852517905986862e+00
1913 1.715911295911087e+00 -6.981912463282234e-01 1.852517905955196e+00
1914 1.715911295959614e+00 -6.981912462784873e-01 1.852517905981400e+00
1915 1.715911295933925e+00 -6.981912463048588e-01 1.852517905967544e+00
1916 1.715911295933917e+00 -6.981912463048552e-01 1.852517905967535e+00
1917 1.715911295936843e+00 -6.981912463018767e-01 1.852517905969123e+00
1918 1.721155385465353e+00 -6.927733467400290e-01 1.855346536598963e+00
1919 1.721155385468939e+00 -6.927733467362840e-01 1.855346536600892e+00
1920 1.721155385510632e+00 -6.927733466928838e-01 1.855346536623363e+00
1921 1.715911295969652e+00 6.981912462681983e-01 1.852517905986820e+00
1922 1.715911295933913e+00 6.981912463048565e-01 1.852517905967532e+00
1923 1.715911295911105e+00 6.981912463282373e-01 1.852517905955218e+00
1924 1.715911295901062e+00 6.981912463385407e-01 1.852517905949799e+00
1925 1.715911295901069e+00 6.981912463385324e-01 1.852517905949802e+00
1926 1.715911295933887e+00 6.981912463048379e-01 1.852517905967501e+00
1927 1.715911295911119e+00 6.981912463282346e-01 1.852517905955230e+00
1928 1.715911295936822e+00 6.981912463018705e-01 1.852517905969101e+00
1929 1.715911295936817e+00 -6.981912463018672e-01 1.852517905969095e+00
1930 1.721155385468977e+00 -6.927733467362962e-01 1.855346536600931e+00
1931 1.721155385514225e+00 -6.927733466891366e-01 1.855346536625298e+00
1932 1.715911295969632e+00 6.981912462681898e-01 1.852517905986798e+00
1933 1.715911295959624e+00 6.981912462784944e-01 1.852517905981411e+00
1934 1.715911295936822e+00 6.981912463018606e-01 1.852517905969097e+00
1935 1.717073144588329e+00 -6.969979234662167e-01 1.853144972521759e+00
1936 1.717073144580930e+00 -6.969979234737618e-01 1.853144972517741e+00
1937 1.721155385514227e+00 -6.927733466891384e-01 1.855346536625301e+00
1938 1.721155385489912e+00 -6.927733467144779e-01 1.855346536612206e+00
1939 1.721155385489716e+00 -6.927733467147036e-01 1.855346536612108e+00
1940 1.715911295959617e+00 6.981912462784946e-01 1.852517905981405e+00
1941 1.717073144588329e+00 -6.969979234662144e-01 1.853144972521758e+00
1942 1.717073144552991e+00 -6.969979235025489e-01 1.853144972502681e+00
1943 1.717073144552994e+00 -6.969979235025430e-01 1.853144972502682e+00
1944 1.721155385489676e+00 -6.927733467146977e-01 1.855346536612068e+00
1945 1.717073144580955e+00 -6.969979234737687e-01 1.853144972517767e+00
1946 1.717073144553010e+00 6.969979235025447e-01 1.853144972502697e+00
1947 1.717073144588331e+00 6.969979234662090e-01 1.853144972521758e+00
1948 1.717073144560311e+00 -6.969979234949712e-01 1.853144972506613e+00
1949 1.717073144553003e+00 6.969979235025456e-01 1.853144972502690e+00
1950 1.717073144560365e+00 6.969979234949892e-01 1.853144972506670e+00
1951 1.717073144588290e+00 6.969979234662035e-01 1.853144972521718e+00
1952 1.717073144580988e+00 6.969979234737785e-01 1.853144972517802e+00
1953 1.717073144560347e+00 6.969979234949855e-01 1.853144972506652e+00
1954 1.717073144580979e+00 6.969979234737758e-01 1.853144972517792e+00
1955 1.721155385468955e+00 6.927733467362968e-01 1.855346536600912e+00
1956 1.721155385468955e+00 6.927733467362862e-01 1.855346536600907e+00
1957 1.721155385465346e+00 6.927733467400400e-01 1.855346536598960e+00
1958 1.721155385514235e+00 6.927733466891508e-01 1.855346536625312e+00
1959 1.721155385510641e+00 6.927733466928987e-01 1.855346536623378e+00
1960 1.721155385465334e+00 6.927733467400263e-01 1.855346536598945e+00
1961 1.721155385510620e+00 6.927733466928795e-01 1.855346536623351e+00
1962 1.721155385489901e+00 6.927733467144744e-01 1.855346536612194e+00
1963 1.721155385489683e+00 6.927733467146957e-01 1.855346536612074e+00
1964 1.717073144560326e+00 -6.969979234949786e-01 1.853144972506630e+00
1965 1.717073144571561e+00 -6.969979234834534e-01 1.853144972512705e+00
1966 1.717073144569769e+00 -6.969979234853098e-01 1.853144972511743e+00
1967 1.717073144569754e+00 6.969979234853028e-01 1.853144972511726e+00
1968 1.717073144571556e+00 6.969979234834475e-01 1.853144972512698e+00
1969 1.721155385514218e+00 6.927733466891425e-01 1.855346536625293e+00
1970 1.717073144569722e+00 -6.969979234853021e-01 1.853144972511696e+00
1971 1.717073144571535e+00 -6.969979234834438e-01 1.853144972512677e+00
1972 1.717073144571557e+00 6.969979234834505e-01 1.853144972512700e+00
1973 1.717073144569752e+00 6.969979234853076e-01 1.853144972511727e+00
1974 1.721155385489896e+00 6.927733467144706e-01 1.855346536612188e+00
1975 1.721155385489707e+00 6.927733467147033e-01 1.855346536612099e+00
1976 1.721361283202125e+00 6.925589499147514e-01 1.855457508652324e+00
1977 1.721361283202092e+00 -6.925589499147280e-01 1.855457508652285e+00
1978 1.721361283202085e+00 -6.925589499147288e-01 1.855457508652279e+00
1979 1.721361283202110e+00 -6.925589499147435e-01 1.855457508652308e+00
1980 1.721361283202153e+00 6.925589499147567e-01 1.855457508652352e+00
1981 1.721155385510636e+00 -6.927733466928842e-01 1.855346536623368e+00
1982 1.721155385465325e+00 -6.927733467400241e-01 1.855346536598935e+00
1983 1.721155385489870e+00 -6.927733467144721e-01 1.855346536612164e+00
1984 1.733995337918678e+00 6.791545067109283e-01 1.862254192077299e+00
1985 1.733995337918673e+00 -6.791545067109362e-01 1.862254192077298e+00
1986 1.733995337918660e+00 -6.791545067109339e-01 1.862254192077284e+00
1987 1.734372511600286e+00 -6.787466495454435e-01 1.862456717151797e+00
1988 1.734372511597247e+00 -6.787466495487239e-01 1.862456717150162e+00
1989 1.734372511564837e+00 -6.787466495838026e-01 1.862456717132766e+00
1990 1.734372511567853e+00 -6.787466495805309e-01 1.862456717134381e+00
1991 1.734372511564814e+00 6.787466495838028e-01 1.862456717132744e+00
1992 1.734372511567845e+00 6.787466495805308e-01 1.862456717134374e+00
1993 1.734372511600264e+00 6.787466495454444e-01 1.862456717151777e+00
1994 1.734372511597240e+00 6.787466495487228e-01 1.862456717150155e+00
1995 1.733995337918687e+00 6.791545067109271e-01 1.862254192077307e+00
1996 1.733995337918676e+00 6.791545067109174e-01 1.862254192077294e+00
1997 1.733995337918667e+00 -6.791545067109218e-01 1.862254192077286e+00
1998 1.734372511597250e+00 -6.787466495487231e-01 1.862456717150165e+00
1999 1.734372511600272e+00 -6.787466495454524e-01 1.862456717151787e+00
2000 1.734372511564823e+00 -6.787466495838079e-01 1.862456717132754e+00
2001 1.734372511567849e+00 -6.787466495805423e-01 1.862456717134382e+00
2002 1.733995337918716e+00 6.791545067109466e-01 1.862254192077341e+00
2003 1.734372511600279e+00 6.787466495454533e-01 1.862456717151794e+00
2004 1.734372511597240e+00 6.787466495487254e-01 1.862456717150156e+00
2005 1.734372511567858e+00 6.787466495805339e-01 1.862456717134387e+00
2006 1.734372511564819e+00 6.787466495838048e-01 1.862456717132750e+00
2007 1.736280901617821e+00 -6.766760184673077e-01 1.863481098184675e+00
2008 1.736280901539166e+00 -6.766760185528921e-01 1.863481098142466e+00
2009 1.736280901611638e+00 -6.766760184740029e-01 1.863481098181345e+00
2010 1.736280901545319e+00 -6.766760185461727e-01 1.863481098145759e+00
2011 1.736280901579567e+00 -6.766760185088962e-01 1.863481098164133e+00
2012 1.736280901611631e+00 6.766760184740024e-01 1.863481098181338e+00
2013 1.736280901545309e+00 6.766760185461707e-01 1.863481098145749e+00
2014 1.736280901577375e+00 6.766760185112899e-01 1.863481098162961e+00
2015 1.736280901611641e+00 6.766760184740179e-01 1.863481098181353e+00
2016 1.736280901617810e+00 6.766760184673060e-01 1.863481098184663e+00
2017 1.736280901579576e+00 6.766760185089041e-01 1.863481098164145e+00
2018 1.736280901539152e+00 6.766760185528881e-01 1.863481098142452e+00
2019 1.736280901539152e+00 6.766760185528919e-01 1.863481098142454e+00
2020 1.736280901577373e+00 -6.766760185112838e-01 1.863481098162957e+00
2021 1.736280901617812e+00 6.766760184673100e-01 1.863481098184667e+00
2022 1.736280901545305e+00 6.766760185461820e-01 1.863481098145750e+00
2023 1.736280901579561e+00 6.766760185088948e-01 1.863481098164128e+00
2024 1.736280901577372e+00 6.766760185112833e-01 1.863481098162955e+00
2025 1.733995337918690e+00 -6.791545067109439e-01 1.862254192077316e+00
2026 1.740467418302956e+00 6.720922574001365e-01 1.865726356310423e+00
2027 1.736280901617806e+00 -6.766760184673046e-01 1.863481098184659e+00
2028 1.736280901611621e+00 -6.766760184740072e-01 1.863481098181331e+00
2029 1.736280901539137e+00 -6.766760185528835e-01 1.863481098142437e+00
2030 1.736280901545298e+00 -6.766760185461745e-01 1.863481098145741e+00
2031 1.740467418302990e+00 6.720922574001538e-01 1.865726356310461e+00
2032 1.740467418303011e+00 6.720922574001493e-01 1.865726356310479e+00
2033 1.741359635085548e+00 6.711079580429604e-01 1.866204509171990e+00
2034 1.736280901579550e+00 -6.766760185088987e-01 1.863481098164119e+00
2035 1.736280901577379e+00 -6.766760185112932e-01 1.863481098162965e+00
2036 1.740467418302973e+00 6.720922574001527e-01 1.865726356310445e+00
2037 1.740467418302978e+00 -6.720922574001287e-01 1.865726356310441e+00
2038 1.740467418302979e+00 -6.720922574001367e-01 1.865726356310444e+00
2039 1.741359635090073e+00 6.711079580379568e-01 1.866204509174412e+00
2040 1.741359635103906e+00 6.711079580226814e-01 1.866204509181827e+00
2041 1.741359635099380e+00 6.711079580276803e-01 1.866204509179400e+00
2042 1.740467418303004e+00 -6.720922574001515e-01 1.865726356310474e+00
2043 1.741359635085567e+00 6.711079580429513e-01 1.866204509172003e+00
2044 1.741359635103892e+00 6.711079580226784e-01 1.866204509181812e+00
2045 1.741359635090037e+00 6.711079580379552e-01 1.866204509174378e+00
2046 1.741359635099343e+00 6.711079580276754e-01 1.866204509179364e+00
2047 1.742154619523158e+00 6.702287076945415e-01 1.866630450556235e+00
2048 1.743251851076849e+00 6.690117232561872e-01 1.867218172077669e+00
2049 1.743251851071911e+00 6.690117232616972e-01 1.867218172075034e+00
2050 1.743251851088330e+00 6.690117232434436e-01 1.867218172083822e+00
2051 1.743251851083363e+00 6.690117232489371e-01 1.867218172081154e+00
2052 1.742154619520786e+00 6.702287076972127e-01 1.866630450554980e+00
2053 1.742154619523148e+00 6.702287076945367e-01 1.866630450556224e+00
2054 1.742154619499987e+00 6.702287077202452e-01 1.866630450543839e+00
2055 1.742154619520750e+00 6.702287076971971e-01 1.866630450554941e+00
2056 1.742154619497549e+00 6.702287077228959e-01 1.866630450542515e+00
2057 1.742154619497537e+00 6.702287077228931e-01 1.866630450542503e+00
2058 1.743128247759952e+00 6.691490172971104e-01 1.867151974395328e+00
2059 1.743128247754862e+00 6.691490173027593e-01 1.867151974392600e+00
2060 1.743128247717427e+00 6.691490173442960e-01 1.867151974372538e+00
2061 1.743128247719164e+00 6.691490173423689e-01 1.867151974373468e+00
2062 1.743128247681785e+00 6.691490173839231e-01 1.867151974353464e+00
2063 1.743251851076830e+00 6.690117232561766e-01 1.867218172077648e+00
2064 1.742154619499946e+00 6.702287077202238e-01 1.866630450543793e+00
2065 1.743128247676704e+00 6.691490173895798e-01 1.867151974350748e+00
2066 1.743128247681778e+00 6.691490173839155e-01 1.867151974353455e+00
2067 1.743128247676697e+00 6.691490173895716e-01 1.867151974350739e+00
2068 1.743251851071878e+00 6.690117232616795e-01 1.867218172074997e+00
2069 1.740467418303045e+00 -6.720922574001638e-01 1.865726356310516e+00
2070 1.743251851088319e+00 6.690117232434309e-01 1.867218172083807e+00
2071 1.743251851083348e+00 6.690117232489333e-01 1.867218172081138e+00
2072 1.741359635085528e+00 -6.711079580429495e-01 1.866204509171967e+00
2073 1.741359635090039e+00 -6.711079580379501e-01 1.866204509174378e+00
2074 1.741359635103880e+00 -6.711079580226679e-01 1.866204509181798e+00
2075 1.741359635099344e+00 -6.711079580276741e-01 1.866204509179365e+00
2076 1.743251851071894e+00 -6.690117232616808e-01 1.867218172075012e+00
2077 1.743251851076822e+00 -6.690117232561792e-01 1.867218172077642e+00
2078 1.743251851083356e+00 -6.690117232489372e-01 1.867218172081147e+00
2079 1.741359635085534e+00 -6.711079580429511e-01 1.866204509171972e+00
2080 1.741359635090062e+00 -6.711079580379433e-01 1.866204509174397e+00
2081 1.741359635103875e+00 -6.711079580226641e-01 1.866204509181791e+00
2082 1.741359635099369e+00 -6.711079580276705e-01 1.866204509179388e+00
2083 1.742154619520776e+00 -6.702287076972073e-01 1.866630450554969e+00
2084 1.742154619497594e+00 -6.702287077229110e-01 1.866630450542562e+00
2085 1.742154619523194e+00 -6.702287076945558e-01 1.866630450556274e+00
2086 1.742154619520768e+00 -6.702287076972080e-01 1.866630450554962e+00
2087 1.742154619499972e+00 -6.702287077202409e-01 1.866630450543823e+00
2088 1.742154619499973e+00 -6.702287077202447e-01 1.866630450543825e+00
2089 1.742154619523153e+00 -6.702287076945411e-01 1.866630450556231e+00
2090 1.743251851088323e+00 -6.690117232434307e-01 1.867218172083812e+00
2091 1.742517852241595e+00 6.698262752847155e-01 1.866825033162577e+00
2092 1.742154619497553e+00 -6.702287077229008e-01 1.866630450542520e+00
2093 1.742517852296560e+00 6.698262752237988e-01 1.866825033192024e+00
2094 1.742517852241596e+00 6.698262752847075e-01 1.866825033162576e+00
2095 1.742517852246530e+00 6.698262752792500e-01 1.866825033165223e+00
2096 1.742517852296563e+00 6.698262752237876e-01 1.866825033192023e+00
2097 1.742517852269977e+00 6.698262752532946e-01 1.866825033177795e+00
2098 1.742517852268221e+00 6.698262752552345e-01 1.866825033176852e+00
2099 1.742517852246520e+00 6.698262752792534e-01 1.866825033165214e+00
2100 1.743251851088373e+00 -6.690117232434480e-01 1.867218172083865e+00
2101 1.742517852291627e+00 6.698262752292653e-01 1.866825033189382e+00
2102 1.742517852291627e+00 6.698262752292587e-01 1.866825033189379e+00
2103 1.742517852296530e+00 -6.698262752237771e-01 1.866825033191988e+00
2104 1.742517852241576e+00 -6.698262752847018e-01 1.866825033162554e+00
2105 1.742517852246509e+00 -6.698262752792419e-01 1.866825033165200e+00
2106 1.742517852291616e+00 -6.698262752292508e-01 1.866825033189367e+00
2107 1.742517852268208e+00 -6.698262752552231e-01 1.866825033176836e+00
2108 1.743128247681756e+00 -6.691490173839152e-01 1.867151974353434e+00
2109 1.743128247754842e+00 -6.691490173027482e-01 1.867151974392577e+00
2110 1.743128247676684e+00 -6.691490173895738e-01 1.867151974350727e+00
2111 1.743128247719196e+00 -6.691490173423793e-01 1.867151974373502e+00
2112 1.743128247717460e+00 -6.691490173443063e-01 1.867151974372571e+00
2113 1.743128247719171e+00 -6.691490173423711e-01 1.867151974373475e+00
2114 1.743128247759940e+00 -6.691490172971036e-01 1.867151974395314e+00
2115 1.743128247754851e+00 -6.691490173027590e-01 1.867151974392590e+00
2116 1.743128247717448e+00 -6.691490173443013e-01 1.867151974372559e+00
2117 1.743128247681761e+00 -6.691490173839199e-01 1.867151974353441e+00
2118 1.742517852241604e+00 -6.698262752847194e-01 1.866825033162587e+00
2119 1.742517852296567e+00 -6.698262752237939e-01 1.866825033192030e+00
2120 1.743128247676679e+00 -6.691490173895707e-01 1.867151974350721e+00
2121 1.743128247759931e+00 -6.691490172971009e-01 1.867151974395304e+00
2122 1.742517852269946e+00 -6.698262752532765e-01 1.866825033177760e+00
2123 1.742517852246527e+00 -6.698262752792484e-01 1.866825033165219e+00
2124 1.742517852268207e+00 -6.698262752552235e-01 1.866825033176835e+00
2125 1.742517852291642e+00 -6.698262752292610e-01 1.866825033189394e+00
2126 1.742517852269947e+00 6.698262752532889e-01 1.866825033177765e+00
2127 1.742517852269954e+00 -6.698262752532836e-01 1.866825033177769e+00
2128 1.742517852268204e+00 6.698262752552289e-01 1.866825033176834e+00
2129 1.749491068959036e+00 6.620144541903770e-01 1.870556638523520e+00
2130 1.749491068961567e+00 6.620144541875123e-01 1.870556638524874e+00
2131 1.749491068961627e+00 6.620144541875375e-01 1.870556638524939e+00
2132 1.749491068959090e+00 6.620144541903905e-01 1.870556638523576e+00
2133 1.749491068961611e+00 -6.620144541875292e-01 1.870556638524921e+00
2134 1.749491068959081e+00 -6.620144541903950e-01 1.870556638523570e+00
2135 1.749491068959068e+00 -6.620144541903903e-01 1.870556638523555e+00
2136 1.749491068961587e+00 -6.620144541875225e-01 1.870556638524896e+00
2137 1.743251851083397e+00 -6.690117232489442e-01 1.867218172081188e+00
2138 1.743251851071934e+00 -6.690117232616981e-01 1.867218172075056e+00
2139 1.743251851076854e+00 -6.690117232561869e-01 1.867218172077674e+00
2140 1.743128247759922e+00 6.691490172970920e-01 1.867151974395293e+00
2141 1.743128247754850e+00 6.691490173027511e-01 1.867151974392586e+00
2142 1.743128247717433e+00 6.691490173442980e-01 1.867151974372544e+00
2143 1.743128247719176e+00 6.691490173423738e-01 1.867151974373481e+00
2144 1.751984644217856e+00 6.591806238493572e-01 1.871889229744537e+00
2145 1.751984644221155e+00 6.591806238456051e-01 1.871889229746303e+00
2146 1.751984644267712e+00 6.591806237924950e-01 1.871889229771176e+00
2147 1.751984644264428e+00 6.591806237962472e-01 1.871889229769423e+00
2148 1.751984644267687e+00 6.591806237924848e-01 1.871889229771148e+00
2149 1.751984644217866e+00 -6.591806238493545e-01 1.871889229744546e+00
2150 1.751984644221170e+00 -6.591806238455999e-01 1.871889229746315e+00
2151 1.751984644267709e+00 -6.591806237924884e-01 1.871889229771171e+00
2152 1.751984644264434e+00 -6.591806237962400e-01 1.871889229769426e+00
2153 1.751984644217839e+00 6.591806238493452e-01 1.871889229744516e+00
2154 1.751984644221122e+00 6.591806238455906e-01 1.871889229746267e+00
2155 1.751984644264387e+00 6.591806237962344e-01 1.871889229769380e+00
2156 1.751984644267718e+00 -6.591806237924938e-01 1.871889229771181e+00
2157 1.751984644264430e+00 -6.591806237962463e-01 1.871889229769425e+00
2158 1.751984644217875e+00 -6.591806238493534e-01 1.871889229744554e+00
2159 1.751984644221162e+00 -6.591806238456120e-01 1.871889229746312e+00
2160 1.749906437892520e+00 6.615439021016697e-01 1.870778681668569e+00
2161 1.749906437871531e+00 6.615439021254725e-01 1.870778681657354e+00
2162 1.749906437865783e+00 6.615439021319905e-01 1.870778681654282e+00
2163 1.749906437865799e+00 6.615439021320036e-01 1.870778681654302e+00
2164 1.749906437871549e+00 6.615439021254853e-01 1.870778681657375e+00
2165 1.756126490313651e+00 -6.544254965851302e-01 1.874100579094419e+00
2166 1.749906437865781e+00 -6.615439021319930e-01 1.870778681654281e+00
2167 1.749906437892525e+00 -6.615439021016729e-01 1.870778681668575e+00
2168 1.749906437871537e+00 -6.615439021254769e-01 1.870778681657361e+00
2169 1.749906437892528e+00 6.615439021016746e-01 1.870778681668579e+00
2170 1.749906437886778e+00 6.615439021081958e-01 1.870778681665506e+00
2171 1.749906437878457e+00 6.615439021176495e-01 1.870778681661066e+00
2172 1.756126490313657e+00 6.544254965851519e-01 1.874100579094432e+00
2173 1.749906437865776e+00 -6.615439021319947e-01 1.870778681654277e+00
2174 1.749906437892527e+00 -6.615439021016815e-01 1.870778681668581e+00
2175 1.749906437871552e+00 -6.615439021254776e-01 1.870778681657375e+00
2176 1.749906437886790e+00 6.615439021081957e-01 1.870778681665518e+00
2177 1.749906437879888e+00 6.615439021160219e-01 1.870778681661829e+00
2178 1.749906437886775e+00 -6.615439021081949e-01 1.870778681665503e+00
2179 1.749906437879877e+00 -6.615439021160281e-01 1.870778681661821e+00
2180 1.749906437878445e+00 -6.615439021176526e-01 1.870778681661055e+00
2181 1.749906437886784e+00 -6.615439021081942e-01 1.870778681665511e+00
2182 1.749906437878442e+00 -6.615439021176416e-01 1.870778681661049e+00
2183 1.749906437879877e+00 -6.615439021160239e-01 1.870778681661819e+00
2184 1.749906437879889e+00 6.615439021160321e-01 1.870778681661834e+00
2185 1.749906437878471e+00 6.615439021176601e-01 1.870778681661083e+00
2186 1.756126490313676e+00 -6.544254965851442e-01 1.874100579094448e+00
2187 1.756126490313715e+00 6.544254965851577e-01 1.874100579094489e+00
2188 1.756126490313687e+00 6.544254965851570e-01 1.874100579094462e+00
2189 1.756126490313631e+00 -6.544254965851422e-01 1.874100579094404e+00
2190 1.756126490313691e+00 6.544254965851627e-01 1.874100579094468e+00
2191 1.757083952852685e+00 -6.533176013463449e-01 1.874611401224627e+00
2192 1.757083952854626e+00 -6.533176013440826e-01 1.874611401225657e+00
2193 1.757132945674150e+00 -6.532608228255817e-01 1.874637536008566e+00
2194 1.757132945665691e+00 -6.532608228353869e-01 1.874637536004055e+00
2195 1.757083952834641e+00 -6.533176013672075e-01 1.874611401214985e+00
2196 1.757083952833986e+00 -6.533176013679636e-01 1.874611401214634e+00
2197 1.757083952816002e+00 -6.533176013888486e-01 1.874611401205056e+00
2198 1.757083952814052e+00 -6.533176013911068e-01 1.874611401204016e+00
2199 1.757083952815998e+00 -6.533176013888522e-01 1.874611401205054e+00
2200 1.757083952814047e+00 -6.533176013911097e-01 1.874611401204011e+00
2201 1.757943990152282e+00 -6.523196361892454e-01 1.875070126760756e+00
2202 1.757943990158853e+00 -6.523196361815979e-01 1.875070126764256e+00
2203 1.757132945674150e+00 -6.532608228255818e-01 1.874637536008567e+00
2204 1.757132945665697e+00 -6.532608228353858e-01 1.874637536004060e+00
2205 1.757132945632873e+00 -6.532608228734353e-01 1.874637535986553e+00
2206 1.757132945624409e+00 -6.532608228832387e-01 1.874637535982036e+00
2207 1.757132945624404e+00 -6.532608228832412e-01 1.874637535982032e+00
2208 1.757132945632863e+00 -6.532608228734290e-01 1.874637535986541e+00
2209 1.757943990152287e+00 -6.523196361892398e-01 1.875070126760758e+00
2210 1.757943990158833e+00 -6.523196361816006e-01 1.875070126764237e+00
2211 1.757943990041776e+00 -6.523196363176281e-01 1.875070126701816e+00
2212 1.757943990099133e+00 -6.523196362510022e-01 1.875070126732411e+00
2213 1.757943990101524e+00 -6.523196362482346e-01 1.875070126733690e+00
2214 1.757943990099139e+00 -6.523196362509973e-01 1.875070126732415e+00
2215 1.757943990041765e+00 -6.523196363176297e-01 1.875070126701805e+00
2216 1.757943990048369e+00 -6.523196363099923e-01 1.875070126705340e+00
2217 1.757943990048372e+00 -6.523196363099805e-01 1.875070126705339e+00
2218 1.757132945649282e+00 -6.532608228543877e-01 1.874637535995296e+00
2219 1.757132945649247e+00 -6.532608228544323e-01 1.874637535995279e+00
2220 1.757943990101484e+00 -6.523196362482255e-01 1.875070126733650e+00
2221 1.757943990152264e+00 6.523196361892443e-01 1.875070126760739e+00
2222 1.757943990158837e+00 6.523196361815901e-01 1.875070126764238e+00
2223 1.757943990041757e+00 6.523196363176228e-01 1.875070126701796e+00
2224 1.757943990152280e+00 6.523196361892402e-01 1.875070126760752e+00
2225 1.757943990048349e+00 6.523196363099922e-01 1.875070126705321e+00
2226 1.757943990158853e+00 6.523196361815953e-01 1.875070126764255e+00
2227 1.757943990041778e+00 6.523196363176250e-01 1.875070126701816e+00
2228 1.757943990099136e+00 6.523196362509940e-01 1.875070126732411e+00
2229 1.757943990048376e+00 6.523196363099939e-01 1.875070126705348e+00
2230 1.757943990099108e+00 6.523196362509909e-01 1.875070126732384e+00
2231 1.757943990101539e+00 6.523196362482309e-01 1.875070126733703e+00
2232 1.757943990101512e+00 6.523196362482272e-01 1.875070126733676e+00
2233 1.757132945674150e+00 6.532608228255816e-01 1.874637536008567e+00
2234 1.757083952814047e+00 6.533176013911082e-01 1.874611401204012e+00
2235 1.757083952834012e+00 6.533176013679802e-01 1.874611401214664e+00
2236 1.757083952834668e+00 6.533176013672226e-01 1.874611401215016e+00
2237 1.757083952852667e+00 6.533176013463380e-01 1.874611401224607e+00
2238 1.757083952814039e+00 6.533176013911048e-01 1.874611401204003e+00
2239 1.757083952815991e+00 6.533176013888478e-01 1.874611401205046e+00
2240 1.757083952815985e+00 6.533176013888472e-01 1.874611401205040e+00
2241 1.757083952852655e+00 6.533176013463370e-01 1.874611401224596e+00
2242 1.757083952854631e+00 6.533176013440871e-01 1.874611401225664e+00
2243 1.757083952854618e+00 6.533176013440841e-01 1.874611401225651e+00
2244 1.757132945665680e+00 6.532608228353797e-01 1.874637536004042e+00
2245 1.757132945674149e+00 6.532608228255810e-01 1.874637536008566e+00
2246 1.757132945665683e+00 6.532608228353852e-01 1.874637536004047e+00
2247 1.757132945624401e+00 6.532608228832313e-01 1.874637535982026e+00
2248 1.757132945632854e+00 6.532608228734261e-01 1.874637535986532e+00
2249 1.757132945624375e+00 6.532608228832205e-01 1.874637535981998e+00
2250 1.757132945632860e+00 6.532608228734327e-01 1.874637535986540e+00
2251 1.757132945649248e+00 6.532608228544250e-01 1.874637535995277e+00
2252 1.757132945649295e+00 6.532608228543807e-01 1.874637535995305e+00
2253 1.757132945649264e+00 6.532608228544180e-01 1.874637535995290e+00
2254 1.757132945649300e+00 6.532608228544022e-01 1.874637535995318e+00
2255 1.757083952834668e+00 6.533176013672222e-01 1.874611401215015e+00
2256 1.757083952834013e+00 6.533176013679813e-01 1.874611401214666e+00
2257 1.756126490313673e+00 -6.544254965851461e-01 1.874100579094445e+00
2258 1.764147941619720e+00 6.450410245270495e-01 1.878375863144542e+00
2259 1.764147941621979e+00 6.450410245243284e-01 1.878375863145728e+00
2260 1.764147941637912e+00 6.450410245054585e-01 1.878375863154212e+00
2261 1.764147941640223e+00 6.450410245027668e-01 1.878375863155459e+00
2262 1.764147941619752e+00 6.450410245270475e-01 1.878375863144570e+00
2263 1.764147941622008e+00 6.450410245243442e-01 1.878375863145762e+00
2264 1.764147941637976e+00 6.450410245054733e-01 1.878375863154278e+00
2265 1.764147941640261e+00 6.450410245027640e-01 1.878375863155493e+00
2266 1.767752388083589e+00 6.407466508369724e-01 1.880293800482793e+00
2267 1.767613585972445e+00 6.409129289751619e-01 1.880219979641182e+00
2268 1.757083952852645e+00 -6.533176013463355e-01 1.874611401224586e+00
2269 1.757083952854617e+00 -6.533176013440825e-01 1.874611401225650e+00
2270 1.767613585973184e+00 6.409129289742532e-01 1.880219979641567e+00
2271 1.757083952833993e+00 -6.533176013679691e-01 1.874611401214643e+00
2272 1.757083952834663e+00 -6.533176013672165e-01 1.874611401215009e+00
2273 1.767613585972442e+00 6.409129289751651e-01 1.880219979641181e+00
2274 1.767613585973252e+00 6.409129289742719e-01 1.880219979641637e+00
2275 1.767613585973215e+00 -6.409129289742572e-01 1.880219979641598e+00
2276 1.767613585972462e+00 -6.409129289751606e-01 1.880219979641197e+00
2277 1.757132945649306e+00 -6.532608228543972e-01 1.874637535995322e+00
2278 1.757132945649249e+00 -6.532608228544420e-01 1.874637535995284e+00
2279 1.764147941640235e+00 -6.450410245027602e-01 1.878375863155468e+00
2280 1.764147941637953e+00 -6.450410245054665e-01 1.878375863154254e+00
2281 1.764147941619747e+00 -6.450410245270529e-01 1.878375863144568e+00
2282 1.764147941622038e+00 -6.450410245243429e-01 1.878375863145789e+00
2283 1.764147941619742e+00 -6.450410245270491e-01 1.878375863144562e+00
2284 1.764147941622024e+00 -6.450410245243415e-01 1.878375863145776e+00
2285 1.767613585972472e+00 -6.409129289751627e-01 1.880219979641208e+00
2286 1.767613585973222e+00 -6.409129289742596e-01 1.880219979641605e+00
2287 1.767752388083600e+00 6.407466508369747e-01 1.880293800482805e+00
2288 1.764147941640249e+00 -6.450410245027631e-01 1.878375863155482e+00
2289 1.764147941637943e+00 -6.450410245054810e-01 1.878375863154250e+00
2290 1.767752388083616e+00 -6.407466508369949e-01 1.880293800482827e+00
2291 1.767752388083597e+00 -6.407466508369821e-01 1.880293800482805e+00
2292 1.763444367926222e+00 6.458735921508162e-01 1.878001260864463e+00
2293 1.763444367930066e+00 6.458735921462272e-01 1.878001260866494e+00
2294 1.763444367926232e+00 -6.458735921508243e-01 1.878001260864475e+00
2295 1.763444367926230e+00 6.458735921508292e-01 1.878001260864474e+00
2296 1.763444367963031e+00 6.458735921072776e-01 1.878001260884053e+00
2297 1.763444367930146e+00 6.458735921462555e-01 1.878001260866579e+00
2298 1.763444367966932e+00 6.458735921026930e-01 1.878001260886139e+00
2299 1.763444367926216e+00 -6.458735921508154e-01 1.878001260864457e+00
2300 1.763444367930105e+00 -6.458735921462413e-01 1.878001260866535e+00
2301 1.763444367966942e+00 -6.458735921027027e-01 1.878001260886151e+00
2302 1.763444367963066e+00 -6.458735921072900e-01 1.878001260884090e+00
2303 1.763444367966942e+00 6.458735921027084e-01 1.878001260886154e+00
2304 1.763444367946475e+00 6.458735921268582e-01 1.878001260875241e+00
2305 1.763444367946669e+00 6.458735921266435e-01 1.878001260875349e+00
2306 1.763444367930111e+00 -6.458735921462384e-01 1.878001260866540e+00
2307 1.763444367963058e+00 -6.458735921072811e-01 1.878001260884079e+00
2308 1.763444367966925e+00 -6.458735921026925e-01 1.878001260886132e+00
2309 1.763444367946677e+00 -6.458735921266527e-01 1.878001260875360e+00
2310 1.763444367946502e+00 -6.458735921268739e-01 1.878001260875272e+00
2311 1.763444367963110e+00 6.458735921073069e-01 1.878001260884137e+00
2312 1.763444367946503e+00 6.458735921268806e-01 1.878001260875274e+00
2313 1.763444367946508e+00 -6.458735921268751e-01 1.878001260875277e+00
2314 1.763444367946657e+00 6.458735921266456e-01 1.878001260875339e+00
2315 1.777771614035426e+00 6.285469881581645e-01 1.885614814322593e+00
2316 1.777771614032841e+00 6.285469881613674e-01 1.885614814321223e+00
2317 1.779813958529747e+00 6.260113338266613e-01 1.886697622052024e+00
2318 1.767752388083564e+00 6.407466508369734e-01 1.880293800482771e+00
2319 1.767752388083568e+00 6.407466508369795e-01 1.880293800482777e+00
2320 1.776052185778277e+00 6.306686965866138e-01 1.884702727610392e+00
2321 1.776052185778228e+00 6.306686965866142e-01 1.884702727610347e+00
2322 1.772918143187253e+00 6.345057478763365e-01 1.883039109134658e+00
2323 1.772918143189335e+00 6.345057478738039e-01 1.883039109135765e+00
2324 1.772918143198519e+00 6.345057478626175e-01 1.883039109140642e+00
2325 1.772918143187230e+00 6.345057478763436e-01 1.883039109134639e+00
2326 1.772918143189316e+00 6.345057478738194e-01 1.883039109135752e+00
2327 1.772918143198497e+00 6.345057478626265e-01 1.883039109140624e+00
2328 1.772918143200593e+00 6.345057478600817e-01 1.883039109141741e+00
2329 1.772918143200588e+00 6.345057478600954e-01 1.883039109141741e+00
2330 1.763444367946661e+00 -6.458735921266435e-01 1.878001260875342e+00
2331 1.776052185778270e+00 6.306686965866131e-01 1.884702727610386e+00
2332 1.767752388083576e+00 -6.407466508369698e-01 1.880293800482781e+00
2333 1.769236044384336e+00 6.389647157630003e-01 1.881082690563820e+00
2334 1.769236044366691e+00 6.389647157842157e-01 1.881082690554432e+00
2335 1.769236044386233e+00 6.389647157607138e-01 1.881082690564828e+00
2336 1.769236044368597e+00 6.389647157819309e-01 1.881082690555448e+00
2337 1.767752388083600e+00 -6.407466508369826e-01 1.880293800482808e+00
2338 1.769236044384331e+00 6.389647157630037e-01 1.881082690563818e+00
2339 1.769236044366689e+00 6.389647157842198e-01 1.881082690554431e+00
2340 1.769236044386231e+00 6.389647157607184e-01 1.881082690564829e+00
2341 1.776052185778275e+00 -6.306686965866317e-01 1.884702727610397e+00
2342 1.776052185778270e+00 -6.306686965866179e-01 1.884702727610387e+00
2343 1.769236044368607e+00 6.389647157819432e-01 1.881082690555462e+00
2344 1.776052185778235e+00 -6.306686965866111e-01 1.884702727610352e+00
2345 1.769236044386207e+00 -6.389647157607028e-01 1.881082690564800e+00
2346 1.769236044384308e+00 -6.389647157629887e-01 1.881082690563790e+00
2347 1.769236044366680e+00 -6.389647157842041e-01 1.881082690554417e+00
2348 1.769236044368580e+00 -6.389647157819195e-01 1.881082690555429e+00
2349 1.769479477607585e+00 6.386715380095569e-01 1.881212097329247e+00
2350 1.769479477638400e+00 6.386715379724254e-01 1.881212097345625e+00
2351 1.769479477605952e+00 6.386715380115137e-01 1.881212097328375e+00
2352 1.769479477622381e+00 6.386715379917596e-01 1.881212097337122e+00
2353 1.769479477605963e+00 6.386715380115100e-01 1.881212097328385e+00
2354 1.769479477640032e+00 6.386715379704780e-01 1.881212097346499e+00
2355 1.769479477638408e+00 6.386715379724278e-01 1.881212097345634e+00
2356 1.769479477640046e+00 6.386715379704749e-01 1.881212097346512e+00
2357 1.769236044386207e+00 -6.389647157607006e-01 1.881082690564800e+00
2358 1.777771614032825e+00 -6.285469881613610e-01 1.885614814321205e+00
2359 1.777771614035416e+00 -6.285469881581603e-01 1.885614814322581e+00
2360 1.769479477607576e+00 6.386715380095492e-01 1.881212097329236e+00
2361 1.777771614032834e+00 -6.285469881613643e-01 1.885614814321215e+00
2362 1.777771614035396e+00 -6.285469881581557e-01 1.885614814322561e+00
2363 1.772918143189314e+00 -6.345057478738043e-01 1.883039109135745e+00
2364 1.772918143200573e+00 -6.345057478600858e-01 1.883039109141723e+00
2365 1.772918143198502e+00 -6.345057478626189e-01 1.883039109140627e+00
2366 1.772918143200581e+00 -6.345057478600741e-01 1.883039109141727e+00
2367 1.769479477622369e+00 6.386715379917489e-01 1.881212097337107e+00
2368 1.769479477623642e+00 6.386715379902370e-01 1.881212097337791e+00
2369 1.772918143189383e+00 -6.345057478738247e-01 1.883039109135817e+00
2370 1.772918143187233e+00 -6.345057478763414e-01 1.883039109134640e+00
2371 1.772918143198514e+00 -6.345057478626182e-01 1.883039109140637e+00
2372 1.769334666413150e+00 6.388459681441574e-01 1.881135118162802e+00
2373 1.769334666454371e+00 6.388459680944942e-01 1.881135118184707e+00
2374 1.769334666450500e+00 6.388459680991704e-01 1.881135118182654e+00
2375 1.769334666417034e+00 6.388459681394763e-01 1.881135118164865e+00
2376 1.769479477623616e+00 6.386715379902292e-01 1.881212097337764e+00
2377 1.769334666454384e+00 6.388459680944958e-01 1.881135118184719e+00
2378 1.769334666450498e+00 6.388459680991723e-01 1.881135118182653e+00
2379 1.769334666413145e+00 6.388459681441593e-01 1.881135118162798e+00
2380 1.769334666417030e+00 6.388459681394810e-01 1.881135118164864e+00
2381 1.769334666433047e+00 6.388459681201533e-01 1.881135118173364e+00
2382 1.769334666434423e+00 6.388459681184824e-01 1.881135118174091e+00
2383 1.769334666434446e+00 6.388459681184890e-01 1.881135118174116e+00
2384 1.772918143187257e+00 -6.345057478763383e-01 1.883039109134662e+00
2385 1.769334666433058e+00 6.388459681201557e-01 1.881135118173375e+00
2386 1.769236044384336e+00 -6.389647157629991e-01 1.881082690563820e+00
2387 1.769236044366682e+00 -6.389647157842183e-01 1.881082690554424e+00
2388 1.769236044368618e+00 -6.389647157819431e-01 1.881082690555472e+00
2389 1.769479477639992e+00 -6.386715379704597e-01 1.881212097346456e+00
2390 1.769479477638382e+00 -6.386715379724206e-01 1.881212097345607e+00
2391 1.769334666413103e+00 -6.388459681441367e-01 1.881135118162751e+00
2392 1.769334666454351e+00 -6.388459680944846e-01 1.881135118184685e+00
2393 1.769334666450483e+00 -6.388459680991623e-01 1.881135118182636e+00
2394 1.769334666417017e+00 -6.388459681394731e-01 1.881135118164848e+00
2395 1.769334666454364e+00 -6.388459680944871e-01 1.881135118184698e+00
2396 1.769479477605938e+00 -6.386715380115042e-01 1.881212097328359e+00
2397 1.769479477607558e+00 -6.386715380095525e-01 1.881212097329220e+00
2398 1.769479477640028e+00 -6.386715379704864e-01 1.881212097346498e+00
2399 1.769479477638424e+00 -6.386715379724482e-01 1.881212097345657e+00
2400 1.769479477623615e+00 -6.386715379902299e-01 1.881212097337763e+00
2401 1.769479477622346e+00 -6.386715379917506e-01 1.881212097337086e+00
2402 1.769334666450522e+00 -6.388459680991799e-01 1.881135118182678e+00
2403 1.769334666413151e+00 -6.388459681441508e-01 1.881135118162800e+00
2404 1.769334666417020e+00 -6.388459681394693e-01 1.881135118164850e+00
2405 1.769334666434421e+00 -6.388459681184802e-01 1.881135118174089e+00
2406 1.769479477605947e+00 -6.386715380115161e-01 1.881212097328372e+00
2407 1.769334666433039e+00 -6.388459681201519e-01 1.881135118173357e+00
2408 1.769479477622338e+00 -6.386715379917496e-01 1.881212097337078e+00
2409 1.769479477623592e+00 -6.386715379902257e-01 1.881212097337741e+00
2410 1.779813958549491e+00 -6.260113338020654e-01 1.886697622062488e+00
2411 1.779813958557162e+00 -6.260113337924958e-01 1.886697622066551e+00
2412 1.779813958540119e+00 -6.260113338137370e-01 1.886697622057521e+00
2413 1.779813958539119e+00 -6.260113338149857e-01 1.886697622056992e+00
2414 1.779813958529753e+00 -6.260113338266571e-01 1.886697622052029e+00
2415 1.779813958522060e+00 -6.260113338362303e-01 1.886697622047948e+00
2416 1.779813958522083e+00 -6.260113338362303e-01 1.886697622047970e+00
2417 1.769334666434474e+00 -6.388459681184935e-01 1.881135118174143e+00
2418 1.779813958529790e+00 -6.260113338266685e-01 1.886697622052068e+00
2419 1.779813958539137e+00 -6.260113338149967e-01 1.886697622057012e+00
2420 1.779813958549513e+00 -6.260113338020726e-01 1.886697622062513e+00
2421 1.779813958557174e+00 -6.260113337924954e-01 1.886697622066562e+00
2422 1.779813958540138e+00 -6.260113338137460e-01 1.886697622057542e+00
2423 1.769479477607576e+00 -6.386715380095608e-01 1.881212097329240e+00
2424 1.769334666433095e+00 -6.388459681201666e-01 1.881135118173414e+00
2425 1.776052185778255e+00 -6.306686965866060e-01 1.884702727610370e+00
2426 1.776052185778262e+00 6.306686965866244e-01 1.884702727610382e+00
2427 1.777771614032853e+00 6.285469881613814e-01 1.885614814321239e+00
2428 1.777771614035427e+00 6.285469881581784e-01 1.885614814322598e+00
2429 1.780752667163453e+00 -6.248401978643348e-01 1.887195097089035e+00
2430 1.780752667165129e+00 -6.248401978622367e-01 1.887195097089922e+00
2431 1.780752667225980e+00 6.248401977862145e-01 1.887195097122170e+00
2432 1.780752667224302e+00 6.248401977883136e-01 1.887195097121282e+00
2433 1.780752667225973e+00 -6.248401977862117e-01 1.887195097122162e+00
2434 1.780752667224292e+00 -6.248401977883113e-01 1.887195097121272e+00
2435 1.780752667225995e+00 -6.248401977862214e-01 1.887195097122186e+00
2436 1.780752667224321e+00 -6.248401977883187e-01 1.887195097121301e+00
2437 1.780752667163461e+00 6.248401978643390e-01 1.887195097089045e+00
2438 1.780752667165135e+00 6.248401978622371e-01 1.887195097089928e+00
2439 1.780752667163498e+00 6.248401978643573e-01 1.887195097089085e+00
2440 1.780752667165101e+00 -6.248401978622300e-01 1.887195097089894e+00
2441 1.780752667163443e+00 -6.248401978643431e-01 1.887195097089028e+00
2442 1.780752667226028e+00 6.248401977862338e-01 1.887195097122221e+00
2443 1.780752667224326e+00 6.248401977883190e-01 1.887195097121306e+00
2444 1.780752667165139e+00 6.248401978622423e-01 1.887195097089933e+00
2445 1.779813958522063e+00 6.260113338362285e-01 1.886697622047951e+00
2446 1.779813958557172e+00 6.260113337924922e-01 1.886697622066559e+00
2447 1.779813958549485e+00 6.260113338020655e-01 1.886697622062483e+00
2448 1.779813958522074e+00 6.260113338362348e-01 1.886697622047963e+00
2449 1.779813958557192e+00 6.260113337924936e-01 1.886697622066578e+00
2450 1.779813958549507e+00 6.260113338020734e-01 1.886697622062507e+00
2451 1.779813958529758e+00 6.260113338266536e-01 1.886697622052032e+00
2452 1.779813958539127e+00 6.260113338149907e-01 1.886697622057001e+00
2453 1.779813958540134e+00 6.260113338137409e-01 1.886697622057536e+00
2454 1.779813958540113e+00 6.260113338137310e-01 1.886697622057513e+00
2455 1.779813958539106e+00 6.260113338149798e-01 1.886697622056977e+00
2456 1.783028725349078e+00 6.219855426146856e-01 1.888400765367786e+00
2457 1.783028725315876e+00 6.219855426564815e-01 1.888400765350204e+00
2458 1.783028725324156e+00 6.219855426460635e-01 1.888400765354590e+00
2459 1.783028725340799e+00 6.219855426251081e-01 1.888400765363402e+00
2460 1.783028725349087e+00 6.219855426146936e-01 1.888400765367798e+00
2461 1.783028725315903e+00 6.219855426564860e-01 1.888400765350231e+00
2462 1.783028725315895e+00 -6.219855426564841e-01 1.888400765350223e+00
2463 1.783028725349097e+00 -6.219855426146934e-01 1.888400765367807e+00
2464 1.783028725340817e+00 -6.219855426251120e-01 1.888400765363421e+00
2465 1.783028725324179e+00 -6.219855426460672e-01 1.888400765354613e+00
2466 1.783028725324178e+00 6.219855426460685e-01 1.888400765354613e+00
2467 1.783028725340834e+00 6.219855426251096e-01 1.888400765363436e+00
2468 1.783028725332467e+00 6.219855426355938e-01 1.888400765358989e+00
2469 1.783028725332472e+00 6.219855426355813e-01 1.888400765358990e+00
2470 1.783028725349116e+00 -6.219855426147008e-01 1.888400765367828e+00
2471 1.783028725315913e+00 -6.219855426564930e-01 1.888400765350243e+00
2472 1.783028725340821e+00 -6.219855426251173e-01 1.888400765363426e+00
2473 1.783028725324143e+00 -6.219855426460501e-01 1.888400765354574e+00
2474 1.783028725332482e+00 -6.219855426355894e-01 1.888400765359002e+00
2475 1.783028725332503e+00 -6.219855426355885e-01 1.888400765359021e+00
2476 1.783028725332505e+00 6.219855426355794e-01 1.888400765359020e+00
2477 1.783028725332498e+00 6.219855426355924e-01 1.888400765359018e+00
2478 1.783028725332523e+00 -6.219855426356029e-01 1.888400765359046e+00
2479 1.784210339466746e+00 6.204950793166892e-01 1.889026383859226e+00
2480 1.784210339516001e+00 6.204950792544374e-01 1.889026383885301e+00
2481 1.784210339476403e+00 6.204950793044852e-01 1.889026383864339e+00
2482 1.784210339466745e+00 6.204950793166905e-01 1.889026383859226e+00
2483 1.784210339515998e+00 6.204950792544343e-01 1.889026383885296e+00
2484 1.784210339506350e+00 6.204950792666430e-01 1.889026383880195e+00
2485 1.784210339466739e+00 -6.204950793166912e-01 1.889026383859221e+00
2486 1.784210339476389e+00 -6.204950793044826e-01 1.889026383864325e+00
2487 1.784210339516001e+00 -6.204950792544419e-01 1.889026383885302e+00
2488 1.784210339515993e+00 -6.204950792544432e-01 1.889026383885294e+00
2489 1.784210339466761e+00 -6.204950793166977e-01 1.889026383859244e+00
2490 1.784210339506327e+00 -6.204950792666327e-01 1.889026383880169e+00
2491 1.784210339506350e+00 -6.204950792666424e-01 1.889026383880194e+00
2492 1.784210339492037e+00 6.204950792847725e-01 1.889026383872630e+00
2493 1.784210339491966e+00 -6.204950792847556e-01 1.889026383872557e+00
2494 1.784210339476411e+00 -6.204950793044838e-01 1.889026383864346e+00
2495 1.784210339506374e+00 6.204950792666383e-01 1.889026383880215e+00
2496 1.784210339490769e+00 6.204950792863733e-01 1.889026383871959e+00
2497 1.784210339490705e+00 -6.204950792863573e-01 1.889026383871893e+00
2498 1.784210339492021e+00 -6.204950792847654e-01 1.889026383872612e+00
2499 1.784210339476419e+00 6.204950793045004e-01 1.889026383864359e+00
2500 1.783028725332490e+00 -6.219855426355869e-01 1.888400765359009e+00
2501 1.789878908215779e+00 -6.132628394381736e-01 1.892024792731713e+00
2502 1.784210339491969e+00 6.204950792847566e-01 1.889026383872561e+00
2503 1.784210339490707e+00 6.204950792863589e-01 1.889026383871895e+00
2504 1.789878908211085e+00 -6.132628394442352e-01 1.892024792729237e+00
2505 1.784210339490775e+00 -6.204950792863811e-01 1.889026383871967e+00
2506 1.789878908195203e+00 -6.132628394646944e-01 1.892024792720844e+00
2507 1.789878908211072e+00 6.132628394442228e-01 1.892024792729221e+00
2508 1.789878908195190e+00 6.132628394646832e-01 1.892024792720828e+00
2509 1.789878908190486e+00 6.132628394707434e-01 1.892024792718342e+00
2510 1.789878908215780e+00 6.132628394381671e-01 1.892024792731712e+00
2511 1.789878908190501e+00 -6.132628394707540e-01 1.892024792718360e+00
2512 1.789878908215779e+00 -6.132628394381774e-01 1.892024792731714e+00
2513 1.789878908211077e+00 -6.132628394442279e-01 1.892024792729227e+00
2514 1.789878908195189e+00 -6.132628394646877e-01 1.892024792720828e+00
2515 1.789878908190498e+00 -6.132628394707437e-01 1.892024792718354e+00
2516 1.791714605691992e+00 -6.108911384432172e-01 1.892994773177797e+00
2517 1.794823280850210e+00 -6.068409612031453e-01 1.894636261047452e+00
2518 1.791714605692045e+00 -6.108911384432180e-01 1.892994773177848e+00
2519 1.794823280851583e+00 -6.068409612013397e-01 1.894636261048174e+00
2520 1.794823280850242e+00 -6.068409612031623e-01 1.894636261047488e+00
2521 1.794823280851582e+00 -6.068409612013466e-01 1.894636261048175e+00
2522 1.791714605691969e+00 -6.108911384432011e-01 1.892994773177770e+00
2523 1.791921971463889e+00 -6.106222982919918e-01 1.893104313815387e+00
2524 1.791921971463836e+00 -6.106222982919763e-01 1.893104313815331e+00
2525 1.789878908190483e+00 6.132628394707471e-01 1.892024792718341e+00
2526 1.789878908195205e+00 6.132628394646780e-01 1.892024792720840e+00
2527 1.789878908215752e+00 6.132628394381628e-01 1.892024792731684e+00
2528 1.789878908211072e+00 6.132628394442213e-01 1.892024792729220e+00
2529 1.796292619484598e+00 -6.049116167700570e-01 1.895411627831328e+00
2530 1.796292619481256e+00 -6.049116167744399e-01 1.895411627829559e+00
2531 1.796292619439440e+00 -6.049116168294930e-01 1.895411627807499e+00
2532 1.796292619442763e+00 -6.049116168251112e-01 1.895411627809251e+00
2533 1.796292619462095e+00 -6.049116167996429e-01 1.895411627819443e+00
2534 1.796292619461913e+00 -6.049116167998891e-01 1.895411627819349e+00
2535 1.791921971463838e+00 -6.106222982919871e-01 1.893104313815337e+00
2536 1.791714605691984e+00 -6.108911384431996e-01 1.892994773177784e+00
2537 1.791921971463897e+00 -6.106222982920064e-01 1.893104313815399e+00
2538 1.791714605691968e+00 6.108911384431933e-01 1.892994773177767e+00
2539 1.791921971463842e+00 6.106222982919922e-01 1.893104313815342e+00
2540 1.791714605691960e+00 6.108911384432119e-01 1.892994773177765e+00
2541 1.791921971463895e+00 6.106222982920053e-01 1.893104313815396e+00
2542 1.792313372139936e+00 -6.101143501076862e-01 1.893311053197270e+00
2543 1.792313372135380e+00 -6.101143501136362e-01 1.893311053194874e+00
2544 1.792313372129923e+00 -6.101143501207332e-01 1.893311053191995e+00
2545 1.792313372128725e+00 -6.101143501222911e-01 1.893311053191363e+00
2546 1.792313372118652e+00 -6.101143501353176e-01 1.893311053186025e+00
2547 1.792313372123243e+00 -6.101143501293878e-01 1.893311053188460e+00
2548 1.792313372118705e+00 -6.101143501353414e-01 1.893311053186083e+00
2549 1.791714605691971e+00 6.108911384431942e-01 1.892994773177769e+00
2550 1.791921971463867e+00 6.106222982919920e-01 1.893104313815366e+00
2551 1.792313372139975e+00 -6.101143501077013e-01 1.893311053197311e+00
2552 1.792276769510678e+00 -6.101618805331541e-01 1.893291720518364e+00
2553 1.792276769513976e+00 -6.101618805288859e-01 1.893291720520110e+00
2554 1.792276769667224e+00 -6.101618803298745e-01 1.893291720601046e+00
2555 1.792276769663952e+00 -6.101618803341492e-01 1.893291720599326e+00
2556 1.792276769589564e+00 -6.101618804307147e-01 1.893291720560027e+00
2557 1.792276769588341e+00 -6.101618804323115e-01 1.893291720559384e+00
2558 1.792313372123239e+00 -6.101143501293924e-01 1.893311053188458e+00
2559 1.794823280850186e+00 6.068409612031438e-01 1.894636261047429e+00
2560 1.794823280851565e+00 6.068409612013406e-01 1.894636261048157e+00
2561 1.792276769510703e+00 -6.101618805331508e-01 1.893291720518387e+00
2562 1.792276769513984e+00 -6.101618805288768e-01 1.893291720520115e+00
2563 1.792276769667251e+00 -6.101618803298768e-01 1.893291720601072e+00
2564 1.792276769663942e+00 -6.101618803341451e-01 1.893291720599315e+00
2565 1.792276769588355e+00 -6.101618804323200e-01 1.893291720559400e+00
2566 1.792276769589564e+00 -6.101618804307180e-01 1.893291720560029e+00
2567 1.791714605692018e+00 6.108911384432099e-01 1.892994773177820e+00
2568 1.791921971463914e+00 6.106222982920133e-01 1.893104313815417e+00
2569 1.794823280850238e+00 6.068409612031510e-01 1.894636261047481e+00
2570 1.794823280851617e+00 6.068409612013468e-01 1.894636261048209e+00
2571 1.792276769667216e+00 6.101618803298721e-01 1.893291720601037e+00
2572 1.792276769663940e+00 6.101618803341432e-01 1.893291720599312e+00
2573 1.792276769667262e+00 6.101618803298904e-01 1.893291720601087e+00
2574 1.792276769589573e+00 6.101618804307148e-01 1.893291720560036e+00
2575 1.792276769588344e+00 6.101618804323083e-01 1.893291720559386e+00
2576 1.792276769510668e+00 6.101618805331458e-01 1.893291720518352e+00
2577 1.792276769513969e+00 6.101618805288773e-01 1.893291720520101e+00
2578 1.792276769510677e+00 6.101618805331515e-01 1.893291720518363e+00
2579 1.792276769513975e+00 6.101618805288845e-01 1.893291720520109e+00
2580 1.792276769663970e+00 6.101618803341486e-01 1.893291720599342e+00
2581 1.792276769589537e+00 6.101618804306980e-01 1.893291720559996e+00
2582 1.792313372123249e+00 6.101143501294022e-01 1.893311053188470e+00
2583 1.792313372135378e+00 6.101143501136478e-01 1.893311053194876e+00
2584 1.792313372128702e+00 6.101143501222851e-01 1.893311053191339e+00
2585 1.792313372129901e+00 6.101143501207275e-01 1.893311053191972e+00
2586 1.792313372139944e+00 6.101143501076939e-01 1.893311053197280e+00
2587 1.792313372118669e+00 6.101143501353272e-01 1.893311053186044e+00
2588 1.792313372128728e+00 6.101143501222965e-01 1.893311053191368e+00
2589 1.792313372118683e+00 6.101143501353178e-01 1.893311053186054e+00
2590 1.792276769588359e+00 6.101618804322998e-01 1.893291720559398e+00
2591 1.792313372135360e+00 6.101143501136255e-01 1.893311053194851e+00
2592 1.792313372123236e+00 6.101143501293825e-01 1.893311053188451e+00
2593 1.792313372129922e+00 6.101143501207358e-01 1.893311053191994e+00
2594 1.792313372139962e+00 6.101143501076818e-01 1.893311053197293e+00
2595 1.799032611070373e+00 6.012876902435007e-01 1.896856668842707e+00
2596 1.799032611066565e+00 6.012876902485585e-01 1.896856668840698e+00
2597 1.799032611054838e+00 6.012876902641410e-01 1.896856668834516e+00
2598 1.799032611058651e+00 6.012876902590715e-01 1.896856668836525e+00
2599 1.799032611058663e+00 6.012876902590776e-01 1.896856668836538e+00
2600 1.799032611070381e+00 6.012876902435027e-01 1.896856668842714e+00
2601 1.799032611066574e+00 6.012876902485580e-01 1.896856668840707e+00
2602 1.799032611054844e+00 6.012876902641403e-01 1.896856668834521e+00
2603 1.796292619439439e+00 6.049116168294859e-01 1.895411627807497e+00
2604 1.796292619442769e+00 6.049116168251051e-01 1.895411627809254e+00
2605 1.796292619484589e+00 6.049116167700502e-01 1.895411627831317e+00
2606 1.796292619481259e+00 6.049116167744309e-01 1.895411627829559e+00
2607 1.796292619462118e+00 6.049116167996453e-01 1.895411627819467e+00
2608 1.796292619461930e+00 6.049116167998925e-01 1.895411627819367e+00
2609 1.798045071815414e+00 6.025977624870983e-01 1.896335978573985e+00
2610 1.798045071821404e+00 6.025977624791601e-01 1.896335978577142e+00
2611 1.798045071841823e+00 6.025977624521380e-01 1.896335978587917e+00
2612 1.798045071828968e+00 6.025977624690968e-01 1.896335978581117e+00
2613 1.798045071835810e+00 6.025977624600660e-01 1.896335978584734e+00
2614 1.796292619481264e+00 6.049116167744353e-01 1.895411627829565e+00
2615 1.796292619439436e+00 6.049116168294892e-01 1.895411627807494e+00
2616 1.796292619442771e+00 6.049116168251027e-01 1.895411627809256e+00
2617 1.796292619484587e+00 6.049116167700518e-01 1.895411627831316e+00
2618 1.798045071821386e+00 6.025977624791532e-01 1.896335978577123e+00
2619 1.798045071841806e+00 6.025977624521310e-01 1.896335978587898e+00
2620 1.798045071835821e+00 6.025977624600770e-01 1.896335978584748e+00
2621 1.796292619461894e+00 6.049116167998876e-01 1.895411627819332e+00
2622 1.796292619462105e+00 6.049116167996507e-01 1.895411627819455e+00
2623 1.797356454178463e+00 6.035086452929104e-01 1.895972813180680e+00
2624 1.797356454176144e+00 6.035086452959688e-01 1.895972813179455e+00
2625 1.797356454137390e+00 6.035086453471703e-01 1.895972813159015e+00
2626 1.797356454139704e+00 6.035086453441191e-01 1.895972813160237e+00
2627 1.797356454178444e+00 6.035086452929276e-01 1.895972813180668e+00
2628 1.797356454157923e+00 6.035086453200588e-01 1.895972813169850e+00
2629 1.797356454157950e+00 6.035086453200295e-01 1.895972813169866e+00
2630 1.797356454137374e+00 6.035086453471860e-01 1.895972813159005e+00
2631 1.797356454176182e+00 6.035086452959847e-01 1.895972813179496e+00
2632 1.797356454139722e+00 6.035086453441306e-01 1.895972813160258e+00
2633 1.797356454157915e+00 6.035086453200599e-01 1.895972813169842e+00
2634 1.797356454157955e+00 6.035086453200340e-01 1.895972813169872e+00
2635 1.792313372129912e+00 -6.101143501207299e-01 1.893311053191983e+00
2636 1.792313372128711e+00 -6.101143501222857e-01 1.893311053191348e+00
2637 1.792313372135381e+00 -6.101143501136339e-01 1.893311053194874e+00
2638 1.800580457500639e+00 5.992252758563542e-01 1.897672499447240e+00
2639 1.800580457502393e+00 5.992252758540030e-01 1.897672499448162e+00
2640 1.800580457500630e+00 5.992252758563554e-01 1.897672499447231e+00
2641 1.800580457502394e+00 5.992252758540082e-01 1.897672499448164e+00
2642 1.800973347960875e+00 5.987000049377238e-01 1.897879526202291e+00
2643 1.800973347960936e+00 5.987000049377216e-01 1.897879526202348e+00
2644 1.800580457500606e+00 -5.992252758563513e-01 1.897672499447208e+00
2645 1.800973347960860e+00 5.987000049377126e-01 1.897879526202273e+00
2646 1.800580457502365e+00 -5.992252758539964e-01 1.897672499448134e+00
2647 1.796292619461907e+00 -6.049116167998958e-01 1.895411627819346e+00
2648 1.796292619462069e+00 -6.049116167996387e-01 1.895411627819418e+00
2649 1.796292619484592e+00 -6.049116167700532e-01 1.895411627831321e+00
2650 1.796292619481255e+00 -6.049116167744356e-01 1.895411627829557e+00
2651 1.796292619439439e+00 -6.049116168294899e-01 1.895411627807498e+00
2652 1.796292619442766e+00 -6.049116168251050e-01 1.895411627809252e+00
2653 1.800580457500656e+00 -5.992252758563614e-01 1.897672499447259e+00
2654 1.800580457502383e+00 -5.992252758540043e-01 1.897672499448152e+00
2655 1.800973347960936e+00 5.987000049377278e-01 1.897879526202351e+00
2656 1.800973347960912e+00 -5.987000049377191e-01 1.897879526202325e+00
2657 1.800973347960918e+00 -5.987000049377262e-01 1.897879526202332e+00
2658 1.800973347960884e+00 -5.987000049377116e-01 1.897879526202296e+00
2659 1.799032611070356e+00 -6.012876902434940e-01 1.896856668842688e+00
2660 1.799032611054828e+00 -6.012876902641360e-01 1.896856668834504e+00
2661 1.799032611066576e+00 -6.012876902485669e-01 1.896856668840711e+00
2662 1.799032611054816e+00 -6.012876902641212e-01 1.896856668834488e+00
2663 1.799032611070335e+00 -6.012876902434812e-01 1.896856668842664e+00
2664 1.799032611058662e+00 -6.012876902590812e-01 1.896856668836538e+00
2665 1.797356454137392e+00 -6.035086453471767e-01 1.895972813159019e+00
2666 1.797356454139706e+00 -6.035086453441175e-01 1.895972813160238e+00
2667 1.799032611066558e+00 -6.012876902485587e-01 1.896856668840691e+00
2668 1.799032611058647e+00 -6.012876902590774e-01 1.896856668836523e+00
2669 1.798045071815398e+00 6.025977624870962e-01 1.896335978573969e+00
2670 1.798045071828220e+00 6.025977624701294e-01 1.896335978580735e+00
2671 1.797356454176154e+00 -6.035086452959735e-01 1.895972813179466e+00
2672 1.797356454157894e+00 -6.035086453200657e-01 1.895972813169825e+00
2673 1.797356454178463e+00 -6.035086452929184e-01 1.895972813180683e+00
2674 1.798045071829018e+00 6.025977624690948e-01 1.896335978581163e+00
2675 1.797356454137383e+00 -6.035086453471782e-01 1.895972813159011e+00
2676 1.797356454139703e+00 -6.035086453441215e-01 1.895972813160237e+00
2677 1.797356454157923e+00 -6.035086453200305e-01 1.895972813169841e+00
2678 1.797356454178454e+00 -6.035086452929118e-01 1.895972813180672e+00
2679 1.797356454176160e+00 -6.035086452959803e-01 1.895972813179474e+00
2680 1.798045071835815e+00 -6.025977624600678e-01 1.896335978584739e+00
2681 1.798045071841817e+00 -6.025977624521333e-01 1.896335978587909e+00
2682 1.798045071828998e+00 -6.025977624691089e-01 1.896335978581149e+00
2683 1.798045071828221e+00 -6.025977624701385e-01 1.896335978580739e+00
2684 1.798045071821392e+00 -6.025977624791575e-01 1.896335978577130e+00
2685 1.798045071815420e+00 -6.025977624870990e-01 1.896335978573991e+00
2686 1.798045071815410e+00 -6.025977624870980e-01 1.896335978573982e+00
2687 1.798045071841822e+00 -6.025977624521359e-01 1.896335978587915e+00
2688 1.798045071828217e+00 6.025977624701122e-01 1.896335978580727e+00
2689 1.798045071835891e+00 -6.025977624600863e-01 1.896335978584818e+00
2690 1.802582948134158e+00 5.965405362121445e-01 1.898727441274367e+00
2691 1.802582948134898e+00 5.965405362111320e-01 1.898727441274752e+00
2692 1.802582948111328e+00 5.965405362428338e-01 1.898727441262335e+00
2693 1.802582948112096e+00 5.965405362418328e-01 1.898727441262750e+00
2694 1.802582948134140e+00 5.965405362121433e-01 1.898727441274350e+00
2695 1.798045071821395e+00 -6.025977624791656e-01 1.896335978577136e+00
2696 1.798045071829005e+00 -6.025977624691051e-01 1.896335978581154e+00
2697 1.798045071828229e+00 -6.025977624701312e-01 1.896335978580745e+00
2698 1.802582948134893e+00 5.965405362111388e-01 1.898727441274749e+00
2699 1.802582948111308e+00 5.965405362428332e-01 1.898727441262316e+00
2700 1.802582948112061e+00 5.965405362418280e-01 1.898727441262715e+00
2701 1.797356454157910e+00 -6.035086453200503e-01 1.895972813169835e+00
2702 1.797356454157936e+00 -6.035086453200514e-01 1.895972813169859e+00
2703 1.800973347960914e+00 -5.987000049377267e-01 1.897879526202329e+00
2704 1.802582948112051e+00 -5.965405362418292e-01 1.898727441262706e+00
2705 1.802582948111270e+00 -5.965405362428237e-01 1.898727441262277e+00
2706 1.802582948134126e+00 -5.965405362121438e-01 1.898727441274336e+00
2707 1.802582948112061e+00 -5.965405362418326e-01 1.898727441262716e+00
2708 1.802582948111317e+00 -5.965405362428426e-01 1.898727441262328e+00
2709 1.802582948134128e+00 -5.965405362121442e-01 1.898727441274338e+00
2710 1.802582948134828e+00 -5.965405362111129e-01 1.898727441274679e+00
2711 1.802582948134889e+00 -5.965405362111413e-01 1.898727441274746e+00
2712 1.806004610740258e+00 5.919092559891075e-01 1.900528668907852e+00
2713 1.806004610740272e+00 5.919092559891186e-01 1.900528668907868e+00
2714 1.806004610740257e+00 5.919092559891119e-01 1.900528668907851e+00
2715 1.807154515526764e+00 5.903402307705887e-01 1.901133617359665e+00
2716 1.806004610740290e+00 5.919092559891198e-01 1.900528668907886e+00
2717 1.998755317930460e+00 4.987800202019438e-02 1.999377562152987e+00
2718 1.998755317930447e+00 4.987800202045505e-02 1.999377562152981e+00
2719 1.810147691856763e+00 5.862258244659214e-01 1.902707382548645e+00
2720 1.810147691857834e+00 5.862258244644468e-01 1.902707382549209e+00
2721 1.804534541076716e+00 5.939058613425776e-01 1.899755005803650e+00
2722 1.804534541054761e+00 5.939058613723267e-01 1.899755005792095e+00
2723 1.804534541085784e+00 5.939058613302833e-01 1.899755005808419e+00
2724 1.804534541045674e+00 5.939058613846225e-01 1.899755005787307e+00
2725 1.804534541085776e+00 5.939058613302822e-01 1.899755005808411e+00
2726 1.998755317930402e+00 4.987800202018966e-02 1.999377562152929e+00
2727 1.998755317930390e+00 4.987800202044967e-02 1.999377562152923e+00
2728 1.806004610740271e+00 -5.919092559891286e-01 1.900528668907870e+00
2729 1.806004610740253e+00 -5.919092559891140e-01 1.900528668907848e+00
2730 1.806004610740231e+00 -5.919092559891105e-01 1.900528668907826e+00
2731 1.804534541076695e+00 5.939058613425727e-01 1.899755005803628e+00
2732 1.804534541054725e+00 5.939058613723147e-01 1.899755005792057e+00
2733 1.804534541045677e+00 5.939058613846164e-01 1.899755005787308e+00
2734 1.804534541065655e+00 5.939058613575039e-01 1.899755005797809e+00
2735 1.804534541065745e+00 5.939058613573801e-01 1.899755005797855e+00
2736 1.998755317930428e+00 -4.987800202044912e-02 1.999377562152961e+00
2737 1.998755317930442e+00 -4.987800202018796e-02 1.999377562152969e+00
2738 1.804534541045657e+00 -5.939058613846099e-01 1.899755005787287e+00
2739 1.804534541054733e+00 -5.939058613723115e-01 1.899755005792064e+00
2740 1.804534541085775e+00 -5.939058613302743e-01 1.899755005808408e+00
2741 1.804534541045627e+00 -5.939058613846019e-01 1.899755005787256e+00
2742 1.804534541076698e+00 -5.939058613425710e-01 1.899755005803631e+00
2743 1.804534541054741e+00 -5.939058613723168e-01 1.899755005792073e+00
2744 1.998755317930407e+00 -4.987800202044834e-02 1.999377562152940e+00
2745 1.998755317930421e+00 -4.987800202018935e-02 1.999377562152948e+00
2746 1.997879249964432e+00 6.509226144995772e-02 1.998939343736850e+00
2747 1.997879249965643e+00 6.509226143141092e-02 1.998939343737457e+00
2748 1.997879249965672e+00 6.509226143081871e-02 1.998939343737467e+00
2749 1.997879249964384e+00 6.509226145055316e-02 1.998939343736822e+00
2750 1.804534541065659e+00 -5.939058613575001e-01 1.899755005797812e+00
2751 1.804534541085745e+00 -5.939058613302649e-01 1.899755005808376e+00
2752 1.804534541065759e+00 -5.939058613573759e-01 1.899755005797867e+00
2753 1.804534541065783e+00 5.939058613573831e-01 1.899755005797892e+00
2754 1.804534541076708e+00 -5.939058613425727e-01 1.899755005803640e+00
2755 1.998926644283777e+00 4.632018362710566e-02 1.999463250134608e+00
2756 1.998926644283834e+00 4.632018362599419e-02 1.999463250134639e+00
2757 1.998926644284597e+00 4.632018360937448e-02 1.999463250135016e+00
2758 1.997879249964442e+00 6.509226144996527e-02 1.998939343736861e+00
2759 1.997879249965631e+00 6.509226143141406e-02 1.998939343737445e+00
2760 1.998926644284557e+00 4.632018361048971e-02 1.999463250135004e+00
2761 1.998926644284603e+00 4.632018360937385e-02 1.999463250135023e+00
2762 1.998926644283800e+00 4.632018362710650e-02 1.999463250134631e+00
2763 1.998926644283853e+00 4.632018362599476e-02 1.999463250134659e+00
2764 1.998926644284557e+00 4.632018361048873e-02 1.999463250135003e+00
2765 1.997879249964421e+00 -6.509226144996560e-02 1.998939343736840e+00
2766 1.997879249965673e+00 -6.509226143082285e-02 1.998939343737468e+00
2767 1.997879249965640e+00 -6.509226143141594e-02 1.998939343737454e+00
2768 1.997879249964389e+00 -6.509226145055293e-02 1.998939343736827e+00
2769 1.997879249964431e+00 -6.509226144996472e-02 1.998939343736850e+00
2770 1.997879249965665e+00 -6.509226143082332e-02 1.998939343737460e+00
2771 1.997879249965635e+00 -6.509226143141535e-02 1.998939343737449e+00
2772 1.998926644284558e+00 -4.632018361048229e-02 1.999463250135004e+00
2773 1.998926644283839e+00 -4.632018362598989e-02 1.999463250134645e+00
2774 1.998926644284599e+00 -4.632018360937490e-02 1.999463250135019e+00
2775 1.998926644284182e+00 -4.632018361841338e-02 1.999463250134812e+00
2776 1.998926644283780e+00 -4.632018362710430e-02 1.999463250134611e+00
2777 1.998926644283829e+00 -4.632018362710428e-02 1.999463250134660e+00
2778 1.998926644284540e+00 -4.632018361049074e-02 1.999463250134986e+00
2779 1.998926644284190e+00 -4.632018361806835e-02 1.999463250134812e+00
2780 1.998926644283823e+00 -4.632018362599465e-02 1.999463250134628e+00
2781 1.997879249964392e+00 -6.509226145055795e-02 1.998939343736830e+00
2782 1.998926644284614e+00 -4.632018360937692e-02 1.999463250135034e+00
2783 1.998926644284190e+00 -4.632018361840966e-02 1.999463250134819e+00
2784 1.998926644284225e+00 -4.632018361807528e-02 1.999463250134847e+00
2785 1.998926644284162e+00 4.632018361841195e-02 1.999463250134792e+00
2786 1.998926644284158e+00 4.632018361842016e-02 1.999463250134787e+00
2787 1.998926644284203e+00 4.632018361806774e-02 1.999463250134825e+00
2788 1.998926644284186e+00 4.632018361807580e-02 1.999463250134808e+00
2789 1.998330457009855e+00 5.776070214994711e-02 1.999165054247916e+00
2790 1.998330457009749e+00 5.776070215200915e-02 1.999165054247869e+00
2791 1.998330457013742e+00 5.776070208304836e-02 1.999165054249868e+00
2792 1.998330457013610e+00 5.776070208511409e-02 1.999165054249796e+00
2793 1.998330457013633e+00 5.776070208511075e-02 1.999165054249818e+00
2794 1.998330457009747e+00 5.776070215200965e-02 1.999165054247867e+00
2795 1.998330457009774e+00 -5.776070215200309e-02 1.999165054247894e+00
2796 1.998330457009888e+00 -5.776070214993723e-02 1.999165054247948e+00
2797 1.998330457013770e+00 -5.776070208304085e-02 1.999165054249896e+00
2798 1.998330457011777e+00 -5.776070211758211e-02 1.999165054248901e+00
2799 1.998330457013761e+00 5.776070208304668e-02 1.999165054249887e+00
2800 1.998330457009736e+00 -5.776070215201515e-02 1.999165054247856e+00
2801 1.998330457011797e+00 -5.776070211746492e-02 1.999165054248918e+00
2802 1.998330457013645e+00 -5.776070208510780e-02 1.999165054249830e+00
2803 1.998330457013725e+00 -5.776070208305025e-02 1.999165054249851e+00
2804 1.998330457009864e+00 -5.776070214994783e-02 1.999165054247924e+00
2805 1.998330457013620e+00 -5.776070208511338e-02 1.999165054249806e+00
2806 1.998330457009851e+00 5.776070214994175e-02 1.999165054247911e+00
2807 1.998330457011770e+00 5.776070211759077e-02 1.999165054248895e+00
2808 1.998330457011782e+00 5.776070211747085e-02 1.999165054248903e+00
2809 1.806753591704782e+00 -5.908880115771113e-01 1.900922718935118e+00
2810 1.806753591689096e+00 -5.908880115985305e-01 1.900922718926868e+00
2811 1.806753591703253e+00 -5.908880115792151e-01 1.900922718934319e+00
2812 1.806753591690639e+00 -5.908880115964363e-01 1.900922718927682e+00
2813 1.804534541065782e+00 -5.939058613573795e-01 1.899755005797891e+00
2814 1.804534541065688e+00 -5.939058613575083e-01 1.899755005797841e+00
2815 1.996912864896242e+00 -7.851585832653732e-02 1.998455836388903e+00
2816 1.810147691857810e+00 5.862258244644507e-01 1.902707382549188e+00
2817 1.810147691856740e+00 5.862258244659226e-01 1.902707382548623e+00
2818 1.996912864896200e+00 -7.851585832654535e-02 1.998455836388862e+00
2819 1.804534541065634e+00 5.939058613574923e-01 1.899755005797786e+00
2820 1.996912864896314e+00 7.851585832654639e-02 1.998455836388975e+00
2821 1.996574868442651e+00 -8.269541022698686e-02 1.998286700193293e+00
2822 1.996574868442751e+00 -8.269541022581828e-02 1.998286700193345e+00
2823 1.996912864896337e+00 7.851585832654726e-02 1.998455836388998e+00
2824 1.996574868445996e+00 -8.269541018674240e-02 1.998286700194970e+00
2825 1.996574868446107e+00 -8.269541018557584e-02 1.998286700195032e+00
2826 1.997879249964398e+00 6.509226145055820e-02 1.998939343736837e+00
2827 1.997879249965677e+00 6.509226143081759e-02 1.998939343737471e+00
2828 1.996912864896266e+00 7.851585832655344e-02 1.998455836388927e+00
2829 1.998330457011779e+00 5.776070211758256e-02 1.999165054248903e+00
2830 1.807154515526749e+00 5.903402307705801e-01 1.901133617359648e+00
2831 1.807154515526714e+00 5.903402307705627e-01 1.901133617359610e+00
2832 1.806753591689094e+00 5.908880115985360e-01 1.900922718926867e+00
2833 1.806753591690650e+00 5.908880115964431e-01 1.900922718927695e+00
2834 1.806753591704797e+00 5.908880115771260e-01 1.900922718935137e+00
2835 1.806753591703250e+00 5.908880115792222e-01 1.900922718934319e+00
2836 1.806753591704802e+00 5.908880115771195e-01 1.900922718935139e+00
2837 1.806753591690646e+00 5.908880115964406e-01 1.900922718927691e+00
2838 1.806753591689110e+00 5.908880115985413e-01 1.900922718926884e+00
2839 1.806753591703282e+00 5.908880115792220e-01 1.900922718934349e+00
2840 1.806619403976042e+00 5.910711777491546e-01 1.900852126807481e+00
2841 1.807095960024927e+00 5.904202835191863e-01 1.901102816769595e+00
2842 1.807095960028022e+00 5.904202835149616e-01 1.901102816771225e+00
2843 1.807095959995068e+00 5.904202835600124e-01 1.901102816753892e+00
2844 1.807095959998154e+00 5.904202835557811e-01 1.901102816755512e+00
2845 1.807095960011008e+00 5.904202835382559e-01 1.901102816762287e+00
2846 1.807095960012119e+00 5.904202835367265e-01 1.901102816762868e+00
2847 1.807095959998177e+00 5.904202835557876e-01 1.901102816755535e+00
2848 1.807095959995075e+00 5.904202835600155e-01 1.901102816753899e+00
2849 1.806619404032371e+00 5.910711776722857e-01 1.900852126837115e+00
2850 1.806619404035087e+00 5.910711776685750e-01 1.900852126838542e+00
2851 1.806619404005502e+00 5.910711777089631e-01 1.900852126822982e+00
2852 1.806619403978769e+00 5.910711777454526e-01 1.900852126808921e+00
2853 1.806619403978769e+00 5.910711777454597e-01 1.900852126808924e+00
2854 1.806619404035116e+00 5.910711776685892e-01 1.900852126838574e+00
2855 1.806619403976086e+00 5.910711777491698e-01 1.900852126807527e+00
2856 1.806619404005626e+00 5.910711777087873e-01 1.900852126823046e+00
2857 1.806619404032399e+00 5.910711776722972e-01 1.900852126837145e+00
2858 1.998330457011739e+00 -5.776070211758166e-02 1.999165054248864e+00
2859 1.998330457011732e+00 -5.776070211747353e-02 1.999165054248854e+00
2860 1.996574868446080e+00 8.269541018557036e-02 1.998286700195005e+00
2861 1.996574868445991e+00 8.269541018673925e-02 1.998286700194965e+00
2862 1.996574868442741e+00 8.269541022582111e-02 1.998286700193334e+00
2863 1.996574868442640e+00 8.269541022699002e-02 1.998286700193282e+00
2864 1.996574868442752e+00 8.269541022582656e-02 1.998286700193346e+00
2865 1.996574868442648e+00 8.269541022699255e-02 1.998286700193290e+00
2866 1.996574868446011e+00 8.269541018674351e-02 1.998286700194985e+00
2867 1.806619404005628e+00 5.910711777087880e-01 1.900852126823048e+00
2868 1.996574868446078e+00 8.269541018557626e-02 1.998286700195003e+00
2869 1.997532464351509e+00 7.020671254114424e-02 1.998765851375305e+00
2870 1.997532464354613e+00 7.020671249688309e-02 1.998765851376852e+00
2871 1.997532464351479e+00 -7.020671254114452e-02 1.998765851375275e+00
2872 1.997532464351651e+00 -7.020671253868085e-02 1.998765851375360e+00
2873 1.997532464354584e+00 -7.020671249688466e-02 1.998765851376823e+00
2874 1.997532464354402e+00 -7.020671249935574e-02 1.998765851376728e+00
2875 1.997532464351495e+00 7.020671254114497e-02 1.998765851375291e+00
2876 1.997532464351675e+00 7.020671253867561e-02 1.998765851375384e+00
2877 1.997532464354632e+00 7.020671249688400e-02 1.998765851376872e+00
2878 1.997532464354444e+00 7.020671249935123e-02 1.998765851376770e+00
2879 1.997532464353073e+00 7.020671251833430e-02 1.998765851376066e+00
2880 1.997532464352987e+00 7.020671251969687e-02 1.998765851376029e+00
2881 1.997532464351677e+00 -7.020671253867668e-02 1.998765851375387e+00
2882 1.997532464354438e+00 -7.020671249934995e-02 1.998765851376765e+00
2883 1.997532464351485e+00 -7.020671254114820e-02 1.998765851375281e+00
2884 1.997532464353052e+00 -7.020671251969796e-02 1.998765851376094e+00
2885 1.997532464354600e+00 -7.020671249688551e-02 1.998765851376840e+00
2886 1.997532464354469e+00 7.020671249935026e-02 1.998765851376795e+00
2887 1.997532464351718e+00 7.020671253867884e-02 1.998765851375427e+00
2888 1.997532464353035e+00 -7.020671251969413e-02 1.998765851376077e+00
2889 1.997532464353140e+00 -7.020671251833155e-02 1.998765851376134e+00
2890 1.997532464353119e+00 -7.020671251833041e-02 1.998765851376112e+00
2891 1.997532464352987e+00 7.020671251969590e-02 1.998765851376029e+00
2892 1.997532464353089e+00 7.020671251832597e-02 1.998765851376082e+00
2893 1.807154515526704e+00 5.903402307705685e-01 1.901133617359602e+00
2894 1.996912864896331e+00 -7.851585832654334e-02 1.998455836388992e+00
2895 1.996574868446163e+00 -8.269541018556925e-02 1.998286700195088e+00
2896 1.996912864896331e+00 -7.851585832655361e-02 1.998455836388993e+00
2897 1.998330457011756e+00 5.776070211747781e-02 1.999165054248877e+00
2898 1.996912864896279e+00 7.851585832654745e-02 1.998455836388940e+00
2899 1.806004610740296e+00 -5.919092559891206e-01 1.900528668907892e+00
2900 1.810147691856770e+00 -5.862258244659340e-01 1.902707382548656e+00
2901 1.810147691856757e+00 -5.862258244659275e-01 1.902707382548641e+00
2902 1.810147691857844e+00 -5.862258244644633e-01 1.902707382549225e+00
2903 1.810147691857853e+00 -5.862258244644610e-01 1.902707382549232e+00
2904 1.995602829580994e+00 9.367500155188102e-02 1.997800205062412e+00
2905 1.995602829580974e+00 9.367500155214258e-02 1.997800205062404e+00
2906 1.807095960024944e+00 5.904202835191901e-01 1.901102816769613e+00
2907 1.995602829586344e+00 9.367500149510932e-02 1.997800205065094e+00
2908 1.807095960028010e+00 5.904202835149526e-01 1.901102816771211e+00
2909 1.807095960012119e+00 5.904202835367276e-01 1.901102816762868e+00
2910 1.807095960011007e+00 5.904202835382553e-01 1.901102816762286e+00
2911 1.995602829586323e+00 9.367500149536995e-02 1.997800205065085e+00
2912 1.995602829586328e+00 9.367500149537132e-02 1.997800205065090e+00
2913 1.807154515526746e+00 -5.903402307705761e-01 1.901133617359644e+00
2914 1.807154515526734e+00 -5.903402307705777e-01 1.901133617359633e+00
2915 1.806753591704812e+00 -5.908880115771271e-01 1.900922718935152e+00
2916 1.806753591703270e+00 -5.908880115792264e-01 1.900922718934339e+00
2917 1.806753591689154e+00 -5.908880115985470e-01 1.900922718926928e+00
2918 1.806753591690680e+00 -5.908880115964450e-01 1.900922718927725e+00
2919 1.807154515526735e+00 -5.903402307705686e-01 1.901133617359631e+00
2920 1.807154515526737e+00 -5.903402307705694e-01 1.901133617359633e+00
2921 1.806619403976045e+00 -5.910711777491560e-01 1.900852126807484e+00
2922 1.806619403978785e+00 -5.910711777454515e-01 1.900852126808936e+00
2923 1.806619403976054e+00 -5.910711777491646e-01 1.900852126807495e+00
2924 1.806619404032394e+00 -5.910711776722897e-01 1.900852126837138e+00
2925 1.807095960028036e+00 -5.904202835149608e-01 1.901102816771238e+00
2926 1.807095960024920e+00 -5.904202835191852e-01 1.901102816769588e+00
2927 1.806619404035091e+00 -5.910711776685745e-01 1.900852126838545e+00
2928 1.807095959998152e+00 -5.904202835557821e-01 1.901102816755509e+00
2929 1.807095960028038e+00 -5.904202835149601e-01 1.901102816771240e+00
2930 1.807095960024953e+00 -5.904202835192023e-01 1.901102816769625e+00
2931 1.807095959995080e+00 -5.904202835600166e-01 1.901102816753904e+00
2932 1.807095960011014e+00 -5.904202835382488e-01 1.901102816762291e+00
2933 1.807095960012115e+00 -5.904202835367149e-01 1.901102816762861e+00
2934 1.806619403978776e+00 -5.910711777454634e-01 1.900852126808931e+00
2935 1.806619404032415e+00 -5.910711776722946e-01 1.900852126837159e+00
2936 1.806619404035090e+00 -5.910711776685771e-01 1.900852126838546e+00
2937 1.806619404005657e+00 -5.910711777087865e-01 1.900852126823074e+00
2938 1.806619404005532e+00 -5.910711777089579e-01 1.900852126823009e+00
2939 1.807095959995085e+00 -5.904202835600142e-01 1.901102816753908e+00
2940 1.806619404005536e+00 -5.910711777089674e-01 1.900852126823016e+00
2941 1.807095960012104e+00 -5.904202835367213e-01 1.901102816762852e+00
2942 1.806619404005635e+00 -5.910711777087914e-01 1.900852126823055e+00
2943 1.807095959998159e+00 -5.904202835557835e-01 1.901102816755517e+00
2944 1.806619404005546e+00 5.910711777089614e-01 1.900852126823024e+00
2945 1.996574868446032e+00 -8.269541018674076e-02 1.998286700195005e+00
2946 1.996574868442669e+00 -8.269541022698886e-02 1.998286700193311e+00
2947 1.996574868442768e+00 -8.269541022582121e-02 1.998286700193362e+00
2948 1.995602829586348e+00 -9.367500149537134e-02 1.997800205065110e+00
2949 1.995602829586360e+00 -9.367500149511011e-02 1.997800205065110e+00
2950 1.995602829580974e+00 -9.367500155214348e-02 1.997800205062404e+00
2951 1.995602829581002e+00 -9.367500155188320e-02 1.997800205062420e+00
2952 1.995602829581026e+00 9.367500155188116e-02 1.997800205062444e+00
2953 1.995602829586360e+00 9.367500149511013e-02 1.997800205065110e+00
2954 1.995602829580982e+00 9.367500155214246e-02 1.997800205062412e+00
2955 1.995602829586350e+00 -9.367500149537039e-02 1.997800205065112e+00
2956 1.995602829586378e+00 -9.367500149510918e-02 1.997800205065128e+00
2957 1.995602829580993e+00 -9.367500155214681e-02 1.997800205062423e+00
2958 1.995602829581021e+00 -9.367500155188585e-02 1.997800205062439e+00
2959 1.807095960010963e+00 -5.904202835382437e-01 1.901102816762240e+00
2960 1.815311772367517e+00 -5.790222049579455e-01 1.905419519352748e+00
2961 1.815311772369844e+00 -5.790222049546855e-01 1.905419519353974e+00
2962 1.810921919051681e+00 -5.851543738120855e-01 1.903114247251919e+00
2963 1.810921919017010e+00 -5.851543738601519e-01 1.903114247233706e+00
2964 1.810921919018722e+00 -5.851543738577701e-01 1.903114247234603e+00
2965 1.810921919049980e+00 -5.851543738144747e-01 1.903114247251034e+00
2966 1.810921919018732e+00 -5.851543738577609e-01 1.903114247234610e+00
2967 1.810921919017017e+00 -5.851543738601439e-01 1.903114247233711e+00
2968 1.812438115072888e+00 -5.830474330813694e-01 1.903910772644489e+00
2969 1.815311772367546e+00 5.790222049579667e-01 1.905419519352782e+00
2970 1.812438115072907e+00 5.830474330813636e-01 1.903910772644506e+00
2971 1.812438115072939e+00 5.830474330813695e-01 1.903910772644538e+00
2972 1.815311772369855e+00 5.790222049546989e-01 1.905419519353989e+00
2973 1.815311772367557e+00 5.790222049579629e-01 1.905419519352792e+00
2974 1.812428994059269e+00 5.830601425318174e-01 1.903905982005392e+00
2975 1.812428994058450e+00 5.830601425329558e-01 1.903905982004961e+00
2976 1.812428994026177e+00 5.830601425779486e-01 1.903905981988017e+00
2977 1.812428994026192e+00 -5.830601425779567e-01 1.903905981988034e+00
2978 1.812428994059272e+00 -5.830601425318213e-01 1.903905982005396e+00
2979 1.812428994025339e+00 5.830601425790861e-01 1.903905981987568e+00
2980 1.812428994058474e+00 -5.830601425329660e-01 1.903905982004988e+00
2981 1.812428994059274e+00 -5.830601425318195e-01 1.903905982005397e+00
2982 1.812428994058455e+00 -5.830601425329568e-01 1.903905982004967e+00
2983 1.812428994059304e+00 5.830601425318214e-01 1.903905982005427e+00
2984 1.812438115072935e+00 5.830474330813809e-01 1.903910772644538e+00
2985 1.812428994025357e+00 -5.830601425790939e-01 1.903905981987587e+00
2986 1.812428994026176e+00 5.830601425779484e-01 1.903905981988017e+00
2987 1.812428994058474e+00 5.830601425329603e-01 1.903905982004985e+00
2988 1.812438115072945e+00 5.830474330813769e-01 1.903910772644546e+00
2989 1.812428994025354e+00 -5.830601425790972e-01 1.903905981987586e+00
2990 1.810921919017010e+00 5.851543738601424e-01 1.903114247233703e+00
2991 1.810921919018713e+00 5.851543738577611e-01 1.903114247234592e+00
2992 1.810921919016988e+00 5.851543738601450e-01 1.903114247233683e+00
2993 1.810921919018703e+00 5.851543738577621e-01 1.903114247234583e+00
2994 1.810921919051698e+00 5.851543738120862e-01 1.903114247251935e+00
2995 1.810921919049962e+00 5.851543738144677e-01 1.903114247251016e+00
2996 1.810921919034655e+00 5.851543738356901e-01 1.903114247242976e+00
2997 1.810921919034047e+00 5.851543738365418e-01 1.903114247242658e+00
2998 1.811601832376340e+00 5.842109769571011e-01 1.903471477240067e+00
2999 1.811601832404990e+00 5.842109769172960e-01 1.903471477255117e+00
3000 1.811601832378196e+00 5.842109769545405e-01 1.903471477241048e+00
3001 1.810921919051695e+00 5.851543738120902e-01 1.903114247251933e+00
3002 1.810921919049970e+00 5.851543738144683e-01 1.903114247251023e+00
3003 1.811601832391565e+00 5.842109769359530e-01 1.903471477248067e+00
3004 1.810921919034648e+00 5.851543738356922e-01 1.903114247242969e+00
3005 1.811601832406838e+00 5.842109769147351e-01 1.903471477256090e+00
3006 1.811601832376342e+00 5.842109769571011e-01 1.903471477240069e+00
3007 1.811601832391630e+00 5.842109769358884e-01 1.903471477248108e+00
3008 1.810921919033994e+00 5.851543738365352e-01 1.903114247242606e+00
3009 1.811601832406857e+00 5.842109769147348e-01 1.903471477256108e+00
3010 1.811601832405028e+00 5.842109769173013e-01 1.903471477255156e+00
3011 1.812428994026186e+00 -5.830601425779585e-01 1.903905981988029e+00
3012 1.811601832391578e+00 5.842109769358639e-01 1.903471477248052e+00
3013 1.815311772369830e+00 5.790222049546830e-01 1.905419519353960e+00
3014 1.815804899803988e+00 5.783272130500987e-01 1.905678304307017e+00
3015 1.815804899820280e+00 5.783272130271184e-01 1.905678304315566e+00
3016 1.815804899820899e+00 5.783272130262440e-01 1.905678304315891e+00
3017 1.815804899803368e+00 5.783272130509765e-01 1.905678304306692e+00
3018 1.812428994025363e+00 5.830601425790884e-01 1.903905981987591e+00
3019 1.811601832378207e+00 5.842109769545413e-01 1.903471477241059e+00
3020 1.812438115072937e+00 -5.830474330813846e-01 1.903910772644541e+00
3021 1.812438115072959e+00 -5.830474330813795e-01 1.903910772644560e+00
3022 1.812438115072931e+00 -5.830474330813860e-01 1.903910772644536e+00
3023 1.810921919051696e+00 -5.851543738120832e-01 1.903114247251932e+00
3024 1.810921919049959e+00 -5.851543738144607e-01 1.903114247251010e+00
3025 1.810921919034066e+00 -5.851543738365582e-01 1.903114247242681e+00
3026 1.810921919034669e+00 -5.851543738357070e-01 1.903114247242994e+00
3027 1.815804899803993e+00 -5.783272130501103e-01 1.905678304307025e+00
3028 1.815804899803352e+00 -5.783272130509737e-01 1.905678304306676e+00
3029 1.815804899820894e+00 -5.783272130262442e-01 1.905678304315886e+00
3030 1.815804899820278e+00 -5.783272130271273e-01 1.905678304315567e+00
3031 1.811601832391531e+00 5.842109769359429e-01 1.903471477248031e+00
3032 1.810921919034060e+00 -5.851543738365503e-01 1.903114247242674e+00
3033 1.811601832378179e+00 -5.842109769545365e-01 1.903471477241030e+00
3034 1.811601832376327e+00 -5.842109769570947e-01 1.903471477240053e+00
3035 1.811601832378199e+00 -5.842109769545449e-01 1.903471477241052e+00
3036 1.811601832404986e+00 -5.842109769172967e-01 1.903471477255114e+00
3037 1.811601832391643e+00 -5.842109769358759e-01 1.903471477248117e+00
3038 1.811601832391580e+00 -5.842109769359553e-01 1.903471477248082e+00
3039 1.811601832405013e+00 -5.842109769172992e-01 1.903471477255140e+00
3040 1.810921919034628e+00 -5.851543738356947e-01 1.903114247242951e+00
3041 1.811601832376372e+00 -5.842109769571114e-01 1.903471477240101e+00
3042 1.811601832406840e+00 -5.842109769147283e-01 1.903471477256090e+00
3043 1.995137485812161e+00 9.849560643970623e-02 1.997567263393350e+00
3044 1.995137485819251e+00 9.849560636802267e-02 1.997567263396897e+00
3045 1.995137485819064e+00 9.849560636984200e-02 1.997567263396799e+00
3046 1.995137485811993e+00 9.849560644152681e-02 1.997567263393272e+00
3047 1.995137485815627e+00 9.849560640458541e-02 1.997567263395080e+00
3048 1.995137485812142e+00 9.849560643971150e-02 1.997567263393331e+00
3049 1.995137485815573e+00 9.849560640497730e-02 1.997567263395046e+00
3050 1.995137485819268e+00 9.849560636802429e-02 1.997567263396914e+00
3051 1.995137485819093e+00 9.849560636985137e-02 1.997567263396828e+00
3052 1.995137485815611e+00 9.849560640457625e-02 1.997567263395064e+00
3053 1.995137485815589e+00 9.849560640496931e-02 1.997567263395061e+00
3054 1.811601832406826e+00 -5.842109769147303e-01 1.903471477256078e+00
3055 1.995137485811981e+00 9.849560644153064e-02 1.997567263393260e+00
3056 1.811601832391622e+00 -5.842109769358801e-01 1.903471477248098e+00
3057 1.994852639218504e+00 1.013322569854783e-01 1.997424661533646e+00
3058 1.994852639218567e+00 1.013322569846961e-01 1.997424661533670e+00
3059 1.994852639212938e+00 1.013322570400555e-01 1.997424661530856e+00
3060 1.994852639213019e+00 1.013322570392734e-01 1.997424661530898e+00
3061 1.993934653052825e+00 1.099722942560263e-01 1.996965023767022e+00
3062 1.993934653052954e+00 1.099722942549118e-01 1.996965023767090e+00
3063 1.993934653054411e+00 1.099722942417530e-01 1.996965023767820e+00
3064 1.993934653052958e+00 1.099722942549028e-01 1.996965023767093e+00
3065 1.993934653052855e+00 1.099722942560193e-01 1.996965023767052e+00
3066 1.993934653054426e+00 1.099722942417463e-01 1.996965023767834e+00
3067 1.993934653054527e+00 1.099722942406333e-01 1.996965023767874e+00
3068 1.993934653052844e+00 -1.099722942560210e-01 1.996965023767041e+00
3069 1.993934653052962e+00 -1.099722942549050e-01 1.996965023767098e+00
3070 1.994852639218499e+00 1.013322569854762e-01 1.997424661533641e+00
3071 1.994852639218611e+00 1.013322569846997e-01 1.997424661533713e+00
3072 1.994852639212943e+00 1.013322570400544e-01 1.997424661530862e+00
3073 1.994852639213065e+00 1.013322570392779e-01 1.997424661530944e+00
3074 1.993934653054576e+00 -1.099722942406303e-01 1.996965023767922e+00
3075 1.994852639215765e+00 1.013322570124215e-01 1.997424661532278e+00
3076 1.994852639215777e+00 1.013322570123349e-01 1.997424661532285e+00
3077 1.995137485811979e+00 -9.849560644152477e-02 1.997567263393258e+00
3078 1.995137485812154e+00 -9.849560643970262e-02 1.997567263393343e+00
3079 1.995137485811977e+00 -9.849560644152811e-02 1.997567263393256e+00
3080 1.995137485812166e+00 -9.849560643970645e-02 1.997567263393354e+00
3081 1.995137485819267e+00 -9.849560636802136e-02 1.997567263396912e+00
3082 1.995137485819093e+00 -9.849560636983919e-02 1.997567263396829e+00
3083 1.995137485819221e+00 -9.849560636803023e-02 1.997567263396867e+00
3084 1.995137485819060e+00 -9.849560636983765e-02 1.997567263396796e+00
3085 1.995137485815629e+00 -9.849560640458344e-02 1.997567263395081e+00
3086 1.995137485815585e+00 -9.849560640497802e-02 1.997567263395057e+00
3087 1.995137485815623e+00 -9.849560640457077e-02 1.997567263395075e+00
3088 1.995137485815574e+00 -9.849560640496573e-02 1.997567263395046e+00
3089 1.993934653054437e+00 -1.099722942417474e-01 1.996965023767845e+00
3090 1.993934653052869e+00 -1.099722942560235e-01 1.996965023767067e+00
3091 1.993934653052976e+00 -1.099722942549035e-01 1.996965023767111e+00
3092 1.993934653054527e+00 -1.099722942406290e-01 1.996965023767874e+00
3093 1.993934653054533e+00 1.099722942406300e-01 1.996965023767879e+00
3094 1.994852639218566e+00 -1.013322569846957e-01 1.997424661533669e+00
3095 1.993934653054449e+00 -1.099722942417469e-01 1.996965023767858e+00
3096 1.994852639218482e+00 -1.013322569854761e-01 1.997424661533624e+00
3097 1.994852639218585e+00 -1.013322569846951e-01 1.997424661533688e+00
3098 1.994852639215736e+00 -1.013322570124185e-01 1.997424661532249e+00
3099 1.994852639215739e+00 -1.013322570123333e-01 1.997424661532248e+00
3100 1.994852639212935e+00 -1.013322570400575e-01 1.997424661530854e+00
3101 1.994852639213011e+00 -1.013322570392752e-01 1.997424661530889e+00
3102 1.994852639212939e+00 -1.013322570400572e-01 1.997424661530858e+00
3103 1.994852639213021e+00 -1.013322570392728e-01 1.997424661530900e+00
3104 1.994852639218498e+00 -1.013322569854816e-01 1.997424661533641e+00
3105 1.994852639215757e+00 1.013322570123389e-01 1.997424661532265e+00
3106 1.994852639215789e+00 1.013322570124148e-01 1.997424661532301e+00
3107 1.994852639215763e+00 -1.013322570124144e-01 1.997424661532275e+00
3108 1.994852639215776e+00 -1.013322570123391e-01 1.997424661532284e+00
3109 1.992265647273105e+00 1.241325318635391e-01 1.996129077682948e+00
3110 1.992265647273136e+00 1.241325318632986e-01 1.996129077682964e+00
3111 1.992265647273090e+00 1.241325318635431e-01 1.996129077682934e+00
3112 1.815311772367512e+00 -5.790222049579510e-01 1.905419519352745e+00
3113 1.815311772369836e+00 -5.790222049546854e-01 1.905419519353966e+00
3114 1.811601832391552e+00 -5.842109769359570e-01 1.903471477248056e+00
3115 1.815602392900639e+00 -5.786127691737857e-01 1.905572036360075e+00
3116 1.815602392903962e+00 -5.786127691691089e-01 1.905572036361821e+00
3117 1.815602392918024e+00 -5.786127691493117e-01 1.905572036369208e+00
3118 1.815602392918120e+00 -5.786127691492124e-01 1.905572036369269e+00
3119 1.815602392932135e+00 -5.786127691294052e-01 1.905572036376608e+00
3120 1.815602392935452e+00 -5.786127691247268e-01 1.905572036378348e+00
3121 1.815602392935446e+00 -5.786127691247225e-01 1.905572036378341e+00
3122 1.815602392932109e+00 -5.786127691293949e-01 1.905572036376580e+00
3123 1.815602392900637e+00 -5.786127691737910e-01 1.905572036360075e+00
3124 1.815602392903959e+00 -5.786127691691092e-01 1.905572036361818e+00
3125 1.815804899803984e+00 5.783272130501058e-01 1.905678304307015e+00
3126 1.815804899803375e+00 5.783272130509788e-01 1.905678304306700e+00
3127 1.815804899820276e+00 5.783272130271238e-01 1.905678304315564e+00
3128 1.815804899820899e+00 5.783272130262473e-01 1.905678304315892e+00
3129 1.820050772884029e+00 5.722907738359727e-01 1.907905014850982e+00
3130 1.820050772867924e+00 5.722907738590617e-01 1.907905014842545e+00
3131 1.820050772878753e+00 5.722907738435870e-01 1.907905014848234e+00
3132 1.820050772873283e+00 5.722907738514699e-01 1.907905014845379e+00
3133 1.815602392917990e+00 -5.786127691493137e-01 1.905572036369176e+00
3134 1.815602392918086e+00 -5.786127691491934e-01 1.905572036369232e+00
3135 1.820050772878767e+00 5.722907738436032e-01 1.907905014848252e+00
3136 1.820050772873273e+00 5.722907738514690e-01 1.907905014845370e+00
3137 1.815602392935457e+00 5.786127691247309e-01 1.905572036378354e+00
3138 1.815602392918096e+00 5.786127691491947e-01 1.905572036369241e+00
3139 1.815602392918009e+00 5.786127691493211e-01 1.905572036369197e+00
3140 1.815602392903962e+00 5.786127691691044e-01 1.905572036361820e+00
3141 1.815602392900633e+00 5.786127691737863e-01 1.905572036360069e+00
3142 1.815602392900631e+00 5.786127691737836e-01 1.905572036360067e+00
3143 1.815602392903955e+00 5.786127691691063e-01 1.905572036361814e+00
3144 1.815602392917962e+00 5.786127691493163e-01 1.905572036369150e+00
3145 1.815602392918061e+00 5.786127691491886e-01 1.905572036369205e+00
3146 1.815602392935439e+00 5.786127691247285e-01 1.905572036378336e+00
3147 1.815602392932134e+00 5.786127691294034e-01 1.905572036376607e+00
3148 1.815602392932152e+00 5.786127691294148e-01 1.905572036376628e+00
3149 1.817743987623115e+00 5.755821147093478e-01 1.906695564402788e+00
3150 1.817743987621748e+00 5.755821147112917e-01 1.906695564402072e+00
3151 1.817743987647181e+00 5.755821146751148e-01 1.906695564415397e+00
3152 1.817743987657296e+00 5.755821146607475e-01 1.906695564420703e+00
3153 1.817743987657309e+00 5.755821146607498e-01 1.906695564420717e+00
3154 1.817743987647185e+00 5.755821146751147e-01 1.906695564415402e+00
3155 1.817743987587513e+00 5.755821147598862e-01 1.906695564384103e+00
3156 1.817743987597638e+00 5.755821147455159e-01 1.906695564389418e+00
3157 1.817743987597629e+00 5.755821147455109e-01 1.906695564389408e+00
3158 1.817743987587532e+00 5.755821147598871e-01 1.906695564384122e+00
3159 1.817743987623104e+00 5.755821147093444e-01 1.906695564402777e+00
3160 1.817743987621740e+00 5.755821147112851e-01 1.906695564402062e+00
3161 1.992265647273109e+00 1.241325318633027e-01 1.996129077682937e+00
3162 1.992265647273097e+00 -1.241325318635340e-01 1.996129077682939e+00
3163 1.992265647273121e+00 -1.241325318632982e-01 1.996129077682949e+00
3164 1.992265647273100e+00 -1.241325318635412e-01 1.996129077682943e+00
3165 1.992265647273130e+00 -1.241325318633034e-01 1.996129077682959e+00
3166 1.815804899820259e+00 -5.783272130271153e-01 1.905678304315546e+00
3167 1.815804899820892e+00 -5.783272130262431e-01 1.905678304315884e+00
3168 1.815804899803961e+00 -5.783272130500978e-01 1.905678304306990e+00
3169 1.815804899803350e+00 -5.783272130509727e-01 1.905678304306674e+00
3170 1.820050772884080e+00 5.722907738359901e-01 1.907905014851036e+00
3171 1.820050772867972e+00 5.722907738590786e-01 1.907905014842595e+00
3172 1.817743987657279e+00 -5.755821146607421e-01 1.906695564420686e+00
3173 1.817743987587497e+00 -5.755821147598794e-01 1.906695564384087e+00
3174 1.817743987597623e+00 -5.755821147455130e-01 1.906695564389404e+00
3175 1.817743987647173e+00 -5.755821146751132e-01 1.906695564415389e+00
3176 1.817743987623088e+00 -5.755821147093410e-01 1.906695564402760e+00
3177 1.817743987621718e+00 -5.755821147112807e-01 1.906695564402040e+00
3178 1.820050772884091e+00 -5.722907738359799e-01 1.907905014851043e+00
3179 1.820050772878785e+00 -5.722907738435882e-01 1.907905014848264e+00
3180 1.817743987623079e+00 -5.755821147093392e-01 1.906695564402751e+00
3181 1.820050772867979e+00 -5.722907738590650e-01 1.907905014842598e+00
3182 1.817743987587520e+00 -5.755821147598887e-01 1.906695564384111e+00
3183 1.817743987597634e+00 -5.755821147455178e-01 1.906695564389416e+00
3184 1.817743987657309e+00 -5.755821146607518e-01 1.906695564420718e+00
3185 1.817743987647202e+00 -5.755821146751188e-01 1.906695564415418e+00
3186 1.820050772884082e+00 -5.722907738359855e-01 1.907905014851037e+00
3187 1.820050772878788e+00 -5.722907738435925e-01 1.907905014848268e+00
3188 1.820050772873286e+00 -5.722907738514681e-01 1.907905014845382e+00
3189 1.820050772867962e+00 -5.722907738590703e-01 1.907905014842583e+00
3190 1.817743987621710e+00 -5.755821147112801e-01 1.906695564402032e+00
3191 1.820050772873312e+00 -5.722907738514749e-01 1.907905014845409e+00
3192 1.990450800785472e+00 1.378666426917432e-01 1.995219687531832e+00
3193 1.990450800785419e+00 1.378666426921221e-01 1.995219687531805e+00
3194 1.990450800785490e+00 -1.378666426917465e-01 1.995219687531850e+00
3195 1.990450800785475e+00 1.378666426917441e-01 1.995219687531835e+00
3196 1.990450800785436e+00 1.378666426921230e-01 1.995219687531822e+00
3197 1.990450800785448e+00 -1.378666426921254e-01 1.995219687531834e+00
3198 1.990512926307821e+00 1.374195867985959e-01 1.995250824491603e+00
3199 1.823195694161438e+00 5.677577380285788e-01 1.909552667066330e+00
3200 1.823195694150682e+00 5.677577380442069e-01 1.909552667060708e+00
3201 1.823195694156142e+00 5.677577380362411e-01 1.909552667063553e+00
3202 1.991143984693119e+00 1.327915729770526e-01 1.995567079712760e+00
3203 1.991143984693721e+00 1.327915729725413e-01 1.995567079713060e+00
3204 1.991143984693712e+00 1.327915729725377e-01 1.995567079713051e+00
3205 1.991143984693097e+00 1.327915729770484e-01 1.995567079712738e+00
3206 1.991143984691441e+00 1.327915729894572e-01 1.995567079711911e+00
3207 1.991143984692600e+00 1.327915729810050e-01 1.995567079712505e+00
3208 1.991143984692572e+00 1.327915729810002e-01 1.995567079712477e+00
3209 1.991143984692066e+00 1.327915729849534e-01 1.995567079712234e+00
3210 1.991143984691472e+00 1.327915729894577e-01 1.995567079711942e+00
3211 1.823195694156151e+00 5.677577380362413e-01 1.909552667063561e+00
3212 1.990512926307799e+00 1.374195867986030e-01 1.995250824491581e+00
3213 1.823195694161463e+00 5.677577380285932e-01 1.909552667066358e+00
3214 1.990512926307776e+00 -1.374195867985991e-01 1.995250824491558e+00
3215 1.990512926307785e+00 1.374195867986031e-01 1.995250824491568e+00
3216 1.823195694166933e+00 5.677577380206230e-01 1.909552667069212e+00
3217 1.991143984691445e+00 -1.327915729894522e-01 1.995567079711914e+00
3218 1.991143984693719e+00 -1.327915729725347e-01 1.995567079713057e+00
3219 1.991143984692068e+00 1.327915729849476e-01 1.995567079712237e+00
3220 1.991143984693135e+00 -1.327915729770454e-01 1.995567079712776e+00
3221 1.991143984691452e+00 -1.327915729894628e-01 1.995567079711922e+00
3222 1.991143984692082e+00 -1.327915729849464e-01 1.995567079712250e+00
3223 1.991143984692070e+00 -1.327915729849477e-01 1.995567079712238e+00
3224 1.991143984693120e+00 -1.327915729770477e-01 1.995567079712760e+00
3225 1.991143984693723e+00 -1.327915729725471e-01 1.995567079713062e+00
3226 1.991143984692601e+00 -1.327915729810016e-01 1.995567079712505e+00
3227 1.991143984692603e+00 -1.327915729809918e-01 1.995567079712507e+00
3228 1.823195694166913e+00 5.677577380206210e-01 1.909552667069192e+00
3229 1.991143984692594e+00 1.327915729809941e-01 1.995567079712498e+00
3230 1.823195694150647e+00 5.677577380441973e-01 1.909552667060672e+00
3231 1.991143984692603e+00 1.327915729810090e-01 1.995567079712508e+00
3232 1.990450800785486e+00 -1.378666426917509e-01 1.995219687531846e+00
3233 1.990450800785429e+00 -1.378666426921274e-01 1.995219687531815e+00
3234 1.990512926307791e+00 1.374195867986036e-01 1.995250824491574e+00
3235 1.990512926307786e+00 -1.374195867986011e-01 1.995250824491568e+00
3236 1.988228957699814e+00 1.529821141106347e-01 1.994105793450751e+00
3237 1.988228957699765e+00 1.529821141109391e-01 1.994105793450725e+00
3238 1.991143984692606e+00 -1.327915729810056e-01 1.995567079712510e+00
3239 1.991143984692593e+00 -1.327915729809992e-01 1.995567079712498e+00
3240 1.990512926307813e+00 -1.374195867986024e-01 1.995250824491595e+00
3241 1.988228957699764e+00 -1.529821141106276e-01 1.994105793450700e+00
3242 1.988228957699717e+00 -1.529821141109339e-01 1.994105793450677e+00
3243 1.990512926307783e+00 -1.374195867985972e-01 1.995250824491565e+00
3244 1.988228957699764e+00 -1.529821141109282e-01 1.994105793450724e+00
3245 1.990599642724844e+00 1.367930841068015e-01 1.995294285431531e+00
3246 1.990599642728054e+00 1.367930840835764e-01 1.995294285433143e+00
3247 1.990599642725645e+00 1.367930841009986e-01 1.995294285431934e+00
3248 1.990599642727233e+00 1.367930840893741e-01 1.995294285432720e+00
3249 1.990599642724874e+00 1.367930841068041e-01 1.995294285431562e+00
3250 1.990599642728072e+00 1.367930840835777e-01 1.995294285433160e+00
3251 1.990599642725659e+00 1.367930841010047e-01 1.995294285431947e+00
3252 1.990599642726495e+00 1.367930840951106e-01 1.995294285432377e+00
3253 1.990599642727261e+00 1.367930840893795e-01 1.995294285432748e+00
3254 1.988897049350526e+00 -1.486022404368856e-01 1.994440798514233e+00
3255 1.988228957699754e+00 1.529821141106205e-01 1.994105793450690e+00
3256 1.988228957699700e+00 1.529821141109345e-01 1.994105793450660e+00
3257 1.988897049350500e+00 1.486022404368926e-01 1.994440798514207e+00
3258 1.988897049350478e+00 -1.486022404368977e-01 1.994440798514186e+00
3259 1.988897049350472e+00 -1.486022404368859e-01 1.994440798514179e+00
3260 1.988897049350532e+00 1.486022404368919e-01 1.994440798514239e+00
3261 1.988897049350510e+00 1.486022404368937e-01 1.994440798514217e+00
3262 1.988897049350536e+00 1.486022404368976e-01 1.994440798514244e+00
3263 1.990599642726457e+00 1.367930840952693e-01 1.995294285432351e+00
3264 1.990599642726480e+00 1.367930840951061e-01 1.995294285432362e+00
3265 1.990599642726462e+00 1.367930840952711e-01 1.995294285432356e+00
3266 1.988943736414575e+00 -1.482912219523362e-01 1.994464207031776e+00
3267 1.990599642724852e+00 -1.367930841068026e-01 1.995294285431539e+00
3268 1.990599642728055e+00 -1.367930840835778e-01 1.995294285433143e+00
3269 1.990599642728054e+00 -1.367930840835787e-01 1.995294285433143e+00
3270 1.990599642727278e+00 -1.367930840893782e-01 1.995294285432766e+00
3271 1.988943736416974e+00 -1.482912219364281e-01 1.994464207032984e+00
3272 1.990599642724861e+00 -1.367930841068031e-01 1.995294285431549e+00
3273 1.990599642725684e+00 -1.367930841010043e-01 1.995294285431973e+00
3274 1.989808662907896e+00 -1.424036892688441e-01 1.994897823373590e+00
3275 1.989808662907935e+00 -1.424036892686944e-01 1.994897823373619e+00
3276 1.989808662900741e+00 -1.424036893185003e-01 1.994897823369998e+00
3277 1.989808662900753e+00 -1.424036893184928e-01 1.994897823370009e+00
3278 1.989808662900738e+00 -1.424036893186513e-01 1.994897823370005e+00
3279 1.989808662907931e+00 -1.424036892686893e-01 1.994897823373614e+00
3280 1.989808662907923e+00 -1.424036892688406e-01 1.994897823373617e+00
3281 1.988943736415013e+00 -1.482912219493571e-01 1.994464207031991e+00
3282 1.988943736414576e+00 -1.482912219523377e-01 1.994464207031776e+00
3283 1.990599642727276e+00 -1.367930840893786e-01 1.995294285432764e+00
3284 1.990599642725654e+00 -1.367930841010004e-01 1.995294285431943e+00
3285 1.989808662900744e+00 -1.424036893186487e-01 1.994897823370012e+00
3286 1.988943736414598e+00 1.482912219523410e-01 1.994464207031799e+00
3287 1.988943736416979e+00 1.482912219364317e-01 1.994464207032990e+00
3288 1.988943736417429e+00 1.482912219334529e-01 1.994464207033218e+00
3289 1.988943736417426e+00 1.482912219334523e-01 1.994464207033214e+00
3290 1.988943736415038e+00 -1.482912219493544e-01 1.994464207032015e+00
3291 1.988943736415023e+00 1.482912219493615e-01 1.994464207032000e+00
3292 1.988943736416979e+00 -1.482912219364307e-01 1.994464207032990e+00
3293 1.990599642726462e+00 -1.367930840952680e-01 1.995294285432355e+00
3294 1.990599642726483e+00 -1.367930840951067e-01 1.995294285432365e+00
3295 1.990599642726507e+00 -1.367930840952685e-01 1.995294285432400e+00
3296 1.988943736417417e+00 -1.482912219334515e-01 1.994464207033205e+00
3297 1.988943736414600e+00 1.482912219523426e-01 1.994464207031800e+00
3298 1.988943736416947e+00 1.482912219364319e-01 1.994464207032958e+00
3299 1.990599642726506e+00 -1.367930840951164e-01 1.995294285432388e+00
3300 1.988943736415017e+00 1.482912219493568e-01 1.994464207031994e+00
3301 1.990124753921720e+00 1.401890569092783e-01 1.995056266837880e+00
3302 1.990124753921740e+00 1.401890569091229e-01 1.995056266837889e+00
3303 1.989808662900772e+00 1.424036893186520e-01 1.994897823370039e+00
3304 1.989808662900760e+00 1.424036893185045e-01 1.994897823370017e+00
3305 1.989808662907944e+00 1.424036892686953e-01 1.994897823373628e+00
3306 1.989808662907915e+00 1.424036892688431e-01 1.994897823373609e+00
3307 1.989808662907907e+00 1.424036892686917e-01 1.994897823373591e+00
3308 1.989808662907904e+00 1.424036892688425e-01 1.994897823373597e+00
3309 1.988943736417422e+00 -1.482912219334478e-01 1.994464207033210e+00
3310 1.989808662900717e+00 1.424036893186492e-01 1.994897823369985e+00
3311 1.989808662900759e+00 1.424036893185034e-01 1.994897823370016e+00
3312 1.990124753921739e+00 1.401890569092742e-01 1.995056266837899e+00
3313 1.990124753921728e+00 1.401890569091209e-01 1.995056266837877e+00
3314 1.990124753927478e+00 1.401890568685189e-01 1.995056266840760e+00
3315 1.990124753927492e+00 1.401890568684281e-01 1.995056266840767e+00
3316 1.990124753927489e+00 -1.401890568684383e-01 1.995056266840765e+00
3317 1.990124753927468e+00 -1.401890568685081e-01 1.995056266840750e+00
3318 1.990124753933276e+00 1.401890568276828e-01 1.995056266843674e+00
3319 1.990124753933267e+00 1.401890568278388e-01 1.995056266843676e+00
3320 1.990124753921747e+00 -1.401890569091227e-01 1.995056266837897e+00
3321 1.990124753921744e+00 -1.401890569091184e-01 1.995056266837893e+00
3322 1.990124753933278e+00 -1.401890568276808e-01 1.995056266843676e+00
3323 1.990124753921720e+00 -1.401890569092784e-01 1.995056266837880e+00
3324 1.990124753933251e+00 -1.401890568278363e-01 1.995056266843659e+00
3325 1.989640042205044e+00 1.435708433551370e-01 1.994813295676414e+00
3326 1.989640042204715e+00 1.435708433573151e-01 1.994813295676242e+00
3327 1.989640042205703e+00 1.435708433506038e-01 1.994813295676744e+00
3328 1.989640042206029e+00 1.435708433484283e-01 1.994813295676913e+00
3329 1.989640042206018e+00 1.435708433484277e-01 1.994813295676902e+00
3330 1.990124753921719e+00 -1.401890569092779e-01 1.995056266837879e+00
3331 1.989640042205021e+00 1.435708433551381e-01 1.994813295676391e+00
3332 1.989640042204737e+00 1.435708433573105e-01 1.994813295676264e+00
3333 1.989640042205681e+00 1.435708433506055e-01 1.994813295676723e+00
3334 1.990124753933291e+00 1.401890568276780e-01 1.995056266843688e+00
3335 1.990124753933269e+00 -1.401890568276803e-01 1.995056266843667e+00
3336 1.990124753933251e+00 -1.401890568278361e-01 1.995056266843660e+00
3337 1.990124753933267e+00 1.401890568278310e-01 1.995056266843676e+00
3338 1.990124753927486e+00 1.401890568684325e-01 1.995056266840761e+00
3339 1.990124753927483e+00 1.401890568685219e-01 1.995056266840766e+00
3340 1.823195694156143e+00 -5.677577380362436e-01 1.909552667063554e+00
3341 1.823195694150654e+00 -5.677577380441992e-01 1.909552667060678e+00
3342 1.823195694156165e+00 -5.677577380362466e-01 1.909552667063576e+00
3343 1.823195694161404e+00 -5.677577380285768e-01 1.909552667066298e+00
3344 1.823195694166935e+00 -5.677577380206260e-01 1.909552667069214e+00
3345 1.823195694150659e+00 -5.677577380442032e-01 1.909552667060685e+00
3346 1.823195694166952e+00 -5.677577380206309e-01 1.909552667069232e+00
3347 1.826664005098839e+00 5.626958527172711e-01 1.911368099082159e+00
3348 1.826664005080342e+00 5.626958527444811e-01 1.911368099072493e+00
3349 1.988228957699766e+00 -1.529821141106186e-01 1.994105793450701e+00
3350 1.826664005096917e+00 5.626958527201383e-01 1.911368099081167e+00
3351 1.826664005082279e+00 5.626958527416147e-01 1.911368099073500e+00
3352 1.826664005082303e+00 5.626958527416220e-01 1.911368099073525e+00
3353 1.984177630882034e+00 1.771846228222667e-01 1.992073106454006e+00
3354 1.984177630882182e+00 1.771846228214155e-01 1.992073106454076e+00
3355 1.988897049350520e+00 -1.486022404368949e-01 1.994440798514228e+00
3356 1.824668376358291e+00 5.656165388791035e-01 1.910323729825806e+00
3357 1.824668376351011e+00 5.656165388896428e-01 1.910323729821973e+00
3358 1.824668376331552e+00 5.656165389180809e-01 1.910323729811807e+00
3359 1.824668376338744e+00 5.656165389075077e-01 1.910323729815546e+00
3360 1.824668376358257e+00 5.656165388790908e-01 1.910323729825770e+00
3361 1.824668376331524e+00 5.656165389180714e-01 1.910323729811776e+00
3362 1.824668376351042e+00 5.656165388896603e-01 1.910323729822007e+00
3363 1.824668376338786e+00 5.656165389075198e-01 1.910323729815589e+00
3364 1.824668376345566e+00 5.656165388976142e-01 1.910323729819132e+00
3365 1.990124753927483e+00 -1.401890568684364e-01 1.995056266840759e+00
3366 1.990124753927481e+00 -1.401890568685140e-01 1.995056266840763e+00
3367 1.824668376344230e+00 5.656165388995507e-01 1.910323729818430e+00
3368 1.824668376345558e+00 5.656165388976100e-01 1.910323729819123e+00
3369 1.824668376344246e+00 5.656165388995502e-01 1.910323729818444e+00
3370 1.989640042205984e+00 -1.435708433484224e-01 1.994813295676867e+00
3371 1.989640042205686e+00 -1.435708433506051e-01 1.994813295676727e+00
3372 1.989640042204699e+00 -1.435708433573122e-01 1.994813295676227e+00
3373 1.987208743247063e+00 -1.594330487702491e-01 1.993594112721481e+00
3374 1.987208743247246e+00 -1.594330487691532e-01 1.993594112721575e+00
3375 1.987208743241185e+00 -1.594330488065945e-01 1.993594112718528e+00
3376 1.987208743241355e+00 -1.594330488054959e-01 1.993594112718610e+00
3377 1.989640042206022e+00 -1.435708433484303e-01 1.994813295676906e+00
3378 1.987208743241198e+00 1.594330488065945e-01 1.993594112718541e+00
3379 1.987208743241376e+00 1.594330488054994e-01 1.993594112718631e+00
3380 1.987208743247058e+00 1.594330487702486e-01 1.993594112721476e+00
3381 1.989640042205707e+00 -1.435708433506064e-01 1.994813295676748e+00
3382 1.989640042205010e+00 -1.435708433551347e-01 1.994813295676380e+00
3383 1.989640042204737e+00 -1.435708433573186e-01 1.994813295676264e+00
3384 1.987208743241192e+00 1.594330488065923e-01 1.993594112718535e+00
3385 1.987208743247246e+00 1.594330487691499e-01 1.993594112721575e+00
3386 1.987208743247046e+00 1.594330487702451e-01 1.993594112721464e+00
3387 1.989640042205028e+00 -1.435708433551320e-01 1.994813295676398e+00
3388 1.987208743247238e+00 1.594330487691503e-01 1.993594112721567e+00
3389 1.987208743241356e+00 1.594330488054979e-01 1.993594112718611e+00
3390 1.989567356668711e+00 1.440709777766122e-01 1.994776858036816e+00
3391 1.989567356659690e+00 1.440709778385723e-01 1.994776858032294e+00
3392 1.989567356666488e+00 1.440709777918814e-01 1.994776858035701e+00
3393 1.989567356661909e+00 1.440709778233082e-01 1.994776858033404e+00
3394 1.987208743241186e+00 -1.594330488065876e-01 1.993594112718528e+00
3395 1.987208743241379e+00 -1.594330488054959e-01 1.993594112718634e+00
3396 1.989567356666511e+00 -1.440709777918829e-01 1.994776858035724e+00
3397 1.989567356668710e+00 -1.440709777766152e-01 1.994776858036815e+00
3398 1.989567356668748e+00 1.440709777766137e-01 1.994776858036853e+00
3399 1.989567356659725e+00 1.440709778385784e-01 1.994776858032329e+00
3400 1.989567356659691e+00 -1.440709778385762e-01 1.994776858032295e+00
3401 1.989603494880852e+00 1.438225402232914e-01 1.994794974406739e+00
3402 1.989603494881673e+00 1.438225402178499e-01 1.994794974407165e+00
3403 1.989603494878239e+00 1.438225402414708e-01 1.994794974405443e+00
3404 1.989603494879669e+00 1.438225402314366e-01 1.994794974406146e+00
3405 1.989567356661920e+00 -1.440709778233100e-01 1.994776858033416e+00
3406 1.989567356664624e+00 1.440709778045923e-01 1.994776858034760e+00
3407 1.989567356659709e+00 -1.440709778385765e-01 1.994776858032313e+00
3408 1.989567356663757e+00 1.440709778106009e-01 1.994776858034330e+00
3409 1.989603494879008e+00 1.438225402360303e-01 1.994794974405818e+00
3410 1.989567356668715e+00 -1.440709777766111e-01 1.994776858036820e+00
3411 1.989567356664625e+00 -1.440709778045904e-01 1.994776858034761e+00
3412 1.989603494879666e+00 1.438225402314365e-01 1.994794974406143e+00
3413 1.989603494878991e+00 1.438225402360234e-01 1.994794974405801e+00
3414 1.823195694161439e+00 -5.677577380285808e-01 1.909552667066332e+00
3415 1.826664005098888e+00 5.626958527172744e-01 1.911368099082208e+00
3416 1.826664005080385e+00 5.626958527444927e-01 1.911368099072537e+00
3417 1.826664005096954e+00 5.626958527201418e-01 1.911368099081203e+00
3418 1.984177630881998e+00 1.771846228222622e-01 1.992073106453969e+00
3419 1.984177630882137e+00 1.771846228214135e-01 1.992073106454032e+00
3420 1.986709864078257e+00 1.624919818793801e-01 1.993343855986953e+00
3421 1.986709864078401e+00 1.624919818786233e-01 1.993343855987035e+00
3422 1.986375408209353e+00 1.645100425911755e-01 1.993176062582586e+00
3423 1.986375408209386e+00 1.645100425909941e-01 1.993176062582605e+00
3424 1.986709864078258e+00 1.624919818793825e-01 1.993343855986954e+00
3425 1.986709864078385e+00 1.624919818786274e-01 1.993343855987020e+00
3426 1.989567356661938e+00 1.440709778233056e-01 1.994776858033433e+00
3427 1.989567356666497e+00 1.440709777918850e-01 1.994776858035711e+00
3428 1.989567356664632e+00 1.440709778045991e-01 1.994776858034768e+00
3429 1.986375408209373e+00 1.645100425911761e-01 1.993176062582606e+00
3430 1.986375408209406e+00 1.645100425909940e-01 1.993176062582624e+00
3431 1.984177630882016e+00 -1.771846228222684e-01 1.992073106453988e+00
3432 1.984177630882184e+00 -1.771846228214202e-01 1.992073106454079e+00
3433 1.989567356663771e+00 1.440709778106101e-01 1.994776858034345e+00
3434 1.985454675926727e+00 1.699384641915609e-01 1.992714066736894e+00
3435 1.985454675924164e+00 1.699384642063852e-01 1.992714066735605e+00
3436 1.989603494878209e+00 1.438225402414689e-01 1.994794974405412e+00
3437 1.985454675924171e+00 -1.699384642063850e-01 1.992714066735612e+00
3438 1.985454675926202e+00 -1.699384641946108e-01 1.992714066736631e+00
3439 1.985454675926706e+00 -1.699384641915618e-01 1.992714066736874e+00
3440 1.985454675924696e+00 -1.699384642033319e-01 1.992714066735875e+00
3441 1.989603494881648e+00 1.438225402178439e-01 1.994794974407140e+00
3442 1.989603494880848e+00 1.438225402232859e-01 1.994794974406735e+00
3443 1.985454675924705e+00 1.699384642033330e-01 1.992714066735883e+00
3444 1.989603494880207e+00 1.438225402278800e-01 1.994794974406426e+00
3445 1.985454675926732e+00 1.699384641915642e-01 1.992714066736899e+00
3446 1.985454675926204e+00 1.699384641946124e-01 1.992714066736633e+00
3447 1.986375408209420e+00 -1.645100425909993e-01 1.993176062582639e+00
3448 1.986375408209382e+00 -1.645100425911780e-01 1.993176062582616e+00
3449 1.986375408209396e+00 -1.645100425909950e-01 1.993176062582615e+00
3450 1.986375408209374e+00 -1.645100425911771e-01 1.993176062582608e+00
3451 1.985454675926202e+00 1.699384641946142e-01 1.992714066736631e+00
3452 1.986709864078246e+00 -1.624919818793858e-01 1.993343855986943e+00
3453 1.986709864078372e+00 -1.624919818786270e-01 1.993343855987006e+00
3454 1.986709864078255e+00 -1.624919818793798e-01 1.993343855986952e+00
3455 1.986709864078419e+00 -1.624919818786271e-01 1.993343855987054e+00
3456 1.987569031681948e+00 1.571859013443136e-01 1.993774827627870e+00
3457 1.987569031682147e+00 1.571859013430312e-01 1.993774827627967e+00
3458 1.987208743247037e+00 -1.594330487702435e-01 1.993594112721454e+00
3459 1.987208743247226e+00 -1.594330487691496e-01 1.993594112721555e+00
3460 1.987569031681956e+00 1.571859013443170e-01 1.993774827627878e+00
3461 1.987569031691106e+00 1.571859012867642e-01 1.993774827632462e+00
3462 1.987569031690912e+00 1.571859012880481e-01 1.993774827632370e+00
3463 1.987569031682140e+00 1.571859013430302e-01 1.993774827627960e+00
3464 1.987569031686518e+00 1.571859013156578e-01 1.993774827630166e+00
3465 1.987569031686562e+00 1.571859013154235e-01 1.993774827630192e+00
3466 1.987569031690900e+00 1.571859012880505e-01 1.993774827632358e+00
3467 1.987569031691107e+00 1.571859012867670e-01 1.993774827632463e+00
3468 1.989567356666476e+00 -1.440709777918869e-01 1.994776858035690e+00
3469 1.989567356661894e+00 -1.440709778233124e-01 1.994776858033390e+00
3470 1.989567356663765e+00 -1.440709778105986e-01 1.994776858034337e+00
3471 1.987569031682127e+00 -1.571859013430252e-01 1.993774827627947e+00
3472 1.987569031681921e+00 -1.571859013443101e-01 1.993774827627842e+00
3473 1.989567356664659e+00 -1.440709778045930e-01 1.994776858034795e+00
3474 1.989567356663815e+00 -1.440709778106100e-01 1.994776858034388e+00
3475 1.987569031691069e+00 -1.571859012867600e-01 1.993774827632424e+00
3476 1.987569031690880e+00 -1.571859012880430e-01 1.993774827632337e+00
3477 1.987569031681913e+00 -1.571859013443101e-01 1.993774827627835e+00
3478 1.987569031682127e+00 -1.571859013430232e-01 1.993774827627947e+00
3479 1.987569031691127e+00 -1.571859012867599e-01 1.993774827632483e+00
3480 1.987569031686546e+00 -1.571859013154187e-01 1.993774827630175e+00
3481 1.989603494881667e+00 -1.438225402178472e-01 1.994794974407159e+00
3482 1.989603494878216e+00 -1.438225402414702e-01 1.994794974405420e+00
3483 1.989603494878995e+00 -1.438225402360264e-01 1.994794974405805e+00
3484 1.989603494881623e+00 -1.438225402178463e-01 1.994794974407115e+00
3485 1.987569031690900e+00 -1.571859012880454e-01 1.993774827632357e+00
3486 1.989603494880863e+00 -1.438225402232854e-01 1.994794974406750e+00
3487 1.989603494878998e+00 -1.438225402360256e-01 1.994794974405808e+00
3488 1.989603494878241e+00 -1.438225402414680e-01 1.994794974405445e+00
3489 1.989603494879657e+00 -1.438225402314318e-01 1.994794974406134e+00
3490 1.989603494880161e+00 -1.438225402278702e-01 1.994794974406380e+00
3491 1.989603494880857e+00 -1.438225402232881e-01 1.994794974406743e+00
3492 1.989603494879707e+00 -1.438225402314410e-01 1.994794974406184e+00
3493 1.987569031686508e+00 -1.571859013156550e-01 1.993774827630156e+00
3494 1.989603494880200e+00 -1.438225402278777e-01 1.994794974406419e+00
3495 1.987569031686508e+00 1.571859013156497e-01 1.993774827630156e+00
3496 1.987569031686552e+00 1.571859013154162e-01 1.993774827630182e+00
3497 1.989603494880195e+00 1.438225402278811e-01 1.994794974406415e+00
3498 1.984177630882008e+00 -1.771846228222556e-01 1.992073106453978e+00
3499 1.984177630882171e+00 -1.771846228214205e-01 1.992073106454066e+00
3500 1.824668376331523e+00 -5.656165389180791e-01 1.910323729811778e+00
3501 1.824668376338756e+00 -5.656165389075134e-01 1.910323729815558e+00
3502 1.824668376338777e+00 -5.656165389075167e-01 1.910323729815580e+00
3503 1.824668376358254e+00 -5.656165388790972e-01 1.910323729825769e+00
3504 1.824668376331521e+00 -5.656165389180764e-01 1.910323729811776e+00
3505 1.824668376344225e+00 -5.656165388995520e-01 1.910323729818425e+00
3506 1.824668376345545e+00 -5.656165388976169e-01 1.910323729819112e+00
3507 1.824668376350993e+00 -5.656165388896477e-01 1.910323729821957e+00
3508 1.824668376345575e+00 -5.656165388976216e-01 1.910323729819143e+00
3509 1.824668376358242e+00 -5.656165388790972e-01 1.910323729825757e+00
3510 1.824668376351001e+00 -5.656165388896512e-01 1.910323729821966e+00
3511 1.982959461735461e+00 1.838224594807158e-01 1.991461504397142e+00
3512 1.982959461735462e+00 1.838224594807219e-01 1.991461504397144e+00
3513 1.982959461735410e+00 1.838224594807082e-01 1.991461504397091e+00
3514 1.985454675926732e+00 -1.699384641915667e-01 1.992714066736899e+00
3515 1.985454675924178e+00 -1.699384642063888e-01 1.992714066735618e+00
3516 1.985454675926187e+00 -1.699384641946118e-01 1.992714066736616e+00
3517 1.985454675924692e+00 -1.699384642033359e-01 1.992714066735871e+00
3518 1.986381766064967e+00 -1.644719168366177e-01 1.993179252346183e+00
3519 1.986381766065384e+00 -1.644719168340512e-01 1.993179252346387e+00
3520 1.986381766071307e+00 -1.644719167987108e-01 1.993179252349373e+00
3521 1.985454675924188e+00 1.699384642063924e-01 1.992714066735629e+00
3522 1.987569031686515e+00 -1.571859013154162e-01 1.993774827630144e+00
3523 1.987569031686496e+00 -1.571859013156505e-01 1.993774827630144e+00
3524 1.985454675924698e+00 1.699384642033356e-01 1.992714066735876e+00
3525 1.985272606936187e+00 1.709909062057378e-01 1.992622697315340e+00
3526 1.985272606938572e+00 1.709909061920378e-01 1.992622697316542e+00
3527 1.985272606966156e+00 1.709909060330695e-01 1.992622697330382e+00
3528 1.985272606968521e+00 1.709909060193655e-01 1.992622697331562e+00
3529 1.985272606968570e+00 1.709909060193710e-01 1.992622697331611e+00
3530 1.986728185078938e+00 1.623806900180731e-01 1.993353046973315e+00
3531 1.986728185082816e+00 1.623806899943512e-01 1.993353046975248e+00
3532 1.986728185082893e+00 1.623806899940120e-01 1.993353046975296e+00
3533 1.986728185079689e+00 1.623806900135698e-01 1.993353046973696e+00
3534 1.986728185086819e+00 1.623806899703095e-01 1.993353046977278e+00
3535 1.986728185086084e+00 1.623806899748087e-01 1.993353046976913e+00
3536 1.986728185086085e+00 1.623806899748095e-01 1.993353046976913e+00
3537 1.986728185086825e+00 1.623806899703076e-01 1.993353046977284e+00
3538 1.986728185079696e+00 1.623806900135703e-01 1.993353046973703e+00
3539 1.985272606966197e+00 1.709909060330687e-01 1.992622697330422e+00
3540 1.985272606952433e+00 1.709909061122317e-01 1.992622697323503e+00
3541 1.985272606952314e+00 1.709909061128639e-01 1.992622697323438e+00
3542 1.985272606938603e+00 1.709909061920368e-01 1.992622697316572e+00
3543 1.986728185078969e+00 1.623806900180755e-01 1.993353046973345e+00
3544 1.985272606936250e+00 1.709909062057450e-01 1.992622697315404e+00
3545 1.986728185086815e+00 -1.623806899703037e-01 1.993353046977274e+00
3546 1.986728185078959e+00 -1.623806900180700e-01 1.993353046973335e+00
3547 1.986728185086803e+00 -1.623806899703031e-01 1.993353046977262e+00
3548 1.986728185086059e+00 -1.623806899748054e-01 1.993353046976886e+00
3549 1.986728185079692e+00 -1.623806900135683e-01 1.993353046973699e+00
3550 1.986728185086053e+00 -1.623806899748024e-01 1.993353046976881e+00
3551 1.986728185082833e+00 -1.623806899943556e-01 1.993353046975264e+00
3552 1.986728185082890e+00 -1.623806899940151e-01 1.993353046975294e+00
3553 1.986381766064985e+00 1.644719168366220e-01 1.993179252346201e+00
3554 1.986381766065415e+00 1.644719168340569e-01 1.993179252346418e+00
3555 1.986381766070872e+00 1.644719168012800e-01 1.993179252349152e+00
3556 1.986381766071292e+00 1.644719167987120e-01 1.993179252349358e+00
3557 1.986381766065418e+00 1.644719168340562e-01 1.993179252346421e+00
3558 1.986381766068125e+00 1.644719168177502e-01 1.993179252347774e+00
3559 1.986381766068145e+00 1.644719168175797e-01 1.993179252347779e+00
3560 1.986381766068132e+00 1.644719168177583e-01 1.993179252347781e+00
3561 1.986381766070873e+00 1.644719168012818e-01 1.993179252349153e+00
3562 1.986381766071291e+00 1.644719167987173e-01 1.993179252349358e+00
3563 1.986728185079656e+00 -1.623806900135644e-01 1.993353046973663e+00
3564 1.986728185082867e+00 -1.623806899943552e-01 1.993353046975298e+00
3565 1.986381766068153e+00 1.644719168175869e-01 1.993179252347788e+00
3566 1.986381766064981e+00 1.644719168366203e-01 1.993179252346197e+00
3567 1.986728185078916e+00 -1.623806900180662e-01 1.993353046973292e+00
3568 1.986728185082904e+00 -1.623806899940152e-01 1.993353046975308e+00
3569 1.826664005082304e+00 -5.626958527416170e-01 1.911368099073524e+00
3570 1.826664005096926e+00 -5.626958527201371e-01 1.911368099081175e+00
3571 1.824668376344253e+00 -5.656165388995533e-01 1.910323729818453e+00
3572 1.826664005080380e+00 -5.626958527444881e-01 1.911368099072531e+00
3573 1.826664005098892e+00 -5.626958527172788e-01 1.911368099082212e+00
3574 1.982959461735436e+00 -1.838224594807227e-01 1.991461504397118e+00
3575 1.826664005098910e+00 -5.626958527172787e-01 1.911368099082229e+00
3576 1.826664005080372e+00 -5.626958527444842e-01 1.911368099072522e+00
3577 1.982959461735439e+00 -1.838224594807251e-01 1.991461504397121e+00
3578 1.982959461735459e+00 -1.838224594807215e-01 1.991461504397141e+00
3579 1.982959461735466e+00 1.838224594807180e-01 1.991461504397148e+00
3580 1.986728185082856e+00 1.623806899943571e-01 1.993353046975287e+00
3581 1.986728185082903e+00 1.623806899940201e-01 1.993353046975307e+00
3582 1.985272606952324e+00 1.709909061128696e-01 1.992622697323449e+00
3583 1.985272606952434e+00 1.709909061122402e-01 1.992622697323505e+00
3584 1.985272606938594e+00 -1.709909061920400e-01 1.992622697316563e+00
3585 1.985272606936215e+00 -1.709909062057376e-01 1.992622697315368e+00
3586 1.986381766070862e+00 -1.644719168012785e-01 1.993179252349142e+00
3587 1.986381766064993e+00 -1.644719168366154e-01 1.993179252346209e+00
3588 1.986381766065394e+00 -1.644719168340495e-01 1.993179252346396e+00
3589 1.986381766071292e+00 -1.644719167987091e-01 1.993179252349358e+00
3590 1.985272606968561e+00 -1.709909060193666e-01 1.992622697331602e+00
3591 1.985272606938641e+00 -1.709909061920417e-01 1.992622697316610e+00
3592 1.985272606968574e+00 -1.709909060193655e-01 1.992622697331615e+00
3593 1.986381766070885e+00 -1.644719168012759e-01 1.993179252349164e+00
3594 1.986381766068133e+00 -1.644719168177491e-01 1.993179252347781e+00
3595 1.986381766068148e+00 -1.644719168175779e-01 1.993179252347782e+00
3596 1.985272606936219e+00 -1.709909062057352e-01 1.992622697315372e+00
3597 1.831232221901357e+00 5.559253486065410e-01 1.913756631276057e+00
3598 1.985272606966189e+00 -1.709909060330712e-01 1.992622697330415e+00
3599 1.831232221903208e+00 5.559253486037635e-01 1.913756631277022e+00
3600 1.831232221901353e+00 5.559253486065378e-01 1.913756631276053e+00
3601 1.985272606952335e+00 -1.709909061128663e-01 1.992622697323460e+00
3602 1.985272606952452e+00 -1.709909061122366e-01 1.992622697323522e+00
3603 1.831232221903229e+00 5.559253486037634e-01 1.913756631277042e+00
3604 1.828979752577563e+00 5.592786155035305e-01 1.912579280735371e+00
3605 1.828979752585732e+00 5.592786154914907e-01 1.912579280739662e+00
3606 1.828979752589861e+00 5.592786154853417e-01 1.912579280741813e+00
3607 1.828979752581718e+00 5.592786154973948e-01 1.912579280737551e+00
3608 1.828979752577550e+00 5.592786155035265e-01 1.912579280735357e+00
3609 1.828979752585680e+00 5.592786154914778e-01 1.912579280739609e+00
3610 1.985272606966179e+00 -1.709909060330694e-01 1.992622697330405e+00
3611 1.828979752589832e+00 5.592786154853315e-01 1.912579280741782e+00
3612 1.985272606952323e+00 -1.709909061128667e-01 1.992622697323448e+00
3613 1.985272606952455e+00 -1.709909061122369e-01 1.992622697323525e+00
3614 1.829049905172300e+00 5.591746191213721e-01 1.912615959956502e+00
3615 1.829049905156093e+00 5.591746191453801e-01 1.912615959948022e+00
3616 1.829049905151350e+00 5.591746191524063e-01 1.912615959945541e+00
3617 1.829049905167559e+00 5.591746191283981e-01 1.912615959954022e+00
3618 1.829049905162124e+00 5.591746191364388e-01 1.912615959951175e+00
3619 1.829049905161515e+00 5.591746191373357e-01 1.912615959950856e+00
3620 1.828979752581693e+00 5.592786154973970e-01 1.912579280737527e+00
3621 1.829049905161520e+00 5.591746191373352e-01 1.912615959950859e+00
3622 1.829049905162141e+00 5.591746191364422e-01 1.912615959951192e+00
3623 1.829049905172267e+00 5.591746191213685e-01 1.912615959956469e+00
3624 1.829049905151345e+00 5.591746191524065e-01 1.912615959945536e+00
3625 1.829049905156065e+00 5.591746191453829e-01 1.912615959947996e+00
3626 1.829049905167537e+00 5.591746191283933e-01 1.912615959953999e+00
3627 1.830274998975495e+00 5.573539504376095e-01 1.913256385836241e+00
3628 1.830274998974079e+00 5.573539504397145e-01 1.913256385835500e+00
3629 1.830274998946524e+00 5.573539504807669e-01 1.913256385821099e+00
3630 1.830274998959724e+00 5.573539504610552e-01 1.913256385827985e+00
3631 1.830274998960838e+00 5.573539504594059e-01 1.913256385828570e+00
3632 1.830274998945099e+00 5.573539504828573e-01 1.913256385820345e+00
3633 1.830274998945097e+00 5.573539504828592e-01 1.913256385820344e+00
3634 1.830274998975499e+00 5.573539504376132e-01 1.913256385836247e+00
3635 1.830274998974097e+00 5.573539504397170e-01 1.913256385835518e+00
3636 1.830274998946514e+00 5.573539504807520e-01 1.913256385821086e+00
3637 1.830274998960855e+00 5.573539504594149e-01 1.913256385828589e+00
3638 1.830274998959736e+00 5.573539504610666e-01 1.913256385827999e+00
3639 1.986381766068134e+00 -1.644719168177540e-01 1.993179252347783e+00
3640 1.986381766068148e+00 -1.644719168175878e-01 1.993179252347782e+00
3641 1.832166421581453e+00 5.545259658289294e-01 1.914244718720439e+00
3642 1.832166421580263e+00 5.545259658307061e-01 1.914244718719815e+00
3643 1.982959461735393e+00 -1.838224594807171e-01 1.991461504397075e+00
3644 1.832166421581469e+00 5.545259658289381e-01 1.914244718720457e+00
3645 1.832166421580268e+00 5.545259658307158e-01 1.914244718719822e+00
3646 1.826664005096929e+00 -5.626958527201291e-01 1.911368099081176e+00
3647 1.826664005082262e+00 -5.626958527416004e-01 1.911368099073480e+00
3648 1.981286410748424e+00 -1.925538356144647e-01 1.990621214853850e+00
3649 1.980208735790919e+00 1.979667498738313e-01 1.990079765074325e+00
3650 1.980208735791018e+00 1.979667498733411e-01 1.990079765074374e+00
3651 1.980208735797767e+00 1.979667498398996e-01 1.990079765077763e+00
3652 1.980208735797670e+00 1.979667498403898e-01 1.990079765077715e+00
3653 1.981286410748446e+00 -1.925538356144652e-01 1.990621214853871e+00
3654 1.981286410748434e+00 -1.925538356144547e-01 1.990621214853859e+00
3655 1.981286410748443e+00 1.925538356144659e-01 1.990621214853868e+00
3656 1.981286410748438e+00 1.925538356144557e-01 1.990621214853863e+00
3657 1.981286410748389e+00 1.925538356144547e-01 1.990621214853814e+00
3658 1.981286410748418e+00 1.925538356144545e-01 1.990621214853843e+00
3659 1.980208735797786e+00 -1.979667498399057e-01 1.990079765077783e+00
3660 1.980208735797692e+00 -1.979667498403924e-01 1.990079765077738e+00
3661 1.980208735791041e+00 -1.979667498733466e-01 1.990079765074397e+00
3662 1.828979752589847e+00 -5.592786154853386e-01 1.912579280741799e+00
3663 1.828979752577567e+00 -5.592786155035359e-01 1.912579280735377e+00
3664 1.828979752581703e+00 -5.592786154973962e-01 1.912579280737537e+00
3665 1.828979752585691e+00 -5.592786154914814e-01 1.912579280739620e+00
3666 1.828979752585682e+00 -5.592786154914711e-01 1.912579280739609e+00
3667 1.828979752577541e+00 -5.592786155035292e-01 1.912579280735349e+00
3668 1.980208735791019e+00 -1.979667498733462e-01 1.990079765074376e+00
3669 1.980208735790924e+00 -1.979667498738334e-01 1.990079765074330e+00
3670 1.982400581955422e+00 1.867862318616020e-01 1.991180846570761e+00
3671 1.982400581955595e+00 1.867862318607504e-01 1.991180846570854e+00
3672 1.980208735790932e+00 -1.979667498738367e-01 1.990079765074338e+00
3673 1.982400581955610e+00 -1.867862318607547e-01 1.991180846570869e+00
3674 1.982400581955433e+00 -1.867862318616038e-01 1.991180846570772e+00
3675 1.982400581972778e+00 1.867862317704594e-01 1.991180846579490e+00
3676 1.982400581955428e+00 1.867862318616060e-01 1.991180846570767e+00
3677 1.982400581955594e+00 1.867862318607563e-01 1.991180846570853e+00
3678 1.982400581972597e+00 1.867862317713131e-01 1.991180846579391e+00
3679 1.982400581955578e+00 -1.867862318607560e-01 1.991180846570837e+00
3680 1.982400581955436e+00 -1.867862318616057e-01 1.991180846570775e+00
3681 1.982400581964053e+00 -1.867862318162150e-01 1.991180846575096e+00
3682 1.982400581972626e+00 -1.867862317713194e-01 1.991180846579419e+00
3683 1.982400581972762e+00 -1.867862317704628e-01 1.991180846579475e+00
3684 1.982400581972601e+00 -1.867862317713223e-01 1.991180846579396e+00
3685 1.982400581972743e+00 1.867862317704667e-01 1.991180846579456e+00
3686 1.982400581964082e+00 1.867862318162141e-01 1.991180846575125e+00
3687 1.982400581964127e+00 1.867862318158509e-01 1.991180846575136e+00
3688 1.982400581972814e+00 -1.867862317704719e-01 1.991180846579528e+00
3689 1.982400581972594e+00 1.867862317713176e-01 1.991180846579388e+00
3690 1.982400581964099e+00 1.867862318162195e-01 1.991180846575143e+00
3691 1.982400581964073e+00 -1.867862318162162e-01 1.991180846575116e+00
3692 1.982400581964128e+00 -1.867862318158556e-01 1.991180846575137e+00
3693 1.982400581964187e+00 1.867862318158622e-01 1.991180846575196e+00
3694 1.982400581964154e+00 -1.867862318158574e-01 1.991180846575163e+00
3695 1.980932008094548e+00 1.943512169803769e-01 1.990443170812784e+00
3696 1.980932008094438e+00 1.943512169808161e-01 1.990443170812717e+00
3697 1.980932008086990e+00 1.943512170184872e-01 1.990443170808984e+00
3698 1.980932008086914e+00 1.943512170189325e-01 1.990443170808952e+00
3699 1.980932008094545e+00 1.943512169803807e-01 1.990443170812781e+00
3700 1.980932008094463e+00 1.943512169808169e-01 1.990443170812743e+00
3701 1.829049905151343e+00 -5.591746191524083e-01 1.912615959945535e+00
3702 1.829049905156086e+00 -5.591746191453822e-01 1.912615959948016e+00
3703 1.829049905151347e+00 -5.591746191524070e-01 1.912615959945538e+00
3704 1.829049905167531e+00 -5.591746191283939e-01 1.912615959953994e+00
3705 1.829049905172264e+00 -5.591746191213672e-01 1.912615959956466e+00
3706 1.829049905156102e+00 -5.591746191453864e-01 1.912615959948032e+00
3707 1.829049905172280e+00 -5.591746191213727e-01 1.912615959956483e+00
3708 1.829049905167561e+00 -5.591746191284011e-01 1.912615959954024e+00
3709 1.829049905162135e+00 -5.591746191364414e-01 1.912615959951186e+00
3710 1.829049905161529e+00 -5.591746191373432e-01 1.912615959950871e+00
3711 1.829049905161533e+00 -5.591746191373409e-01 1.912615959950874e+00
3712 1.829049905162148e+00 -5.591746191364422e-01 1.912615959951200e+00
3713 1.980932008086939e+00 1.943512170189322e-01 1.990443170808977e+00
3714 1.980932008087020e+00 1.943512170184901e-01 1.990443170809014e+00
3715 1.981043343001442e+00 1.937884388604045e-01 1.990499104718784e+00
3716 1.981043343001554e+00 1.937884388598478e-01 1.990499104718842e+00
3717 1.981043342989405e+00 1.937884389213360e-01 1.990499104712737e+00
3718 1.981043342989302e+00 1.937884389218928e-01 1.990499104712688e+00
3719 1.981043342995415e+00 1.937884388909965e-01 1.990499104715764e+00
3720 1.981043342995472e+00 1.937884388907407e-01 1.990499104715796e+00
3721 1.981043342995441e+00 1.937884388910029e-01 1.990499104715791e+00
3722 1.981043342995508e+00 1.937884388907495e-01 1.990499104715833e+00
3723 1.981043342989425e+00 1.937884389213371e-01 1.990499104712756e+00
3724 1.981043342989293e+00 1.937884389218879e-01 1.990499104712679e+00
3725 1.981043343001563e+00 1.937884388598512e-01 1.990499104718851e+00
3726 1.981043343001435e+00 1.937884388604042e-01 1.990499104718777e+00
3727 1.981286410748418e+00 -1.925538356144549e-01 1.990621214853843e+00
3728 1.828979752589844e+00 -5.592786154853350e-01 1.912579280741794e+00
3729 1.828979752581697e+00 -5.592786154973874e-01 1.912579280737528e+00
3730 1.831232221903204e+00 -5.559253486037592e-01 1.913756631277017e+00
3731 1.831232221901354e+00 -5.559253486065359e-01 1.913756631276054e+00
3732 1.831232221903198e+00 -5.559253486037651e-01 1.913756631277013e+00
3733 1.835263380430279e+00 5.498500570808812e-01 1.915861884588820e+00
3734 1.831232221901337e+00 -5.559253486065376e-01 1.913756631276038e+00
3735 1.980932008086937e+00 -1.943512170189352e-01 1.990443170808974e+00
3736 1.980932008094583e+00 -1.943512169803820e-01 1.990443170812820e+00
3737 1.980932008094481e+00 -1.943512169808226e-01 1.990443170812762e+00
3738 1.980932008094573e+00 -1.943512169803803e-01 1.990443170812810e+00
3739 1.980932008086938e+00 -1.943512170189357e-01 1.990443170808976e+00
3740 1.980932008087016e+00 -1.943512170184919e-01 1.990443170809010e+00
3741 1.980932008094482e+00 -1.943512169808224e-01 1.990443170812763e+00
3742 1.830274998945112e+00 -5.573539504828666e-01 1.913256385820361e+00
3743 1.830274998946508e+00 -5.573539504807650e-01 1.913256385821084e+00
3744 1.830274998959751e+00 -5.573539504610661e-01 1.913256385828014e+00
3745 1.830274998960857e+00 -5.573539504594159e-01 1.913256385828591e+00
3746 1.830274998946498e+00 -5.573539504807615e-01 1.913256385821072e+00
3747 1.830274998945085e+00 -5.573539504828589e-01 1.913256385820332e+00
3748 1.980932008086991e+00 -1.943512170184867e-01 1.990443170808985e+00
3749 1.830274998959708e+00 -5.573539504610571e-01 1.913256385827970e+00
3750 1.830274998960839e+00 -5.573539504594024e-01 1.913256385828569e+00
3751 1.830274998974083e+00 -5.573539504397131e-01 1.913256385835503e+00
3752 1.830274998975485e+00 -5.573539504376142e-01 1.913256385836233e+00
3753 1.830274998975505e+00 -5.573539504376179e-01 1.913256385836254e+00
3754 1.830274998974040e+00 -5.573539504397038e-01 1.913256385835460e+00
3755 1.981043342989333e+00 -1.937884389218953e-01 1.990499104712719e+00
3756 1.981043342989435e+00 -1.937884389213375e-01 1.990499104712766e+00
3757 1.981043343001478e+00 -1.937884388604056e-01 1.990499104718820e+00
3758 1.981043342995484e+00 -1.937884388907444e-01 1.990499104715809e+00
3759 1.981043343001596e+00 -1.937884388598514e-01 1.990499104718884e+00
3760 1.981043342995438e+00 -1.937884388909988e-01 1.990499104715788e+00
3761 1.981043343001460e+00 -1.937884388604065e-01 1.990499104718803e+00
3762 1.981043343001567e+00 -1.937884388598495e-01 1.990499104718854e+00
3763 1.981043342989302e+00 -1.937884389218913e-01 1.990499104712688e+00
3764 1.981043342989407e+00 -1.937884389213361e-01 1.990499104712739e+00
3765 1.981043342995469e+00 -1.937884388907483e-01 1.990499104715794e+00
3766 1.981043342995412e+00 -1.937884388910034e-01 1.990499104715761e+00
3767 1.832543367631439e+00 5.539598731095143e-01 1.914441624930226e+00
3768 1.832543367611313e+00 5.539598731397681e-01 1.914441624919716e+00
3769 1.832543367625745e+00 5.539598731180961e-01 1.914441624927259e+00
3770 1.832543367617035e+00 5.539598731311988e-01 1.914441624922713e+00
3771 1.832543367621883e+00 5.539598731238965e-01 1.914441624925240e+00
3772 1.832543367620896e+00 5.539598731253975e-01 1.914441624924730e+00
3773 1.832543367631472e+00 5.539598731095291e-01 1.914441624930262e+00
3774 1.832543367620921e+00 5.539598731253944e-01 1.914441624924753e+00
3775 1.832543367625785e+00 5.539598731181026e-01 1.914441624927299e+00
3776 1.832543367611354e+00 5.539598731397808e-01 1.914441624919758e+00
3777 1.832543367617059e+00 5.539598731312061e-01 1.914441624922738e+00
3778 1.832543367621916e+00 5.539598731238955e-01 1.914441624925272e+00
3779 1.832807164028698e+00 5.535632100761034e-01 1.914579412838413e+00
3780 1.832807164060182e+00 5.535632100287329e-01 1.914579412854855e+00
3781 1.832807164028723e+00 5.535632100761210e-01 1.914579412838441e+00
3782 1.832807164036279e+00 5.535632100646621e-01 1.914579412842362e+00
3783 1.832807164060204e+00 5.535632100287462e-01 1.914579412854881e+00
3784 1.832807164052563e+00 5.535632100401625e-01 1.914579412850866e+00
3785 1.832807164036332e+00 5.535632100646808e-01 1.914579412842418e+00
3786 1.832807164052617e+00 5.535632100401887e-01 1.914579412850926e+00
3787 1.832807164044412e+00 5.535632100524113e-01 1.914579412846604e+00
3788 1.832891880183641e+00 5.534357377585193e-01 1.914623660219271e+00
3789 1.832891880175175e+00 5.534357377712746e-01 1.914623660214853e+00
3790 1.832891880183632e+00 5.534357377585313e-01 1.914623660219266e+00
3791 1.832891880175186e+00 5.534357377712800e-01 1.914623660214866e+00
3792 1.832891880135654e+00 5.534357378307356e-01 1.914623660194207e+00
3793 1.832891880144137e+00 5.534357378179847e-01 1.914623660198642e+00
3794 1.832891880144166e+00 5.534357378179863e-01 1.914623660198671e+00
3795 1.832891880159656e+00 5.534357377946321e-01 1.914623660206749e+00
3796 1.832891880159665e+00 5.534357377946266e-01 1.914623660206756e+00
3797 1.832891880159688e+00 5.534357377946479e-01 1.914623660206784e+00
3798 1.832891880135663e+00 5.534357378307460e-01 1.914623660194219e+00
3799 1.832891880159684e+00 5.534357377946330e-01 1.914623660206775e+00
3800 1.980208735797677e+00 -1.979667498403957e-01 1.990079765077723e+00
3801 1.980208735797778e+00 -1.979667498399055e-01 1.990079765077775e+00
3802 1.832166421581471e+00 -5.545259658289390e-01 1.914244718720459e+00
3803 1.832166421581464e+00 -5.545259658289414e-01 1.914244718720453e+00
3804 1.832166421580283e+00 -5.545259658307157e-01 1.914244718719837e+00
3805 1.832166421580260e+00 -5.545259658307131e-01 1.914244718719814e+00
3806 1.980208735797697e+00 1.979667498403925e-01 1.990079765077743e+00
3807 1.980208735797784e+00 1.979667498399031e-01 1.990079765077780e+00
3808 1.980208735791033e+00 1.979667498733459e-01 1.990079765074390e+00
3809 1.980208735790935e+00 1.979667498738367e-01 1.990079765074341e+00
3810 1.835263380430307e+00 5.498500570808875e-01 1.915861884588849e+00
3811 1.835263380430326e+00 5.498500570808866e-01 1.915861884588866e+00
3812 1.836159838071370e+00 5.484858476279223e-01 1.916329740935625e+00
3813 1.835263380430338e+00 5.498500570808905e-01 1.915861884588879e+00
3814 1.836159838071356e+00 5.484858476279147e-01 1.916329740935609e+00
3815 1.977475635486288e+00 2.110482929884901e-01 1.988705928717279e+00
3816 1.977475635486528e+00 2.110482929873735e-01 1.988705928717399e+00
3817 1.835611752057841e+00 5.493204891612957e-01 1.916043711428646e+00
3818 1.835611752061090e+00 5.493204891563508e-01 1.916043711430341e+00
3819 1.835611752076289e+00 5.493204891332444e-01 1.916043711438278e+00
3820 1.835611752073024e+00 5.493204891381872e-01 1.916043711436567e+00
3821 1.835611752057859e+00 5.493204891612933e-01 1.916043711428663e+00
3822 1.977475635486527e+00 2.110482929873734e-01 1.988705928717398e+00
3823 1.977475635486289e+00 2.110482929884909e-01 1.988705928717279e+00
3824 1.835611752061107e+00 5.493204891563517e-01 1.916043711430358e+00
3825 1.835611752076300e+00 5.493204891332382e-01 1.916043711438286e+00
3826 1.835611752073053e+00 5.493204891381885e-01 1.916043711436595e+00
3827 1.832807164044444e+00 5.535632100524184e-01 1.914579412846637e+00
3828 1.979060890683847e+00 2.035676111068503e-01 1.989502898044155e+00
3829 1.979060890691439e+00 2.035676110704052e-01 1.989502898047978e+00
3830 1.979060890691173e+00 2.035676110716245e-01 1.989502898047838e+00
3831 1.979060890687438e+00 2.035676110896243e-01 1.989502898045965e+00
3832 1.979060890691459e+00 2.035676110704121e-01 1.989502898047998e+00
3833 1.979060890687595e+00 2.035676110888590e-01 1.989502898046042e+00
3834 1.979060890683857e+00 2.035676111068524e-01 1.989502898044165e+00
3835 1.979060890687453e+00 2.035676110896226e-01 1.989502898045979e+00
3836 1.979060890683603e+00 2.035676111080752e-01 1.989502898044037e+00
3837 1.979060890683606e+00 2.035676111080761e-01 1.989502898044041e+00
3838 1.979060890687613e+00 2.035676110888562e-01 1.989502898046061e+00
3839 1.836159838071342e+00 5.484858476279216e-01 1.916329740935599e+00
3840 1.838052502885688e+00 5.455895914638214e-01 1.917317137480913e+00
3841 1.838052502886546e+00 5.455895914625077e-01 1.917317137481362e+00
3842 1.836159838071357e+00 5.484858476279271e-01 1.916329740935614e+00
3843 1.836605458314535e+00 5.478059027854001e-01 1.916562265264887e+00
3844 1.836605458321142e+00 5.478059027752941e-01 1.916562265268328e+00
3845 1.836605458336034e+00 5.478059027525681e-01 1.916562265276104e+00
3846 1.836605458329405e+00 5.478059027626786e-01 1.916562265272641e+00
3847 1.836605458336008e+00 5.478059027525581e-01 1.916562265276076e+00
3848 1.977475635486289e+00 -2.110482929884920e-01 1.988705928717280e+00
3849 1.977475635486532e+00 -2.110482929873756e-01 1.988705928717403e+00
3850 1.836605458329398e+00 5.478059027626717e-01 1.916562265272633e+00
3851 1.977475635486275e+00 -2.110482929884896e-01 1.988705928717265e+00
3852 1.977475635486516e+00 -2.110482929873735e-01 1.988705928717386e+00
3853 1.979060890691156e+00 2.035676110716284e-01 1.989502898047822e+00
3854 1.835263380430298e+00 -5.498500570808954e-01 1.915861884588842e+00
3855 1.978072730841624e+00 -2.082636149277028e-01 1.989006149261986e+00
3856 1.978072730852449e+00 -2.082636148767946e-01 1.989006149267421e+00
3857 1.978072730841590e+00 2.082636149276955e-01 1.989006149261951e+00
3858 1.978072730852423e+00 2.082636148767953e-01 1.989006149267395e+00
3859 1.978072730850914e+00 2.082636148838570e-01 1.989006149266634e+00
3860 1.978072730843082e+00 2.082636149206350e-01 1.989006149262696e+00
3861 1.978072730852451e+00 2.082636148767996e-01 1.989006149267423e+00
3862 1.978072730852464e+00 -2.082636148767986e-01 1.989006149267437e+00
3863 1.978072730850955e+00 -2.082636148838597e-01 1.989006149266676e+00
3864 1.978072730850946e+00 -2.082636148838557e-01 1.989006149266666e+00
3865 1.978072730841606e+00 2.082636149277010e-01 1.989006149261969e+00
3866 1.978072730850952e+00 2.082636148838609e-01 1.989006149266672e+00
3867 1.978072730841560e+00 -2.082636149276953e-01 1.989006149261922e+00
3868 1.978072730843112e+00 -2.082636149206328e-01 1.989006149262725e+00
3869 1.978072730843098e+00 2.082636149206379e-01 1.989006149262713e+00
3870 1.835263380430305e+00 -5.498500570809015e-01 1.915861884588850e+00
3871 1.979060890691453e+00 -2.035676110704063e-01 1.989502898047992e+00
3872 1.979060890691194e+00 -2.035676110716276e-01 1.989502898047860e+00
3873 1.979060890683855e+00 -2.035676111068498e-01 1.989502898044163e+00
3874 1.979060890683597e+00 -2.035676111080745e-01 1.989502898044032e+00
3875 1.979060890687597e+00 -2.035676110888597e-01 1.989502898046044e+00
3876 1.979060890691177e+00 -2.035676110716325e-01 1.989502898047843e+00
3877 1.979060890691437e+00 -2.035676110704084e-01 1.989502898047977e+00
3878 1.979060890687442e+00 -2.035676110896161e-01 1.989502898045968e+00
3879 1.979060890683869e+00 -2.035676111068595e-01 1.989502898044178e+00
3880 1.979060890683615e+00 -2.035676111080779e-01 1.989502898044050e+00
3881 1.978072730843084e+00 -2.082636149206298e-01 1.989006149262697e+00
3882 1.835263380430358e+00 -5.498500570809080e-01 1.915861884588902e+00
3883 1.979060890687623e+00 -2.035676110888605e-01 1.989502898046071e+00
3884 1.979060890687477e+00 -2.035676110896267e-01 1.989502898046004e+00
3885 1.978170265114849e+00 2.078050347566471e-01 1.989055185321605e+00
3886 1.978170265114116e+00 2.078050347601415e-01 1.989055185321240e+00
3887 1.832543367611322e+00 -5.539598731397746e-01 1.914441624919725e+00
3888 1.832543367617045e+00 -5.539598731311953e-01 1.914441624922722e+00
3889 1.832543367620893e+00 -5.539598731253865e-01 1.914441624924724e+00
3890 1.832543367621886e+00 -5.539598731238851e-01 1.914441624925240e+00
3891 1.978170265104913e+00 2.078050348034264e-01 1.989055185316611e+00
3892 1.978170265105660e+00 2.078050347999333e-01 1.989055185316988e+00
3893 1.978170265114867e+00 2.078050347566529e-01 1.989055185321623e+00
3894 1.978170265114100e+00 2.078050347601442e-01 1.989055185321225e+00
3895 1.978170265109942e+00 2.078050347797553e-01 1.989055185319139e+00
3896 1.978170265109814e+00 2.078050347803192e-01 1.989055185319071e+00
3897 1.832543367611303e+00 -5.539598731397666e-01 1.914441624919705e+00
3898 1.832543367625771e+00 -5.539598731180990e-01 1.914441624927285e+00
3899 1.978170265104955e+00 2.078050348034320e-01 1.989055185316653e+00
3900 1.978170265105685e+00 2.078050347999366e-01 1.989055185317014e+00
3901 1.832543367631442e+00 -5.539598731095162e-01 1.914441624930229e+00
3902 1.832543367617034e+00 -5.539598731311951e-01 1.914441624922711e+00
3903 1.832543367621921e+00 -5.539598731239030e-01 1.914441624925279e+00
3904 1.832543367625744e+00 -5.539598731180964e-01 1.914441624927258e+00
3905 1.832543367631438e+00 -5.539598731095153e-01 1.914441624930226e+00
3906 1.835611752057841e+00 -5.493204891612926e-01 1.916043711428646e+00
3907 1.835611752061080e+00 -5.493204891563447e-01 1.916043711430329e+00
3908 1.835611752057837e+00 -5.493204891612939e-01 1.916043711428642e+00
3909 1.835611752061099e+00 -5.493204891563532e-01 1.916043711430350e+00
3910 1.835611752076299e+00 -5.493204891332407e-01 1.916043711438286e+00
3911 1.835611752073022e+00 -5.493204891381780e-01 1.916043711436562e+00
3912 1.832891880135669e+00 -5.534357378307426e-01 1.914623660194224e+00
3913 1.832891880183640e+00 -5.534357377585220e-01 1.914623660219271e+00
3914 1.832891880144148e+00 -5.534357378179841e-01 1.914623660198653e+00
3915 1.832891880175181e+00 -5.534357377712753e-01 1.914623660214860e+00
3916 1.832807164028678e+00 -5.535632100761041e-01 1.914579412838394e+00
3917 1.832807164036276e+00 -5.535632100646621e-01 1.914579412842358e+00
3918 1.832807164060166e+00 -5.535632100287302e-01 1.914579412854839e+00
3919 1.832807164052551e+00 -5.535632100401657e-01 1.914579412850856e+00
3920 1.835611752076279e+00 -5.493204891332425e-01 1.916043711438268e+00
3921 1.832891880135642e+00 -5.534357378307316e-01 1.914623660194195e+00
3922 1.832807164028692e+00 -5.535632100761024e-01 1.914579412838406e+00
3923 1.835611752073047e+00 -5.493204891381902e-01 1.916043711436590e+00
3924 1.832891880183622e+00 -5.534357377585208e-01 1.914623660219254e+00
3925 1.832807164036301e+00 -5.535632100646704e-01 1.914579412842385e+00
3926 1.832891880144113e+00 -5.534357378179763e-01 1.914623660198617e+00
3927 1.832891880175164e+00 -5.534357377712775e-01 1.914623660214844e+00
3928 1.832807164060185e+00 -5.535632100287277e-01 1.914579412854857e+00
3929 1.832807164052582e+00 -5.535632100401719e-01 1.914579412850888e+00
3930 1.832807164044432e+00 -5.535632100524158e-01 1.914579412846625e+00
3931 1.832807164044374e+00 -5.535632100524092e-01 1.914579412846568e+00
3932 1.832891880159678e+00 -5.534357377946280e-01 1.914623660206769e+00
3933 1.832891880159621e+00 -5.534357377946173e-01 1.914623660206710e+00
3934 1.832807164044456e+00 -5.535632100524257e-01 1.914579412846651e+00
3935 1.832807164044428e+00 -5.535632100524158e-01 1.914579412846622e+00
3936 1.832807164044470e+00 5.535632100524293e-01 1.914579412846666e+00
3937 1.832807164044465e+00 5.535632100524358e-01 1.914579412846662e+00
3938 1.838052502886561e+00 5.455895914625120e-01 1.917317137481377e+00
3939 1.838052502885700e+00 5.455895914638228e-01 1.917317137480925e+00
3940 1.839005369435704e+00 5.441231385902272e-01 1.917814052186142e+00
3941 1.839005369434865e+00 5.441231385915197e-01 1.917814052185704e+00
3942 1.836605458314512e+00 5.478059027853943e-01 1.916562265264862e+00
3943 1.836605458321154e+00 5.478059027752931e-01 1.916562265268340e+00
3944 1.835263380430360e+00 -5.498500570809020e-01 1.915861884588903e+00
3945 1.836159838071411e+00 -5.484858476279326e-01 1.916329740935668e+00
3946 1.836159838071354e+00 -5.484858476279162e-01 1.916329740935607e+00
3947 1.832543367620910e+00 -5.539598731253985e-01 1.914441624924744e+00
3948 1.836159838071368e+00 -5.484858476279137e-01 1.916329740935621e+00
3949 1.978170265114106e+00 -2.078050347601397e-01 1.989055185321231e+00
3950 1.978170265105650e+00 -2.078050347999319e-01 1.989055185316978e+00
3951 1.978170265104910e+00 -2.078050348034265e-01 1.989055185316608e+00
3952 1.978170265114851e+00 -2.078050347566467e-01 1.989055185321607e+00
3953 1.978170265114077e+00 -2.078050347601408e-01 1.989055185321202e+00
3954 1.978170265109972e+00 -2.078050347797541e-01 1.989055185319168e+00
3955 1.978170265105666e+00 -2.078050347999326e-01 1.989055185316994e+00
3956 1.978170265104891e+00 -2.078050348034245e-01 1.989055185316588e+00
3957 1.978170265114833e+00 -2.078050347566465e-01 1.989055185321589e+00
3958 1.978170265109854e+00 -2.078050347803194e-01 1.989055185319110e+00
3959 1.837365615351979e+00 5.466432348750230e-01 1.916958849509396e+00
3960 1.837365615341786e+00 5.466432348906666e-01 1.916958849504087e+00
3961 1.837365615338121e+00 5.466432348962936e-01 1.916958849502179e+00
3962 1.837365615347414e+00 5.466432348820400e-01 1.916958849507021e+00
3963 1.837365615355674e+00 5.466432348693965e-01 1.916958849511333e+00
3964 1.978170265109935e+00 2.078050347797513e-01 1.989055185319131e+00
3965 1.837365615341778e+00 5.466432348906605e-01 1.916958849504078e+00
3966 1.837365615351999e+00 5.466432348750234e-01 1.916958849509415e+00
3967 1.978170265109816e+00 2.078050347803215e-01 1.989055185319073e+00
3968 1.837365615338140e+00 5.466432348962895e-01 1.916958849502196e+00
3969 1.837365615355689e+00 5.466432348693858e-01 1.916958849511345e+00
3970 1.978170265109844e+00 -2.078050347803244e-01 1.989055185319101e+00
3971 1.837365615347415e+00 5.466432348820330e-01 1.916958849507020e+00
3972 1.976808501904790e+00 2.141148068679728e-01 1.988370439260041e+00
3973 1.976808501905990e+00 2.141148068624802e-01 1.988370439260643e+00
3974 1.976808501907731e+00 2.141148068545242e-01 1.988370439261517e+00
3975 1.976808501908937e+00 2.141148068490293e-01 1.988370439262124e+00
3976 1.976781812484008e+00 2.142365303328084e-01 1.988357016508001e+00
3977 1.976781812456016e+00 2.142365304604944e-01 1.988357016493930e+00
3978 1.976781812459931e+00 2.142365304425720e-01 1.988357016495891e+00
3979 1.976781812459959e+00 2.142365304425806e-01 1.988357016495920e+00
3980 1.976781812455989e+00 2.142365304604977e-01 1.988357016493903e+00
3981 1.976781812480081e+00 2.142365303507284e-01 1.988357016506028e+00
3982 1.976781812480088e+00 2.142365303507348e-01 1.988357016506036e+00
3983 1.976781812468778e+00 2.142365304023125e-01 1.988357016500349e+00
3984 1.976781812468781e+00 2.142365304023159e-01 1.988357016500352e+00
3985 1.976781812484006e+00 2.142365303328117e-01 1.988357016507999e+00
3986 1.976781812471255e+00 2.142365303909958e-01 1.988357016501592e+00
3987 1.976808501906886e+00 2.141148068585135e-01 1.988370439261107e+00
3988 1.976808501906905e+00 2.141148068585043e-01 1.988370439261124e+00
3989 1.976808501904779e+00 2.141148068679706e-01 1.988370439260030e+00
3990 1.976808501906006e+00 2.141148068624822e-01 1.988370439260659e+00
3991 1.976808501907754e+00 2.141148068545273e-01 1.988370439261540e+00
3992 1.976808501908936e+00 2.141148068490281e-01 1.988370439262123e+00
3993 1.839005369434866e+00 5.441231385915135e-01 1.917814052185703e+00
3994 1.839005369435700e+00 5.441231385902336e-01 1.917814052186140e+00
3995 1.837365615346339e+00 5.466432348836394e-01 1.916958849506447e+00
3996 1.832891880159652e+00 -5.534357377946305e-01 1.914623660206744e+00
3997 1.836159838071298e+00 -5.484858476279035e-01 1.916329740935550e+00
3998 1.838052502885661e+00 -5.455895914638161e-01 1.917317137480885e+00
3999 1.838052502886511e+00 -5.455895914624987e-01 1.917317137481326e+00
4000 1.838052502885717e+00 -5.455895914638318e-01 1.917317137480944e+00
4001 1.838052502886582e+00 -5.455895914625180e-01 1.917317137481399e+00
4002 1.832891880159638e+00 -5.534357377946209e-01 1.914623660206728e+00
4003 1.974439681747917e+00 2.246492968019549e-01 1.987178744706784e+00
4004 1.974439681747820e+00 2.246492968024436e-01 1.987178744706743e+00
4005 1.975190287545303e+00 2.213682523033869e-01 1.987556433196591e+00
4006 1.974439681747796e+00 2.246492968024437e-01 1.987178744706718e+00
4007 1.974439681747933e+00 2.246492968019640e-01 1.987178744706801e+00
4008 1.975190287550885e+00 2.213682522788441e-01 1.987556433199404e+00
4009 1.836605458336037e+00 -5.478059027525705e-01 1.916562265276107e+00
4010 1.836605458329406e+00 -5.478059027626773e-01 1.916562265272641e+00
4011 1.836605458321146e+00 -5.478059027752903e-01 1.916562265268331e+00
4012 1.975190287545302e+00 2.213682523033822e-01 1.987556433196589e+00
4013 1.836605458336016e+00 -5.478059027525628e-01 1.916562265276085e+00
4014 1.975190287550882e+00 2.213682522788472e-01 1.987556433199402e+00
4015 1.836605458314522e+00 -5.478059027854038e-01 1.916562265264875e+00
4016 1.836605458329405e+00 -5.478059027626715e-01 1.916562265272639e+00
4017 1.836605458321155e+00 -5.478059027752959e-01 1.916562265268342e+00
4018 1.836605458314531e+00 -5.478059027854018e-01 1.916562265264882e+00
4019 1.978170265109969e+00 -2.078050347797575e-01 1.989055185319166e+00
4020 1.837365615355658e+00 -5.466432348693919e-01 1.916958849511316e+00
4021 1.837365615351966e+00 -5.466432348750192e-01 1.916958849509382e+00
4022 1.837365615347407e+00 -5.466432348820380e-01 1.916958849507014e+00
4023 1.837365615346374e+00 -5.466432348836455e-01 1.916958849506482e+00
4024 1.837365615338104e+00 -5.466432348962876e-01 1.916958849502160e+00
4025 1.837365615341758e+00 -5.466432348906579e-01 1.916958849504057e+00
4026 1.837365615338133e+00 -5.466432348962937e-01 1.916958849502191e+00
4027 1.976781812471274e+00 2.142365303909990e-01 1.988357016501611e+00
4028 1.976781812456014e+00 -2.142365304604936e-01 1.988357016493928e+00
4029 1.976781812459937e+00 -2.142365304425721e-01 1.988357016495897e+00
4030 1.976781812484015e+00 -2.142365303328039e-01 1.988357016508008e+00
4031 1.976781812468788e+00 -2.142365304023099e-01 1.988357016500359e+00
4032 1.976781812471286e+00 -2.142365303909932e-01 1.988357016501622e+00
4033 1.976781812468779e+00 -2.142365304023146e-01 1.988357016500350e+00
4034 1.976781812456017e+00 -2.142365304604943e-01 1.988357016493931e+00
4035 1.976781812459921e+00 -2.142365304425734e-01 1.988357016495881e+00
4036 1.976781812484023e+00 -2.142365303328146e-01 1.988357016508017e+00
4037 1.976781812480078e+00 -2.142365303507258e-01 1.988357016506025e+00
4038 1.976781812471261e+00 -2.142365303909956e-01 1.988357016501598e+00
4039 1.976781812480101e+00 -2.142365303507304e-01 1.988357016506048e+00
4040 1.976808501908964e+00 -2.141148068490331e-01 1.988370439262152e+00
4041 1.976808501904818e+00 -2.141148068679729e-01 1.988370439260069e+00
4042 1.976808501908978e+00 -2.141148068490369e-01 1.988370439262165e+00
4043 1.976808501907750e+00 -2.141148068545236e-01 1.988370439261536e+00
4044 1.976808501904820e+00 -2.141148068679795e-01 1.988370439260072e+00
4045 1.976808501906007e+00 -2.141148068624828e-01 1.988370439260660e+00
4046 1.976808501907767e+00 -2.141148068545278e-01 1.988370439261554e+00
4047 1.976808501906892e+00 -2.141148068584873e-01 1.988370439261110e+00
4048 1.976808501906889e+00 -2.141148068585153e-01 1.988370439261110e+00
4049 1.976808501906028e+00 -2.141148068624851e-01 1.988370439260682e+00
4050 1.837365615346394e+00 5.466432348836562e-01 1.916958849506504e+00
4051 1.976808501906868e+00 -2.141148068584895e-01 1.988370439261085e+00
4052 1.976808501906858e+00 -2.141148068585158e-01 1.988370439261078e+00
4053 1.839005369435678e+00 -5.441231385902268e-01 1.917814052186117e+00
4054 1.839005369434842e+00 -5.441231385915205e-01 1.917814052185682e+00
4055 1.837365615355717e+00 -5.466432348694000e-01 1.916958849511375e+00
4056 1.837365615341785e+00 -5.466432348906650e-01 1.916958849504085e+00
4057 1.974439681747920e+00 -2.246492968019509e-01 1.987178744706786e+00
4058 1.974439681747806e+00 -2.246492968024392e-01 1.987178744706728e+00
4059 1.974439681747868e+00 -2.246492968024509e-01 1.987178744706791e+00
4060 1.973408302577297e+00 2.290770101020216e-01 1.986659660142695e+00
4061 1.976808501906874e+00 2.141148068584882e-01 1.988370439261092e+00
4062 1.976808501906863e+00 2.141148068585169e-01 1.988370439261084e+00
4063 1.973408302577314e+00 2.290770101020247e-01 1.986659660142713e+00
4064 1.974424153755498e+00 -2.247166406878747e-01 1.987170930628555e+00
4065 1.974424153755842e+00 -2.247166406862620e-01 1.987170930628715e+00
4066 1.973601360792444e+00 2.282550989016616e-01 1.986756835019423e+00
4067 1.973601360790117e+00 2.282550989116127e-01 1.986756835018255e+00
4068 1.973601360789814e+00 2.282550989129209e-01 1.986756835018104e+00
4069 1.973601360792773e+00 2.282550989003524e-01 1.986756835019599e+00
4070 1.974424153761210e+00 -2.247166406630825e-01 1.987170930631427e+00
4071 1.974424153760844e+00 -2.247166406646928e-01 1.987170930631246e+00
4072 1.974424153760862e+00 -2.247166406647034e-01 1.987170930631265e+00
4073 1.841359168984388e+00 5.404764089724248e-01 1.919040994314245e+00
4074 1.841359168984383e+00 5.404764089724390e-01 1.919040994314243e+00
4075 1.974424153761203e+00 2.247166406630836e-01 1.987170930631420e+00
4076 1.974424153755493e+00 2.247166406878788e-01 1.987170930628551e+00
4077 1.974424153760844e+00 2.247166406646936e-01 1.987170930631245e+00
4078 1.841349473996162e+00 5.404915008697424e-01 1.919035942315404e+00
4079 1.841349474009590e+00 5.404915008488430e-01 1.919035942322401e+00
4080 1.841349474007149e+00 5.404915008526859e-01 1.919035942321142e+00
4081 1.841349473998631e+00 5.404915008659080e-01 1.919035942316693e+00
4082 1.974424153755492e+00 2.247166406878791e-01 1.987170930628550e+00
4083 1.974424153761207e+00 2.247166406630837e-01 1.987170930631424e+00
4084 1.974424153760825e+00 2.247166406646917e-01 1.987170930631227e+00
4085 1.974424153755872e+00 2.247166406862693e-01 1.987170930628745e+00
4086 1.975190287548556e+00 2.213682522890789e-01 1.987556433198229e+00
4087 1.974424153755854e+00 2.247166406862676e-01 1.987170930628727e+00
4088 1.975190287547632e+00 2.213682522931510e-01 1.987556433197765e+00
4089 1.975190287550875e+00 -2.213682522788465e-01 1.987556433199395e+00
4090 1.975190287545313e+00 -2.213682523033845e-01 1.987556433196600e+00
4091 1.975190287545276e+00 -2.213682523033791e-01 1.987556433196563e+00
4092 1.841349473996173e+00 5.404915008697524e-01 1.919035942315417e+00
4093 1.841349473998639e+00 5.404915008659138e-01 1.919035942316702e+00
4094 1.841349474009593e+00 5.404915008488538e-01 1.919035942322408e+00
4095 1.841349474007149e+00 5.404915008526927e-01 1.919035942321144e+00
4096 1.975190287547609e+00 2.213682522931575e-01 1.987556433197742e+00
4097 1.975190287548539e+00 2.213682522890844e-01 1.987556433198214e+00
4098 1.975190287548586e+00 -2.213682522890836e-01 1.987556433198260e+00
4099 1.975190287548093e+00 2.213682522910583e-01 1.987556433197990e+00
4100 1.975190287548075e+00 2.213682522911695e-01 1.987556433197984e+00
4101 1.975190287547658e+00 -2.213682522931542e-01 1.987556433197791e+00
4102 1.975190287548548e+00 -2.213682522890832e-01 1.987556433198222e+00
4103 1.975190287547619e+00 -2.213682522931524e-01 1.987556433197752e+00
4104 1.839285276576104e+00 5.436912951560848e-01 1.917959997773191e+00
4105 1.839285276558404e+00 5.436912951833743e-01 1.917959997763952e+00
4106 1.839285276570212e+00 5.436912951651467e-01 1.917959997770109e+00
4107 1.839285276552533e+00 5.436912951924547e-01 1.917959997760896e+00
4108 1.839285276576115e+00 5.436912951560893e-01 1.917959997773202e+00
4109 1.839285276570267e+00 5.436912951651685e-01 1.917959997770168e+00
4110 1.839285276552571e+00 5.436912951924654e-01 1.917959997760936e+00
4111 1.839285276558436e+00 5.436912951833872e-01 1.917959997763987e+00
4112 1.839285276564316e+00 5.436912951742734e-01 1.917959997767042e+00
4113 1.839285276564328e+00 5.436912951742680e-01 1.917959997767052e+00
4114 1.839457079826765e+00 5.434259940913910e-01 1.918049571720978e+00
4115 1.839457079828212e+00 5.434259940891673e-01 1.918049571721736e+00
4116 1.839457079850839e+00 5.434259940541954e-01 1.918049571733527e+00
4117 1.839457079826774e+00 5.434259940913929e-01 1.918049571720987e+00
4118 1.839457079828198e+00 5.434259940891651e-01 1.918049571721721e+00
4119 1.839457079849419e+00 5.434259940564254e-01 1.918049571732797e+00
4120 1.839457079838814e+00 5.434259940727735e-01 1.918049571727258e+00
4121 1.839457079838781e+00 5.434259940728176e-01 1.918049571727239e+00
4122 1.839457079849423e+00 5.434259940564276e-01 1.918049571732801e+00
4123 1.839457079850866e+00 5.434259940542039e-01 1.918049571733556e+00
4124 1.839285276564308e+00 5.436912951742604e-01 1.917959997767030e+00
4125 1.975190287548114e+00 -2.213682522910654e-01 1.987556433198011e+00
4126 1.975190287548083e+00 -2.213682522911639e-01 1.987556433197992e+00
4127 1.839457079838816e+00 5.434259940727650e-01 1.918049571727258e+00
4128 1.839457079838778e+00 5.434259940728194e-01 1.918049571727237e+00
4129 1.975190287548093e+00 2.213682522910631e-01 1.987556433197991e+00
4130 1.975190287548050e+00 2.213682522911669e-01 1.987556433197959e+00
4131 1.975190287548059e+00 -2.213682522911688e-01 1.987556433197969e+00
4132 1.975190287548115e+00 -2.213682522910665e-01 1.987556433198013e+00
4133 1.839285276564310e+00 5.436912951742570e-01 1.917959997767031e+00
4134 1.837365615351999e+00 -5.466432348750233e-01 1.916958849509415e+00
4135 1.837365615347392e+00 -5.466432348820386e-01 1.916958849507000e+00
4136 1.837365615346350e+00 -5.466432348836426e-01 1.916958849506458e+00
4137 1.839005369434926e+00 -5.441231385915304e-01 1.917814052185765e+00
4138 1.839005369435751e+00 -5.441231385902334e-01 1.917814052186189e+00
4139 1.841359168984360e+00 5.404764089724339e-01 1.919040994314220e+00
4140 1.839285276576099e+00 -5.436912951560791e-01 1.917959997773184e+00
4141 1.839285276552546e+00 -5.436912951924556e-01 1.917959997760908e+00
4142 1.839285276558432e+00 -5.436912951833837e-01 1.917959997763982e+00
4143 1.839285276570231e+00 -5.436912951651544e-01 1.917959997770130e+00
4144 1.839285276564335e+00 -5.436912951742707e-01 1.917959997767059e+00
4145 1.841359168984421e+00 5.404764089724498e-01 1.919040994314283e+00
4146 1.973408302577313e+00 2.290770101020239e-01 1.986659660142711e+00
4147 1.973408302577304e+00 2.290770101020213e-01 1.986659660142703e+00
4148 1.972767536425521e+00 2.317829151961924e-01 1.986337099424784e+00
4149 1.974439681747953e+00 -2.246492968019586e-01 1.987178744706820e+00
4150 1.973408302577285e+00 -2.290770101020163e-01 1.986659660142683e+00
4151 1.973408302577316e+00 -2.290770101020221e-01 1.986659660142714e+00
4152 1.973601360792777e+00 2.282550989003570e-01 1.986756835019603e+00
4153 1.973601360792474e+00 2.282550989016664e-01 1.986756835019453e+00
4154 1.974424153755499e+00 -2.247166406878822e-01 1.987170930628557e+00
4155 1.974424153755874e+00 -2.247166406862728e-01 1.987170930628748e+00
4156 1.974424153761216e+00 -2.247166406630890e-01 1.987170930631434e+00
4157 1.975190287550850e+00 -2.213682522788462e-01 1.987556433199370e+00
4158 1.973601360789841e+00 2.282550989129273e-01 1.986756835018132e+00
4159 1.973601360790147e+00 2.282550989116232e-01 1.986756835018286e+00
4160 1.842628703513225e+00 5.384950026878066e-01 1.919702426661635e+00
4161 1.842628703512782e+00 5.384950026885631e-01 1.919702426661422e+00
4162 1.842628703526710e+00 5.384950026667816e-01 1.919702426668681e+00
4163 1.842628703512751e+00 5.384950026885585e-01 1.919702426661390e+00
4164 1.974188379651941e+00 2.257365742378801e-01 1.987052278955290e+00
4165 1.974188379655536e+00 2.257365742223654e-01 1.987052278957099e+00
4166 1.973408302577282e+00 -2.290770101020161e-01 1.986659660142680e+00
4167 1.842628703526195e+00 5.384950026675096e-01 1.919702426668390e+00
4168 1.842628703513231e+00 5.384950026878091e-01 1.919702426661642e+00
4169 1.974188379655526e+00 2.257365742223685e-01 1.987052278957089e+00
4170 1.974188379651934e+00 2.257365742378815e-01 1.987052278955283e+00
4171 1.974188379653513e+00 2.257365742312060e-01 1.987052278956093e+00
4172 1.974188379654017e+00 2.257365742290449e-01 1.987052278956348e+00
4173 1.974188379654434e+00 2.257365742271817e-01 1.987052278956552e+00
4174 1.842628703526197e+00 5.384950026675162e-01 1.919702426668394e+00
4175 1.973601360790151e+00 -2.282550989116190e-01 1.986756835018289e+00
4176 1.973601360789842e+00 -2.282550989129264e-01 1.986756835018132e+00
4177 1.973601360792484e+00 -2.282550989016655e-01 1.986756835019463e+00
4178 1.973601360792786e+00 -2.282550989003559e-01 1.986756835019613e+00
4179 1.973601360792472e+00 -2.282550989016661e-01 1.986756835019451e+00
4180 1.973601360790128e+00 -2.282550989116156e-01 1.986756835018266e+00
4181 1.973601360792778e+00 -2.282550989003611e-01 1.986756835019605e+00
4182 1.973601360789844e+00 -2.282550989129292e-01 1.986756835018135e+00
4183 1.844820927307717e+00 5.350491573565023e-01 1.920844047449040e+00
4184 1.844820927310471e+00 5.350491573521609e-01 1.920844047450476e+00
4185 1.844820927307781e+00 5.350491573565168e-01 1.920844047449105e+00
4186 1.844820927310556e+00 5.350491573521787e-01 1.920844047450561e+00
4187 1.972767536425534e+00 2.317829151962010e-01 1.986337099424798e+00
4188 1.972767536425546e+00 2.317829151961915e-01 1.986337099424809e+00
4189 1.973045599440974e+00 2.306127953095754e-01 1.986477082383255e+00
4190 1.973045599441255e+00 2.306127953084023e-01 1.986477082383398e+00
4191 1.973045599463689e+00 2.306127952137937e-01 1.986477082394696e+00
4192 1.973045599463411e+00 2.306127952149657e-01 1.986477082394557e+00
4193 1.973045599452300e+00 2.306127952617067e-01 1.986477082388947e+00
4194 1.973045599452318e+00 2.306127952616600e-01 1.986477082388959e+00
4195 1.842628703526698e+00 5.384950026667790e-01 1.919702426668668e+00
4196 1.972767536425512e+00 2.317829151961925e-01 1.986337099424774e+00
4197 1.841359168984392e+00 -5.404764089724314e-01 1.919040994314251e+00
4198 1.841359168984397e+00 -5.404764089724350e-01 1.919040994314255e+00
4199 1.841359168984399e+00 -5.404764089724494e-01 1.919040994314262e+00
4200 1.974188379653081e+00 2.257365742330731e-01 1.987052278955876e+00
4201 1.839285276576121e+00 -5.436912951560839e-01 1.917959997773206e+00
4202 1.839285276558389e+00 -5.436912951833788e-01 1.917959997763939e+00
4203 1.839285276552543e+00 -5.436912951924554e-01 1.917959997760906e+00
4204 1.839285276564309e+00 -5.436912951742621e-01 1.917959997767032e+00
4205 1.842628703512761e+00 -5.384950026885558e-01 1.919702426661400e+00
4206 1.842628703513246e+00 -5.384950026878175e-01 1.919702426661658e+00
4207 1.842628703526226e+00 -5.384950026675221e-01 1.919702426668424e+00
4208 1.842628703526687e+00 -5.384950026667670e-01 1.919702426668654e+00
4209 1.839285276570194e+00 -5.436912951651439e-01 1.917959997770091e+00
4210 1.974188379654396e+00 2.257365742271789e-01 1.987052278956513e+00
4211 1.974188379653979e+00 2.257365742290419e-01 1.987052278956310e+00
4212 1.974188379653498e+00 2.257365742312045e-01 1.987052278956079e+00
4213 1.841349474009629e+00 -5.404915008488622e-01 1.919035942322445e+00
4214 1.841349473996198e+00 -5.404915008697549e-01 1.919035942315441e+00
4215 1.974188379653051e+00 2.257365742330736e-01 1.987052278955847e+00
4216 1.841349474007118e+00 -5.404915008526876e-01 1.919035942321112e+00
4217 1.841349473998618e+00 -5.404915008659086e-01 1.919035942316680e+00
4218 1.839285276564291e+00 -5.436912951742596e-01 1.917959997767014e+00
4219 1.841349473996177e+00 -5.404915008697582e-01 1.919035942315423e+00
4220 1.841349474009586e+00 -5.404915008488542e-01 1.919035942322401e+00
4221 1.972767536425543e+00 -2.317829151961912e-01 1.986337099424806e+00
4222 1.972767536425525e+00 -2.317829151962014e-01 1.986337099424789e+00
4223 1.972694256750687e+00 2.320902472895948e-01 1.986300207295989e+00
4224 1.972694256750927e+00 2.320902472886178e-01 1.986300207296113e+00
4225 1.841349473998654e+00 -5.404915008659252e-01 1.919035942316719e+00
4226 1.841349474007120e+00 -5.404915008526893e-01 1.919035942321115e+00
4227 1.973408302577300e+00 -2.290770101020228e-01 1.986659660142699e+00
4228 1.972694256750701e+00 2.320902472895940e-01 1.986300207296003e+00
4229 1.972694256750930e+00 2.320902472886148e-01 1.986300207296116e+00
4230 1.839457079826762e+00 -5.434259940913855e-01 1.918049571720974e+00
4231 1.839457079850832e+00 -5.434259940541931e-01 1.918049571733519e+00
4232 1.839457079828209e+00 -5.434259940891631e-01 1.918049571721731e+00
4233 1.839457079826771e+00 -5.434259940913939e-01 1.918049571720984e+00
4234 1.842518022125526e+00 5.386681560469423e-01 1.919644770314647e+00
4235 1.842518022145125e+00 5.386681560162906e-01 1.919644770324857e+00
4236 1.842518022153802e+00 5.386681560027088e-01 1.919644770329375e+00
4237 1.842518022153822e+00 5.386681560027082e-01 1.919644770329394e+00
4238 1.842518022116833e+00 5.386681560605197e-01 1.919644770310113e+00
4239 1.842518022145164e+00 5.386681560162934e-01 1.919644770324896e+00
4240 1.842518022125550e+00 5.386681560469400e-01 1.919644770314669e+00
4241 1.842518022136261e+00 5.386681560302421e-01 1.919644770320264e+00
4242 1.842518022134454e+00 5.386681560330103e-01 1.919644770319307e+00
4243 1.839457079850844e+00 -5.434259940541971e-01 1.918049571733532e+00
4244 1.839457079849399e+00 -5.434259940564141e-01 1.918049571732775e+00
4245 1.842518022116906e+00 5.386681560605430e-01 1.919644770310190e+00
4246 1.839457079828245e+00 -5.434259940891710e-01 1.918049571721768e+00
4247 1.839457079838826e+00 -5.434259940727709e-01 1.918049571727269e+00
4248 1.842518022134449e+00 5.386681560330115e-01 1.919644770319303e+00
4249 1.839457079849419e+00 -5.434259940564184e-01 1.918049571732795e+00
4250 1.842518022136204e+00 5.386681560302291e-01 1.919644770320206e+00
4251 1.972694256760567e+00 2.320902472481991e-01 1.986300207300965e+00
4252 1.972694256760812e+00 2.320902472472224e-01 1.986300207301094e+00
4253 1.839457079838791e+00 -5.434259940728148e-01 1.918049571727248e+00
4254 1.972694256760547e+00 2.320902472481950e-01 1.986300207300945e+00
4255 1.972694256760770e+00 2.320902472472175e-01 1.986300207301052e+00
4256 1.839457079838786e+00 -5.434259940728101e-01 1.918049571727242e+00
4257 1.972694256750680e+00 -2.320902472895914e-01 1.986300207295982e+00
4258 1.972694256750903e+00 -2.320902472886095e-01 1.986300207296089e+00
4259 1.972694256750687e+00 -2.320902472895909e-01 1.986300207295989e+00
4260 1.972694256760544e+00 -2.320902472481913e-01 1.986300207300941e+00
4261 1.972694256750933e+00 -2.320902472886149e-01 1.986300207296119e+00
4262 1.974188379655541e+00 -2.257365742223669e-01 1.987052278957104e+00
4263 1.974188379651956e+00 -2.257365742378808e-01 1.987052278955304e+00
4264 1.974188379654435e+00 -2.257365742271784e-01 1.987052278956552e+00
4265 1.974188379653044e+00 -2.257365742330668e-01 1.987052278955839e+00
4266 1.974188379653483e+00 -2.257365742312014e-01 1.987052278956063e+00
4267 1.974188379653984e+00 -2.257365742290388e-01 1.987052278956315e+00
4268 1.974188379653478e+00 -2.257365742312090e-01 1.987052278956059e+00
4269 1.974188379653997e+00 -2.257365742290510e-01 1.987052278956329e+00
4270 1.974188379655548e+00 -2.257365742223738e-01 1.987052278957112e+00
4271 1.974188379651949e+00 -2.257365742378892e-01 1.987052278955299e+00
4272 1.974188379654412e+00 -2.257365742271819e-01 1.987052278956530e+00
4273 1.974188379653053e+00 -2.257365742330706e-01 1.987052278955849e+00
4274 1.972694256760788e+00 -2.320902472472178e-01 1.986300207301070e+00
4275 1.972694256760568e+00 -2.320902472481996e-01 1.986300207300966e+00
4276 1.972694256760799e+00 -2.320902472472195e-01 1.986300207301081e+00
4277 1.841359168984396e+00 -5.404764089724410e-01 1.919040994314256e+00
4278 1.839285276564310e+00 -5.436912951742623e-01 1.917959997767033e+00
4279 1.839457079838818e+00 -5.434259940727707e-01 1.918049571727262e+00
4280 1.972767536425511e+00 -2.317829151961934e-01 1.986337099424774e+00
4281 1.972767536425505e+00 -2.317829151961959e-01 1.986337099424769e+00
4282 1.968498376857966e+00 2.490198662371692e-01 1.984186673040928e+00
4283 1.968498376858237e+00 2.490198662359806e-01 1.984186673041047e+00
4284 1.845902498331645e+00 5.333375696763025e-01 1.921407035631762e+00
4285 1.845902498333515e+00 5.333375696733382e-01 1.921407035632736e+00
4286 1.845902498328064e+00 5.333375696819824e-01 1.921407035629898e+00
4287 1.970641705774006e+00 2.405299963981371e-01 1.985266584543035e+00
4288 1.845902498331650e+00 5.333375696763023e-01 1.921407035631766e+00
4289 1.845902498328081e+00 5.333375696819891e-01 1.921407035629916e+00
4290 1.973045599441249e+00 -2.306127953084008e-01 1.986477082383391e+00
4291 1.973045599440979e+00 -2.306127953095730e-01 1.986477082383259e+00
4292 1.973045599452350e+00 -2.306127952616548e-01 1.986477082388991e+00
4293 1.973045599452336e+00 -2.306127952617122e-01 1.986477082388983e+00
4294 1.845902498337090e+00 5.333375696676554e-01 1.921407035634592e+00
4295 1.973045599463391e+00 -2.306127952149626e-01 1.986477082394537e+00
4296 1.972303059303496e+00 -2.337236846959003e-01 1.986103249714314e+00
4297 1.972303059304036e+00 -2.337236846936435e-01 1.986103249714585e+00
4298 1.972303059321180e+00 -2.337236846224038e-01 1.986103249723226e+00
4299 1.973045599463676e+00 -2.306127952137906e-01 1.986477082394684e+00
4300 1.972303059321730e+00 -2.337236846201449e-01 1.986103249723507e+00
4301 1.972303059321713e+00 -2.337236846201431e-01 1.986103249723489e+00
4302 1.845902498337121e+00 5.333375696676710e-01 1.921407035634627e+00
4303 1.973045599441260e+00 2.306127953084016e-01 1.986477082383403e+00
4304 1.973045599463686e+00 2.306127952137913e-01 1.986477082394694e+00
4305 1.973045599463408e+00 2.306127952149661e-01 1.986477082394553e+00
4306 1.973045599440978e+00 2.306127953095767e-01 1.986477082383259e+00
4307 1.971126475348959e+00 2.385652293686362e-01 1.985510753052050e+00
4308 1.971126475348432e+00 2.385652293708677e-01 1.985510753051795e+00
4309 1.971126475355268e+00 2.385652293429787e-01 1.985510753055231e+00
4310 1.971126475354731e+00 2.385652293452130e-01 1.985510753054966e+00
4311 1.971126475354737e+00 2.385652293452157e-01 1.985510753054972e+00
4312 1.973045599452323e+00 2.306127952616561e-01 1.986477082388964e+00
4313 1.973045599452314e+00 2.306127952617107e-01 1.986477082388962e+00
4314 1.971126475348998e+00 2.385652293686416e-01 1.985510753052090e+00
4315 1.971126475348458e+00 2.385652293708732e-01 1.985510753051822e+00
4316 1.971126475355302e+00 2.385652293429855e-01 1.985510753055265e+00
4317 1.972303059321744e+00 2.337236846201542e-01 1.986103249723521e+00
4318 1.972303059321175e+00 2.337236846224057e-01 1.986103249723221e+00
4319 1.972303059304059e+00 2.337236846936503e-01 1.986103249714608e+00
4320 1.972303059303533e+00 2.337236846959125e-01 1.986103249714352e+00
4321 1.972303059321737e+00 2.337236846201511e-01 1.986103249723514e+00
4322 1.972303059312523e+00 2.337236846585070e-01 1.986103249718877e+00
4323 1.972303059304061e+00 2.337236846936421e-01 1.986103249714609e+00
4324 1.972303059303507e+00 2.337236846959024e-01 1.986103249714326e+00
4325 1.972303059321197e+00 2.337236846224078e-01 1.986103249723244e+00
4326 1.972303059312753e+00 2.337236846575577e-01 1.986103249718995e+00
4327 1.972303059312549e+00 2.337236846585014e-01 1.986103249718903e+00
4328 1.973045599463682e+00 -2.306127952137916e-01 1.986477082394689e+00
4329 1.844820927307761e+00 -5.350491573565092e-01 1.920844047449084e+00
4330 1.844820927310510e+00 -5.350491573521653e-01 1.920844047450514e+00
4331 1.970641705773952e+00 -2.405299963981362e-01 1.985266584542982e+00
4332 1.845356821362715e+00 5.342020634603890e-01 1.921123016039118e+00
4333 1.845356821365267e+00 5.342020634563694e-01 1.921123016040453e+00
4334 1.845356821447465e+00 5.342020633262877e-01 1.921123016083237e+00
4335 1.845356821406138e+00 5.342020633916376e-01 1.921123016061712e+00
4336 1.845356821365240e+00 5.342020634563638e-01 1.921123016040426e+00
4337 1.845356821447446e+00 5.342020633262784e-01 1.921123016083216e+00
4338 1.845356821449995e+00 5.342020633222752e-01 1.921123016084552e+00
4339 1.845356821450006e+00 5.342020633222732e-01 1.921123016084562e+00
4340 1.845356821362690e+00 5.342020634603790e-01 1.921123016039092e+00
4341 1.970641705773994e+00 -2.405299963981335e-01 1.985266584543024e+00
4342 1.842628703526676e+00 -5.384950026667685e-01 1.919702426668644e+00
4343 1.842628703526206e+00 -5.384950026675127e-01 1.919702426668402e+00
4344 1.842628703513236e+00 -5.384950026878126e-01 1.919702426661647e+00
4345 1.842628703512760e+00 -5.384950026885506e-01 1.919702426661397e+00
4346 1.973045599463407e+00 -2.306127952149645e-01 1.986477082394553e+00
4347 1.973045599441249e+00 -2.306127953083987e-01 1.986477082383392e+00
4348 1.973045599440983e+00 -2.306127953095716e-01 1.986477082383263e+00
4349 1.973045599452333e+00 -2.306127952617096e-01 1.986477082388981e+00
4350 1.973045599452371e+00 -2.306127952616565e-01 1.986477082389012e+00
4351 1.971126475348962e+00 -2.385652293686405e-01 1.985510753052054e+00
4352 1.971126475348418e+00 -2.385652293708701e-01 1.985510753051781e+00
4353 1.971126475348986e+00 -2.385652293686336e-01 1.985510753052077e+00
4354 1.971126475348413e+00 -2.385652293708652e-01 1.985510753051776e+00
4355 1.971126475354732e+00 -2.385652293452141e-01 1.985510753054967e+00
4356 1.971126475355275e+00 -2.385652293429816e-01 1.985510753055238e+00
4357 1.971126475354727e+00 -2.385652293452111e-01 1.985510753054962e+00
4358 1.842518022116858e+00 -5.386681560605255e-01 1.919644770310139e+00
4359 1.842518022125539e+00 -5.386681560469427e-01 1.919644770314659e+00
4360 1.842518022134440e+00 -5.386681560330076e-01 1.919644770319293e+00
4361 1.842518022136217e+00 -5.386681560302311e-01 1.919644770320219e+00
4362 1.842518022145139e+00 -5.386681560162945e-01 1.919644770324872e+00
4363 1.842518022153812e+00 -5.386681560027093e-01 1.919644770329384e+00
4364 1.842518022134424e+00 -5.386681560330038e-01 1.919644770319276e+00
4365 1.842518022116822e+00 -5.386681560605198e-01 1.919644770310103e+00
4366 1.842518022125517e+00 -5.386681560469367e-01 1.919644770314637e+00
4367 1.842518022145119e+00 -5.386681560162895e-01 1.919644770324851e+00
4368 1.842518022136202e+00 -5.386681560302272e-01 1.919644770320204e+00
4369 1.842518022153800e+00 -5.386681560027037e-01 1.919644770329371e+00
4370 1.968498376858263e+00 2.490198662359833e-01 1.984186673041073e+00
4371 1.968498376857967e+00 2.490198662371652e-01 1.984186673040928e+00
4372 1.971126475355296e+00 -2.385652293429819e-01 1.985510753055259e+00
4373 1.970641705773979e+00 2.405299963981387e-01 1.985266584543010e+00
4374 1.970641705774030e+00 2.405299963981365e-01 1.985266584543060e+00
4375 1.972303059303498e+00 -2.337236846959021e-01 1.986103249714316e+00
4376 1.972303059304053e+00 -2.337236846936535e-01 1.986103249714602e+00
4377 1.972303059312510e+00 -2.337236846585020e-01 1.986103249718864e+00
4378 1.972303059321174e+00 -2.337236846224108e-01 1.986103249723221e+00
4379 1.972303059312741e+00 -2.337236846575525e-01 1.986103249718982e+00
4380 1.970641705773975e+00 2.405299963981345e-01 1.985266584543005e+00
4381 1.972303059312770e+00 2.337236846575529e-01 1.986103249719011e+00
4382 1.972303059312522e+00 -2.337236846585000e-01 1.986103249718876e+00
4383 1.972303059312760e+00 -2.337236846575536e-01 1.986103249719001e+00
4384 1.970203570104001e+00 2.422912144713565e-01 1.985045878628642e+00
4385 1.970203570103656e+00 2.422912144727438e-01 1.985045878628468e+00
4386 1.970203570096380e+00 2.422912145019036e-01 1.985045878624807e+00
4387 1.970203570096730e+00 2.422912145005167e-01 1.985045878624984e+00
4388 1.971326931126124e+00 2.377477506000452e-01 1.985611709851280e+00
4389 1.971326931126334e+00 2.377477505991782e-01 1.985611709851385e+00
4390 1.970203570104026e+00 2.422912144713609e-01 1.985045878628667e+00
4391 1.970203570103690e+00 2.422912144727508e-01 1.985045878628503e+00
4392 1.970470673836868e+00 2.412191353538540e-01 1.985180432029286e+00
4393 1.970470673856138e+00 2.412191352763470e-01 1.985180432038995e+00
4394 1.970470673834803e+00 2.412191353621565e-01 1.985180432028245e+00
4395 1.970470673858201e+00 2.412191352680452e-01 1.985180432040035e+00
4396 1.970470673858187e+00 2.412191352680477e-01 1.985180432040020e+00
4397 1.970470673836865e+00 2.412191353538544e-01 1.985180432029283e+00
4398 1.970203570096395e+00 2.422912145019087e-01 1.985045878624822e+00
4399 1.970203570096760e+00 2.422912145005253e-01 1.985045878625015e+00
4400 1.971326931144075e+00 2.377477505267378e-01 1.985611709860324e+00
4401 1.971326931144292e+00 2.377477505258691e-01 1.985611709860436e+00
4402 1.971326931135131e+00 2.377477505632887e-01 1.985611709855822e+00
4403 1.971326931144291e+00 2.377477505258676e-01 1.985611709860434e+00
4404 1.970470673834798e+00 2.412191353621577e-01 1.985180432028240e+00
4405 1.970470673856130e+00 2.412191352763497e-01 1.985180432038987e+00
4406 1.971326931144072e+00 2.377477505267380e-01 1.985611709860321e+00
4407 1.971326931135131e+00 2.377477505632782e-01 1.985611709855820e+00
4408 1.844820927310473e+00 -5.350491573521569e-01 1.920844047450476e+00
4409 1.844820927307717e+00 -5.350491573564956e-01 1.920844047449037e+00
4410 1.845902498333532e+00 5.333375696733444e-01 1.921407035632753e+00
4411 1.847508720166183e+00 5.307814703228944e-01 1.922242815132422e+00
4412 1.847508720165697e+00 5.307814703236643e-01 1.922242815132168e+00
4413 1.847508720166200e+00 5.307814703229126e-01 1.922242815132444e+00
4414 1.847508720165709e+00 5.307814703236733e-01 1.922242815132182e+00
4415 1.845356821406521e+00 5.342020633910090e-01 1.921123016061905e+00
4416 1.845356821406142e+00 5.342020633916355e-01 1.921123016061715e+00
4417 1.968498376858239e+00 -2.490198662359765e-01 1.984186673041048e+00
4418 1.968498376857934e+00 -2.490198662371590e-01 1.984186673040894e+00
4419 1.968774926170506e+00 2.479418124056580e-01 1.984326044846633e+00
4420 1.968774926172217e+00 2.479418123989484e-01 1.984326044847493e+00
4421 1.968774926169481e+00 2.479418124097034e-01 1.984326044846122e+00
4422 1.968774926173261e+00 2.479418123949053e-01 1.984326044848024e+00
4423 1.970641705773982e+00 -2.405299963981338e-01 1.985266584543011e+00
4424 1.970470673858185e+00 -2.412191352680464e-01 1.985180432040018e+00
4425 1.970470673856123e+00 -2.412191352763489e-01 1.985180432038981e+00
4426 1.970470673834791e+00 -2.412191353621565e-01 1.985180432028233e+00
4427 1.970470673836857e+00 -2.412191353538540e-01 1.985180432029275e+00
4428 1.970641705774008e+00 -2.405299963981447e-01 1.985266584543039e+00
4429 1.970203570103657e+00 -2.422912144727460e-01 1.985045878628469e+00
4430 1.970203570103996e+00 -2.422912144713571e-01 1.985045878628637e+00
4431 1.970203570096374e+00 -2.422912145019023e-01 1.985045878624800e+00
4432 1.970203570096715e+00 -2.422912145005158e-01 1.985045878624969e+00
4433 1.971326931126336e+00 2.377477505991756e-01 1.985611709851386e+00
4434 1.971326931126136e+00 2.377477506000455e-01 1.985611709851292e+00
4435 1.971326931135297e+00 2.377477505626365e-01 1.985611709855908e+00
4436 1.970203570103677e+00 -2.422912144727500e-01 1.985045878628490e+00
4437 1.970203570104007e+00 -2.422912144713615e-01 1.985045878628648e+00
4438 1.967451144975519e+00 2.530578630745737e-01 1.983658813891479e+00
4439 1.967451144984142e+00 2.530578630416391e-01 1.983658813895830e+00
4440 1.967451144983857e+00 2.530578630427547e-01 1.983658813895690e+00
4441 1.967451144975818e+00 2.530578630734605e-01 1.983658813891634e+00
4442 1.967451144975525e+00 2.530578630745718e-01 1.983658813891485e+00
4443 1.967451144975822e+00 2.530578630734589e-01 1.983658813891638e+00
4444 1.971326931144280e+00 -2.377477505258681e-01 1.985611709860423e+00
4445 1.967451144983845e+00 2.530578630427511e-01 1.983658813895678e+00
4446 1.971326931144068e+00 -2.377477505267329e-01 1.985611709860317e+00
4447 1.971326931126145e+00 -2.377477506000444e-01 1.985611709851301e+00
4448 1.971326931126362e+00 -2.377477505991791e-01 1.985611709851413e+00
4449 1.971326931135133e+00 -2.377477505632863e-01 1.985611709855823e+00
4450 1.971326931135296e+00 -2.377477505626318e-01 1.985611709855906e+00
4451 1.971326931126113e+00 -2.377477506000449e-01 1.985611709851269e+00
4452 1.967451144984141e+00 2.530578630416311e-01 1.983658813895829e+00
4453 1.971326931126338e+00 -2.377477505991777e-01 1.985611709851389e+00
4454 1.971326931144279e+00 -2.377477505258681e-01 1.985611709860422e+00
4455 1.971326931144073e+00 -2.377477505267407e-01 1.985611709860322e+00
4456 1.971326931135279e+00 2.377477505626273e-01 1.985611709855889e+00
4457 1.971326931135142e+00 -2.377477505632879e-01 1.985611709855832e+00
4458 1.971326931135303e+00 -2.377477505626325e-01 1.985611709855913e+00
4459 1.847911277390800e+00 5.301381571552068e-01 1.922452224316646e+00
4460 1.845356821406557e+00 5.342020633910143e-01 1.921123016061941e+00
4461 1.847803561867221e+00 5.303104002486769e-01 1.922396193260146e+00
4462 1.847803561880352e+00 5.303104002276939e-01 1.922396193266979e+00
4463 1.847803561879073e+00 5.303104002297222e-01 1.922396193266310e+00
4464 1.847803561867227e+00 5.303104002486777e-01 1.922396193260151e+00
4465 1.847803561868478e+00 5.303104002466519e-01 1.922396193260796e+00
4466 1.847803561868494e+00 5.303104002466470e-01 1.922396193260810e+00
4467 1.968457192668618e+00 2.491799871826470e-01 1.984165916797575e+00
4468 1.847803561879077e+00 5.303104002297110e-01 1.922396193266311e+00
4469 1.847803561880339e+00 5.303104002276898e-01 1.922396193266966e+00
4470 1.968774926172191e+00 2.479418123989438e-01 1.984326044847467e+00
4471 1.968774926170463e+00 2.479418124056512e-01 1.984326044846590e+00
4472 1.968774926169445e+00 2.479418124096999e-01 1.984326044846086e+00
4473 1.968774926173234e+00 2.479418123948982e-01 1.984326044847996e+00
4474 1.845902498328072e+00 -5.333375696819804e-01 1.921407035629905e+00
4475 1.845902498337108e+00 -5.333375696676570e-01 1.921407035634610e+00
4476 1.845902498328096e+00 -5.333375696819912e-01 1.921407035629932e+00
4477 1.845902498331648e+00 -5.333375696763067e-01 1.921407035631766e+00
4478 1.845902498331657e+00 -5.333375696763023e-01 1.921407035631773e+00
4479 1.845902498333518e+00 -5.333375696733414e-01 1.921407035632740e+00
4480 1.845902498333528e+00 -5.333375696733378e-01 1.921407035632747e+00
4481 1.845902498337122e+00 -5.333375696676651e-01 1.921407035634625e+00
4482 1.845356821362707e+00 -5.342020634603784e-01 1.921123016039108e+00
4483 1.845356821365267e+00 -5.342020634563723e-01 1.921123016040453e+00
4484 1.845356821449982e+00 -5.342020633222710e-01 1.921123016084539e+00
4485 1.845356821362692e+00 -5.342020634603737e-01 1.921123016039093e+00
4486 1.845356821365249e+00 -5.342020634563671e-01 1.921123016040435e+00
4487 1.845356821449956e+00 -5.342020633222609e-01 1.921123016084511e+00
4488 1.845356821406165e+00 -5.342020633916404e-01 1.921123016061738e+00
4489 1.845356821447455e+00 -5.342020633262838e-01 1.921123016083227e+00
4490 1.845356821406564e+00 -5.342020633910205e-01 1.921123016061949e+00
4491 1.845356821447450e+00 -5.342020633262853e-01 1.921123016083222e+00
4492 1.970470673856121e+00 -2.412191352763484e-01 1.985180432038979e+00
4493 1.970470673858201e+00 -2.412191352680464e-01 1.985180432040035e+00
4494 1.970470673834798e+00 -2.412191353621570e-01 1.985180432028240e+00
4495 1.970470673836869e+00 -2.412191353538542e-01 1.985180432029287e+00
4496 1.968498376857972e+00 -2.490198662371603e-01 1.984186673040933e+00
4497 1.968498376858274e+00 -2.490198662359803e-01 1.984186673041084e+00
4498 1.970203570096389e+00 -2.422912145019098e-01 1.985045878624816e+00
4499 1.969804398544811e+00 2.438840476556563e-01 1.984844779126920e+00
4500 1.970203570096701e+00 -2.422912145005149e-01 1.985045878624955e+00
4501 1.969804398544824e+00 2.438840476556523e-01 1.984844779126933e+00
4502 1.969804398552462e+00 2.438840476252409e-01 1.984844779130775e+00
4503 1.969804398548544e+00 2.438840476408614e-01 1.984844779128807e+00
4504 1.969804398548750e+00 2.438840476400349e-01 1.984844779128910e+00
4505 1.969804398552444e+00 2.438840476252385e-01 1.984844779130757e+00
4506 1.969804398545887e+00 2.438840476513674e-01 1.984844779127461e+00
4507 1.969804398551380e+00 2.438840476295279e-01 1.984844779130228e+00
4508 1.969804398545939e+00 2.438840476513680e-01 1.984844779127512e+00
4509 1.969804398551415e+00 2.438840476295263e-01 1.984844779130263e+00
4510 1.967451144984154e+00 -2.530578630416340e-01 1.983658813895842e+00
4511 1.967451144975528e+00 -2.530578630745721e-01 1.983658813891488e+00
4512 1.968774926169423e+00 -2.479418124096973e-01 1.984326044846064e+00
4513 1.968774926170507e+00 -2.479418124056566e-01 1.984326044846634e+00
4514 1.968774926173205e+00 -2.479418123948957e-01 1.984326044847966e+00
4515 1.968774926172189e+00 -2.479418123989441e-01 1.984326044847464e+00
4516 1.968774926169468e+00 -2.479418124096954e-01 1.984326044846109e+00
4517 1.968774926173257e+00 -2.479418123949016e-01 1.984326044848019e+00
4518 1.968774926172220e+00 -2.479418123989455e-01 1.984326044847495e+00
4519 1.967451144975832e+00 -2.530578630734576e-01 1.983658813891648e+00
4520 1.967451144975518e+00 -2.530578630745681e-01 1.983658813891478e+00
4521 1.967451144984137e+00 -2.530578630416291e-01 1.983658813895824e+00
4522 1.967451144983855e+00 -2.530578630427481e-01 1.983658813895687e+00
4523 1.967451144983845e+00 -2.530578630427510e-01 1.983658813895677e+00
4524 1.968774926170498e+00 -2.479418124056538e-01 1.984326044846625e+00
4525 1.967451144975821e+00 -2.530578630734582e-01 1.983658813891636e+00
4526 1.968457192667796e+00 -2.491799871858649e-01 1.984165916797163e+00
4527 1.968457192668585e+00 -2.491799871826472e-01 1.984165916797542e+00
4528 1.968457192667785e+00 -2.491799871858664e-01 1.984165916797153e+00
4529 1.968457192672474e+00 -2.491799871675588e-01 1.984165916799506e+00
4530 1.968457192671999e+00 -2.491799871694057e-01 1.984165916799266e+00
4531 1.968457192672482e+00 -2.491799871675641e-01 1.984165916799514e+00
4532 1.968457192676728e+00 -2.491799871511132e-01 1.984165916801660e+00
4533 1.968457192675887e+00 -2.491799871543295e-01 1.984165916801230e+00
4534 1.969804398552456e+00 -2.438840476252407e-01 1.984844779130770e+00
4535 1.969804398548551e+00 -2.438840476408644e-01 1.984844779128814e+00
4536 1.969804398552482e+00 -2.438840476252398e-01 1.984844779130795e+00
4537 1.969804398545884e+00 -2.438840476513648e-01 1.984844779127458e+00
4538 1.969804398548747e+00 -2.438840476400373e-01 1.984844779128907e+00
4539 1.969804398544821e+00 -2.438840476556566e-01 1.984844779126930e+00
4540 1.969804398544814e+00 -2.438840476556552e-01 1.984844779126922e+00
4541 1.968457192676728e+00 -2.491799871511187e-01 1.984165916801661e+00
4542 1.969804398551397e+00 -2.438840476295284e-01 1.984844779130246e+00
4543 1.969804398548550e+00 -2.438840476408646e-01 1.984844779128813e+00
4544 1.969804398548758e+00 -2.438840476400377e-01 1.984844779128918e+00
4545 1.968457192675884e+00 -2.491799871543255e-01 1.984165916801226e+00
4546 1.968457192668618e+00 -2.491799871826519e-01 1.984165916797575e+00
4547 1.968457192672026e+00 -2.491799871694133e-01 1.984165916799294e+00
4548 1.969804398545879e+00 -2.438840476513678e-01 1.984844779127453e+00
4549 1.969804398551406e+00 -2.438840476295314e-01 1.984844779130254e+00
4550 1.848488434829161e+00 5.292139226949339e-01 1.922752420274467e+00
4551 1.848488434830847e+00 5.292139226922227e-01 1.922752420275342e+00
4552 1.847911277390758e+00 5.301381571552017e-01 1.922452224316603e+00
4553 1.847911277390743e+00 5.301381571551986e-01 1.922452224316588e+00
4554 1.845356821406542e+00 -5.342020633910087e-01 1.921123016061925e+00
4555 1.845356821406135e+00 -5.342020633916389e-01 1.921123016061709e+00
4556 1.969804398548779e+00 2.438840476400370e-01 1.984844779128939e+00
4557 1.969804398548583e+00 2.438840476408676e-01 1.984844779128846e+00
4558 1.968457192676733e+00 2.491799871511141e-01 1.984165916801666e+00
4559 1.968457192675918e+00 2.491799871543305e-01 1.984165916801261e+00
4560 1.968457192667780e+00 2.491799871858640e-01 1.984165916797148e+00
4561 1.968457192668587e+00 2.491799871826459e-01 1.984165916797544e+00
4562 1.968457192676740e+00 2.491799871511137e-01 1.984165916801672e+00
4563 1.968457192675893e+00 2.491799871543250e-01 1.984165916801235e+00
4564 1.968457192667797e+00 2.491799871858637e-01 1.984165916797165e+00
4565 1.968457192672500e+00 2.491799871675615e-01 1.984165916799532e+00
4566 1.968457192672029e+00 2.491799871694138e-01 1.984165916799298e+00
4567 1.970531825234283e+00 2.409729778421774e-01 1.985211235690369e+00
4568 1.970531825241945e+00 2.409729778112444e-01 1.985211235694220e+00
4569 1.970531825234245e+00 2.409729778421701e-01 1.985211235690330e+00
4570 1.970531825232830e+00 2.409729778478848e-01 1.985211235689620e+00
4571 1.970531825240517e+00 2.409729778169676e-01 1.985211235693497e+00
4572 1.970531825241918e+00 2.409729778112474e-01 1.985211235694193e+00
4573 1.970531825232830e+00 2.409729778478829e-01 1.985211235689619e+00
4574 1.970531825240480e+00 2.409729778169621e-01 1.985211235693459e+00
4575 1.968457192672489e+00 2.491799871675600e-01 1.984165916799521e+00
4576 1.968457192672000e+00 2.491799871694098e-01 1.984165916799268e+00
4577 1.970531825237353e+00 2.409729778295435e-01 1.985211235691883e+00
4578 1.970531825237354e+00 2.409729778295880e-01 1.985211235691890e+00
4579 1.970531825232804e+00 -2.409729778478884e-01 1.985211235689594e+00
4580 1.970531825234245e+00 -2.409729778421685e-01 1.985211235690330e+00
4581 1.970531825240497e+00 -2.409729778169632e-01 1.985211235693476e+00
4582 1.970531825232841e+00 -2.409729778478899e-01 1.985211235689630e+00
4583 1.970531825241910e+00 -2.409729778112448e-01 1.985211235694185e+00
4584 1.970531825234229e+00 -2.409729778421677e-01 1.985211235690314e+00
4585 1.970531825240503e+00 -2.409729778169639e-01 1.985211235693482e+00
4586 1.970531825241933e+00 -2.409729778112533e-01 1.985211235694208e+00
4587 1.970531825237376e+00 -2.409729778295647e-01 1.985211235691908e+00
4588 1.970531825237332e+00 -2.409729778295686e-01 1.985211235691864e+00
4589 1.970531825237377e+00 2.409729778295401e-01 1.985211235691906e+00
4590 1.970531825237301e+00 2.409729778295783e-01 1.985211235691835e+00
4591 1.970531825237404e+00 -2.409729778295548e-01 1.985211235691934e+00
4592 1.970531825237353e+00 -2.409729778295909e-01 1.985211235691889e+00
4593 1.849756109504991e+00 5.271760183474526e-01 1.923411609347233e+00
4594 1.849756109497865e+00 5.271760183589392e-01 1.923411609343529e+00
4595 1.849756109502171e+00 5.271760183520010e-01 1.923411609345768e+00
4596 1.849756109500695e+00 5.271760183543817e-01 1.923411609345002e+00
4597 1.847911277390767e+00 5.301381571551995e-01 1.922452224316611e+00
4598 1.847508720166169e+00 -5.307814703228908e-01 1.922242815132408e+00
4599 1.847508720165687e+00 -5.307814703236593e-01 1.922242815132157e+00
4600 1.847508720166181e+00 -5.307814703228920e-01 1.922242815132420e+00
4601 1.847508720165710e+00 -5.307814703236653e-01 1.922242815132181e+00
4602 1.847911277390775e+00 -5.301381571551947e-01 1.922452224316618e+00
4603 1.847911277390754e+00 -5.301381571551909e-01 1.922452224316596e+00
4604 1.848390300400148e+00 5.293712290354895e-01 1.922701381063605e+00
4605 1.848488434829134e+00 5.292139226949220e-01 1.922752420274438e+00
4606 1.848488434830827e+00 5.292139226922121e-01 1.922752420275319e+00
4607 1.848390300400136e+00 5.293712290354772e-01 1.922701381063590e+00
4608 1.848390300400159e+00 5.293712290354926e-01 1.922701381063617e+00
4609 1.847803561879067e+00 -5.303104002297090e-01 1.922396193266299e+00
4610 1.847803561868474e+00 -5.303104002466417e-01 1.922396193260789e+00
4611 1.847803561867193e+00 -5.303104002486672e-01 1.922396193260117e+00
4612 1.847803561868488e+00 -5.303104002466500e-01 1.922396193260805e+00
4613 1.847803561879067e+00 -5.303104002297128e-01 1.922396193266301e+00
4614 1.847803561880321e+00 -5.303104002276809e-01 1.922396193266946e+00
4615 1.847803561880337e+00 -5.303104002276886e-01 1.922396193266964e+00
4616 1.847803561867217e+00 -5.303104002486754e-01 1.922396193260142e+00
4617 1.848390300400138e+00 5.293712290354741e-01 1.922701381063591e+00
4618 1.848558101281377e+00 5.291022101790490e-01 1.922788652616133e+00
4619 1.848558101283886e+00 5.291022101750747e-01 1.922788652617452e+00
4620 1.848558101295685e+00 5.291022101561431e-01 1.922788652623585e+00
4621 1.848558101294772e+00 5.291022101576013e-01 1.922788652623109e+00
4622 1.848558101283879e+00 5.291022101750764e-01 1.922788652617445e+00
4623 1.848558101295703e+00 5.291022101561453e-01 1.922788652623603e+00
4624 1.848558101294795e+00 5.291022101576086e-01 1.922788652623133e+00
4625 1.848558101309053e+00 5.291022101346946e-01 1.922788652630535e+00
4626 1.848558101306583e+00 5.291022101386722e-01 1.922788652629255e+00
4627 1.848558101309041e+00 5.291022101346832e-01 1.922788652630521e+00
4628 1.848558101306588e+00 5.291022101386771e-01 1.922788652629261e+00
4629 1.847911277390784e+00 -5.301381571551920e-01 1.922452224316626e+00
4630 1.847911277390785e+00 -5.301381571551937e-01 1.922452224316627e+00
4631 1.848488434829180e+00 -5.292139226949282e-01 1.922752420274484e+00
4632 1.848488434830874e+00 -5.292139226922166e-01 1.922752420275366e+00
4633 1.848488434830861e+00 -5.292139226922228e-01 1.922752420275356e+00
4634 1.848488434829144e+00 -5.292139226949264e-01 1.922752420274449e+00
4635 1.848390300400135e+00 -5.293712290354746e-01 1.922701381063589e+00
4636 1.848390300400131e+00 -5.293712290354784e-01 1.922701381063585e+00
4637 1.848390300400131e+00 -5.293712290354791e-01 1.922701381063586e+00
4638 1.849756109500660e+00 5.271760183543841e-01 1.923411609344968e+00
4639 1.849756109502140e+00 5.271760183520039e-01 1.923411609345738e+00
4640 1.963649046269143e+00 -2.671713225827824e-01 1.981741176976537e+00
4641 1.849756109504984e+00 5.271760183474568e-01 1.923411609347228e+00
4642 1.849756109497855e+00 5.271760183589423e-01 1.923411609343520e+00
4643 1.848390300400157e+00 -5.293712290354824e-01 1.922701381063612e+00
4644 1.963649046269126e+00 -2.671713225827806e-01 1.981741176976520e+00
4645 1.963325113225970e+00 2.683369640029880e-01 1.981577711439576e+00
4646 1.963325113225969e+00 2.683369640029860e-01 1.981577711439575e+00
4647 1.963649046269131e+00 2.671713225827891e-01 1.981741176976525e+00
4648 1.963649046269123e+00 2.671713225827892e-01 1.981741176976518e+00
4649 1.963649046269148e+00 2.671713225827913e-01 1.981741176976542e+00
4650 1.850261267332538e+00 5.263608810804419e-01 1.923674227753439e+00
4651 1.850261267331719e+00 5.263608810817668e-01 1.923674227753014e+00
4652 1.850261267332535e+00 5.263608810804454e-01 1.923674227753437e+00
4653 1.850261267331718e+00 5.263608810817699e-01 1.923674227753013e+00
4654 1.850261267282286e+00 5.263608811616338e-01 1.923674227727321e+00
4655 1.850261267283112e+00 5.263608811603102e-01 1.923674227727753e+00
4656 1.850261267282284e+00 5.263608811616347e-01 1.923674227727319e+00
4657 1.963673207802490e+00 2.670841599664149e-01 1.981753369000867e+00
4658 1.963673207802337e+00 2.670841599669552e-01 1.981753369000788e+00
4659 1.963673207794347e+00 2.670841599958103e-01 1.981753368996760e+00
4660 1.963673207794195e+00 2.670841599963485e-01 1.981753368996682e+00
4661 1.963673207794226e+00 2.670841599963529e-01 1.981753368996714e+00
4662 1.963673207794372e+00 2.670841599958120e-01 1.981753368996785e+00
4663 1.963673207802521e+00 2.670841599664216e-01 1.981753369000898e+00
4664 1.963673207802373e+00 2.670841599669606e-01 1.981753369000825e+00
4665 1.848558101281423e+00 5.291022101790575e-01 1.922788652616179e+00
4666 1.850261267283104e+00 5.263608811603098e-01 1.923674227727745e+00
4667 1.963673207802513e+00 -2.670841599664251e-01 1.981753369000891e+00
4668 1.963673207802354e+00 -2.670841599669615e-01 1.981753369000806e+00
4669 1.851090803515810e+00 5.250185178138378e-01 1.924105404313455e+00
4670 1.851090803516107e+00 5.250185178133513e-01 1.924105404313608e+00
4671 1.851090803515798e+00 5.250185178138336e-01 1.924105404313443e+00
4672 1.849083869144280e+00 5.282580648679576e-01 1.923062073420309e+00
4673 1.849083869138844e+00 5.282580648766704e-01 1.923062073417476e+00
4674 1.849083869137955e+00 5.282580648781426e-01 1.923062073417025e+00
4675 1.849083869145184e+00 5.282580648664895e-01 1.923062073420776e+00
4676 1.849083869137950e+00 5.282580648781428e-01 1.923062073417021e+00
4677 1.849083869141794e+00 5.282580648719457e-01 1.923062073419014e+00
4678 1.849083869141341e+00 5.282580648726832e-01 1.923062073418782e+00
4679 1.851090803516113e+00 5.250185178133502e-01 1.924105404313614e+00
4680 1.849083869144260e+00 5.282580648679499e-01 1.923062073420288e+00
4681 1.963673207802346e+00 -2.670841599669586e-01 1.981753369000797e+00
4682 1.963673207802499e+00 -2.670841599664186e-01 1.981753369000876e+00
4683 1.849083869138862e+00 5.282580648766732e-01 1.923062073417495e+00
4684 1.963673207794342e+00 -2.670841599958088e-01 1.981753368996755e+00
4685 1.963673207794219e+00 -2.670841599963585e-01 1.981753368996707e+00
4686 1.849083869145214e+00 5.282580648664924e-01 1.923062073420805e+00
4687 1.849756109502149e+00 -5.271760183520038e-01 1.923411609345747e+00
4688 1.849756109500669e+00 -5.271760183543799e-01 1.923411609344975e+00
4689 1.849756109504984e+00 -5.271760183474491e-01 1.923411609347226e+00
4690 1.849756109500690e+00 -5.271760183543805e-01 1.923411609344995e+00
4691 1.849756109502119e+00 -5.271760183519982e-01 1.923411609345717e+00
4692 1.849756109497862e+00 -5.271760183589407e-01 1.923411609343526e+00
4693 1.849756109504981e+00 -5.271760183474483e-01 1.923411609347222e+00
4694 1.849756109497853e+00 -5.271760183589302e-01 1.923411609343514e+00
4695 1.963673207794201e+00 -2.670841599963507e-01 1.981753368996688e+00
4696 1.963649046269125e+00 -2.671713225827840e-01 1.981741176976519e+00
4697 1.963649046269118e+00 2.671713225827868e-01 1.981741176976512e+00
4698 1.963649046269121e+00 -2.671713225827768e-01 1.981741176976514e+00
4699 1.963325113225955e+00 -2.683369640029863e-01 1.981577711439561e+00
4700 1.963325113225947e+00 -2.683369640029816e-01 1.981577711439553e+00
4701 1.963325113225950e+00 -2.683369640029828e-01 1.981577711439555e+00
4702 1.963325113225934e+00 -2.683369640029789e-01 1.981577711439540e+00
4703 1.963325113225947e+00 2.683369640029786e-01 1.981577711439552e+00
4704 1.963325113225945e+00 2.683369640029833e-01 1.981577711439552e+00
4705 1.963673207794334e+00 -2.670841599958083e-01 1.981753368996747e+00
4706 1.849083869141813e+00 5.282580648719456e-01 1.923062073419033e+00
4707 1.849083869141346e+00 5.282580648726732e-01 1.923062073418784e+00
4708 1.851779762862207e+00 5.239000242791889e-01 1.924463438360351e+00
4709 1.851779762862209e+00 5.239000242791942e-01 1.924463438360355e+00
4710 1.851779762862241e+00 5.239000242791961e-01 1.924463438360386e+00
4711 1.851090803515804e+00 -5.250185178138391e-01 1.924105404313450e+00
4712 1.851090803516103e+00 -5.250185178133545e-01 1.924105404313606e+00
4713 1.850261267331701e+00 -5.263608810817653e-01 1.923674227752995e+00
4714 1.850261267332517e+00 -5.263608810804418e-01 1.923674227753418e+00
4715 1.850261267282271e+00 -5.263608811616333e-01 1.923674227727306e+00
4716 1.850261267283095e+00 -5.263608811603107e-01 1.923674227727736e+00
4717 1.850261267282266e+00 -5.263608811616298e-01 1.923674227727300e+00
4718 1.850261267331703e+00 -5.263608810817666e-01 1.923674227752999e+00
4719 1.850261267332519e+00 -5.263608810804409e-01 1.923674227753420e+00
4720 1.851090803515824e+00 -5.250185178138422e-01 1.924105404313470e+00
4721 1.851090803516120e+00 -5.250185178133602e-01 1.924105404313623e+00
4722 1.850261267283090e+00 -5.263608811603032e-01 1.923674227727729e+00
4723 1.851779762862232e+00 5.239000242791960e-01 1.924463438360378e+00
4724 1.852910479394777e+00 5.220571942707413e-01 1.925050897701363e+00
4725 1.963402562800240e+00 2.680587659924425e-01 1.981616795860375e+00
4726 1.963402562799967e+00 2.680587659934479e-01 1.981616795860241e+00
4727 1.851648520209419e+00 5.241133446622396e-01 1.924395240185022e+00
4728 1.851648520195920e+00 5.241133446841504e-01 1.924395240178001e+00
4729 1.852910479394789e+00 5.220571942707525e-01 1.925050897701377e+00
4730 1.852910479404391e+00 5.220571942550081e-01 1.925050897706350e+00
4731 1.852910479401147e+00 5.220571942603285e-01 1.925050897704670e+00
4732 1.852910479398027e+00 5.220571942654266e-01 1.925050897703049e+00
4733 1.851648520206204e+00 5.241133446674702e-01 1.924395240183354e+00
4734 1.851648520209389e+00 5.241133446622330e-01 1.924395240184992e+00
4735 1.851648520195896e+00 5.241133446841438e-01 1.924395240177976e+00
4736 1.963402562800266e+00 2.680587659924478e-01 1.981616795860403e+00
4737 1.963402562799980e+00 2.680587659934510e-01 1.981616795860254e+00
4738 1.963402562787077e+00 2.680587660397884e-01 1.981616795853738e+00
4739 1.848558101281405e+00 -5.291022101790523e-01 1.922788652616161e+00
4740 1.848558101281406e+00 -5.291022101790475e-01 1.922788652616160e+00
4741 1.848558101283880e+00 -5.291022101750701e-01 1.922788652617444e+00
4742 1.848558101294759e+00 -5.291022101575985e-01 1.922788652623096e+00
4743 1.848558101295655e+00 -5.291022101561373e-01 1.922788652623555e+00
4744 1.848558101283883e+00 -5.291022101750663e-01 1.922788652617446e+00
4745 1.848558101309048e+00 -5.291022101346918e-01 1.922788652630530e+00
4746 1.848558101309081e+00 -5.291022101346947e-01 1.922788652630562e+00
4747 1.848558101294761e+00 -5.291022101575972e-01 1.922788652623097e+00
4748 1.848558101295668e+00 -5.291022101561365e-01 1.922788652623567e+00
4749 1.848558101306573e+00 -5.291022101386755e-01 1.922788652629247e+00
4750 1.851648520199155e+00 5.241133446789210e-01 1.924395240179690e+00
4751 1.963402562793547e+00 2.680587660164602e-01 1.981616795856993e+00
4752 1.963402562787106e+00 2.680587660397943e-01 1.981616795853767e+00
4753 1.963402562786803e+00 2.680587660407960e-01 1.981616795853603e+00
4754 1.963402562786799e+00 2.680587660407964e-01 1.981616795853599e+00
4755 1.851648520206167e+00 5.241133446674656e-01 1.924395240183317e+00
4756 1.852910479401146e+00 5.220571942603294e-01 1.925050897704669e+00
4757 1.852910479398037e+00 5.220571942654312e-01 1.925050897703060e+00
4758 1.852910479404403e+00 5.220571942550198e-01 1.925050897706364e+00
4759 1.851648520199127e+00 5.241133446789148e-01 1.924395240179661e+00
4760 1.848558101306565e+00 -5.291022101386667e-01 1.922788652629237e+00
4761 1.963402562793467e+00 2.680587660167708e-01 1.981616795856956e+00
4762 1.963402562793581e+00 2.680587660164640e-01 1.981616795857027e+00
4763 1.853433019471130e+00 5.212025337423034e-01 1.925322320767426e+00
4764 1.853433019451716e+00 5.212025337741510e-01 1.925322320757358e+00
4765 1.853433019447195e+00 5.212025337815140e-01 1.925322320754999e+00
4766 1.853433019471156e+00 5.212025337423096e-01 1.925322320767453e+00
4767 1.853433019451681e+00 5.212025337741467e-01 1.925322320757324e+00
4768 1.851069952028532e+00 5.250523181703088e-01 1.924094567353416e+00
4769 1.851069952053174e+00 5.250523181304065e-01 1.924094567366233e+00
4770 1.851069952062738e+00 5.250523181148723e-01 1.924094567371195e+00
4771 1.849083869137960e+00 -5.282580648781418e-01 1.923062073417030e+00
4772 1.849083869138880e+00 -5.282580648766748e-01 1.923062073417512e+00
4773 1.849083869144305e+00 -5.282580648679610e-01 1.923062073420334e+00
4774 1.849083869141337e+00 -5.282580648726802e-01 1.923062073418777e+00
4775 1.849083869145203e+00 -5.282580648664882e-01 1.923062073420793e+00
4776 1.849083869137948e+00 -5.282580648781346e-01 1.923062073417017e+00
4777 1.849083869138880e+00 -5.282580648766690e-01 1.923062073417511e+00
4778 1.849083869141812e+00 -5.282580648719502e-01 1.923062073419034e+00
4779 1.849083869144306e+00 -5.282580648679586e-01 1.923062073420335e+00
4780 1.853433019447179e+00 5.212025337815100e-01 1.925322320754983e+00
4781 1.963402562793501e+00 2.680587660167832e-01 1.981616795856991e+00
4782 1.853433019466660e+00 5.212025337496680e-01 1.925322320765117e+00
4783 1.849083869145223e+00 -5.282580648664890e-01 1.923062073420813e+00
4784 1.851069952028542e+00 5.250523181703102e-01 1.924094567353426e+00
4785 1.851069952062753e+00 5.250523181148730e-01 1.924094567371210e+00
4786 1.853433019466660e+00 5.212025337496742e-01 1.925322320765118e+00
4787 1.851069952018966e+00 5.250523181858472e-01 1.924094567348453e+00
4788 1.851069952053155e+00 5.250523181304034e-01 1.924094567366215e+00
4789 1.851069952018980e+00 5.250523181858464e-01 1.924094567348466e+00
4790 1.963402562787059e+00 -2.680587660397862e-01 1.981616795853720e+00
4791 1.963402562793562e+00 -2.680587660164655e-01 1.981616795857009e+00
4792 1.963402562793479e+00 -2.680587660167704e-01 1.981616795856968e+00
4793 1.963402562799938e+00 -2.680587659934500e-01 1.981616795860212e+00
4794 1.963402562786790e+00 -2.680587660407933e-01 1.981616795853590e+00
4795 1.963402562800236e+00 -2.680587659924445e-01 1.981616795860372e+00
4796 1.963402562787091e+00 -2.680587660397948e-01 1.981616795853753e+00
4797 1.963402562786814e+00 -2.680587660408009e-01 1.981616795853615e+00
4798 1.963402562793598e+00 -2.680587660164682e-01 1.981616795857045e+00
4799 1.963402562793519e+00 -2.680587660167793e-01 1.981616795857008e+00
4800 1.849083869141354e+00 -5.282580648726833e-01 1.923062073418794e+00
4801 1.853433019447211e+00 -5.212025337815155e-01 1.925322320755015e+00
4802 1.853433019451724e+00 -5.212025337741558e-01 1.925322320757368e+00
4803 1.963402562799985e+00 -2.680587659934563e-01 1.981616795860260e+00
4804 1.963402562800250e+00 -2.680587659924486e-01 1.981616795860386e+00
4805 1.960173733184560e+00 2.794036543547819e-01 1.979986733878160e+00
4806 1.960173733184182e+00 2.794036543560880e-01 1.979986733877969e+00
4807 1.960173733184546e+00 2.794036543547718e-01 1.979986733878144e+00
4808 1.960173733184174e+00 2.794036543560847e-01 1.979986733877960e+00
4809 1.851779762862216e+00 -5.239000242791894e-01 1.924463438360360e+00
4810 1.851779762862202e+00 -5.239000242791844e-01 1.924463438360346e+00
4811 1.961179418173032e+00 2.759241311705203e-01 1.980494593890052e+00
4812 1.961179418173412e+00 2.759241311691519e-01 1.980494593890237e+00
4813 1.961179418159767e+00 2.759241312167311e-01 1.980494593883354e+00
4814 1.961179418159401e+00 2.759241312181078e-01 1.980494593883183e+00
4815 1.961179418159387e+00 2.759241312181064e-01 1.980494593883169e+00
4816 1.961179418173049e+00 2.759241311705274e-01 1.980494593890069e+00
4817 1.851779762862250e+00 -5.239000242792040e-01 1.924463438360397e+00
4818 1.961179418173442e+00 2.759241311691550e-01 1.980494593890267e+00
4819 1.961179418159801e+00 2.759241312167354e-01 1.980494593883389e+00
4820 1.851779762862245e+00 -5.239000242792108e-01 1.924463438360394e+00
4821 1.851069952040871e+00 5.250523181503561e-01 1.924094567359842e+00
4822 1.851069952040857e+00 5.250523181503536e-01 1.924094567359827e+00
4823 1.854927608148268e+00 5.187473227351544e-01 1.926098444087307e+00
4824 1.854927608144065e+00 5.187473227420794e-01 1.926098444085124e+00
4825 1.854927608120533e+00 5.187473227808661e-01 1.926098444072908e+00
4826 1.852910479394783e+00 -5.220571942707432e-01 1.925050897701369e+00
4827 1.852910479404402e+00 -5.220571942550147e-01 1.925050897706362e+00
4828 1.852910479398047e+00 -5.220571942654288e-01 1.925050897703069e+00
4829 1.854927608148261e+00 5.187473227351480e-01 1.926098444087299e+00
4830 1.851648520195925e+00 -5.241133446841535e-01 1.924395240178007e+00
4831 1.851648520195899e+00 -5.241133446841435e-01 1.924395240177979e+00
4832 1.851648520199174e+00 -5.241133446789324e-01 1.924395240179712e+00
4833 1.851648520209415e+00 -5.241133446622385e-01 1.924395240185018e+00
4834 1.852910479404438e+00 -5.220571942550207e-01 1.925050897706398e+00
4835 1.854927608124725e+00 5.187473227739414e-01 1.926098444075081e+00
4836 1.854927608144064e+00 5.187473227420757e-01 1.926098444085123e+00
4837 1.851648520199143e+00 -5.241133446789186e-01 1.924395240179678e+00
4838 1.851648520206207e+00 -5.241133446674733e-01 1.924395240183357e+00
4839 1.851648520209387e+00 -5.241133446622340e-01 1.924395240184990e+00
4840 1.852910479401175e+00 -5.220571942603305e-01 1.925050897704697e+00
4841 1.852910479398059e+00 -5.220571942654358e-01 1.925050897703083e+00
4842 1.854927608120519e+00 5.187473227808639e-01 1.926098444072894e+00
4843 1.854927608124745e+00 5.187473227739449e-01 1.926098444075101e+00
4844 1.851069952040821e+00 5.250523181503485e-01 1.924094567359792e+00
4845 1.851069952040837e+00 5.250523181503518e-01 1.924094567359808e+00
4846 1.852910479401184e+00 -5.220571942603456e-01 1.925050897704710e+00
4847 1.962215676235049e+00 2.722884362039519e-01 1.981017756748527e+00
4848 1.962215676234533e+00 2.722884362057693e-01 1.981017756748266e+00
4849 1.962215676221464e+00 2.722884362519576e-01 1.981017756741669e+00
4850 1.962215676235047e+00 2.722884362039538e-01 1.981017756748525e+00
4851 1.962215676234542e+00 2.722884362057730e-01 1.981017756748274e+00
4852 1.962215676221989e+00 2.722884362501422e-01 1.981017756741939e+00
4853 1.962215676221489e+00 2.722884362519610e-01 1.981017756741694e+00
4854 1.962215676228174e+00 2.722884362281840e-01 1.981017756745048e+00
4855 1.851648520206189e+00 -5.241133446674642e-01 1.924395240183337e+00
4856 1.962215676228304e+00 2.722884362277269e-01 1.981017756745113e+00
4857 1.852025884500581e+00 5.234996582085909e-01 1.924591325192097e+00
4858 1.852025884495135e+00 5.234996582174676e-01 1.924591325189270e+00
4859 1.852025884495899e+00 5.234996582161593e-01 1.924591325189649e+00
4860 1.852025884499770e+00 5.234996582098888e-01 1.924591325191670e+00
4861 1.852025884500600e+00 5.234996582085896e-01 1.924591325192115e+00
4862 1.852025884495159e+00 5.234996582174772e-01 1.924591325189296e+00
4863 1.852025884498021e+00 5.234996582127963e-01 1.924591325190777e+00
4864 1.852025884497727e+00 5.234996582132651e-01 1.924591325190622e+00
4865 1.852025884499773e+00 5.234996582098912e-01 1.924591325191673e+00
4866 1.852025884498014e+00 5.234996582128020e-01 1.924591325190772e+00
4867 1.852025884495980e+00 5.234996582161837e-01 1.924591325189735e+00
4868 1.962215676221970e+00 2.722884362501395e-01 1.981017756741920e+00
4869 1.962215676228186e+00 2.722884362281950e-01 1.981017756745061e+00
4870 1.962215676228326e+00 2.722884362277301e-01 1.981017756745135e+00
4871 1.849083869141794e+00 -5.282580648719439e-01 1.923062073419014e+00
4872 1.852910479394795e+00 -5.220571942707471e-01 1.925050897701381e+00
4873 1.853433019447181e+00 -5.212025337815134e-01 1.925322320754985e+00
4874 1.853433019451709e+00 -5.212025337741510e-01 1.925322320757352e+00
4875 1.853433019466672e+00 -5.212025337496767e-01 1.925322320765131e+00
4876 1.960173733184531e+00 -2.794036543547747e-01 1.979986733878130e+00
4877 1.960173733184155e+00 -2.794036543560796e-01 1.979986733877941e+00
4878 1.853433019466677e+00 -5.212025337496846e-01 1.925322320765137e+00
4879 1.960173733184516e+00 -2.794036543547733e-01 1.979986733878115e+00
4880 1.960173733184158e+00 -2.794036543560828e-01 1.979986733877945e+00
4881 1.853433019471148e+00 -5.212025337423098e-01 1.925322320767445e+00
4882 1.961179418159793e+00 -2.759241312167335e-01 1.980494593883379e+00
4883 1.961179418173062e+00 -2.759241311705245e-01 1.980494593890081e+00
4884 1.961179418159404e+00 -2.759241312181058e-01 1.980494593883186e+00
4885 1.961179418159801e+00 -2.759241312167345e-01 1.980494593883388e+00
4886 1.961179418173454e+00 -2.759241311691527e-01 1.980494593890278e+00
4887 1.961179418173060e+00 -2.759241311705289e-01 1.980494593890081e+00
4888 1.961179418173465e+00 -2.759241311691556e-01 1.980494593890290e+00
4889 1.961179418159406e+00 -2.759241312181068e-01 1.980494593883187e+00
4890 1.853433019471125e+00 -5.212025337423052e-01 1.925322320767422e+00
4891 1.852025884497738e+00 5.234996582132823e-01 1.924591325190636e+00
4892 1.961431956966616e+00 2.750428914648382e-01 1.980622102763480e+00
4893 1.961431956967496e+00 2.750428914617377e-01 1.980622102763920e+00
4894 1.961431956967470e+00 2.750428914617311e-01 1.980622102763894e+00
4895 1.961431956966595e+00 2.750428914648332e-01 1.980622102763458e+00
4896 1.851069952018957e+00 -5.250523181858466e-01 1.924094567348444e+00
4897 1.851069952062748e+00 -5.250523181148781e-01 1.924094567371207e+00
4898 1.851069952018960e+00 -5.250523181858413e-01 1.924094567348445e+00
4899 1.851069952062752e+00 -5.250523181148765e-01 1.924094567371210e+00
4900 1.851069952040902e+00 -5.250523181503685e-01 1.924094567359874e+00
4901 1.851069952028544e+00 -5.250523181703147e-01 1.924094567353429e+00
4902 1.851069952028542e+00 -5.250523181703096e-01 1.924094567353426e+00
4903 1.962215676234534e+00 -2.722884362057671e-01 1.981017756748267e+00
4904 1.962215676235041e+00 -2.722884362039515e-01 1.981017756748519e+00
4905 1.962215676221962e+00 -2.722884362501355e-01 1.981017756741912e+00
4906 1.851069952053160e+00 -5.250523181304037e-01 1.924094567366219e+00
4907 1.851069952040876e+00 -5.250523181503723e-01 1.924094567359850e+00
4908 1.961431956989384e+00 2.750428913852767e-01 1.980622102774979e+00
4909 1.961431956990265e+00 2.750428913821770e-01 1.980622102775420e+00
4910 1.961431956990269e+00 2.750428913821716e-01 1.980622102775424e+00
4911 1.962215676221450e+00 -2.722884362519522e-01 1.981017756741654e+00
4912 1.851069952053178e+00 -5.250523181304090e-01 1.924094567366238e+00
4913 1.962215676234500e+00 -2.722884362057700e-01 1.981017756748233e+00
4914 1.962215676235063e+00 -2.722884362039503e-01 1.981017756748540e+00
4915 1.962215676221952e+00 -2.722884362501356e-01 1.981017756741902e+00
4916 1.962215676221473e+00 -2.722884362519550e-01 1.981017756741677e+00
4917 1.961431956989374e+00 2.750428913852732e-01 1.980622102774968e+00
4918 1.961431956978491e+00 2.750428914234142e-01 1.980622102769488e+00
4919 1.961431956978424e+00 2.750428914236098e-01 1.980622102769448e+00
4920 1.962215676228297e+00 -2.722884362277194e-01 1.981017756745105e+00
4921 1.962215676228295e+00 -2.722884362277262e-01 1.981017756745104e+00
4922 1.962215676228184e+00 -2.722884362281824e-01 1.981017756745057e+00
4923 1.962215676228194e+00 -2.722884362281905e-01 1.981017756745068e+00
4924 1.855228536443772e+00 5.182510495706238e-01 1.926254674962881e+00
4925 1.855228536469230e+00 5.182510495285908e-01 1.926254674976091e+00
4926 1.855676017717747e+00 5.175118864422461e-01 1.926486967342839e+00
4927 1.855676017701924e+00 5.175118864684228e-01 1.926486967334629e+00
4928 1.855676017709432e+00 5.175118864559860e-01 1.926486967338521e+00
4929 1.855676017710216e+00 5.175118864546835e-01 1.926486967338926e+00
4930 1.855676017713282e+00 5.175118864496163e-01 1.926486967340518e+00
4931 1.855676017706392e+00 5.175118864610453e-01 1.926486967336951e+00
4932 1.855228536443806e+00 5.182510495706285e-01 1.926254674962915e+00
4933 1.855228536460757e+00 5.182510495426065e-01 1.926254674971701e+00
4934 1.855228536452290e+00 5.182510495566073e-01 1.926254674967313e+00
4935 1.855228536456479e+00 5.182510495496562e-01 1.926254674969478e+00
4936 1.855228536456542e+00 5.182510495495536e-01 1.926254674969511e+00
4937 1.855676017717752e+00 5.175118864422458e-01 1.926486967342844e+00
4938 1.855228536456490e+00 5.182510495496624e-01 1.926254674969490e+00
4939 1.855676017709440e+00 5.175118864559833e-01 1.926486967338528e+00
4940 1.855676017706373e+00 5.175118864610425e-01 1.926486967336932e+00
4941 1.855228536469285e+00 5.182510495285975e-01 1.926254674976146e+00
4942 1.855228536460753e+00 5.182510495426080e-01 1.926254674971699e+00
4943 1.855676017701894e+00 5.175118864684168e-01 1.926486967334599e+00
4944 1.855676017713278e+00 5.175118864496212e-01 1.926486967340515e+00
4945 1.855676017710254e+00 5.175118864546933e-01 1.926486967338965e+00
4946 1.855228536452232e+00 5.182510495566071e-01 1.926254674967258e+00
4947 1.855228536456529e+00 5.182510495495568e-01 1.926254674969500e+00
4948 1.851069952040877e+00 -5.250523181503726e-01 1.924094567359852e+00
4949 1.851069952040874e+00 -5.250523181503509e-01 1.924094567359842e+00
4950 1.854927608124763e+00 -5.187473227739567e-01 1.926098444075121e+00
4951 1.854927608120546e+00 -5.187473227808722e-01 1.926098444072922e+00
4952 1.854927608148269e+00 -5.187473227351557e-01 1.926098444087308e+00
4953 1.854927608124741e+00 -5.187473227739423e-01 1.926098444075097e+00
4954 1.854927608144070e+00 -5.187473227420831e-01 1.926098444085130e+00
4955 1.854927608120531e+00 -5.187473227808694e-01 1.926098444072907e+00
4956 1.852025884495127e+00 -5.234996582174656e-01 1.924591325189262e+00
4957 1.852025884495934e+00 -5.234996582161657e-01 1.924591325189685e+00
4958 1.852025884500580e+00 -5.234996582085898e-01 1.924591325192096e+00
4959 1.852025884499788e+00 -5.234996582098883e-01 1.924591325191686e+00
4960 1.854927608148266e+00 -5.187473227351573e-01 1.926098444087305e+00
4961 1.855228536469237e+00 -5.182510495285917e-01 1.926254674976099e+00
4962 1.855228536443777e+00 -5.182510495706167e-01 1.926254674962883e+00
4963 1.855228536452258e+00 -5.182510495566166e-01 1.926254674967286e+00
4964 1.854927608144097e+00 -5.187473227420900e-01 1.926098444085158e+00
4965 1.855228536452260e+00 -5.182510495566103e-01 1.926254674967286e+00
4966 1.961431956978473e+00 2.750428914234084e-01 1.980622102769469e+00
4967 1.852025884495127e+00 -5.234996582174675e-01 1.924591325189263e+00
4968 1.852025884500578e+00 -5.234996582085931e-01 1.924591325192094e+00
4969 1.852025884499793e+00 -5.234996582098973e-01 1.924591325191694e+00
4970 1.852025884495929e+00 -5.234996582161702e-01 1.924591325189682e+00
4971 1.852025884497720e+00 -5.234996582132725e-01 1.924591325190618e+00
4972 1.852025884498023e+00 -5.234996582128064e-01 1.924591325190782e+00
4973 1.961431956978390e+00 2.750428914236032e-01 1.980622102769414e+00
4974 1.961431956967486e+00 -2.750428914617365e-01 1.980622102763911e+00
4975 1.961431956990262e+00 -2.750428913821747e-01 1.980622102775417e+00
4976 1.961431956989359e+00 -2.750428913852728e-01 1.980622102774954e+00
4977 1.961431956990247e+00 -2.750428913821745e-01 1.980622102775402e+00
4978 1.961431956989354e+00 -2.750428913852738e-01 1.980622102774948e+00
4979 1.961431956967494e+00 -2.750428914617365e-01 1.980622102763918e+00
4980 1.961431956966594e+00 -2.750428914648342e-01 1.980622102763457e+00
4981 1.961431956966625e+00 -2.750428914648393e-01 1.980622102763488e+00
4982 1.858166343391433e+00 5.133717240443461e-01 1.927779211103013e+00
4983 1.858166343388387e+00 5.133717240494211e-01 1.927779211101428e+00
4984 1.858166343349301e+00 5.133717241147656e-01 1.927779211081155e+00
4985 1.858166343370283e+00 5.133717240796760e-01 1.927779211092035e+00
4986 1.858166343370433e+00 5.133717240794277e-01 1.927779211092113e+00
4987 1.959618254903593e+00 2.813055364920281e-01 1.979706167544182e+00
4988 1.959618254884461e+00 2.813055365572606e-01 1.979706167534513e+00
4989 1.959618254883792e+00 2.813055365595799e-01 1.979706167534180e+00
4990 1.959618254883806e+00 2.813055365595811e-01 1.979706167534195e+00
4991 1.961431956978409e+00 -2.750428914236107e-01 1.980622102769434e+00
4992 1.959618254903619e+00 2.813055364920268e-01 1.979706167544206e+00
4993 1.959618254904280e+00 2.813055364897133e-01 1.979706167544532e+00
4994 1.959618254904306e+00 2.813055364897130e-01 1.979706167544559e+00
4995 1.858166343352335e+00 5.133717241096871e-01 1.927779211082726e+00
4996 1.961431956978466e+00 -2.750428914234091e-01 1.980622102769461e+00
4997 1.858166343391446e+00 5.133717240443499e-01 1.927779211103026e+00
4998 1.857194892213200e+00 5.149921519990851e-01 1.927275222764888e+00
4999 1.857194892194018e+00 5.149921520309990e-01 1.927275222754931e+00
5000 1.857194892200403e+00 5.149921520204028e-01 1.927275222758252e+00
5001 1.858166343349317e+00 5.133717241147663e-01 1.927779211081170e+00
5002 1.857194892194019e+00 5.149921520310011e-01 1.927275222754933e+00
5003 1.857194892213193e+00 5.149921519990857e-01 1.927275222764882e+00
5004 1.961431956978478e+00 -2.750428914234063e-01 1.980622102769473e+00
5005 1.959864450943632e+00 2.804643217114103e-01 1.979830523510945e+00
5006 1.959864450954798e+00 2.804643216732077e-01 1.979830523516587e+00
5007 1.857194892206854e+00 5.149921520096907e-01 1.927275222761607e+00
5008 1.857194892200405e+00 5.149921520204037e-01 1.927275222758255e+00
5009 1.857194892203619e+00 5.149921520150702e-01 1.927275222759927e+00
5010 1.857194892203647e+00 5.149921520150258e-01 1.927275222759942e+00
5011 1.857194892206820e+00 5.149921520096852e-01 1.927275222761572e+00
5012 1.959864450954790e+00 2.804643216732041e-01 1.979830523516579e+00
5013 1.959864450943620e+00 2.804643217114101e-01 1.979830523510934e+00
5014 1.959864450945090e+00 2.804643217064222e-01 1.979830523511682e+00
5015 1.959864450953341e+00 2.804643216781897e-01 1.979830523515851e+00
5016 1.858166343352322e+00 5.133717241096853e-01 1.927779211082714e+00
5017 1.959864450953309e+00 2.804643216781784e-01 1.979830523515818e+00
5018 1.961431956978396e+00 -2.750428914236011e-01 1.980622102769420e+00
5019 1.857194892203574e+00 5.149921520150592e-01 1.927275222759880e+00
5020 1.857194892203603e+00 5.149921520150150e-01 1.927275222759896e+00
5021 1.959864450949090e+00 2.804643216926483e-01 1.979830523513691e+00
5022 1.959864450949297e+00 2.804643216919631e-01 1.979830523513799e+00
5023 1.959864450945060e+00 2.804643217064175e-01 1.979830523511652e+00
5024 1.852025884497720e+00 -5.234996582132703e-01 1.924591325190617e+00
5025 1.852025884497998e+00 -5.234996582128009e-01 1.924591325190756e+00
5026 1.858166343388377e+00 5.133717240494159e-01 1.927779211101417e+00
5027 1.858166343370442e+00 5.133717240794300e-01 1.927779211092122e+00
5028 1.858166343370296e+00 5.133717240796771e-01 1.927779211092047e+00
5029 1.860545076307104e+00 5.093742942035634e-01 1.929012740384569e+00
5030 1.860545076307790e+00 5.093742942024058e-01 1.929012740384925e+00
5031 1.959618254884496e+00 2.813055365572658e-01 1.979706167534548e+00
5032 1.860545076307811e+00 5.093742942024067e-01 1.929012740384946e+00
5033 1.860545076307113e+00 5.093742942035587e-01 1.929012740384577e+00
5034 1.862440745770342e+00 5.061580385395186e-01 1.929995205041650e+00
5035 1.862440745772306e+00 5.061580385362183e-01 1.929995205042680e+00
5036 1.862440745780979e+00 5.061580385214015e-01 1.929995205047164e+00
5037 1.862440745779053e+00 5.061580385247164e-01 1.929995205046174e+00
5038 1.959618254894264e+00 2.813055365238861e-01 1.979706167539474e+00
5039 1.959864450949093e+00 2.804643216926449e-01 1.979830523513693e+00
5040 1.959864450949273e+00 2.804643216919613e-01 1.979830523513774e+00
5041 1.959618254893815e+00 2.813055365254035e-01 1.979706167539245e+00
5042 1.959618254894257e+00 2.813055365238911e-01 1.979706167539468e+00
5043 1.959618254893831e+00 2.813055365254096e-01 1.979706167539262e+00
5044 1.861397388210895e+00 5.079316287756152e-01 1.929454528188989e+00
5045 1.861397388213478e+00 5.079316287712099e-01 1.929454528190320e+00
5046 1.861397388198981e+00 5.079316287958137e-01 1.929454528182812e+00
5047 1.861397388201587e+00 5.079316287914135e-01 1.929454528184168e+00
5048 1.861397388210891e+00 5.079316287756125e-01 1.929454528188983e+00
5049 1.861397388199002e+00 5.079316287958240e-01 1.929454528182835e+00
5050 1.855228536456526e+00 -5.182510495495503e-01 1.926254674969495e+00
5051 1.861397388213489e+00 5.079316287712116e-01 1.929454528190331e+00
5052 1.861397388201590e+00 5.079316287914123e-01 1.929454528184170e+00
5053 1.855228536469228e+00 -5.182510495285857e-01 1.926254674976089e+00
5054 1.855228536443778e+00 -5.182510495706221e-01 1.926254674962886e+00
5055 1.855228536460746e+00 -5.182510495426043e-01 1.926254674971690e+00
5056 1.855228536456470e+00 -5.182510495496552e-01 1.926254674969470e+00
5057 1.855228536460743e+00 -5.182510495426078e-01 1.926254674971689e+00
5058 1.855676017701912e+00 -5.175118864684218e-01 1.926486967334617e+00
5059 1.855676017706369e+00 -5.175118864610404e-01 1.926486967336928e+00
5060 1.855676017701925e+00 -5.175118864684320e-01 1.926486967334633e+00
5061 1.855676017713280e+00 -5.175118864496164e-01 1.926486967340516e+00
5062 1.855676017717740e+00 -5.175118864422475e-01 1.926486967342833e+00
5063 1.855676017717744e+00 -5.175118864422557e-01 1.926486967342839e+00
5064 1.855676017706362e+00 -5.175118864610413e-01 1.926486967336921e+00
5065 1.855676017709460e+00 -5.175118864559912e-01 1.926486967338549e+00
5066 1.855676017713266e+00 -5.175118864496212e-01 1.926486967340504e+00
5067 1.855676017709441e+00 -5.175118864559815e-01 1.926486967338528e+00
5068 1.858166343349301e+00 -5.133717241147628e-01 1.927779211081154e+00
5069 1.858166343352336e+00 -5.133717241096835e-01 1.927779211082727e+00
5070 1.858166343370465e+00 -5.133717240794361e-01 1.927779211092146e+00
5071 1.858166343370321e+00 -5.133717240796826e-01 1.927779211092073e+00
5072 1.855676017710227e+00 -5.175118864546835e-01 1.926486967338936e+00
5073 1.959864450945051e+00 -2.804643217064182e-01 1.979830523511643e+00
5074 1.959864450953287e+00 -2.804643216781836e-01 1.979830523515796e+00
5075 1.959864450954747e+00 -2.804643216731978e-01 1.979830523516535e+00
5076 1.959864450954771e+00 -2.804643216732053e-01 1.979830523516560e+00
5077 1.959864450943598e+00 -2.804643217114032e-01 1.979830523510912e+00
5078 1.959864450943612e+00 -2.804643217114082e-01 1.979830523510925e+00
5079 1.959618254883804e+00 -2.813055365595776e-01 1.979706167534192e+00
5080 1.959618254884477e+00 -2.813055365572587e-01 1.979706167534528e+00
5081 1.959864450953331e+00 -2.804643216781970e-01 1.979830523515842e+00
5082 1.959864450945054e+00 -2.804643217064251e-01 1.979830523511647e+00
5083 1.959618254903598e+00 -2.813055364920227e-01 1.979706167544185e+00
5084 1.959618254904278e+00 -2.813055364897064e-01 1.979706167544529e+00
5085 1.959618254883781e+00 -2.813055365595786e-01 1.979706167534169e+00
5086 1.959618254884459e+00 -2.813055365572588e-01 1.979706167534510e+00
5087 1.959618254903579e+00 -2.813055364920238e-01 1.979706167544167e+00
5088 1.959618254904266e+00 -2.813055364897051e-01 1.979706167544518e+00
5089 1.959864450949080e+00 -2.804643216926406e-01 1.979830523513679e+00
5090 1.858166343388389e+00 -5.133717240494206e-01 1.927779211101430e+00
5091 1.959618254894268e+00 -2.813055365238877e-01 1.979706167539478e+00
5092 1.959618254893827e+00 -2.813055365254065e-01 1.979706167539258e+00
5093 1.857194892194058e+00 -5.149921520310090e-01 1.927275222754973e+00
5094 1.857194892200428e+00 -5.149921520204126e-01 1.927275222758280e+00
5095 1.959864450949292e+00 -2.804643216919613e-01 1.979830523513793e+00
5096 1.857194892194031e+00 -5.149921520309909e-01 1.927275222754942e+00
5097 1.857194892206848e+00 -5.149921520096847e-01 1.927275222761600e+00
5098 1.857194892213219e+00 -5.149921519990902e-01 1.927275222764908e+00
5099 1.857194892203598e+00 -5.149921520150107e-01 1.927275222759891e+00
5100 1.857194892203578e+00 -5.149921520150498e-01 1.927275222759882e+00
5101 1.857194892213202e+00 -5.149921519990901e-01 1.927275222764891e+00
5102 1.959618254894264e+00 -2.813055365238895e-01 1.979706167539475e+00
5103 1.857194892200429e+00 -5.149921520204082e-01 1.927275222758279e+00
5104 1.858166343391418e+00 -5.133717240443374e-01 1.927779211102996e+00
5105 1.855676017710222e+00 -5.175118864546822e-01 1.926486967338931e+00
5106 1.959864450949070e+00 -2.804643216926479e-01 1.979830523513671e+00
5107 1.959864450949227e+00 -2.804643216919477e-01 1.979830523513728e+00
5108 1.858166343391425e+00 -5.133717240443456e-01 1.927779211103004e+00
5109 1.959618254893833e+00 -2.813055365254057e-01 1.979706167539263e+00
5110 1.857194892206821e+00 -5.149921520096792e-01 1.927275222761572e+00
5111 1.857194892203665e+00 -5.149921520150254e-01 1.927275222759959e+00
5112 1.857194892203611e+00 -5.149921520150679e-01 1.927275222759918e+00
5113 1.858166343388408e+00 -5.133717240494347e-01 1.927779211101452e+00
5114 1.855228536456534e+00 -5.182510495495583e-01 1.926254674969505e+00
5115 1.855228536456468e+00 -5.182510495496663e-01 1.926254674969470e+00
5116 1.860545076307816e+00 -5.093742942024116e-01 1.929012740384952e+00
5117 1.860545076307130e+00 -5.093742942035689e-01 1.929012740384596e+00
5118 1.858166343352353e+00 -5.133717241096932e-01 1.927779211082746e+00
5119 1.858166343349286e+00 -5.133717241147592e-01 1.927779211081139e+00
5120 1.858166343370296e+00 -5.133717240796872e-01 1.927779211092050e+00
5121 1.858166343370464e+00 -5.133717240794343e-01 1.927779211092144e+00
5122 1.955171587922023e+00 2.960527613585845e-01 1.977458767136642e+00
5123 1.955171587921928e+00 2.960527613588739e-01 1.977458767136592e+00
5124 1.955922967984925e+00 2.936175732657995e-01 1.977838703236807e+00
5125 1.955922967986298e+00 2.936175732613255e-01 1.977838703237501e+00
5126 1.955922967992410e+00 2.936175732414452e-01 1.977838703240593e+00
5127 1.955922967993771e+00 2.936175732369671e-01 1.977838703241275e+00
5128 1.955922967993798e+00 2.936175732369684e-01 1.977838703241301e+00
5129 1.955171587921992e+00 2.960527613585744e-01 1.977458767136609e+00
5130 1.955171587921914e+00 2.960527613588746e-01 1.977458767136578e+00
5131 1.955922967984938e+00 2.936175732657952e-01 1.977838703236819e+00
5132 1.955922967986311e+00 2.936175732613197e-01 1.977838703237513e+00
5133 1.955922967992425e+00 2.936175732414411e-01 1.977838703240608e+00
5134 1.956880879277650e+00 2.904806065645340e-01 1.978322966169217e+00
5135 1.956880879272880e+00 2.904806065802271e-01 1.978322966166803e+00
5136 1.956880879276105e+00 2.904806065695673e-01 1.978322966168428e+00
5137 1.956880879277603e+00 2.904806065645253e-01 1.978322966169169e+00
5138 1.862440745780995e+00 5.061580385214021e-01 1.929995205047178e+00
5139 1.862440745770364e+00 5.061580385395222e-01 1.929995205041672e+00
5140 1.956880879276079e+00 2.904806065695682e-01 1.978322966168402e+00
5141 1.862440745779057e+00 5.061580385247149e-01 1.929995205046177e+00
5142 1.862440745772292e+00 5.061580385362114e-01 1.929995205042665e+00
5143 1.956880879272851e+00 2.904806065802205e-01 1.978322966166773e+00
5144 1.956880879274403e+00 2.904806065751812e-01 1.978322966167569e+00
5145 1.955922967993805e+00 -2.936175732369742e-01 1.977838703241309e+00
5146 1.956880879272870e+00 -2.904806065802254e-01 1.978322966166792e+00
5147 1.956880879274353e+00 2.904806065751774e-01 1.978322966167519e+00
5148 1.956880879272862e+00 -2.904806065802161e-01 1.978322966166784e+00
5149 1.955922967992405e+00 -2.936175732414504e-01 1.977838703240590e+00
5150 1.863000061332664e+00 5.052038143254060e-01 1.930284984797439e+00
5151 1.863000061334694e+00 5.052038143219405e-01 1.930284984798491e+00
5152 1.863000061332660e+00 5.052038143254038e-01 1.930284984797435e+00
5153 1.863000061341422e+00 5.052038143104750e-01 1.930284984801984e+00
5154 1.863000061343445e+00 5.052038143070129e-01 1.930284984803031e+00
5155 1.863000061341401e+00 5.052038143104736e-01 1.930284984801963e+00
5156 1.863000061334675e+00 5.052038143219355e-01 1.930284984798471e+00
5157 1.956880879274396e+00 -2.904806065751868e-01 1.978322966167562e+00
5158 1.956880879277654e+00 -2.904806065645341e-01 1.978322966169221e+00
5159 1.956880879277615e+00 -2.904806065645218e-01 1.978322966169180e+00
5160 1.956880879275268e+00 2.904806065723711e-01 1.978322966168011e+00
5161 1.956880879275252e+00 2.904806065723847e-01 1.978322966167998e+00
5162 1.956880879274332e+00 -2.904806065751820e-01 1.978322966167498e+00
5163 1.863000061343407e+00 5.052038143069981e-01 1.930284984802989e+00
5164 1.956880879276093e+00 -2.904806065695708e-01 1.978322966168417e+00
5165 1.955922967993767e+00 -2.936175732369704e-01 1.977838703241272e+00
5166 1.955922967992411e+00 -2.936175732414458e-01 1.977838703240595e+00
5167 1.955922967984931e+00 -2.936175732658007e-01 1.977838703236813e+00
5168 1.956880879276077e+00 -2.904806065695688e-01 1.978322966168400e+00
5169 1.860593293818087e+00 5.092928260290537e-01 1.929037736190119e+00
5170 1.860593293816485e+00 5.092928260317197e-01 1.929037736189277e+00
5171 1.860593293789187e+00 5.092928260778692e-01 1.929037736175132e+00
5172 1.860593293787623e+00 5.092928260805487e-01 1.929037736174331e+00
5173 1.860828551743439e+00 5.088950819715761e-01 1.929159688423548e+00
5174 1.860828551738850e+00 5.088950819793837e-01 1.929159688421181e+00
5175 1.860828551724909e+00 5.088950820029040e-01 1.929159688413939e+00
5176 1.860828551729545e+00 5.088950819950964e-01 1.929159688416351e+00
5177 1.860828551743439e+00 5.088950819715721e-01 1.929159688423547e+00
5178 1.860828551738801e+00 5.088950819793726e-01 1.929159688421131e+00
5179 1.860828551724921e+00 5.088950820029047e-01 1.929159688413951e+00
5180 1.860828551729521e+00 5.088950819950857e-01 1.929159688416325e+00
5181 1.860828551734174e+00 5.088950819872359e-01 1.929159688418742e+00
5182 1.860828551734216e+00 5.088950819872455e-01 1.929159688418785e+00
5183 1.955922967986303e+00 -2.936175732613308e-01 1.977838703237506e+00
5184 1.860593293816510e+00 5.092928260317333e-01 1.929037736189305e+00
5185 1.860593293789218e+00 5.092928260778800e-01 1.929037736175164e+00
5186 1.860593293787602e+00 5.092928260805427e-01 1.929037736174309e+00
5187 1.860593293818058e+00 5.092928260290487e-01 1.929037736190089e+00
5188 1.955922967984900e+00 -2.936175732657950e-01 1.977838703236782e+00
5189 1.955922967986299e+00 -2.936175732613295e-01 1.977838703237502e+00
5190 1.861253081853781e+00 5.081762775471472e-01 1.929379735503582e+00
5191 1.861253081858541e+00 5.081762775390679e-01 1.929379735506046e+00
5192 1.860593293803152e+00 5.092928260542866e-01 1.929037736182376e+00
5193 1.860593293802538e+00 5.092928260553117e-01 1.929037736182054e+00
5194 1.861253081935699e+00 5.081762774082905e-01 1.929379735546034e+00
5195 1.861253081853787e+00 5.081762775471451e-01 1.929379735503588e+00
5196 1.861253081858561e+00 5.081762775390729e-01 1.929379735506067e+00
5197 1.861253081896765e+00 5.081762774742751e-01 1.929379735525854e+00
5198 1.861253081940464e+00 5.081762774002125e-01 1.929379735548503e+00
5199 1.861253081897474e+00 5.081762774730864e-01 1.929379735526225e+00
5200 1.861253081940472e+00 5.081762774002144e-01 1.929379735548512e+00
5201 1.861253081935710e+00 5.081762774082936e-01 1.929379735546046e+00
5202 1.861253081896756e+00 5.081762774742697e-01 1.929379735525844e+00
5203 1.860593293802547e+00 5.092928260553164e-01 1.929037736182064e+00
5204 1.860593293803160e+00 5.092928260542817e-01 1.929037736182382e+00
5205 1.955171587921901e+00 -2.960527613588676e-01 1.977458767136564e+00
5206 1.955171587922020e+00 -2.960527613585804e-01 1.977458767136638e+00
5207 1.955108083621241e+00 2.962575715848532e-01 1.977426652840119e+00
5208 1.955108083620054e+00 2.962575715886900e-01 1.977426652839520e+00
5209 1.955108083674239e+00 2.962575714140646e-01 1.977426652866931e+00
5210 1.955108083675436e+00 2.962575714102263e-01 1.977426652867539e+00
5211 1.956880879275254e+00 2.904806065723911e-01 1.978322966168001e+00
5212 1.861253081897466e+00 5.081762774730832e-01 1.929379735526217e+00
5213 1.955108083675382e+00 2.962575714102208e-01 1.977426652867486e+00
5214 1.956880879275266e+00 2.904806065723576e-01 1.978322966168007e+00
5215 1.956177426392402e+00 2.927878569550679e-01 1.977967353802267e+00
5216 1.864011570796035e+00 5.034719511023880e-01 1.930808934516397e+00
5217 1.864011570798887e+00 5.034719510975183e-01 1.930808934517881e+00
5218 1.864011570811376e+00 5.034719510760168e-01 1.930808934524332e+00
5219 1.864011570823939e+00 5.034719510545357e-01 1.930808934530859e+00
5220 1.864011570811387e+00 5.034719510760348e-01 1.930808934524346e+00
5221 1.956177426393746e+00 2.927878569506599e-01 1.977967353802944e+00
5222 1.864011570796053e+00 5.034719511023907e-01 1.930808934516416e+00
5223 1.864011570798885e+00 5.034719510975162e-01 1.930808934517879e+00
5224 1.864011570826771e+00 5.034719510496539e-01 1.930808934532320e+00
5225 1.956177426392363e+00 2.927878569550597e-01 1.977967353802228e+00
5226 1.956880879275264e+00 -2.904806065723688e-01 1.978322966168007e+00
5227 1.956880879275267e+00 -2.904806065723900e-01 1.978322966168013e+00
5228 1.956177426393708e+00 2.927878569506553e-01 1.977967353802906e+00
5229 1.956177426376334e+00 2.927878570075118e-01 1.977967353794139e+00
5230 1.956177426359923e+00 2.927878570611253e-01 1.977967353785844e+00
5231 1.956177426358579e+00 2.927878570655308e-01 1.977967353785168e+00
5232 1.864011570826762e+00 5.034719510496513e-01 1.930808934532311e+00
5233 1.956177426392366e+00 -2.927878569550617e-01 1.977967353802230e+00
5234 1.956177426358539e+00 -2.927878570655240e-01 1.977967353785128e+00
5235 1.956177426393700e+00 -2.927878569506491e-01 1.977967353802897e+00
5236 1.956177426359877e+00 -2.927878570611210e-01 1.977967353785799e+00
5237 1.956177426359899e+00 2.927878570611255e-01 1.977967353785821e+00
5238 1.956177426375958e+00 2.927878570086790e-01 1.977967353793940e+00
5239 1.956177426376302e+00 2.927878570075066e-01 1.977967353794107e+00
5240 1.956177426358535e+00 2.927878570655303e-01 1.977967353785124e+00
5241 1.860545076307841e+00 -5.093742942024153e-01 1.929012740384977e+00
5242 1.860545076307150e+00 -5.093742942035735e-01 1.929012740384616e+00
5243 1.863000061343454e+00 -5.052038143070163e-01 1.930284984803040e+00
5244 1.861397388198974e+00 -5.079316287958113e-01 1.929454528182804e+00
5245 1.861397388210893e+00 -5.079316287756174e-01 1.929454528188987e+00
5246 1.861397388213486e+00 -5.079316287712154e-01 1.929454528190330e+00
5247 1.861397388213483e+00 -5.079316287712188e-01 1.929454528190327e+00
5248 1.863000061343434e+00 -5.052038143070097e-01 1.930284984803018e+00
5249 1.863000061332689e+00 -5.052038143254143e-01 1.930284984797465e+00
5250 1.863000061341420e+00 -5.052038143104788e-01 1.930284984801983e+00
5251 1.863000061334711e+00 -5.052038143219512e-01 1.930284984798511e+00
5252 1.862440745779074e+00 -5.061580385247192e-01 1.929995205046195e+00
5253 1.862440745780989e+00 -5.061580385214093e-01 1.929995205047174e+00
5254 1.861397388198968e+00 -5.079316287958128e-01 1.929454528182799e+00
5255 1.861397388201577e+00 -5.079316287914118e-01 1.929454528184158e+00
5256 1.861397388210886e+00 -5.079316287756118e-01 1.929454528188978e+00
5257 1.862440745770361e+00 -5.061580385395253e-01 1.929995205041671e+00
5258 1.863000061332667e+00 -5.052038143254062e-01 1.930284984797442e+00
5259 1.863000061341405e+00 -5.052038143104727e-01 1.930284984801967e+00
5260 1.863000061334706e+00 -5.052038143219448e-01 1.930284984798504e+00
5261 1.861397388201568e+00 -5.079316287914126e-01 1.929454528184149e+00
5262 1.862440745772316e+00 -5.061580385362234e-01 1.929995205042691e+00
5263 1.862440745770340e+00 -5.061580385395166e-01 1.929995205041648e+00
5264 1.862440745779067e+00 -5.061580385247183e-01 1.929995205046188e+00
5265 1.862440745780997e+00 -5.061580385214044e-01 1.929995205047181e+00
5266 1.862440745772260e+00 -5.061580385362093e-01 1.929995205042633e+00
5267 1.861253081940472e+00 -5.081762774002193e-01 1.929379735548513e+00
5268 1.861253081935717e+00 -5.081762774082975e-01 1.929379735546054e+00
5269 1.861253081935711e+00 -5.081762774082905e-01 1.929379735546046e+00
5270 1.861253081853779e+00 -5.081762775471493e-01 1.929379735503581e+00
5271 1.861253081858533e+00 -5.081762775390692e-01 1.929379735506039e+00
5272 1.860593293802525e+00 -5.092928260553027e-01 1.929037736182039e+00
5273 1.860593293816494e+00 -5.092928260317197e-01 1.929037736189286e+00
5274 1.860593293818064e+00 -5.092928260290482e-01 1.929037736190095e+00
5275 1.860593293816499e+00 -5.092928260317261e-01 1.929037736189293e+00
5276 1.860593293787599e+00 -5.092928260805430e-01 1.929037736174307e+00
5277 1.860593293803153e+00 -5.092928260542804e-01 1.929037736182375e+00
5278 1.860593293789194e+00 -5.092928260778747e-01 1.929037736175140e+00
5279 1.860593293787619e+00 -5.092928260805463e-01 1.929037736174326e+00
5280 1.860593293789204e+00 -5.092928260778720e-01 1.929037736175149e+00
5281 1.860828551743444e+00 -5.088950819715750e-01 1.929159688423553e+00
5282 1.860828551729543e+00 -5.088950819950989e-01 1.929159688416350e+00
5283 1.860828551738828e+00 -5.088950819793862e-01 1.929159688421161e+00
5284 1.860828551724919e+00 -5.088950820029036e-01 1.929159688413948e+00
5285 1.860828551724918e+00 -5.088950820028961e-01 1.929159688413945e+00
5286 1.860828551738833e+00 -5.088950819793834e-01 1.929159688421164e+00
5287 1.860593293818110e+00 -5.092928260290569e-01 1.929037736190142e+00
5288 1.861253081858529e+00 -5.081762775390679e-01 1.929379735506034e+00
5289 1.860828551743445e+00 -5.088950819715721e-01 1.929159688423553e+00
5290 1.860828551729512e+00 -5.088950819950970e-01 1.929159688416319e+00
5291 1.860828551734200e+00 -5.088950819872454e-01 1.929159688418770e+00
5292 1.860828551734191e+00 -5.088950819872419e-01 1.929159688418760e+00
5293 1.956177426375943e+00 2.927878570086714e-01 1.977967353793924e+00
5294 1.864011570823951e+00 5.034719510545316e-01 1.930808934530869e+00
5295 1.864011570811409e+00 5.034719510760229e-01 1.930808934524366e+00
5296 1.864011570811471e+00 5.034719510760388e-01 1.930808934524429e+00
5297 1.955171587921897e+00 -2.960527613588711e-01 1.977458767136560e+00
5298 1.955171587921972e+00 -2.960527613585758e-01 1.977458767136590e+00
5299 1.956880879275277e+00 -2.904806065723646e-01 1.978322966168019e+00
5300 1.956880879275272e+00 -2.904806065723962e-01 1.978322966168019e+00
5301 1.865230648216888e+00 5.013740374415663e-01 1.931440213019302e+00
5302 1.865230648216896e+00 5.013740374415634e-01 1.931440213019310e+00
5303 1.865230648213111e+00 5.013740374480951e-01 1.931440213017350e+00
5304 1.865230648203370e+00 5.013740374649061e-01 1.931440213012307e+00
5305 1.865230648203382e+00 5.013740374649055e-01 1.931440213012319e+00
5306 1.865230648213149e+00 5.013740374480952e-01 1.931440213017387e+00
5307 1.955108083674222e+00 -2.962575714140592e-01 1.977426652866913e+00
5308 1.865230648199615e+00 5.013740374714390e-01 1.931440213010376e+00
5309 1.955108083675393e+00 -2.962575714102220e-01 1.977426652867496e+00
5310 1.860593293802548e+00 -5.092928260553131e-01 1.929037736182064e+00
5311 1.956177426392390e+00 -2.927878569550659e-01 1.977967353802255e+00
5312 1.860593293803130e+00 -5.092928260542847e-01 1.929037736182354e+00
5313 1.956177426393760e+00 -2.927878569506603e-01 1.977967353802958e+00
5314 1.956177426358556e+00 -2.927878570655334e-01 1.977967353785146e+00
5315 1.865230648199582e+00 5.013740374714298e-01 1.931440213010342e+00
5316 1.956177426359902e+00 -2.927878570611268e-01 1.977967353785824e+00
5317 1.955108083675434e+00 -2.962575714102236e-01 1.977426652867537e+00
5318 1.955108083674225e+00 -2.962575714140625e-01 1.977426652866918e+00
5319 1.955108083621224e+00 -2.962575715848505e-01 1.977426652840102e+00
5320 1.955108083621268e+00 -2.962575715848519e-01 1.977426652840145e+00
5321 1.956177426375941e+00 -2.927878570086744e-01 1.977967353793922e+00
5322 1.865230648207994e+00 5.013740374569087e-01 1.931440213014696e+00
5323 1.865230648208480e+00 5.013740374560939e-01 1.931440213014954e+00
5324 1.955108083620032e+00 -2.962575715886846e-01 1.977426652839498e+00
5325 1.956177426375965e+00 -2.927878570086795e-01 1.977967353793947e+00
5326 1.956177426376306e+00 -2.927878570075041e-01 1.977967353794110e+00
5327 1.861253081940485e+00 -5.081762774002135e-01 1.929379735548524e+00
5328 1.861253081896761e+00 -5.081762774742695e-01 1.929379735525850e+00
5329 1.861253081897451e+00 -5.081762774730797e-01 1.929379735526202e+00
5330 1.955108083620077e+00 -2.962575715886930e-01 1.977426652839544e+00
5331 1.865230648208506e+00 5.013740374560965e-01 1.931440213014979e+00
5332 1.861253081853792e+00 -5.081762775471466e-01 1.929379735503593e+00
5333 1.956177426376331e+00 -2.927878570075105e-01 1.977967353794136e+00
5334 1.861253081896779e+00 -5.081762774742723e-01 1.929379735525868e+00
5335 1.861253081897469e+00 -5.081762774730806e-01 1.929379735526219e+00
5336 1.860828551734165e+00 -5.088950819872275e-01 1.929159688418731e+00
5337 1.860828551734195e+00 -5.088950819872436e-01 1.929159688418765e+00
5338 1.865230648208036e+00 5.013740374569071e-01 1.931440213014736e+00
5339 1.860828551734188e+00 5.088950819872370e-01 1.929159688418756e+00
5340 1.860828551734184e+00 5.088950819872355e-01 1.929159688418752e+00
5341 1.955108083620070e+00 2.962575715886864e-01 1.977426652839535e+00
5342 1.955108083621272e+00 2.962575715848502e-01 1.977426652840149e+00
5343 1.955108083674230e+00 2.962575714140597e-01 1.977426652866922e+00
5344 1.953868463973647e+00 3.002248382692094e-01 1.976799668156719e+00
5345 1.953868463968639e+00 3.002248382851425e-01 1.976799668154189e+00
5346 1.953868463972877e+00 3.002248382716197e-01 1.976799668156324e+00
5347 1.953868463967861e+00 3.002248382875543e-01 1.976799668153785e+00
5348 1.867091723178165e+00 4.981485155951086e-01 1.932403541279621e+00
5349 1.867091723189822e+00 4.981485155748006e-01 1.932403541285649e+00
5350 1.867091723183636e+00 4.981485155855661e-01 1.932403541282447e+00
5351 1.867091723189849e+00 4.981485155748061e-01 1.932403541285677e+00
5352 1.867091723184340e+00 4.981485155843247e-01 1.932403541282808e+00
5353 1.867841488184868e+00 4.968411730840028e-01 1.932791498391937e+00
5354 1.867841488183982e+00 4.968411730855338e-01 1.932791498391475e+00
5355 1.867841488184000e+00 4.968411730855404e-01 1.932791498391494e+00
5356 1.867841488184829e+00 4.968411730839939e-01 1.932791498391897e+00
5357 1.954343646850505e+00 2.987109033497952e-01 1.977040033424964e+00
5358 1.954343646848943e+00 2.987109033547887e-01 1.977040033424175e+00
5359 1.954343646822673e+00 2.987109034387346e-01 1.977040033410889e+00
5360 1.954343646821105e+00 2.987109034437277e-01 1.977040033410094e+00
5361 1.864011570796048e+00 -5.034719511023968e-01 1.930808934516413e+00
5362 1.864011570798882e+00 -5.034719510975210e-01 1.930808934517877e+00
5363 1.864011570826771e+00 -5.034719510496570e-01 1.930808934532321e+00
5364 1.864011570823922e+00 -5.034719510545260e-01 1.930808934530839e+00
5365 1.864011570811416e+00 -5.034719510760260e-01 1.930808934524373e+00
5366 1.954343646850512e+00 2.987109033497928e-01 1.977040033424970e+00
5367 1.954343646822665e+00 2.987109034387352e-01 1.977040033410881e+00
5368 1.954343646821129e+00 2.987109034437313e-01 1.977040033410118e+00
5369 1.864011570811352e+00 -5.034719510760195e-01 1.930808934524309e+00
5370 1.954343646848949e+00 2.987109033547888e-01 1.977040033424180e+00
5371 1.954343646835879e+00 2.987109033965162e-01 1.977040033417565e+00
5372 1.954343646835730e+00 2.987109033970181e-01 1.977040033417493e+00
5373 1.864011570826780e+00 -5.034719510496547e-01 1.930808934532328e+00
5374 1.864011570796047e+00 -5.034719511023925e-01 1.930808934516411e+00
5375 1.864011570798884e+00 -5.034719510975191e-01 1.930808934517879e+00
5376 1.864011570823928e+00 -5.034719510545259e-01 1.930808934530845e+00
5377 1.954343646835733e+00 2.987109033970137e-01 1.977040033417496e+00
5378 1.864011570811418e+00 -5.034719510760315e-01 1.930808934524375e+00
5379 1.864011570811436e+00 -5.034719510760239e-01 1.930808934524392e+00
5380 1.865230648199605e+00 -5.013740374714346e-01 1.931440213010365e+00
5381 1.865230648213132e+00 -5.013740374480984e-01 1.931440213017371e+00
5382 1.865230648216902e+00 -5.013740374415647e-01 1.931440213019316e+00
5383 1.865230648203378e+00 -5.013740374649045e-01 1.931440213012314e+00
5384 1.865230648213136e+00 -5.013740374481017e-01 1.931440213017376e+00
5385 1.865230648203397e+00 -5.013740374649164e-01 1.931440213012335e+00
5386 1.865230648208006e+00 -5.013740374569110e-01 1.931440213014708e+00
5387 1.865230648208464e+00 -5.013740374560881e-01 1.931440213014936e+00
5388 1.865230648208036e+00 -5.013740374569147e-01 1.931440213014738e+00
5389 1.865230648199607e+00 -5.013740374714388e-01 1.931440213010369e+00
5390 1.865230648216910e+00 -5.013740374415681e-01 1.931440213019324e+00
5391 1.865230648208485e+00 -5.013740374560900e-01 1.931440213014958e+00
5392 1.954343646835897e+00 2.987109033965161e-01 1.977040033417583e+00
5393 1.867091723178181e+00 4.981485155951080e-01 1.932403541279636e+00
5394 1.867091723184339e+00 4.981485155843268e-01 1.932403541282807e+00
5395 1.867091723183643e+00 4.981485155855748e-01 1.932403541282456e+00
5396 1.953868463967882e+00 3.002248382875567e-01 1.976799668153806e+00
5397 1.953868463968620e+00 3.002248382851425e-01 1.976799668154170e+00
5398 1.953868463973649e+00 3.002248382692133e-01 1.976799668156721e+00
5399 1.953868463972877e+00 3.002248382716269e-01 1.976799668156324e+00
5400 1.952862082786009e+00 3.034037758294761e-01 1.976290506370683e+00
5401 1.953868463973635e+00 -3.002248382692074e-01 1.976799668156706e+00
5402 1.953868463972878e+00 -3.002248382716214e-01 1.976799668156324e+00
5403 1.952862082786008e+00 3.034037758294764e-01 1.976290506370682e+00
5404 1.953868463973632e+00 -3.002248382692103e-01 1.976799668156704e+00
5405 1.953868463972871e+00 -3.002248382716248e-01 1.976799668156318e+00
5406 1.953868463967857e+00 -3.002248382875515e-01 1.976799668153781e+00
5407 1.953868463968615e+00 -3.002248382851360e-01 1.976799668154164e+00
5408 1.952862082786027e+00 3.034037758294770e-01 1.976290506370701e+00
5409 1.953868463968620e+00 -3.002248382851409e-01 1.976799668154170e+00
5410 1.952862082786026e+00 3.034037758294734e-01 1.976290506370699e+00
5411 1.952436003679997e+00 3.047386733126620e-01 1.976074899258194e+00
5412 1.952436003680705e+00 3.047386733104073e-01 1.976074899258545e+00
5413 1.953868463967854e+00 -3.002248382875558e-01 1.976799668153779e+00
5414 1.952436003679983e+00 3.047386733126610e-01 1.976074899258180e+00
5415 1.954343646850517e+00 -2.987109033497999e-01 1.977040033424976e+00
5416 1.954343646848954e+00 -2.987109033547928e-01 1.977040033424186e+00
5417 1.954343646822684e+00 -2.987109034387370e-01 1.977040033410900e+00
5418 1.954343646850508e+00 -2.987109033497966e-01 1.977040033424967e+00
5419 1.954343646821111e+00 -2.987109034437306e-01 1.977040033410100e+00
5420 1.954343646848943e+00 -2.987109033547918e-01 1.977040033424174e+00
5421 1.954343646822649e+00 -2.987109034387320e-01 1.977040033410865e+00
5422 1.954343646821127e+00 -2.987109034437344e-01 1.977040033410117e+00
5423 1.954343646835871e+00 -2.987109033965116e-01 1.977040033417556e+00
5424 1.954343646835715e+00 -2.987109033970091e-01 1.977040033417477e+00
5425 1.952436003680687e+00 3.047386733104067e-01 1.976074899258527e+00
5426 1.954343646835759e+00 -2.987109033970170e-01 1.977040033417521e+00
5427 1.867499937447072e+00 4.974372910978624e-01 1.932614776653536e+00
5428 1.867499937431414e+00 4.974372911251929e-01 1.932614776645440e+00
5429 1.867499937436154e+00 4.974372911169030e-01 1.932614776647887e+00
5430 1.867499937420487e+00 4.974372911442237e-01 1.932614776639781e+00
5431 1.867499937420472e+00 4.974372911442216e-01 1.932614776639765e+00
5432 1.867499937447068e+00 4.974372910978639e-01 1.932614776653533e+00
5433 1.954343646835888e+00 -2.987109033965144e-01 1.977040033417573e+00
5434 1.867499937436129e+00 4.974372911168943e-01 1.932614776647861e+00
5435 1.953581086705668e+00 -3.011363664249762e-01 1.976654287810020e+00
5436 1.953581086702657e+00 -3.011363664344478e-01 1.976654287808486e+00
5437 1.953581086700322e+00 -3.011363664418283e-01 1.976654287807304e+00
5438 1.953581086697351e+00 -3.011363664513018e-01 1.976654287805810e+00
5439 1.867499937431400e+00 4.974372911251846e-01 1.932614776645424e+00
5440 1.867499937433782e+00 4.974372911210492e-01 1.932614776646662e+00
5441 1.867499937433759e+00 4.974372911210410e-01 1.932614776646637e+00
5442 1.867091723178166e+00 -4.981485155951044e-01 1.932403541279621e+00
5443 1.953581086705659e+00 3.011363664249724e-01 1.976654287810010e+00
5444 1.953581086697356e+00 3.011363664512979e-01 1.976654287805814e+00
5445 1.867091723178180e+00 -4.981485155951071e-01 1.932403541279635e+00
5446 1.867091723189838e+00 -4.981485155748024e-01 1.932403541285665e+00
5447 1.867091723184349e+00 -4.981485155843312e-01 1.932403541282817e+00
5448 1.867091723183634e+00 -4.981485155855740e-01 1.932403541282447e+00
5449 1.867091723183654e+00 -4.981485155855788e-01 1.932403541282468e+00
5450 1.867091723189840e+00 -4.981485155747987e-01 1.932403541285666e+00
5451 1.867091723184321e+00 -4.981485155843345e-01 1.932403541282792e+00
5452 1.953581086697319e+00 3.011363664512952e-01 1.976654287805778e+00
5453 1.953581086705679e+00 3.011363664249757e-01 1.976654287810031e+00
5454 1.953581086702673e+00 3.011363664344447e-01 1.976654287808502e+00
5455 1.953581086700356e+00 3.011363664418267e-01 1.976654287807337e+00
5456 1.953581086701528e+00 3.011363664380728e-01 1.976654287807923e+00
5457 1.953581086702692e+00 3.011363664344509e-01 1.976654287808522e+00
5458 1.953581086700346e+00 3.011363664418254e-01 1.976654287807327e+00
5459 1.953581086701493e+00 3.011363664381974e-01 1.976654287807908e+00
5460 1.953581086701506e+00 3.011363664380692e-01 1.976654287807901e+00
5461 1.867499937433794e+00 4.974372911210359e-01 1.932614776646670e+00
5462 1.867499937433808e+00 4.974372911210520e-01 1.932614776646687e+00
5463 1.953581086697344e+00 -3.011363664513009e-01 1.976654287805804e+00
5464 1.953581086701473e+00 -3.011363664381996e-01 1.976654287807888e+00
5465 1.953581086701516e+00 -3.011363664380759e-01 1.976654287807911e+00
5466 1.953581086701551e+00 -3.011363664380773e-01 1.976654287807946e+00
5467 1.952862082786015e+00 -3.034037758294673e-01 1.976290506370688e+00
5468 1.952862082786027e+00 -3.034037758294766e-01 1.976290506370701e+00
5469 1.951972958943532e+00 3.061821114340963e-01 1.975840559814736e+00
5470 1.951972958943340e+00 3.061821114346804e-01 1.975840559814637e+00
5471 1.951972958943525e+00 3.061821114340934e-01 1.975840559814729e+00
5472 1.867841488183983e+00 -4.968411730855391e-01 1.932791498391477e+00
5473 1.867841488184859e+00 -4.968411730840021e-01 1.932791498391929e+00
5474 1.951972958943337e+00 3.061821114346754e-01 1.975840559814633e+00
5475 1.867841488184855e+00 -4.968411730839996e-01 1.932791498391924e+00
5476 1.867841488183955e+00 -4.968411730855389e-01 1.932791498391450e+00
5477 1.869471615628977e+00 4.939829043214755e-01 1.933634720262412e+00
5478 1.869471615629748e+00 4.939829043201125e-01 1.933634720262810e+00
5479 1.869471615628976e+00 4.939829043214776e-01 1.933634720262412e+00
5480 1.869471615629760e+00 4.939829043201100e-01 1.933634720262821e+00
5481 1.869533388481851e+00 4.938741603873171e-01 1.933666666451772e+00
5482 1.869533388481829e+00 4.938741603873104e-01 1.933666666451749e+00
5483 1.952862082785998e+00 -3.034037758294720e-01 1.976290506370672e+00
5484 1.868958411023350e+00 4.948851178853268e-01 1.933369292721723e+00
5485 1.868958411019973e+00 4.948851178912350e-01 1.933369292719972e+00
5486 1.868958411017781e+00 4.948851178950887e-01 1.933369292718839e+00
5487 1.868958411021151e+00 4.948851178891819e-01 1.933369292720585e+00
5488 1.952862082786004e+00 -3.034037758294743e-01 1.976290506370678e+00
5489 1.951561281945863e+00 3.074591468795330e-01 1.975632193549718e+00
5490 1.868958411023357e+00 4.948851178853308e-01 1.933369292721732e+00
5491 1.868958411020023e+00 4.948851178912472e-01 1.933369292720023e+00
5492 1.868958411017799e+00 4.948851178950938e-01 1.933369292718858e+00
5493 1.951561281945827e+00 3.074591468795341e-01 1.975632193549683e+00
5494 1.953581086701477e+00 3.011363664381963e-01 1.976654287807892e+00
5495 1.868958411021173e+00 4.948851178891918e-01 1.933369292720608e+00
5496 1.952436003680719e+00 -3.047386733104129e-01 1.976074899258560e+00
5497 1.952436003679995e+00 -3.047386733126626e-01 1.976074899258191e+00
5498 1.953581086705637e+00 -3.011363664249736e-01 1.976654287809989e+00
5499 1.953581086702661e+00 -3.011363664344430e-01 1.976654287808490e+00
5500 1.952436003680001e+00 -3.047386733126638e-01 1.976074899258197e+00
5501 1.953581086700332e+00 -3.011363664418266e-01 1.976654287807313e+00
5502 1.951972958943331e+00 -3.061821114346817e-01 1.975840559814628e+00
5503 1.952436003680716e+00 -3.047386733104098e-01 1.976074899258557e+00
5504 1.951972958943520e+00 -3.061821114340963e-01 1.975840559814724e+00
5505 1.951561281945870e+00 3.074591468795341e-01 1.975632193549725e+00
5506 1.953581086701506e+00 -3.011363664382039e-01 1.976654287807921e+00
5507 1.951972958943351e+00 -3.061821114346750e-01 1.975840559814647e+00
5508 1.951972958943536e+00 -3.061821114340930e-01 1.975840559814739e+00
5509 1.952573032596251e+00 3.043100683056914e-01 1.976144242026461e+00
5510 1.952573032595249e+00 3.043100683088169e-01 1.976144242025952e+00
5511 1.867499937420501e+00 -4.974372911442213e-01 1.932614776639793e+00
5512 1.867499937447096e+00 -4.974372910978652e-01 1.932614776653560e+00
5513 1.867499937431434e+00 -4.974372911251982e-01 1.932614776645461e+00
5514 1.867499937436183e+00 -4.974372911169115e-01 1.932614776647917e+00
5515 1.952573032595265e+00 3.043100683088191e-01 1.976144242025968e+00
5516 1.952573032596265e+00 3.043100683056963e-01 1.976144242026476e+00
5517 1.952573032577621e+00 3.043100683639530e-01 1.976144242017025e+00
5518 1.952573032576640e+00 3.043100683670796e-01 1.976144242016537e+00
5519 1.952573032586649e+00 3.043100683357481e-01 1.976144242021601e+00
5520 1.952573032586258e+00 3.043100683370214e-01 1.976144242021412e+00
5521 1.867499937436154e+00 -4.974372911168984e-01 1.932614776647885e+00
5522 1.952573032576671e+00 3.043100683670839e-01 1.976144242016568e+00
5523 1.867499937431425e+00 -4.974372911251894e-01 1.932614776645450e+00
5524 1.867499937420474e+00 -4.974372911442191e-01 1.932614776639766e+00
5525 1.867499937447053e+00 -4.974372910978632e-01 1.932614776653518e+00
5526 1.867499937433745e+00 -4.974372911210306e-01 1.932614776646621e+00
5527 1.952573032577657e+00 3.043100683639590e-01 1.976144242017061e+00
5528 1.869533388481798e+00 4.938741603873070e-01 1.933666666451718e+00
5529 1.869533388481803e+00 4.938741603873031e-01 1.933666666451722e+00
5530 1.876412088528272e+00 4.815618871637546e-01 1.937220735265796e+00
5531 1.876412088530362e+00 4.815618871599382e-01 1.937220735266871e+00
5532 1.869471615629740e+00 -4.939829043201039e-01 1.933634720262800e+00
5533 1.869471615628970e+00 -4.939829043214666e-01 1.933634720262403e+00
5534 1.870113936046397e+00 4.928506247869489e-01 1.933966874625269e+00
5535 1.869981612620431e+00 4.930841648736772e-01 1.933898452656623e+00
5536 1.869981612620192e+00 4.930841648741227e-01 1.933898452656505e+00
5537 1.870113936044181e+00 4.928506247908784e-01 1.933966874624128e+00
5538 1.870113936046407e+00 4.928506247869469e-01 1.933966874625278e+00
5539 1.869981612620164e+00 4.930841648741076e-01 1.933898452656474e+00
5540 1.868958411023357e+00 -4.948851178853235e-01 1.933369292721730e+00
5541 1.868958411021178e+00 -4.948851178891877e-01 1.933369292720613e+00
5542 1.868958411017808e+00 -4.948851178950944e-01 1.933369292718867e+00
5543 1.868958411020008e+00 -4.948851178912481e-01 1.933369292720009e+00
5544 1.869981612620410e+00 4.930841648736686e-01 1.933898452656600e+00
5545 1.870113936044203e+00 4.928506247908769e-01 1.933966874624149e+00
5546 1.867499937433807e+00 -4.974372911210501e-01 1.932614776646686e+00
5547 1.868958411019981e+00 -4.948851178912451e-01 1.933369292719982e+00
5548 1.875422261325123e+00 4.833589396491462e-01 1.936709715680847e+00
5549 1.875422261314168e+00 4.833589396689906e-01 1.936709715675190e+00
5550 1.875422261313826e+00 4.833589396696247e-01 1.936709715675018e+00
5551 1.875422261325479e+00 4.833589396485208e-01 1.936709715681035e+00
5552 1.875422261314205e+00 4.833589396689882e-01 1.936709715675226e+00
5553 1.875422261325133e+00 4.833589396491479e-01 1.936709715680856e+00
5554 1.951561281945859e+00 -3.074591468795395e-01 1.975632193549716e+00
5555 1.951561281945856e+00 3.074591468795398e-01 1.975632193549712e+00
5556 1.951561281945895e+00 -3.074591468795336e-01 1.975632193549749e+00
5557 1.951561281945849e+00 -3.074591468795329e-01 1.975632193549704e+00
5558 1.951561281945879e+00 -3.074591468795409e-01 1.975632193549735e+00
5559 1.950078410170337e+00 3.120112409054086e-01 1.974881469927702e+00
5560 1.951280553748813e+00 3.083266254974442e-01 1.975490092971594e+00
5561 1.951280553745921e+00 3.083266255063788e-01 1.975490092970132e+00
5562 1.951280553746997e+00 3.083266255029000e-01 1.975490092970652e+00
5563 1.951280553747649e+00 3.083266255009123e-01 1.975490092970985e+00
5564 1.951280553747033e+00 3.083266255029085e-01 1.975490092970689e+00
5565 1.950078410170337e+00 3.120112409054028e-01 1.974881469927702e+00
5566 1.952573032586665e+00 3.043100683357542e-01 1.976144242021619e+00
5567 1.952573032596249e+00 -3.043100683056910e-01 1.976144242026458e+00
5568 1.952573032595241e+00 -3.043100683088184e-01 1.976144242025945e+00
5569 1.951280553748784e+00 3.083266254974450e-01 1.975490092971565e+00
5570 1.951280553745903e+00 3.083266255063767e-01 1.975490092970113e+00
5571 1.952573032586276e+00 3.043100683370255e-01 1.976144242021429e+00
5572 1.952573032576636e+00 -3.043100683670814e-01 1.976144242016533e+00
5573 1.952573032577634e+00 -3.043100683639608e-01 1.976144242017039e+00
5574 1.952573032596229e+00 -3.043100683056909e-01 1.976144242026439e+00
5575 1.952573032576616e+00 -3.043100683670767e-01 1.976144242016512e+00
5576 1.952573032586632e+00 -3.043100683357522e-01 1.976144242021586e+00
5577 1.952573032586236e+00 -3.043100683370227e-01 1.976144242021390e+00
5578 1.952573032595258e+00 -3.043100683088162e-01 1.976144242025961e+00
5579 1.951280553747634e+00 3.083266255009127e-01 1.975490092970970e+00
5580 1.952573032577634e+00 -3.043100683639561e-01 1.976144242017038e+00
5581 1.950078410170313e+00 3.120112409054037e-01 1.974881469927678e+00
5582 1.950250612453472e+00 3.114863938881179e-01 1.974968664296364e+00
5583 1.952288989236355e+00 3.051977736256715e-01 1.976000500637481e+00
5584 1.952288989239719e+00 3.051977736152039e-01 1.976000500639188e+00
5585 1.952288989239042e+00 3.051977736173304e-01 1.976000500638848e+00
5586 1.952288989239733e+00 3.051977736152025e-01 1.976000500639202e+00
5587 1.952288989237064e+00 3.051977736235474e-01 1.976000500637854e+00
5588 1.952288989236393e+00 3.051977736256726e-01 1.976000500637519e+00
5589 1.950250612453482e+00 3.114863938881136e-01 1.974968664296374e+00
5590 1.950250612453441e+00 3.114863938881101e-01 1.974968664296332e+00
5591 1.951280553746985e+00 -3.083266255028998e-01 1.975490092970640e+00
5592 1.951280553748765e+00 -3.083266254974399e-01 1.975490092971546e+00
5593 1.951280553745877e+00 -3.083266255063727e-01 1.975490092970087e+00
5594 1.951280553745863e+00 -3.083266255063737e-01 1.975490092970074e+00
5595 1.952288989239024e+00 3.051977736173301e-01 1.976000500638829e+00
5596 1.952288989238008e+00 3.051977736206142e-01 1.976000500638333e+00
5597 1.952288989237056e+00 3.051977736235487e-01 1.976000500637846e+00
5598 1.951280553748781e+00 -3.083266254974426e-01 1.975490092971561e+00
5599 1.951280553747004e+00 -3.083266255029010e-01 1.975490092970658e+00
5600 1.951280553747603e+00 -3.083266255009043e-01 1.975490092970939e+00
5601 1.952288989236370e+00 -3.051977736256701e-01 1.976000500637496e+00
5602 1.952288989239725e+00 -3.051977736152047e-01 1.976000500639194e+00
5603 1.952288989239041e+00 -3.051977736173325e-01 1.976000500638847e+00
5604 1.952288989236379e+00 -3.051977736256788e-01 1.976000500637506e+00
5605 1.952288989239049e+00 -3.051977736173338e-01 1.976000500638855e+00
5606 1.952288989239719e+00 -3.051977736152093e-01 1.976000500639189e+00
5607 1.952288989238113e+00 3.051977736202613e-01 1.976000500638382e+00
5608 1.952288989237957e+00 3.051977736206144e-01 1.976000500638283e+00
5609 1.950250612453464e+00 3.114863938881114e-01 1.974968664296355e+00
5610 1.952288989237050e+00 -3.051977736235457e-01 1.976000500637839e+00
5611 1.951280553747671e+00 -3.083266255009153e-01 1.975490092971007e+00
5612 1.950677793460404e+00 3.101801619652353e-01 1.975184950017676e+00
5613 1.950677793467875e+00 3.101801619423176e-01 1.975184950021456e+00
5614 1.950677793459803e+00 3.101801619670801e-01 1.975184950017372e+00
5615 1.950677793468476e+00 3.101801619404688e-01 1.975184950021759e+00
5616 1.952288989237037e+00 -3.051977736235461e-01 1.976000500637827e+00
5617 1.950677793460388e+00 3.101801619652308e-01 1.975184950017659e+00
5618 1.950820551972031e+00 3.097422766737541e-01 1.975257224757196e+00
5619 1.950820551956436e+00 3.097422767216209e-01 1.975257224749299e+00
5620 1.950820551957398e+00 3.097422767187207e-01 1.975257224749796e+00
5621 1.950820551957392e+00 3.097422767187190e-01 1.975257224749790e+00
5622 1.950820551972057e+00 3.097422766737590e-01 1.975257224757222e+00
5623 1.950820551972996e+00 3.097422766708533e-01 1.975257224757694e+00
5624 1.950820551972989e+00 3.097422766708521e-01 1.975257224757687e+00
5625 1.950677793468473e+00 3.101801619404698e-01 1.975184950021756e+00
5626 1.950677793459763e+00 3.101801619670742e-01 1.975184950017332e+00
5627 1.950820551956442e+00 3.097422767216239e-01 1.975257224749306e+00
5628 1.952288989238098e+00 -3.051977736202552e-01 1.976000500638366e+00
5629 1.868958411021156e+00 -4.948851178891857e-01 1.933369292720591e+00
5630 1.869471615629752e+00 -4.939829043201117e-01 1.933634720262813e+00
5631 1.869471615628971e+00 -4.939829043214744e-01 1.933634720262406e+00
5632 1.868958411017781e+00 -4.948851178950964e-01 1.933369292718842e+00
5633 1.868958411023361e+00 -4.948851178853363e-01 1.933369292721738e+00
5634 1.867499937433784e+00 -4.974372911210454e-01 1.932614776646662e+00
5635 1.867499937433810e+00 -4.974372911210517e-01 1.932614776646690e+00
5636 1.869533388481759e+00 -4.938741603872999e-01 1.933666666451679e+00
5637 1.876412088528288e+00 4.815618871637612e-01 1.937220735265812e+00
5638 1.876412088530357e+00 4.815618871599406e-01 1.937220735266867e+00
5639 1.952573032586642e+00 -3.043100683357494e-01 1.976144242021595e+00
5640 1.952573032586249e+00 -3.043100683370188e-01 1.976144242021403e+00
5641 1.952288989238135e+00 3.051977736202655e-01 1.976000500638405e+00
5642 1.950078410170349e+00 3.120112409054074e-01 1.974881469927714e+00
5643 1.950078410170274e+00 -3.120112409053941e-01 1.974881469927638e+00
5644 1.873171560535573e+00 4.874129932563729e-01 1.935547240755030e+00
5645 1.873171560536692e+00 4.874129932544176e-01 1.935547240755621e+00
5646 1.873171560554458e+00 4.874129932226199e-01 1.935547240764807e+00
5647 1.950078410170326e+00 -3.120112409054040e-01 1.974881469927691e+00
5648 1.950078410170312e+00 -3.120112409054037e-01 1.974881469927677e+00
5649 1.873171560555523e+00 4.874129932206476e-01 1.935547240765341e+00
5650 1.950677793467870e+00 3.101801619423128e-01 1.975184950021450e+00
5651 1.950250612453428e+00 -3.114863938881050e-01 1.974968664296318e+00
5652 1.950250612453452e+00 -3.114863938881158e-01 1.974968664296344e+00
5653 1.875422261325481e+00 4.833589396485140e-01 1.936709715681036e+00
5654 1.875422261313837e+00 4.833589396696245e-01 1.936709715675028e+00
5655 1.950747661734168e+00 3.099659395398384e-01 1.975220322757980e+00
5656 1.950747661738493e+00 3.099659395265743e-01 1.975220322760169e+00
5657 1.950747661803269e+00 3.099659393278936e-01 1.975220322792965e+00
5658 1.950747661798946e+00 3.099659393411586e-01 1.975220322790777e+00
5659 1.950250612453484e+00 -3.114863938881146e-01 1.974968664296376e+00
5660 1.952288989237987e+00 -3.051977736206156e-01 1.976000500638312e+00
5661 1.874747240219183e+00 4.845794730139430e-01 1.936361144098877e+00
5662 1.874747240214131e+00 4.845794730230577e-01 1.936361144096266e+00
5663 1.874747240209087e+00 4.845794730321286e-01 1.936361144093653e+00
5664 1.874747240224191e+00 4.845794730048546e-01 1.936361144101451e+00
5665 1.874747240209042e+00 4.845794730321148e-01 1.936361144093607e+00
5666 1.874747240216658e+00 4.845794730185147e-01 1.936361144097577e+00
5667 1.874747240216685e+00 4.845794730184815e-01 1.936361144097595e+00
5668 1.950820551972029e+00 -3.097422766737523e-01 1.975257224757194e+00
5669 1.950820551972980e+00 -3.097422766708464e-01 1.975257224757677e+00
5670 1.874747240224162e+00 4.845794730048437e-01 1.936361144101421e+00
5671 1.950820551956437e+00 -3.097422767216228e-01 1.975257224749301e+00
5672 1.950820551957404e+00 -3.097422767187232e-01 1.975257224749802e+00
5673 1.950820551956454e+00 -3.097422767216245e-01 1.975257224749319e+00
5674 1.874747240214102e+00 4.845794730230425e-01 1.936361144096236e+00
5675 1.874747240219168e+00 4.845794730139329e-01 1.936361144098861e+00
5676 1.950820551972997e+00 -3.097422766708586e-01 1.975257224757696e+00
5677 1.952288989237998e+00 -3.051977736206213e-01 1.976000500638324e+00
5678 1.950677793468456e+00 -3.101801619404656e-01 1.975184950021738e+00
5679 1.950677793467867e+00 -3.101801619423080e-01 1.975184950021446e+00
5680 1.950677793459791e+00 -3.101801619670709e-01 1.975184950017359e+00
5681 1.876751805940440e+00 4.809431056042728e-01 1.937396090614664e+00
5682 1.876751805953834e+00 4.809431055798410e-01 1.937396090621574e+00
5683 1.876751805979545e+00 4.809431055329889e-01 1.937396090634850e+00
5684 1.876751805959951e+00 4.809431055686684e-01 1.937396090624726e+00
5685 1.876751805959993e+00 4.809431055685778e-01 1.937396090624744e+00
5686 1.876751805966132e+00 4.809431055574160e-01 1.937396090627921e+00
5687 1.950677793460383e+00 -3.101801619652319e-01 1.975184950017655e+00
5688 1.950677793460427e+00 -3.101801619652416e-01 1.975184950017699e+00
5689 1.876751805953823e+00 4.809431055798391e-01 1.937396090621563e+00
5690 1.876751805966146e+00 4.809431055574154e-01 1.937396090627934e+00
5691 1.950677793468494e+00 -3.101801619404743e-01 1.975184950021777e+00
5692 1.950677793467898e+00 -3.101801619423172e-01 1.975184950021478e+00
5693 1.950677793459795e+00 -3.101801619670767e-01 1.975184950017364e+00
5694 1.876751805940448e+00 4.809431056042749e-01 1.937396090614673e+00
5695 1.876751805979545e+00 4.809431055329866e-01 1.937396090634850e+00
5696 1.876751805959985e+00 4.809431055685838e-01 1.937396090624738e+00
5697 1.876751805959938e+00 4.809431055686652e-01 1.937396090624713e+00
5698 1.869533388481821e+00 -4.938741603873110e-01 1.933666666451741e+00
5699 1.869533388481804e+00 -4.938741603873022e-01 1.933666666451723e+00
5700 1.950250612453471e+00 -3.114863938881147e-01 1.974968664296363e+00
5701 1.869533388481794e+00 -4.938741603873020e-01 1.933666666451713e+00
5702 1.870113936044159e+00 -4.928506247908677e-01 1.933966874624104e+00
5703 1.870113936046385e+00 -4.928506247869420e-01 1.933966874625257e+00
5704 1.869981612620170e+00 -4.930841648741090e-01 1.933898452656481e+00
5705 1.952288989238082e+00 -3.051977736202540e-01 1.976000500638351e+00
5706 1.950078410170321e+00 -3.120112409054041e-01 1.974881469927686e+00
5707 1.869981612620417e+00 -4.930841648736708e-01 1.933898452656608e+00
5708 1.869981612620159e+00 -4.930841648740995e-01 1.933898452656468e+00
5709 1.869981612620414e+00 -4.930841648736661e-01 1.933898452656603e+00
5710 1.876412088528266e+00 -4.815618871637426e-01 1.937220735265786e+00
5711 1.876412088530375e+00 -4.815618871599309e-01 1.937220735266882e+00
5712 1.876412088528245e+00 -4.815618871637434e-01 1.937220735265767e+00
5713 1.870113936044184e+00 -4.928506247908759e-01 1.933966874624130e+00
5714 1.870113936046413e+00 -4.928506247869495e-01 1.933966874625286e+00
5715 1.876412088530370e+00 -4.815618871599308e-01 1.937220735266877e+00
5716 1.950820551972052e+00 -3.097422766737578e-01 1.975257224757218e+00
5717 1.943691690674977e+00 3.308262276992264e-01 1.971644841580920e+00
5718 1.943691690675600e+00 3.308262276974105e-01 1.971644841581229e+00
5719 1.943691690685712e+00 3.308262276686040e-01 1.971644841586364e+00
5720 1.943691690685060e+00 3.308262276704151e-01 1.971644841586025e+00
5721 1.875422261325467e+00 -4.833589396485132e-01 1.936709715681021e+00
5722 1.950820551957438e+00 -3.097422767187226e-01 1.975257224749835e+00
5723 1.875422261314160e+00 -4.833589396689897e-01 1.936709715675182e+00
5724 1.875422261325123e+00 -4.833589396491458e-01 1.936709715680847e+00
5725 1.875422261325474e+00 -4.833589396485127e-01 1.936709715681028e+00
5726 1.912564556724900e+00 4.089326714552524e-01 1.955793729774140e+00
5727 1.912564556727407e+00 4.089326714495908e-01 1.955793729775408e+00
5728 1.875422261325140e+00 -4.833589396491461e-01 1.936709715680863e+00
5729 1.875422261314200e+00 -4.833589396689941e-01 1.936709715675222e+00
5730 1.875422261313817e+00 -4.833589396696201e-01 1.936709715675008e+00
5731 1.875422261313844e+00 -4.833589396696265e-01 1.936709715675035e+00
5732 1.950747661803253e+00 3.099659393278920e-01 1.975220322792949e+00
5733 1.950747661798930e+00 3.099659393411565e-01 1.975220322790761e+00
5734 1.950747661738478e+00 3.099659395265714e-01 1.975220322760154e+00
5735 1.950747661734154e+00 3.099659395398336e-01 1.975220322757965e+00
5736 1.950747661768831e+00 3.099659394335371e-01 1.975220322775532e+00
5737 1.950747661768601e+00 3.099659394341945e-01 1.975220322775408e+00
5738 1.873171560554453e+00 4.874129932226204e-01 1.935547240764802e+00
5739 1.873171560555533e+00 4.874129932206532e-01 1.935547240765352e+00
5740 1.950747661768825e+00 3.099659394335325e-01 1.975220322775526e+00
5741 1.873171560535588e+00 4.874129932563773e-01 1.935547240755046e+00
5742 1.873171560536700e+00 4.874129932544178e-01 1.935547240755628e+00
5743 1.873171560545547e+00 4.874129932385215e-01 1.935547240760187e+00
5744 1.950747661768609e+00 3.099659394342020e-01 1.975220322775417e+00
5745 1.873171560545587e+00 4.874129932385063e-01 1.935547240760222e+00
5746 1.874747240216657e+00 4.845794730184720e-01 1.936361144097565e+00
5747 1.874747240216644e+00 4.845794730185092e-01 1.936361144097562e+00
5748 1.878993800974077e+00 4.768331971539788e-01 1.938552966005080e+00
5749 1.878993800960280e+00 4.768331971794091e-01 1.938552965997963e+00
5750 1.878993800958690e+00 4.768331971823483e-01 1.938552965997145e+00
5751 1.878993800975671e+00 4.768331971510367e-01 1.938552966005902e+00
5752 1.878993800974054e+00 4.768331971539692e-01 1.938552966005056e+00
5753 1.878993800960255e+00 4.768331971794023e-01 1.938552965997937e+00
5754 1.878993800958696e+00 4.768331971823532e-01 1.938552965997151e+00
5755 1.878993800975672e+00 4.768331971510346e-01 1.938552966005903e+00
5756 1.879256234450798e+00 4.763491094971117e-01 1.938688337211756e+00
5757 1.879256234449189e+00 4.763491095000747e-01 1.938688337210924e+00
5758 1.879256234442255e+00 4.763491095128694e-01 1.938688337207347e+00
5759 1.879256234443867e+00 4.763491095099084e-01 1.938688337208182e+00
5760 1.879256234450811e+00 4.763491094971166e-01 1.938688337211770e+00
5761 1.873171560545587e+00 4.874129932385090e-01 1.935547240760223e+00
5762 1.879256234449201e+00 4.763491095000773e-01 1.938688337210936e+00
5763 1.879256234442271e+00 4.763491095128697e-01 1.938688337207362e+00
5764 1.879256234443879e+00 4.763491095099074e-01 1.938688337208193e+00
5765 1.878086505565892e+00 4.785019213499582e-01 1.938084882332120e+00
5766 1.878086505600499e+00 4.785019212864819e-01 1.938084882349983e+00
5767 1.878086505588661e+00 4.785019213082159e-01 1.938084882343877e+00
5768 1.878086505577725e+00 4.785019213282349e-01 1.938084882338222e+00
5769 1.878086505583256e+00 4.785019213180655e-01 1.938084882341072e+00
5770 1.878086505583098e+00 4.785019213183753e-01 1.938084882340995e+00
5771 1.878086505583097e+00 4.785019213183768e-01 1.938084882340994e+00
5772 1.878086505565909e+00 4.785019213499695e-01 1.938084882332139e+00
5773 1.878086505600498e+00 4.785019212864856e-01 1.938084882349983e+00
5774 1.878086505588618e+00 4.785019213082081e-01 1.938084882343834e+00
5775 1.878086505577736e+00 4.785019213282458e-01 1.938084882338236e+00
5776 1.878086505583276e+00 4.785019213180690e-01 1.938084882341092e+00
5777 1.912564556724870e+00 4.089326714552494e-01 1.955793729774110e+00
5778 1.912564556727394e+00 4.089326714495979e-01 1.955793729775397e+00
5779 1.912564556727415e+00 -4.089326714496005e-01 1.955793729775418e+00
5780 1.912564556724891e+00 -4.089326714552564e-01 1.955793729774132e+00
5781 1.912564556727407e+00 -4.089326714495979e-01 1.955793729775410e+00
5782 1.943691690685712e+00 3.308262276686078e-01 1.971644841586366e+00
5783 1.943691690685070e+00 3.308262276704202e-01 1.971644841586037e+00
5784 1.943691690675003e+00 3.308262276992304e-01 1.971644841580946e+00
5785 1.943691690675627e+00 3.308262276974140e-01 1.971644841581257e+00
5786 1.912564556724866e+00 -4.089326714552524e-01 1.955793729774107e+00
5787 1.873171560545543e+00 4.874129932385304e-01 1.935547240760186e+00
5788 1.874747240209098e+00 -4.845794730321279e-01 1.936361144093664e+00
5789 1.874747240214128e+00 -4.845794730230518e-01 1.936361144096263e+00
5790 1.874747240224202e+00 -4.845794730048559e-01 1.936361144101462e+00
5791 1.874747240219170e+00 -4.845794730139331e-01 1.936361144098863e+00
5792 1.948448545771406e+00 3.169311536359372e-01 1.974056000133662e+00
5793 1.948448545772324e+00 3.169311536331810e-01 1.974056000134125e+00
5794 1.948448545778839e+00 3.169311536136805e-01 1.974056000137425e+00
5795 1.948448545777925e+00 3.169311536164485e-01 1.974056000136968e+00
5796 1.950747661803283e+00 -3.099659393278980e-01 1.975220322792979e+00
5797 1.950747661798948e+00 -3.099659393411612e-01 1.975220322790779e+00
5798 1.950747661803251e+00 -3.099659393278937e-01 1.975220322792947e+00
5799 1.950747661798919e+00 -3.099659393411560e-01 1.975220322790750e+00
5800 1.950747661768812e+00 -3.099659394335327e-01 1.975220322775513e+00
5801 1.950747661768605e+00 -3.099659394341942e-01 1.975220322775412e+00
5802 1.950747661738492e+00 -3.099659395265750e-01 1.975220322760169e+00
5803 1.950747661768613e+00 -3.099659394341984e-01 1.975220322775420e+00
5804 1.950747661768831e+00 -3.099659394335396e-01 1.975220322775532e+00
5805 1.950747661734158e+00 -3.099659395398400e-01 1.975220322757970e+00
5806 1.950747661734172e+00 -3.099659395398368e-01 1.975220322757984e+00
5807 1.943691690685063e+00 -3.308262276704153e-01 1.971644841586029e+00
5808 1.943691690685712e+00 -3.308262276686027e-01 1.971644841586364e+00
5809 1.943691690685740e+00 -3.308262276686057e-01 1.971644841586393e+00
5810 1.950747661738483e+00 -3.099659395265759e-01 1.975220322760160e+00
5811 1.943691690674969e+00 -3.308262276992270e-01 1.971644841580912e+00
5812 1.943691690685100e+00 -3.308262276704171e-01 1.971644841586065e+00
5813 1.943691690675000e+00 -3.308262276992269e-01 1.971644841580943e+00
5814 1.943691690675582e+00 -3.308262276974083e-01 1.971644841581212e+00
5815 1.881078606875940e+00 4.729698598948331e-01 1.939628112194517e+00
5816 1.943691690675664e+00 -3.308262276974195e-01 1.971644841581294e+00
5817 1.944891887598053e+00 3.273825296956341e-01 1.972253476405766e+00
5818 1.944891887603011e+00 3.273825296813083e-01 1.972253476408277e+00
5819 1.944891887601487e+00 3.273825296856666e-01 1.972253476407498e+00
5820 1.944891887599574e+00 3.273825296912783e-01 1.972253476406543e+00
5821 1.944891887602994e+00 3.273825296813081e-01 1.972253476408260e+00
5822 1.878993800958669e+00 -4.768331971823406e-01 1.938552965997122e+00
5823 1.944891887598030e+00 3.273825296956313e-01 1.972253476405743e+00
5824 1.878993800958673e+00 -4.768331971823510e-01 1.938552965997129e+00
5825 1.878993800960262e+00 -4.768331971794003e-01 1.938552965997943e+00
5826 1.878993800960285e+00 -4.768331971794136e-01 1.938552965997968e+00
5827 1.881078606875953e+00 4.729698598948311e-01 1.939628112194529e+00
5828 1.944891887601473e+00 3.273825296856649e-01 1.972253476407483e+00
5829 1.944891887599526e+00 3.273825296912685e-01 1.972253476406494e+00
5830 1.878993800975656e+00 -4.768331971510331e-01 1.938552966005886e+00
5831 1.878993800974072e+00 -4.768331971539741e-01 1.938552966005074e+00
5832 1.878993800975637e+00 -4.768331971510333e-01 1.938552966005868e+00
5833 1.878993800974081e+00 -4.768331971539804e-01 1.938552966005085e+00
5834 1.881078606875952e+00 4.729698598948369e-01 1.939628112194530e+00
5835 1.881078606875962e+00 4.729698598948329e-01 1.939628112194538e+00
5836 1.882087763936709e+00 4.710851056268013e-01 1.940148326263663e+00
5837 1.882087763957623e+00 4.710851055876470e-01 1.940148326274445e+00
5838 1.882087763954452e+00 4.710851055935759e-01 1.940148326272809e+00
5839 1.882087763936702e+00 4.710851056268006e-01 1.940148326263657e+00
5840 1.882087763939856e+00 4.710851056208639e-01 1.940148326265275e+00
5841 1.882087763954449e+00 4.710851055935784e-01 1.940148326272806e+00
5842 1.882087763957603e+00 4.710851055876466e-01 1.940148326274425e+00
5843 1.882087763939882e+00 4.710851056208721e-01 1.940148326265302e+00
5844 1.880299653724756e+00 4.744180853670733e-01 1.939226471436690e+00
5845 1.880299653727665e+00 4.744180853616650e-01 1.939226471438188e+00
5846 1.880299653731681e+00 4.744180853542188e-01 1.939226471440261e+00
5847 1.880299653732621e+00 4.744180853524735e-01 1.939226471440745e+00
5848 1.880299653736629e+00 4.744180853450270e-01 1.939226471442809e+00
5849 1.880299653739566e+00 4.744180853396152e-01 1.939226471444333e+00
5850 1.880299653739558e+00 4.744180853396082e-01 1.939226471444323e+00
5851 1.880299653731688e+00 4.744180853542140e-01 1.939226471440266e+00
5852 1.880299653736622e+00 4.744180853450271e-01 1.939226471442803e+00
5853 1.880299653724750e+00 4.744180853670704e-01 1.939226471436684e+00
5854 1.880299653727660e+00 4.744180853616622e-01 1.939226471438182e+00
5855 1.940125693770143e+00 3.408279330227573e-01 1.969835370673307e+00
5856 1.940125693771417e+00 3.408279330191987e-01 1.969835370673946e+00
5857 1.935492246693021e+00 3.533472176385870e-01 1.967481764393696e+00
5858 1.935492246693529e+00 3.533472176372623e-01 1.967481764393957e+00
5859 1.935492246693579e+00 3.533472176372707e-01 1.967481764394008e+00
5860 1.948448545771398e+00 3.169311536359380e-01 1.974056000133654e+00
5861 1.948448545772355e+00 3.169311536331844e-01 1.974056000134157e+00
5862 1.948448545778842e+00 3.169311536136853e-01 1.974056000137429e+00
5863 1.948448545777949e+00 3.169311536164504e-01 1.974056000136992e+00
5864 1.935492246693069e+00 3.533472176385918e-01 1.967481764393744e+00
5865 1.944891887599532e+00 -3.273825296912689e-01 1.972253476406500e+00
5866 1.944891887598011e+00 -3.273825296956281e-01 1.972253476405724e+00
5867 1.944891887601478e+00 -3.273825296856635e-01 1.972253476407489e+00
5868 1.944891887602969e+00 -3.273825296813053e-01 1.972253476408235e+00
5869 1.944891887599546e+00 -3.273825296912705e-01 1.972253476406514e+00
5870 1.908804747221977e+00 4.172216815083787e-01 1.953870388367108e+00
5871 1.908804747212090e+00 4.172216815299441e-01 1.953870388362054e+00
5872 1.908804747211834e+00 4.172216815304879e-01 1.953870388361920e+00
5873 1.908804747221732e+00 4.172216815089222e-01 1.953870388366985e+00
5874 1.880299653732611e+00 4.744180853524694e-01 1.939226471440734e+00
5875 1.908804747221996e+00 4.172216815083826e-01 1.953870388367127e+00
5876 1.908804747221747e+00 4.172216815089255e-01 1.953870388367001e+00
5877 1.908804747211866e+00 4.172216815304916e-01 1.953870388361953e+00
5878 1.908804747212117e+00 4.172216815299519e-01 1.953870388362083e+00
5879 1.944891887601477e+00 -3.273825296856641e-01 1.972253476407488e+00
5880 1.870520956026617e+00 -4.921313493852384e-01 1.934177321752704e+00
5881 1.870520956026593e+00 -4.921313493852308e-01 1.934177321752679e+00
5882 1.944891887598045e+00 -3.273825296956328e-01 1.972253476405758e+00
5883 1.944891887603030e+00 -3.273825296813092e-01 1.972253476408296e+00
5884 1.870520956026582e+00 -4.921313493852308e-01 1.934177321752669e+00
5885 1.870520956026640e+00 -4.921313493852430e-01 1.934177321752727e+00
5886 1.874747240209076e+00 -4.845794730321183e-01 1.936361144093640e+00
5887 1.874747240224188e+00 -4.845794730048498e-01 1.936361144101448e+00
5888 1.874747240214120e+00 -4.845794730230475e-01 1.936361144096254e+00
5889 1.874747240219165e+00 -4.845794730139274e-01 1.936361144098856e+00
5890 1.874747240216614e+00 -4.845794730184843e-01 1.936361144097526e+00
5891 1.874747240216663e+00 -4.845794730184883e-01 1.936361144097575e+00
5892 1.879256234443868e+00 -4.763491095099077e-01 1.938688337208183e+00
5893 1.879256234442261e+00 -4.763491095128715e-01 1.938688337207353e+00
5894 1.879256234450802e+00 -4.763491094971141e-01 1.938688337211761e+00
5895 1.879256234449197e+00 -4.763491095000766e-01 1.938688337210932e+00
5896 1.879256234449201e+00 -4.763491095000797e-01 1.938688337210937e+00
5897 1.879256234450804e+00 -4.763491094971145e-01 1.938688337211763e+00
5898 1.879256234443873e+00 -4.763491095099067e-01 1.938688337208188e+00
5899 1.879256234442261e+00 -4.763491095128647e-01 1.938688337207352e+00
5900 1.876751805940435e+00 -4.809431056042693e-01 1.937396090614659e+00
5901 1.876751805979534e+00 -4.809431055329800e-01 1.937396090634837e+00
5902 1.876751805966134e+00 -4.809431055574155e-01 1.937396090627922e+00
5903 1.874747240216657e+00 -4.845794730184761e-01 1.936361144097567e+00
5904 1.874747240216618e+00 -4.845794730185115e-01 1.936361144097537e+00
5905 1.876751805940401e+00 -4.809431056042628e-01 1.937396090614624e+00
5906 1.876751805966124e+00 -4.809431055574175e-01 1.937396090627914e+00
5907 1.876751805979505e+00 -4.809431055329788e-01 1.937396090634808e+00
5908 1.876751805953824e+00 -4.809431055798406e-01 1.937396090621565e+00
5909 1.873171560555544e+00 -4.874129932206557e-01 1.935547240765364e+00
5910 1.873171560554455e+00 -4.874129932226205e-01 1.935547240764804e+00
5911 1.873171560535601e+00 -4.874129932563807e-01 1.935547240755060e+00
5912 1.873171560536700e+00 -4.874129932544162e-01 1.935547240755628e+00
5913 1.873171560554458e+00 -4.874129932226238e-01 1.935547240764808e+00
5914 1.873171560555531e+00 -4.874129932206501e-01 1.935547240765350e+00
5915 1.876751805953812e+00 -4.809431055798399e-01 1.937396090621552e+00
5916 1.876751805959943e+00 -4.809431055686648e-01 1.937396090624718e+00
5917 1.876751805960003e+00 -4.809431055685847e-01 1.937396090624756e+00
5918 1.876751805959969e+00 -4.809431055685823e-01 1.937396090624722e+00
5919 1.873171560536703e+00 -4.874129932544174e-01 1.935547240755631e+00
5920 1.876751805959971e+00 -4.809431055686791e-01 1.937396090624748e+00
5921 1.873171560535597e+00 -4.874129932563754e-01 1.935547240755054e+00
5922 1.873171560545550e+00 -4.874129932384970e-01 1.935547240760184e+00
5923 1.873171560545549e+00 -4.874129932385273e-01 1.935547240760191e+00
5924 1.878086505600472e+00 -4.785019212864796e-01 1.938084882349956e+00
5925 1.878086505565869e+00 -4.785019213499630e-01 1.938084882332099e+00
5926 1.878086505577699e+00 -4.785019213282271e-01 1.938084882338195e+00
5927 1.878086505588643e+00 -4.785019213082184e-01 1.938084882343861e+00
5928 1.878086505583141e+00 -4.785019213183861e-01 1.938084882341040e+00
5929 1.878086505583312e+00 -4.785019213180815e-01 1.938084882341130e+00
5930 1.878086505600479e+00 -4.785019212864823e-01 1.938084882349964e+00
5931 1.878086505565871e+00 -4.785019213499621e-01 1.938084882332100e+00
5932 1.878086505577737e+00 -4.785019213282418e-01 1.938084882338236e+00
5933 1.873171560545568e+00 -4.874129932385329e-01 1.935547240760211e+00
5934 1.878086505588662e+00 -4.785019213082164e-01 1.938084882343879e+00
5935 1.935492246693544e+00 -3.533472176372656e-01 1.967481764393972e+00
5936 1.935492246693044e+00 -3.533472176385852e-01 1.967481764393717e+00
5937 1.908804747221720e+00 -4.172216815089258e-01 1.953870388366974e+00
5938 1.908804747212091e+00 -4.172216815299489e-01 1.953870388362056e+00
5939 1.908804747211840e+00 -4.172216815304904e-01 1.953870388361927e+00
5940 1.935492246693050e+00 -3.533472176385954e-01 1.967481764393726e+00
5941 1.940125693770149e+00 -3.408279330227568e-01 1.969835370673313e+00
5942 1.940125693771443e+00 -3.408279330191984e-01 1.969835370673972e+00
5943 1.940125693770145e+00 -3.408279330227515e-01 1.969835370673307e+00
5944 1.946211734036171e+00 3.235480712337794e-01 1.972922570223976e+00
5945 1.946211734035721e+00 3.235480712351014e-01 1.972922570223749e+00
5946 1.881078606875952e+00 -4.729698598948306e-01 1.939628112194527e+00
5947 1.940125693771409e+00 -3.408279330191945e-01 1.969835370673937e+00
5948 1.881078606875967e+00 -4.729698598948364e-01 1.939628112194544e+00
5949 1.946211734036196e+00 3.235480712337802e-01 1.972922570224000e+00
5950 1.946211734035725e+00 3.235480712351043e-01 1.972922570223753e+00
5951 1.948448545771416e+00 -3.169311536359373e-01 1.974056000133672e+00
5952 1.881078606875970e+00 -4.729698598948391e-01 1.939628112194548e+00
5953 1.881078606875937e+00 -4.729698598948271e-01 1.939628112194512e+00
5954 1.905081634908694e+00 4.252378560250274e-01 1.951963951988648e+00
5955 1.905081634909289e+00 4.252378560237366e-01 1.951963951988948e+00
5956 1.948448545772353e+00 -3.169311536331769e-01 1.974056000134154e+00
5957 1.905081634909288e+00 4.252378560237327e-01 1.951963951988946e+00
5958 1.948448545777935e+00 -3.169311536164428e-01 1.974056000136976e+00
5959 1.905081634908689e+00 4.252378560250291e-01 1.951963951988644e+00
5960 1.906030168209552e+00 4.232131075802283e-01 1.952449829458531e+00
5961 1.881290690042031e+00 4.725745652276043e-01 1.939737451342031e+00
5962 1.881290690040828e+00 4.725745652298711e-01 1.939737451341417e+00
5963 1.881290690067069e+00 4.725745651809033e-01 1.939737451354937e+00
5964 1.948448545778845e+00 -3.169311536136807e-01 1.974056000137431e+00
5965 1.873171560545561e+00 -4.874129932385040e-01 1.935547240760197e+00
5966 1.881290690068281e+00 4.725745651786382e-01 1.939737451355561e+00
5967 1.906030168209605e+00 4.232131075802461e-01 1.952449829458587e+00
5968 1.948448545778882e+00 -3.169311536136954e-01 1.974056000137470e+00
5969 1.881290690067066e+00 4.725745651809059e-01 1.939737451354935e+00
5970 1.881290690068284e+00 4.725745651786383e-01 1.939737451355564e+00
5971 1.906030168209551e+00 4.232131075802358e-01 1.952449829458532e+00
5972 1.906030168209575e+00 4.232131075802387e-01 1.952449829458556e+00
5973 1.940125693770119e+00 3.408279330227550e-01 1.969835370673283e+00
5974 1.940125693771405e+00 3.408279330191937e-01 1.969835370673934e+00
5975 1.940700346816345e+00 3.392386438297262e-01 1.970127075495516e+00
5976 1.940700346798929e+00 3.392386438780921e-01 1.970127075486688e+00
5977 1.940700346809280e+00 3.392386438494033e-01 1.970127075491945e+00
5978 1.940700346816363e+00 3.392386438297256e-01 1.970127075495534e+00
5979 1.940700346791809e+00 3.392386438977606e-01 1.970127075483061e+00
5980 1.940700346798921e+00 3.392386438780908e-01 1.970127075486680e+00
5981 1.940700346791856e+00 3.392386438977648e-01 1.970127075483108e+00
5982 1.915633270672316e+00 4.020145688935863e-01 1.957362138519443e+00
5983 1.915633270678542e+00 4.020145688794236e-01 1.957362138522628e+00
5984 1.940700346809272e+00 3.392386438494032e-01 1.970127075491936e+00
5985 1.915633270672325e+00 4.020145688935857e-01 1.957362138519452e+00
5986 1.915633270678531e+00 4.020145688794187e-01 1.957362138522617e+00
5987 1.915633270674296e+00 4.020145688890236e-01 1.957362138520445e+00
5988 1.915633270676521e+00 4.020145688839787e-01 1.957362138521586e+00
5989 1.915633270674339e+00 4.020145688890344e-01 1.957362138520489e+00
5990 1.908057503012732e+00 4.188455219334745e-01 1.953487907832272e+00
5991 1.940127994442025e+00 3.408215867428242e-01 1.969836538600990e+00
5992 1.940127994440310e+00 3.408215867474844e-01 1.969836538600107e+00
5993 1.915633270676522e+00 4.020145688839820e-01 1.957362138521588e+00
5994 1.908057503006528e+00 4.188455219469067e-01 1.953487907829092e+00
5995 1.908057503010576e+00 4.188455219381574e-01 1.953487907831170e+00
5996 1.940127994442026e+00 3.408215867428215e-01 1.969836538600990e+00
5997 1.940127994435987e+00 3.408215867595074e-01 1.969836538597930e+00
5998 1.940127994437660e+00 3.408215867548341e-01 1.969836538598770e+00
5999 1.940127994440344e+00 3.408215867474915e-01 1.969836538600142e+00
6000 1.908057503008694e+00 4.188455219422438e-01 1.953487907830208e+00
6001 1.940127994435952e+00 3.408215867594950e-01 1.969836538597894e+00
6002 1.908057503006526e+00 4.188455219469075e-01 1.953487907829090e+00
6003 1.908057503009635e+00 4.188455219401963e-01 1.953487907830688e+00
6004 1.908057503009612e+00 4.188455219401946e-01 1.953487907830666e+00
6005 1.940127994437691e+00 3.408215867548416e-01 1.969836538598801e+00
6006 1.908057503012705e+00 4.188455219334704e-01 1.953487907832245e+00
6007 1.908057503010549e+00 4.188455219381478e-01 1.953487907831141e+00
6008 1.908057503008664e+00 4.188455219422313e-01 1.953487907830175e+00
6009 1.935492246693532e+00 -3.533472176372656e-01 1.967481764393961e+00
6010 1.948448545777924e+00 -3.169311536164460e-01 1.974056000136966e+00
6011 1.948448545771423e+00 -3.169311536359422e-01 1.974056000133680e+00
6012 1.948448545772330e+00 -3.169311536331815e-01 1.974056000134131e+00
6013 1.878086505583099e+00 -4.785019213183845e-01 1.938084882340998e+00
6014 1.878086505583285e+00 -4.785019213180839e-01 1.938084882341105e+00
6015 1.937672543210171e+00 3.475200738780441e-01 1.968589618599766e+00
6016 1.883680558482949e+00 4.680904513752432e-01 1.940969118011750e+00
6017 1.883680558480388e+00 4.680904513800876e-01 1.940969118010434e+00
6018 1.881290690042035e+00 4.725745652276054e-01 1.939737451342036e+00
6019 1.881290690054067e+00 4.725745652051346e-01 1.939737451348231e+00
6020 1.881290690040849e+00 4.725745652298784e-01 1.939737451341440e+00
6021 1.881290690055030e+00 4.725745652033708e-01 1.939737451348735e+00
6022 1.881290690055040e+00 4.725745652033680e-01 1.939737451348744e+00
6023 1.940700346804128e+00 3.392386438636743e-01 1.970127075489327e+00
6024 1.940700346804060e+00 3.392386438638093e-01 1.970127075489283e+00
6025 1.882087763939849e+00 -4.710851056208696e-01 1.940148326265269e+00
6026 1.882087763936684e+00 -4.710851056267997e-01 1.940148326263640e+00
6027 1.882087763954430e+00 -4.710851055935723e-01 1.940148326272786e+00
6028 1.882087763936713e+00 -4.710851056268007e-01 1.940148326263667e+00
6029 1.882087763957595e+00 -4.710851055876460e-01 1.940148326274418e+00
6030 1.882087763954432e+00 -4.710851055935674e-01 1.940148326272787e+00
6031 1.882087763939886e+00 -4.710851056208761e-01 1.940148326265306e+00
6032 1.945345053577084e+00 3.260716632896916e-01 1.972483233661907e+00
6033 1.945345053574493e+00 3.260716632972570e-01 1.972483233660603e+00
6034 1.945345053552227e+00 3.260716633618164e-01 1.972483233649315e+00
6035 1.882087763957615e+00 -4.710851055876482e-01 1.940148326274438e+00
6036 1.945345053577103e+00 3.260716632896938e-01 1.972483233661926e+00
6037 1.945345053574492e+00 3.260716632972542e-01 1.972483233660601e+00
6038 1.945345053554831e+00 3.260716633542531e-01 1.972483233650633e+00
6039 1.940700346816373e+00 -3.392386438297317e-01 1.970127075495545e+00
6040 1.940700346809279e+00 -3.392386438494093e-01 1.970127075491944e+00
6041 1.940700346798932e+00 -3.392386438780964e-01 1.970127075486692e+00
6042 1.940700346791836e+00 -3.392386438977700e-01 1.970127075483089e+00
6043 1.940700346791837e+00 -3.392386438977651e-01 1.970127075483089e+00
6044 1.940700346816347e+00 -3.392386438297253e-01 1.970127075495518e+00
6045 1.940700346809255e+00 -3.392386438494026e-01 1.970127075491920e+00
6046 1.945345053552228e+00 3.260716633618148e-01 1.972483233649316e+00
6047 1.945345053554839e+00 3.260716633542539e-01 1.972483233650641e+00
6048 1.945345053564651e+00 3.260716633258202e-01 1.972483233655617e+00
6049 1.940700346798903e+00 -3.392386438780846e-01 1.970127075486662e+00
6050 1.880299653724750e+00 -4.744180853670728e-01 1.939226471436684e+00
6051 1.880299653739536e+00 -4.744180853396077e-01 1.939226471444302e+00
6052 1.880299653732626e+00 -4.744180853524718e-01 1.939226471440749e+00
6053 1.880299653731687e+00 -4.744180853542136e-01 1.939226471440265e+00
6054 1.880299653724778e+00 -4.744180853670796e-01 1.939226471436714e+00
6055 1.880299653727657e+00 -4.744180853616510e-01 1.939226471438176e+00
6056 1.880299653739550e+00 -4.744180853396196e-01 1.939226471444319e+00
6057 1.880299653727693e+00 -4.744180853616669e-01 1.939226471438215e+00
6058 1.880299653736630e+00 -4.744180853450222e-01 1.939226471442808e+00
6059 1.940127994440341e+00 -3.408215867474871e-01 1.969836538600139e+00
6060 1.940127994442019e+00 -3.408215867428225e-01 1.969836538600984e+00
6061 1.940127994435959e+00 -3.408215867594999e-01 1.969836538597901e+00
6062 1.907344102206837e+00 4.203887251045615e-01 1.953122680329693e+00
6063 1.907344102190530e+00 4.203887251397735e-01 1.953122680321347e+00
6064 1.907344102191320e+00 4.203887251380657e-01 1.953122680321751e+00
6065 1.907344102199082e+00 4.203887251213761e-01 1.953122680325738e+00
6066 1.907344102199139e+00 4.203887251212540e-01 1.953122680325768e+00
6067 1.907344102207626e+00 4.203887251028517e-01 1.953122680330095e+00
6068 1.907344102206835e+00 4.203887251045536e-01 1.953122680329689e+00
6069 1.907344102207627e+00 4.203887251028458e-01 1.953122680330095e+00
6070 1.907344102191310e+00 4.203887251380538e-01 1.953122680321739e+00
6071 1.907344102190507e+00 4.203887251397593e-01 1.953122680321322e+00
6072 1.907344102199123e+00 4.203887251212525e-01 1.953122680325752e+00
6073 1.880299653736649e+00 -4.744180853450313e-01 1.939226471442829e+00
6074 1.940127994442012e+00 -3.408215867428221e-01 1.969836538600976e+00
6075 1.940127994436001e+00 -3.408215867595059e-01 1.969836538597943e+00
6076 1.940127994440351e+00 -3.408215867474831e-01 1.969836538600148e+00
6077 1.908057503009614e+00 4.188455219401797e-01 1.953487907830664e+00
6078 1.908057503009596e+00 4.188455219401981e-01 1.953487907830650e+00
6079 1.940127994437673e+00 -3.408215867548349e-01 1.969836538598782e+00
6080 1.907344102199053e+00 4.203887251213734e-01 1.953122680325710e+00
6081 1.940127994437642e+00 -3.408215867548303e-01 1.969836538598751e+00
6082 1.937672543210157e+00 3.475200738780377e-01 1.968589618599751e+00
6083 1.881290690054090e+00 4.725745652051478e-01 1.939737451348256e+00
6084 1.883680558477788e+00 4.680904513849533e-01 1.940969118009084e+00
6085 1.883680558480381e+00 4.680904513800868e-01 1.940969118010427e+00
6086 1.883680558475223e+00 4.680904513897930e-01 1.940969118007762e+00
6087 1.883680558482913e+00 4.680904513752300e-01 1.940969118011713e+00
6088 1.883680558477764e+00 4.680904513849471e-01 1.940969118009060e+00
6089 1.945345053564693e+00 3.260716633256868e-01 1.972483233655638e+00
6090 1.945345053564704e+00 3.260716633256870e-01 1.972483233655648e+00
6091 1.945345053564655e+00 3.260716633258330e-01 1.972483233655624e+00
6092 1.883680558475256e+00 4.680904513897961e-01 1.940969118007794e+00
6093 1.880299653731726e+00 -4.744180853542186e-01 1.939226471440304e+00
6094 1.880299653732642e+00 -4.744180853524698e-01 1.939226471440764e+00
6095 1.902147214010218e+00 4.314283304571820e-01 1.950460055496627e+00
6096 1.902147214029104e+00 4.314283304177247e-01 1.950460055506318e+00
6097 1.902147214033685e+00 4.314283304081281e-01 1.950460055508663e+00
6098 1.902147214014822e+00 4.314283304475916e-01 1.950460055498996e+00
6099 1.902147214033700e+00 4.314283304081314e-01 1.950460055508678e+00
6100 1.902147214010253e+00 4.314283304571878e-01 1.950460055496662e+00
6101 1.902147214014826e+00 4.314283304475941e-01 1.950460055499001e+00
6102 1.902147214029118e+00 4.314283304177290e-01 1.950460055506333e+00
6103 1.902833651602824e+00 4.299899971322927e-01 1.950811960006901e+00
6104 1.902833651564223e+00 4.299899972133791e-01 1.950811959987122e+00
6105 1.902833651606834e+00 4.299899971239035e-01 1.950811960008963e+00
6106 1.902833651568228e+00 4.299899972049824e-01 1.950811959989177e+00
6107 1.902833651568216e+00 4.299899972049780e-01 1.950811959989165e+00
6108 1.881290690040850e+00 -4.725745652298772e-01 1.939737451341440e+00
6109 1.881290690042067e+00 -4.725745652276132e-01 1.939737451342068e+00
6110 1.881290690068316e+00 -4.725745651786433e-01 1.939737451355596e+00
6111 1.881290690040819e+00 -4.725745652298690e-01 1.939737451341408e+00
6112 1.881290690042036e+00 -4.725745652276008e-01 1.939737451342036e+00
6113 1.881290690067108e+00 -4.725745651809084e-01 1.939737451354977e+00
6114 1.881290690068315e+00 -4.725745651786397e-01 1.939737451355594e+00
6115 1.881290690055056e+00 -4.725745652033744e-01 1.939737451348761e+00
6116 1.881290690054094e+00 -4.725745652051446e-01 1.939737451348259e+00
6117 1.881290690055038e+00 -4.725745652033670e-01 1.939737451348742e+00
6118 1.881290690054102e+00 -4.725745652051443e-01 1.939737451348267e+00
6119 1.902833651564227e+00 4.299899972133814e-01 1.950811959987127e+00
6120 1.881290690067084e+00 -4.725745651809036e-01 1.939737451354953e+00
6121 1.902833651606829e+00 4.299899971239038e-01 1.950811960008958e+00
6122 1.905624545539303e+00 4.240803963125814e-01 1.952242067751464e+00
6123 1.905624545536664e+00 4.240803963182052e-01 1.952242067750109e+00
6124 1.905624545539319e+00 4.240803963125863e-01 1.952242067751481e+00
6125 1.905624545536674e+00 4.240803963182102e-01 1.952242067750120e+00
6126 1.905624545502709e+00 4.240803963907179e-01 1.952242067732717e+00
6127 1.905624545500082e+00 4.240803963963420e-01 1.952242067731375e+00
6128 1.905624545519677e+00 4.240803963545678e-01 1.952242067741427e+00
6129 1.905624545519761e+00 4.240803963543726e-01 1.952242067741466e+00
6130 1.905624545519750e+00 4.240803963543681e-01 1.952242067741455e+00
6131 1.905624545502730e+00 4.240803963907241e-01 1.952242067732739e+00
6132 1.905624545500094e+00 4.240803963963456e-01 1.952242067731387e+00
6133 1.905624545519652e+00 4.240803963545542e-01 1.952242067741399e+00
6134 1.908804747221981e+00 -4.172216815083851e-01 1.953870388367114e+00
6135 1.946211734036144e+00 -3.235480712337722e-01 1.972922570223948e+00
6136 1.946211734035698e+00 -3.235480712350990e-01 1.972922570223726e+00
6137 1.946211734036162e+00 -3.235480712337782e-01 1.972922570223966e+00
6138 1.946211734035695e+00 -3.235480712351026e-01 1.972922570223724e+00
6139 1.937672543210170e+00 3.475200738780422e-01 1.968589618599764e+00
6140 1.940700346804055e+00 3.392386438638130e-01 1.970127075489279e+00
6141 1.940700346804114e+00 3.392386438636764e-01 1.970127075489313e+00
6142 1.940700346804137e+00 -3.392386438636805e-01 1.970127075489336e+00
6143 1.940700346804096e+00 -3.392386438638185e-01 1.970127075489320e+00
6144 1.940700346804123e+00 -3.392386438636745e-01 1.970127075489321e+00
6145 1.940700346804072e+00 -3.392386438638100e-01 1.970127075489295e+00
6146 1.901315968246223e+00 4.331622392001526e-01 1.950033829598082e+00
6147 1.902833651602824e+00 4.299899971322905e-01 1.950811960006901e+00
6148 1.903098026213713e+00 4.294344595859054e-01 1.950947475576513e+00
6149 1.903098026207857e+00 4.294344595982397e-01 1.950947475573516e+00
6150 1.903098026206564e+00 4.294344596009466e-01 1.950947475572851e+00
6151 1.905723734904878e+00 4.238685128780635e-01 1.952292875054678e+00
6152 1.905723734902584e+00 4.238685128829842e-01 1.952292875053506e+00
6153 1.905723734877180e+00 4.238685129372479e-01 1.952292875040490e+00
6154 1.905723734879489e+00 4.238685129323246e-01 1.952292875041675e+00
6155 1.903098026212442e+00 4.294344595886204e-01 1.950947475575871e+00
6156 1.903098026213702e+00 4.294344595859036e-01 1.950947475576502e+00
6157 1.903098026206551e+00 4.294344596009464e-01 1.950947475572837e+00
6158 1.903098026207865e+00 4.294344595982487e-01 1.950947475573525e+00
6159 1.905723734879502e+00 4.238685129323230e-01 1.952292875041687e+00
6160 1.905723734877195e+00 4.238685129372455e-01 1.952292875040504e+00
6161 1.905723734904912e+00 4.238685128780670e-01 1.952292875054712e+00
6162 1.905723734902596e+00 4.238685128829841e-01 1.952292875053518e+00
6163 1.905723734891105e+00 4.238685129075693e-01 1.952292875047639e+00
6164 1.905723734891007e+00 4.238685129077538e-01 1.952292875047584e+00
6165 1.903098026212426e+00 4.294344595886239e-01 1.950947475575856e+00
6166 1.905723734891091e+00 4.238685129075641e-01 1.952292875047624e+00
6167 1.905723734891000e+00 4.238685129077480e-01 1.952292875047576e+00
6168 1.901315968231505e+00 4.331622392307917e-01 1.950033829590538e+00
6169 1.901315968243251e+00 4.331622392063486e-01 1.950033829596560e+00
6170 1.939067688297706e+00 3.437322744764875e-01 1.969298193854092e+00
6171 1.939067688297910e+00 3.437322744759677e-01 1.969298193854202e+00
6172 1.908804747212108e+00 -4.172216815299516e-01 1.953870388362074e+00
6173 1.908804747211856e+00 -4.172216815304941e-01 1.953870388361943e+00
6174 1.908804747221758e+00 -4.172216815089285e-01 1.953870388367012e+00
6175 1.908804747222012e+00 -4.172216815083877e-01 1.953870388367145e+00
6176 1.939067688297726e+00 3.437322744764908e-01 1.969298193854112e+00
6177 1.939067688297921e+00 3.437322744759702e-01 1.969298193854213e+00
6178 1.939067688306627e+00 3.437322744521614e-01 1.969298193858630e+00
6179 1.939067688306810e+00 3.437322744516365e-01 1.969298193858719e+00
6180 1.937672543210195e+00 -3.475200738780488e-01 1.968589618599790e+00
6181 1.937672543210162e+00 -3.475200738780360e-01 1.968589618599757e+00
6182 1.883680558475262e+00 -4.680904513897979e-01 1.940969118007801e+00
6183 1.883680558480400e+00 -4.680904513800889e-01 1.940969118010446e+00
6184 1.883680558482971e+00 -4.680904513752442e-01 1.940969118011772e+00
6185 1.883680558475223e+00 -4.680904513897912e-01 1.940969118007761e+00
6186 1.883680558482941e+00 -4.680904513752415e-01 1.940969118011743e+00
6187 1.939067688306636e+00 3.437322744521613e-01 1.969298193858639e+00
6188 1.939067688306831e+00 3.437322744516431e-01 1.969298193858741e+00
6189 1.937672543210195e+00 -3.475200738780383e-01 1.968589618599789e+00
6190 1.883680558480384e+00 -4.680904513800859e-01 1.940969118010429e+00
6191 1.883680558477813e+00 -4.680904513849591e-01 1.940969118009109e+00
6192 1.915633270678509e+00 -4.020145688794158e-01 1.957362138522595e+00
6193 1.915633270672289e+00 -4.020145688935775e-01 1.957362138519416e+00
6194 1.915633270678518e+00 -4.020145688794194e-01 1.957362138522603e+00
6195 1.915633270676534e+00 -4.020145688839797e-01 1.957362138521598e+00
6196 1.915633270672310e+00 -4.020145688935833e-01 1.957362138519438e+00
6197 1.915633270674318e+00 -4.020145688890264e-01 1.957362138520466e+00
6198 1.915633270676529e+00 -4.020145688839807e-01 1.957362138521594e+00
6199 1.883680558477809e+00 -4.680904513849583e-01 1.940969118009106e+00
6200 1.945345053577082e+00 -3.260716632896943e-01 1.972483233661906e+00
6201 1.945345053574459e+00 -3.260716632972509e-01 1.972483233660568e+00
6202 1.945345053552206e+00 -3.260716633618109e-01 1.972483233649294e+00
6203 1.945345053554809e+00 -3.260716633542483e-01 1.972483233650611e+00
6204 1.939067688297902e+00 -3.437322744759670e-01 1.969298193854194e+00
6205 1.939067688297711e+00 -3.437322744764915e-01 1.969298193854097e+00
6206 1.939067688306823e+00 -3.437322744516416e-01 1.969298193858732e+00
6207 1.939067688306621e+00 -3.437322744521609e-01 1.969298193858624e+00
6208 1.939067688297886e+00 -3.437322744759643e-01 1.969298193854178e+00
6209 1.939067688297707e+00 -3.437322744764895e-01 1.969298193854093e+00
6210 1.939067688306797e+00 -3.437322744516370e-01 1.969298193858706e+00
6211 1.945345053552222e+00 -3.260716633618070e-01 1.972483233649309e+00
6212 1.945345053554855e+00 -3.260716633542551e-01 1.972483233650657e+00
6213 1.939067688306618e+00 -3.437322744521619e-01 1.969298193858621e+00
6214 1.915633270674336e+00 -4.020145688890300e-01 1.957362138520484e+00
6215 1.937672543210162e+00 -3.475200738780342e-01 1.968589618599755e+00
6216 1.937672543210202e+00 3.475200738780442e-01 1.968589618599797e+00
6217 1.945345053577107e+00 -3.260716632896962e-01 1.972483233661930e+00
6218 1.931076637709807e+00 3.648236489717519e-01 1.965236188237352e+00
6219 1.945345053574498e+00 -3.260716632972595e-01 1.972483233660608e+00
6220 1.931076637710465e+00 3.648236489700890e-01 1.965236188237690e+00
6221 1.905081634909285e+00 -4.252378560237303e-01 1.951963951988943e+00
6222 1.931076637709844e+00 -3.648236489717597e-01 1.965236188237390e+00
6223 1.905081634908681e+00 -4.252378560250181e-01 1.951963951988634e+00
6224 1.901315968234512e+00 4.331622392246006e-01 1.950033829592094e+00
6225 1.905081634909289e+00 -4.252378560237341e-01 1.951963951988948e+00
6226 1.905081634908691e+00 -4.252378560250282e-01 1.951963951988646e+00
6227 1.931076637710500e+00 -3.648236489700926e-01 1.965236188237725e+00
6228 1.901315968246273e+00 4.331622392001602e-01 1.950033829598133e+00
6229 1.901315968231524e+00 4.331622392307953e-01 1.950033829590557e+00
6230 1.901315968243272e+00 4.331622392063527e-01 1.950033829596582e+00
6231 1.901315968239066e+00 4.331622392150984e-01 1.950033829594424e+00
6232 1.901315968238697e+00 4.331622392158594e-01 1.950033829594233e+00
6233 1.901315968234486e+00 4.331622392246003e-01 1.950033829592070e+00
6234 1.936630701509273e+00 -3.503183253781926e-01 1.968060314910109e+00
6235 1.906030168209572e+00 -4.232131075802439e-01 1.952449829458554e+00
6236 1.903173881701122e+00 4.292748997003217e-01 1.950986356564811e+00
6237 1.903173881726697e+00 4.292748996465112e-01 1.950986356577920e+00
6238 1.903173881725237e+00 4.292748996495586e-01 1.950986356577167e+00
6239 1.903173881699668e+00 4.292748997033732e-01 1.950986356564064e+00
6240 1.906030168209591e+00 -4.232131075802390e-01 1.952449829458572e+00
6241 1.936630701508107e+00 -3.503183253812892e-01 1.968060314909513e+00
6242 1.936630701486744e+00 -3.503183254384278e-01 1.968060314898662e+00
6243 1.936630701485570e+00 -3.503183254415261e-01 1.968060314898059e+00
6244 1.903173881726722e+00 4.292748996465128e-01 1.950986356577945e+00
6245 1.903173881701137e+00 4.292748997003238e-01 1.950986356564826e+00
6246 1.936630701508099e+00 -3.503183253812867e-01 1.968060314909505e+00
6247 1.903173881725283e+00 4.292748996495756e-01 1.950986356577215e+00
6248 1.903173881699691e+00 4.292748997033751e-01 1.950986356564087e+00
6249 1.936630701485583e+00 -3.503183254415283e-01 1.968060314898072e+00
6250 1.903173881713472e+00 4.292748996742839e-01 1.950986356571130e+00
6251 1.903173881712865e+00 4.292748996755987e-01 1.950986356570827e+00
6252 1.903173881712853e+00 4.292748996756026e-01 1.950986356570816e+00
6253 1.908057503006508e+00 -4.188455219469087e-01 1.953487907829072e+00
6254 1.908057503012705e+00 -4.188455219334704e-01 1.953487907832245e+00
6255 1.908057503006522e+00 -4.188455219469052e-01 1.953487907829086e+00
6256 1.908057503008663e+00 -4.188455219422297e-01 1.953487907830174e+00
6257 1.908057503012702e+00 -4.188455219334729e-01 1.953487907832242e+00
6258 1.908057503010558e+00 -4.188455219381468e-01 1.953487907831150e+00
6259 1.907344102207646e+00 -4.203887251028515e-01 1.953122680330115e+00
6260 1.907344102199054e+00 -4.203887251213640e-01 1.953122680325709e+00
6261 1.907344102199118e+00 -4.203887251212607e-01 1.953122680325749e+00
6262 1.907344102190511e+00 -4.203887251397678e-01 1.953122680321327e+00
6263 1.907344102191319e+00 -4.203887251380534e-01 1.953122680321747e+00
6264 1.907344102191315e+00 -4.203887251380565e-01 1.953122680321744e+00
6265 1.907344102207608e+00 -4.203887251028446e-01 1.953122680330076e+00
6266 1.907344102206834e+00 -4.203887251045546e-01 1.953122680329688e+00
6267 1.907344102206832e+00 -4.203887251045559e-01 1.953122680329687e+00
6268 1.908057503008646e+00 -4.188455219422317e-01 1.953487907830158e+00
6269 1.936630701497126e+00 3.503183254106657e-01 1.968060314903936e+00
6270 1.936630701509250e+00 3.503183253781879e-01 1.968060314910086e+00
6271 1.936630701509282e+00 3.503183253781925e-01 1.968060314910118e+00
6272 1.908057503009624e+00 -4.188455219401788e-01 1.953487907830674e+00
6273 1.908057503009613e+00 -4.188455219402031e-01 1.953487907830668e+00
6274 1.936630701485573e+00 3.503183254415256e-01 1.968060314898061e+00
6275 1.936630701497734e+00 3.503183254090596e-01 1.968060314904250e+00
6276 1.936630701508090e+00 3.503183253812864e-01 1.968060314909496e+00
6277 1.936630701497103e+00 3.503183254106654e-01 1.968060314903914e+00
6278 1.936630701486732e+00 3.503183254384267e-01 1.968060314898651e+00
6279 1.936630701485606e+00 3.503183254415286e-01 1.968060314898094e+00
6280 1.936630701508110e+00 3.503183253812938e-01 1.968060314909517e+00
6281 1.936630701497708e+00 3.503183254090553e-01 1.968060314904223e+00
6282 1.936630701486765e+00 3.503183254384345e-01 1.968060314898685e+00
6283 1.907344102190501e+00 -4.203887251397660e-01 1.953122680321318e+00
6284 1.907344102199036e+00 -4.203887251213640e-01 1.953122680325691e+00
6285 1.907344102199095e+00 -4.203887251212377e-01 1.953122680325722e+00
6286 1.908057503009621e+00 -4.188455219401830e-01 1.953487907830672e+00
6287 1.908057503009602e+00 -4.188455219402014e-01 1.953487907830657e+00
6288 1.908057503010552e+00 -4.188455219381475e-01 1.953487907831144e+00
6289 1.896437179877507e+00 4.431708277632767e-01 1.947530323204787e+00
6290 1.896437179877256e+00 4.431708277637806e-01 1.947530323204657e+00
6291 1.896437179877249e+00 4.431708277637825e-01 1.947530323204651e+00
6292 1.896437179877510e+00 4.431708277632748e-01 1.947530323204789e+00
6293 1.931076637709849e+00 3.648236489717620e-01 1.965236188237395e+00
6294 1.931076637710483e+00 3.648236489700969e-01 1.965236188237709e+00
6295 1.896516118304932e+00 4.430111167682724e-01 1.947570855340231e+00
6296 1.896516118309351e+00 4.430111167593377e-01 1.947570855342502e+00
6297 1.896516118309357e+00 4.430111167593412e-01 1.947570855342508e+00
6298 1.901315968239091e+00 4.331622392151001e-01 1.950033829594449e+00
6299 1.903173881713488e+00 4.292748996742890e-01 1.950986356571146e+00
6300 1.931076637709833e+00 -3.648236489717549e-01 1.965236188237378e+00
6301 1.931076637710466e+00 -3.648236489700855e-01 1.965236188237691e+00
6302 1.933457442725455e+00 3.586881689771469e-01 1.966447275010097e+00
6303 1.906030168209586e+00 -4.232131075802414e-01 1.952449829458567e+00
6304 1.933457442717224e+00 3.586881689985864e-01 1.966447275005915e+00
6305 1.933457442714763e+00 3.586881690050738e-01 1.966447275004678e+00
6306 1.906030168209526e+00 -4.232131075802291e-01 1.952449829458506e+00
6307 1.933457442717209e+00 3.586881689985834e-01 1.966447275005899e+00
6308 1.933457442714736e+00 3.586881690050738e-01 1.966447275004651e+00
6309 1.931661241731200e+00 -3.633281309237639e-01 1.965533638360605e+00
6310 1.931661241741580e+00 -3.633281308971625e-01 1.965533638365889e+00
6311 1.931661241733269e+00 -3.633281309184897e-01 1.965533638361664e+00
6312 1.931661241739526e+00 -3.633281309024335e-01 1.965533638364844e+00
6313 1.902147214014824e+00 -4.314283304475910e-01 1.950460055498997e+00
6314 1.902147214029108e+00 -4.314283304177229e-01 1.950460055506321e+00
6315 1.902147214010250e+00 -4.314283304571883e-01 1.950460055496660e+00
6316 1.902147214029117e+00 -4.314283304177255e-01 1.950460055506330e+00
6317 1.902147214033719e+00 -4.314283304081373e-01 1.950460055508697e+00
6318 1.902147214010249e+00 -4.314283304571860e-01 1.950460055496658e+00
6319 1.902147214033730e+00 -4.314283304081349e-01 1.950460055508708e+00
6320 1.933457442722973e+00 3.586881689836283e-01 1.966447275008839e+00
6321 1.933457442722988e+00 3.586881689836336e-01 1.966447275008854e+00
6322 1.936630701509271e+00 -3.503183253781910e-01 1.968060314910108e+00
6323 1.903098026213697e+00 -4.294344595858989e-01 1.950947475576496e+00
6324 1.903098026212407e+00 -4.294344595886099e-01 1.950947475575834e+00
6325 1.903098026206545e+00 -4.294344596009416e-01 1.950947475572830e+00
6326 1.903098026207836e+00 -4.294344595982355e-01 1.950947475573495e+00
6327 1.936630701486746e+00 -3.503183254384297e-01 1.968060314898665e+00
6328 1.936630701497722e+00 -3.503183254090528e-01 1.968060314904236e+00
6329 1.936630701497109e+00 -3.503183254106644e-01 1.968060314903920e+00
6330 1.902833651602834e+00 -4.299899971322989e-01 1.950811960006912e+00
6331 1.902833651606827e+00 -4.299899971239023e-01 1.950811960008956e+00
6332 1.902833651564216e+00 -4.299899972133783e-01 1.950811959987115e+00
6333 1.902833651568218e+00 -4.299899972049807e-01 1.950811959989168e+00
6334 1.902833651568211e+00 -4.299899972049799e-01 1.950811959989161e+00
6335 1.902833651564208e+00 -4.299899972133765e-01 1.950811959987107e+00
6336 1.936630701497735e+00 -3.503183254090523e-01 1.968060314904249e+00
6337 1.936630701497122e+00 -3.503183254106638e-01 1.968060314903932e+00
6338 1.902833651602839e+00 -4.299899971322968e-01 1.950811960006917e+00
6339 1.902833651606822e+00 -4.299899971238997e-01 1.950811960008951e+00
6340 1.933457442725462e+00 -3.586881689771438e-01 1.966447275010103e+00
6341 1.933457442725470e+00 -3.586881689771420e-01 1.966447275010110e+00
6342 1.933457442714726e+00 -3.586881690050659e-01 1.966447275004640e+00
6343 1.933457442717216e+00 -3.586881689985846e-01 1.966447275005906e+00
6344 1.933457442722966e+00 -3.586881689836282e-01 1.966447275008831e+00
6345 1.933457442714743e+00 -3.586881690050657e-01 1.966447275004657e+00
6346 1.933457442717253e+00 -3.586881689985904e-01 1.966447275005944e+00
6347 1.933457442722979e+00 -3.586881689836295e-01 1.966447275008845e+00
6348 1.896839738654827e+00 4.423556072204065e-01 1.947737014429681e+00
6349 1.933457442725459e+00 3.586881689771473e-01 1.966447275010101e+00
6350 1.901315968238715e+00 4.331622392158549e-01 1.950033829594250e+00
6351 1.945345053564678e+00 -3.260716633256857e-01 1.972483233655622e+00
6352 1.945345053564646e+00 -3.260716633258269e-01 1.972483233655614e+00
6353 1.945345053564694e+00 -3.260716633256873e-01 1.972483233655639e+00
6354 1.945345053564620e+00 -3.260716633258244e-01 1.972483233655588e+00
6355 1.931661241731200e+00 3.633281309237604e-01 1.965533638360604e+00
6356 1.900105023308184e+00 4.356729818170488e-01 1.949412744055592e+00
6357 1.900105023320556e+00 4.356729817915160e-01 1.949412744061945e+00
6358 1.900105023308212e+00 4.356729818170502e-01 1.949412744055619e+00
6359 1.900105023312345e+00 4.356729818084796e-01 1.949412744057733e+00
6360 1.900105023320600e+00 4.356729817915221e-01 1.949412744061989e+00
6361 1.900105023312356e+00 4.356729818084890e-01 1.949412744057745e+00
6362 1.900105023316401e+00 4.356729818000753e-01 1.949412744059808e+00
6363 1.931661241731197e+00 3.633281309237651e-01 1.965533638360602e+00
6364 1.884410617182479e+00 -4.667096101095211e-01 1.941345212557167e+00
6365 1.931661241739509e+00 3.633281309024305e-01 1.965533638364827e+00
6366 1.902147214014829e+00 -4.314283304475900e-01 1.950460055499003e+00
6367 1.884410617199545e+00 -4.667096100771979e-01 1.941345212565962e+00
6368 1.884410617199523e+00 -4.667096100772015e-01 1.941345212565942e+00
6369 1.900105023316442e+00 4.356729818000811e-01 1.949412744059849e+00
6370 1.884410617182483e+00 -4.667096101095277e-01 1.941345212557173e+00
6371 1.884410617190788e+00 -4.667096100937080e-01 1.941345212561430e+00
6372 1.931661241741591e+00 3.633281308971565e-01 1.965533638365899e+00
6373 1.931661241741566e+00 3.633281308971663e-01 1.965533638365876e+00
6374 1.931661241731187e+00 -3.633281309237569e-01 1.965533638360591e+00
6375 1.931661241741560e+00 -3.633281308971590e-01 1.965533638365868e+00
6376 1.884410617191171e+00 -4.667096100930079e-01 1.941345212561635e+00
6377 1.931661241739502e+00 -3.633281309024354e-01 1.965533638364821e+00
6378 1.931661241733235e+00 -3.633281309184848e-01 1.965533638361629e+00
6379 1.903098026212431e+00 -4.294344595886150e-01 1.950947475575859e+00
6380 1.903098026207855e+00 -4.294344595982384e-01 1.950947475573513e+00
6381 1.903098026213712e+00 -4.294344595859035e-01 1.950947475576512e+00
6382 1.903098026206556e+00 -4.294344596009462e-01 1.950947475572842e+00
6383 1.884410617190825e+00 -4.667096100937123e-01 1.941345212561468e+00
6384 1.905624545500089e+00 -4.240803963963413e-01 1.952242067731381e+00
6385 1.905624545539315e+00 -4.240803963125812e-01 1.952242067751476e+00
6386 1.905624545500084e+00 -4.240803963963422e-01 1.952242067731377e+00
6387 1.905624545539300e+00 -4.240803963125821e-01 1.952242067751461e+00
6388 1.905624545536673e+00 -4.240803963182029e-01 1.952242067750118e+00
6389 1.905624545502716e+00 -4.240803963907160e-01 1.952242067732723e+00
6390 1.905624545502716e+00 -4.240803963907168e-01 1.952242067732723e+00
6391 1.905624545536664e+00 -4.240803963182038e-01 1.952242067750109e+00
6392 1.905624545519645e+00 -4.240803963545596e-01 1.952242067741395e+00
6393 1.905624545519744e+00 -4.240803963543698e-01 1.952242067741450e+00
6394 1.905723734904891e+00 -4.238685128780610e-01 1.952292875054690e+00
6395 1.905723734902594e+00 -4.238685128829859e-01 1.952292875053517e+00
6396 1.905723734879493e+00 -4.238685129323257e-01 1.952292875041679e+00
6397 1.905723734877190e+00 -4.238685129372472e-01 1.952292875040500e+00
6398 1.905723734891081e+00 -4.238685129075646e-01 1.952292875047615e+00
6399 1.905723734890984e+00 -4.238685129077470e-01 1.952292875047559e+00
6400 1.905723734904913e+00 -4.238685128780697e-01 1.952292875054713e+00
6401 1.905723734891090e+00 -4.238685129075652e-01 1.952292875047623e+00
6402 1.905723734902600e+00 -4.238685128829894e-01 1.952292875053524e+00
6403 1.905723734879496e+00 -4.238685129323259e-01 1.952292875041682e+00
6404 1.905723734877223e+00 -4.238685129372550e-01 1.952292875040533e+00
6405 1.905624545519741e+00 -4.240803963543598e-01 1.952242067741444e+00
6406 1.905723734890993e+00 -4.238685129077480e-01 1.952292875047569e+00
6407 1.938703481437279e+00 3.447256504720460e-01 1.969113242815253e+00
6408 1.896516118304937e+00 4.430111167682739e-01 1.947570855340236e+00
6409 1.896839738654823e+00 4.423556072204004e-01 1.947737014429676e+00
6410 1.931661241733269e+00 3.633281309184876e-01 1.965533638361663e+00
6411 1.884410617182464e+00 4.667096101095214e-01 1.941345212557153e+00
6412 1.884410617199525e+00 4.667096100771974e-01 1.941345212565942e+00
6413 1.884410617182478e+00 4.667096101095263e-01 1.941345212557168e+00
6414 1.884410617199533e+00 4.667096100772002e-01 1.941345212565951e+00
6415 1.884410617190828e+00 4.667096100937135e-01 1.941345212561471e+00
6416 1.884410617191170e+00 4.667096100930097e-01 1.941345212561634e+00
6417 1.885084296688647e+00 -4.654307550745089e-01 1.941692198416464e+00
6418 1.885084296688688e+00 -4.654307550745200e-01 1.941692198416506e+00
6419 1.884410617191182e+00 4.667096100930113e-01 1.941345212561646e+00
6420 1.896516118309350e+00 -4.430111167593364e-01 1.947570855342500e+00
6421 1.896516118304935e+00 -4.430111167682712e-01 1.947570855340234e+00
6422 1.884613757098396e+00 -4.663244587674535e-01 1.941449848512521e+00
6423 1.884613757091410e+00 -4.663244587807109e-01 1.941449848508924e+00
6424 1.884613757078267e+00 -4.663244588056646e-01 1.941449848502160e+00
6425 1.884613757071272e+00 -4.663244588189255e-01 1.941449848498554e+00
6426 1.896437179877497e+00 -4.431708277632740e-01 1.947530323204776e+00
6427 1.937872347982819e+00 -3.469804878590239e-01 1.968691112397100e+00
6428 1.937872347984794e+00 -3.469804878537053e-01 1.968691112398106e+00
6429 1.937872347984778e+00 -3.469804878536964e-01 1.968691112398089e+00
6430 1.937872347982820e+00 -3.469804878590250e-01 1.968691112397101e+00
6431 1.884613757098394e+00 -4.663244587674489e-01 1.941449848512518e+00
6432 1.884613757091409e+00 -4.663244587807070e-01 1.941449848508922e+00
6433 1.884613757078249e+00 -4.663244588056652e-01 1.941449848502142e+00
6434 1.937872348017813e+00 -3.469804877644372e-01 1.968691112414875e+00
6435 1.937872348015845e+00 -3.469804877697612e-01 1.968691112413876e+00
6436 1.937872348017806e+00 -3.469804877644369e-01 1.968691112414868e+00
6437 1.937872348015840e+00 -3.469804877697585e-01 1.968691112413871e+00
6438 1.884613757071250e+00 -4.663244588189155e-01 1.941449848498531e+00
6439 1.937872348000343e+00 -3.469804878116807e-01 1.968691112406006e+00
6440 1.937872348000307e+00 -3.469804878117804e-01 1.968691112405988e+00
6441 1.901315968246244e+00 -4.331622392001517e-01 1.950033829598103e+00
6442 1.901315968231514e+00 -4.331622392307878e-01 1.950033829590546e+00
6443 1.901315968234521e+00 -4.331622392246001e-01 1.950033829592103e+00
6444 1.901315968243282e+00 -4.331622392063552e-01 1.950033829596593e+00
6445 1.901315968238702e+00 -4.331622392158530e-01 1.950033829594236e+00
6446 1.901315968234499e+00 -4.331622392246013e-01 1.950033829592082e+00
6447 1.901315968231541e+00 -4.331622392307981e-01 1.950033829590574e+00
6448 1.901315968243280e+00 -4.331622392063547e-01 1.950033829596591e+00
6449 1.905624545519635e+00 -4.240803963545610e-01 1.952242067741385e+00
6450 1.903173881699687e+00 -4.292748997033741e-01 1.950986356564083e+00
6451 1.903173881701143e+00 -4.292748997003245e-01 1.950986356564833e+00
6452 1.903173881725270e+00 -4.292748996495723e-01 1.950986356577202e+00
6453 1.903173881712846e+00 -4.292748996755983e-01 1.950986356570808e+00
6454 1.903173881699667e+00 -4.292748997033731e-01 1.950986356564063e+00
6455 1.903173881701118e+00 -4.292748997003212e-01 1.950986356564807e+00
6456 1.903173881713486e+00 -4.292748996742877e-01 1.950986356571144e+00
6457 1.903173881726715e+00 -4.292748996465138e-01 1.950986356577938e+00
6458 1.903173881726699e+00 -4.292748996465156e-01 1.950986356577923e+00
6459 1.903173881712859e+00 -4.292748996756033e-01 1.950986356570822e+00
6460 1.903173881713502e+00 -4.292748996742861e-01 1.950986356571160e+00
6461 1.903173881725233e+00 -4.292748996495659e-01 1.950986356577164e+00
6462 1.896839738654861e+00 4.423556072204101e-01 1.947737014429715e+00
6463 1.884613757091401e+00 4.663244587807065e-01 1.941449848508914e+00
6464 1.884613757098393e+00 4.663244587674509e-01 1.941449848512517e+00
6465 1.884613757078259e+00 4.663244588056626e-01 1.941449848502151e+00
6466 1.931661241733262e+00 3.633281309184899e-01 1.965533638361656e+00
6467 1.931661241739520e+00 3.633281309024364e-01 1.965533638364839e+00
6468 1.884613757098404e+00 4.663244587674519e-01 1.941449848512528e+00
6469 1.896839738654837e+00 4.423556072204043e-01 1.947737014429690e+00
6470 1.884410617190813e+00 4.667096100937143e-01 1.941345212561457e+00
6471 1.884613757071250e+00 4.663244588189238e-01 1.941449848498532e+00
6472 1.900105023314370e+00 4.356729818043157e-01 1.949412744058776e+00
6473 1.900105023314421e+00 4.356729818042518e-01 1.949412744058811e+00
6474 1.884613757071288e+00 4.663244588189244e-01 1.941449848498570e+00
6475 1.900105023314401e+00 4.356729818043132e-01 1.949412744058805e+00
6476 1.884410617191207e+00 -4.667096100930159e-01 1.941345212561671e+00
6477 1.929391640237047e+00 -3.690950813275049e-01 1.964378599068102e+00
6478 1.938703481459520e+00 3.447256504115033e-01 1.969113242826552e+00
6479 1.938703481434094e+00 3.447256504807423e-01 1.969113242813640e+00
6480 1.938703481437306e+00 3.447256504720458e-01 1.969113242815279e+00
6481 1.938703481434093e+00 3.447256504807424e-01 1.969113242813639e+00
6482 1.929391640236287e+00 -3.690950813294047e-01 1.964378599067713e+00
6483 1.938703481456330e+00 3.447256504202005e-01 1.969113242824933e+00
6484 1.938703481459555e+00 3.447256504115072e-01 1.969113242826586e+00
6485 1.885084296688663e+00 -4.654307550745170e-01 1.941692198416481e+00
6486 1.885084296688669e+00 -4.654307550745120e-01 1.941692198416486e+00
6487 1.898433022626970e+00 4.391105827295851e-01 1.948554860727737e+00
6488 1.898433022666679e+00 4.391105826483760e-01 1.948554860748123e+00
6489 1.898433022617189e+00 4.391105827496324e-01 1.948554860722725e+00
6490 1.898433022676483e+00 4.391105826283395e-01 1.948554860753160e+00
6491 1.898433022666682e+00 4.391105826483812e-01 1.948554860748128e+00
6492 1.938703481456348e+00 3.447256504201981e-01 1.969113242824950e+00
6493 1.898433022676460e+00 4.391105826283307e-01 1.948554860753136e+00
6494 1.898433022617194e+00 4.391105827496307e-01 1.948554860722729e+00
6495 1.896839738654847e+00 -4.423556072204018e-01 1.947737014429699e+00
6496 1.896437179877258e+00 -4.431708277637800e-01 1.947530323204658e+00
6497 1.896839738654847e+00 -4.423556072204086e-01 1.947737014429701e+00
6498 1.896437179877245e+00 -4.431708277637774e-01 1.947530323204645e+00
6499 1.896437179877503e+00 -4.431708277632721e-01 1.947530323204782e+00
6500 1.938703481437326e+00 -3.447256504720531e-01 1.969113242815301e+00
6501 1.938703481459568e+00 -3.447256504115149e-01 1.969113242826601e+00
6502 1.938703481434130e+00 -3.447256504807502e-01 1.969113242813677e+00
6503 1.938703481434106e+00 -3.447256504807409e-01 1.969113242813651e+00
6504 1.938703481456348e+00 -3.447256504202050e-01 1.969113242824952e+00
6505 1.938703481437299e+00 -3.447256504720468e-01 1.969113242815273e+00
6506 1.938703481459542e+00 -3.447256504115097e-01 1.969113242826574e+00
6507 1.933688742401102e+00 -3.580856495064284e-01 1.966564894650364e+00
6508 1.933688742388369e+00 -3.580856495396783e-01 1.966564894643898e+00
6509 1.933688742390584e+00 -3.580856495338872e-01 1.966564894645021e+00
6510 1.933688742401101e+00 -3.580856495064297e-01 1.966564894650364e+00
6511 1.933688742398889e+00 -3.580856495122216e-01 1.966564894649242e+00
6512 1.933688742388358e+00 -3.580856495396789e-01 1.966564894643887e+00
6513 1.933688742390571e+00 -3.580856495338870e-01 1.966564894645009e+00
6514 1.933688742394873e+00 -3.580856495226898e-01 1.966564894647200e+00
6515 1.901315968246241e+00 -4.331622392001542e-01 1.950033829598101e+00
6516 1.933688742394620e+00 -3.580856495234166e-01 1.966564894647084e+00
6517 1.900105023308221e+00 -4.356729818170499e-01 1.949412744055628e+00
6518 1.900105023308208e+00 -4.356729818170511e-01 1.949412744055616e+00
6519 1.900105023316442e+00 -4.356729818000847e-01 1.949412744059851e+00
6520 1.900105023320578e+00 -4.356729817915161e-01 1.949412744061966e+00
6521 1.900105023312388e+00 -4.356729818084862e-01 1.949412744057776e+00
6522 1.900105023320592e+00 -4.356729817915177e-01 1.949412744061980e+00
6523 1.900105023312387e+00 -4.356729818084884e-01 1.949412744057776e+00
6524 1.901315968239044e+00 -4.331622392150911e-01 1.950033829594401e+00
6525 1.901315968238698e+00 -4.331622392158563e-01 1.950033829594233e+00
6526 1.901315968239074e+00 -4.331622392150959e-01 1.950033829594432e+00
6527 1.933688742394570e+00 -3.580856495234066e-01 1.966564894647032e+00
6528 1.900105023314415e+00 4.356729818042509e-01 1.949412744058805e+00
6529 1.885084296688691e+00 4.654307550745160e-01 1.941692198416508e+00
6530 1.929391640237033e+00 3.690950813275047e-01 1.964378599068089e+00
6531 1.885084296688668e+00 4.654307550745180e-01 1.941692198416486e+00
6532 1.885084296688644e+00 4.654307550745154e-01 1.941692198416462e+00
6533 1.929391640236323e+00 -3.690950813294160e-01 1.964378599067751e+00
6534 1.896516118304934e+00 -4.430111167682673e-01 1.947570855340232e+00
6535 1.896516118309350e+00 -4.430111167593327e-01 1.947570855342500e+00
6536 1.896839738654844e+00 -4.423556072204052e-01 1.947737014429697e+00
6537 1.938703481456335e+00 -3.447256504202004e-01 1.969113242824938e+00
6538 1.937872348000306e+00 -3.469804878117839e-01 1.968691112405987e+00
6539 1.937872348000361e+00 -3.469804878116805e-01 1.968691112406023e+00
6540 1.937872348017825e+00 3.469804877644407e-01 1.968691112414887e+00
6541 1.937872347982838e+00 3.469804878590268e-01 1.968691112397119e+00
6542 1.937872348015861e+00 3.469804877697625e-01 1.968691112413892e+00
6543 1.937872347982827e+00 3.469804878590276e-01 1.968691112397108e+00
6544 1.937872348017823e+00 3.469804877644382e-01 1.968691112414885e+00
6545 1.937872347984799e+00 3.469804878537037e-01 1.968691112398111e+00
6546 1.933688742388345e+00 3.580856495396771e-01 1.966564894643874e+00
6547 1.933688742398883e+00 3.580856495122162e-01 1.966564894649235e+00
6548 1.933688742388369e+00 3.580856495396782e-01 1.966564894643897e+00
6549 1.933688742390561e+00 3.580856495338842e-01 1.966564894644998e+00
6550 1.933688742401093e+00 3.580856495064305e-01 1.966564894650355e+00
6551 1.933688742401110e+00 3.580856495064439e-01 1.966564894650374e+00
6552 1.937872348015861e+00 3.469804877697598e-01 1.968691112413891e+00
6553 1.937872347984800e+00 3.469804878537038e-01 1.968691112398112e+00
6554 1.933688742390580e+00 3.580856495338910e-01 1.966564894645018e+00
6555 1.933688742398854e+00 3.580856495122124e-01 1.966564894649206e+00
6556 1.937872348000285e+00 3.469804878117797e-01 1.968691112405965e+00
6557 1.937872348000341e+00 3.469804878116816e-01 1.968691112406003e+00
6558 1.900105023314388e+00 -4.356729818043141e-01 1.949412744058793e+00
6559 1.900105023314417e+00 -4.356729818042540e-01 1.949412744058808e+00
6560 1.900105023316452e+00 -4.356729818000853e-01 1.949412744059859e+00
6561 1.937872348000334e+00 3.469804878116849e-01 1.968691112405997e+00
6562 1.898433022617175e+00 -4.391105827496300e-01 1.948554860722711e+00
6563 1.898433022626959e+00 -4.391105827295877e-01 1.948554860727726e+00
6564 1.933688742398889e+00 -3.580856495122164e-01 1.966564894649242e+00
6565 1.898433022617179e+00 -4.391105827496273e-01 1.948554860722714e+00
6566 1.898433022626965e+00 -4.391105827295836e-01 1.948554860727732e+00
6567 1.898433022646839e+00 -4.391105826889657e-01 1.948554860737941e+00
6568 1.898433022676465e+00 -4.391105826283343e-01 1.948554860753141e+00
6569 1.898433022666661e+00 -4.391105826483755e-01 1.948554860748105e+00
6570 1.898433022666650e+00 -4.391105826483713e-01 1.948554860748094e+00
6571 1.933083738127001e+00 -3.596591969045937e-01 1.966257225423245e+00
6572 1.933083738132371e+00 -3.596591968906698e-01 1.966257225425977e+00
6573 1.933688742394862e+00 -3.580856495226866e-01 1.966564894647188e+00
6574 1.933083738127029e+00 -3.596591969045995e-01 1.966257225423274e+00
6575 1.933083738130587e+00 -3.596591968953911e-01 1.966257225425087e+00
6576 1.933083738132403e+00 -3.596591968906760e-01 1.966257225426010e+00
6577 1.933083738128828e+00 -3.596591968998830e-01 1.966257225424179e+00
6578 1.933083738130560e+00 -3.596591968953882e-01 1.966257225425060e+00
6579 1.898433022676458e+00 -4.391105826283298e-01 1.948554860753134e+00
6580 1.937872348000280e+00 3.469804878117827e-01 1.968691112405961e+00
6581 1.900105023314403e+00 -4.356729818043212e-01 1.949412744058809e+00
6582 1.900105023314432e+00 -4.356729818042545e-01 1.949412744058822e+00
6583 1.884613757091410e+00 4.663244587807106e-01 1.941449848508924e+00
6584 1.884613757078251e+00 4.663244588056623e-01 1.941449848502143e+00
6585 1.929391640236273e+00 3.690950813294086e-01 1.964378599067700e+00
6586 1.929391640237079e+00 3.690950813275081e-01 1.964378599068135e+00
6587 1.929391640236316e+00 3.690950813294096e-01 1.964378599067742e+00
6588 1.898433022626987e+00 4.391105827295897e-01 1.948554860727754e+00
6589 1.929391640237068e+00 -3.690950813275103e-01 1.964378599068124e+00
6590 1.898433022646795e+00 4.391105826890035e-01 1.948554860737907e+00
6591 1.898433022646868e+00 4.391105826889695e-01 1.948554860737969e+00
6592 1.894875118863169e+00 4.463166156777688e-01 1.946728085151280e+00
6593 1.894875118862710e+00 4.463166156786669e-01 1.946728085151038e+00
6594 1.894875118863140e+00 4.463166156777623e-01 1.946728085151249e+00
6595 1.894875118929162e+00 4.463166155453789e-01 1.946728085185163e+00
6596 1.894875118928711e+00 4.463166155462864e-01 1.946728085184931e+00
6597 1.894875118862702e+00 4.463166156786734e-01 1.946728085151032e+00
6598 1.938267815883340e+00 -3.459096786813141e-01 1.968891980758361e+00
6599 1.938267815868309e+00 -3.459096787221104e-01 1.968891980750731e+00
6600 1.938267815868797e+00 -3.459096787207048e-01 1.968891980750965e+00
6601 1.938267815868264e+00 -3.459096787221003e-01 1.968891980750685e+00
6602 1.896839738654835e+00 -4.423556072204123e-01 1.947737014429689e+00
6603 1.895691422950270e+00 4.446761461244342e-01 1.947147361136105e+00
6604 1.895691422954572e+00 4.446761461157904e-01 1.947147361138320e+00
6605 1.895691422950276e+00 4.446761461244307e-01 1.947147361136110e+00
6606 1.895691422954560e+00 4.446761461157857e-01 1.947147361138307e+00
6607 1.898433022646818e+00 -4.391105826890112e-01 1.948554860737931e+00
6608 1.895691422952005e+00 4.446761461210365e-01 1.947147361137019e+00
6609 1.895691422952883e+00 4.446761461191924e-01 1.947147361137452e+00
6610 1.933083738128848e+00 -3.596591968998857e-01 1.966257225424199e+00
6611 1.933688742394631e+00 3.580856495234209e-01 1.966564894647094e+00
6612 1.895691422951997e+00 4.446761461210392e-01 1.947147361137012e+00
6613 1.933688742394870e+00 3.580856495226945e-01 1.966564894647198e+00
6614 1.895691422952887e+00 -4.446761461191948e-01 1.947147361137457e+00
6615 1.895691422954579e+00 -4.446761461157931e-01 1.947147361138327e+00
6616 1.895691422950291e+00 -4.446761461244415e-01 1.947147361136128e+00
6617 1.895691422952906e+00 -4.446761461191988e-01 1.947147361137476e+00
6618 1.895691422951965e+00 -4.446761461210315e-01 1.947147361136979e+00
6619 1.895691422954566e+00 -4.446761461157872e-01 1.947147361138313e+00
6620 1.895691422950259e+00 -4.446761461244295e-01 1.947147361136094e+00
6621 1.895691422951949e+00 -4.446761461210267e-01 1.947147361136961e+00
6622 1.933688742394619e+00 3.580856495234185e-01 1.966564894647082e+00
6623 1.895691422952890e+00 4.446761461191999e-01 1.947147361137461e+00
6624 1.894875118929150e+00 4.463166155453772e-01 1.946728085185150e+00
6625 1.898433022646836e+00 4.391105826889578e-01 1.948554860737936e+00
6626 1.894875118928697e+00 4.463166155462899e-01 1.946728085184918e+00
6627 1.898433022646811e+00 4.391105826890100e-01 1.948554860737924e+00
6628 1.896492146366232e+00 4.430596252550107e-01 1.947558546683490e+00
6629 1.896492146378089e+00 4.430596252310249e-01 1.947558546689580e+00
6630 1.896492146375412e+00 4.430596252364071e-01 1.947558546688197e+00
6631 1.896492146378093e+00 4.430596252310221e-01 1.947558546689583e+00
6632 1.896492146366249e+00 4.430596252550106e-01 1.947558546683506e+00
6633 1.896492146375435e+00 4.430596252364116e-01 1.947558546688220e+00
6634 1.896492146368890e+00 4.430596252496237e-01 1.947558546684853e+00
6635 1.933083738129716e+00 -3.596591968976491e-01 1.966257225424644e+00
6636 1.933688742394914e+00 3.580856495226969e-01 1.966564894647241e+00
6637 1.933083738129730e+00 -3.596591968976275e-01 1.966257225424654e+00
6638 1.933083738129694e+00 -3.596591968976501e-01 1.966257225424622e+00
6639 1.938267815882826e+00 -3.459096786827183e-01 1.968891980758102e+00
6640 1.938267815883295e+00 -3.459096786813068e-01 1.968891980758315e+00
6641 1.938267815868808e+00 -3.459096787207059e-01 1.968891980750976e+00
6642 1.938267815882787e+00 -3.459096786827068e-01 1.968891980758061e+00
6643 1.933083738129722e+00 -3.596591968976228e-01 1.966257225424646e+00
6644 1.898433022646799e+00 -4.391105826890014e-01 1.948554860737910e+00
6645 1.898433022646817e+00 -4.391105826889641e-01 1.948554860737919e+00
6646 1.896492146368917e+00 4.430596252496292e-01 1.947558546684881e+00
6647 1.938267815875772e+00 -3.459096787018290e-01 1.968891980754515e+00
6648 1.938267815875867e+00 -3.459096787015874e-01 1.968891980754566e+00
6649 1.894875118862677e+00 -4.463166156786638e-01 1.946728085151005e+00
6650 1.887539726950536e+00 -4.607311940118956e-01 1.942956369544136e+00
6651 1.894875118929159e+00 -4.463166155453857e-01 1.946728085185160e+00
6652 1.894875118928711e+00 -4.463166155462894e-01 1.946728085184931e+00
6653 1.887539726940259e+00 -4.607311940316390e-01 1.942956369538835e+00
6654 1.887539726939220e+00 -4.607311940336508e-01 1.942956369538302e+00
6655 1.894875118863131e+00 -4.463166156777582e-01 1.946728085151240e+00
6656 1.887539726950476e+00 -4.607311940118785e-01 1.942956369544074e+00
6657 1.894875118862670e+00 -4.463166156786635e-01 1.946728085150998e+00
6658 1.887539726949450e+00 -4.607311940138947e-01 1.942956369543556e+00
6659 1.894875118929156e+00 -4.463166155453819e-01 1.946728085185157e+00
6660 1.894875118928700e+00 -4.463166155462867e-01 1.946728085184920e+00
6661 1.887539726939200e+00 -4.607311940336456e-01 1.942956369538281e+00
6662 1.894875118863142e+00 -4.463166156777647e-01 1.946728085151252e+00
6663 1.887539726940259e+00 -4.607311940316369e-01 1.942956369538834e+00
6664 1.933083738132376e+00 3.596591968906704e-01 1.966257225425983e+00
6665 1.933083738127013e+00 3.596591969045954e-01 1.966257225423257e+00
6666 1.938267815883321e+00 3.459096786813125e-01 1.968891980758342e+00
6667 1.938267815868309e+00 3.459096787221075e-01 1.968891980750731e+00
6668 1.938267815868815e+00 3.459096787207016e-01 1.968891980750982e+00
6669 1.938267815868270e+00 3.459096787221043e-01 1.968891980750692e+00
6670 1.933083738127025e+00 3.596591969046015e-01 1.966257225423270e+00
6671 1.896492146375436e+00 -4.430596252364154e-01 1.947558546688223e+00
6672 1.896492146366237e+00 -4.430596252550117e-01 1.947558546683496e+00
6673 1.896492146378107e+00 -4.430596252310323e-01 1.947558546689598e+00
6674 1.896492146375430e+00 -4.430596252364163e-01 1.947558546688217e+00
6675 1.896492146368913e+00 -4.430596252496303e-01 1.947558546684876e+00
6676 1.896492146368912e+00 -4.430596252496261e-01 1.947558546684875e+00
6677 1.933083738132382e+00 3.596591968906766e-01 1.966257225425989e+00
6678 1.896492146366239e+00 -4.430596252550121e-01 1.947558546683497e+00
6679 1.938267815875848e+00 3.459096787015894e-01 1.968891980754548e+00
6680 1.938267815883335e+00 3.459096786813159e-01 1.968891980758357e+00
6681 1.938267815882808e+00 3.459096786827104e-01 1.968891980758083e+00
6682 1.933083738128829e+00 3.596591968998841e-01 1.966257225424181e+00
6683 1.896492146378115e+00 -4.430596252310283e-01 1.947558546689605e+00
6684 1.938267815882792e+00 3.459096786827106e-01 1.968891980758067e+00
6685 1.933083738130559e+00 3.596591968953892e-01 1.966257225425059e+00
6686 1.933083738128870e+00 3.596591968998892e-01 1.966257225424222e+00
6687 1.933083738130584e+00 3.596591968953916e-01 1.966257225425085e+00
6688 1.938267815875831e+00 -3.459096787015818e-01 1.968891980754530e+00
6689 1.933083738129720e+00 3.596591968976253e-01 1.966257225424643e+00
6690 1.933083738129685e+00 3.596591968976458e-01 1.966257225424613e+00
6691 1.870520956026633e+00 4.921313493852485e-01 1.934177321752723e+00
6692 1.885084296688641e+00 4.654307550745088e-01 1.941692198416457e+00
6693 1.870520956026602e+00 4.921313493852287e-01 1.934177321752687e+00
6694 1.870520956026620e+00 4.921313493852342e-01 1.934177321752706e+00
6695 1.918897141830489e+00 3.944972021513002e-01 1.959028913372751e+00
6696 1.918897141831054e+00 3.944972021499918e-01 1.959028913373041e+00
6697 1.918547854846512e+00 3.953098006664137e-01 1.958850609372515e+00
6698 1.918547854846537e+00 3.953098006664131e-01 1.958850609372540e+00
6699 1.887539726949466e+00 -4.607311940139032e-01 1.942956369543573e+00
6700 1.938267815875757e+00 -3.459096787018255e-01 1.968891980754500e+00
6701 1.947119974734041e+00 -3.208796555788878e-01 1.973382869433278e+00
6702 1.947119974734087e+00 -3.208796555787318e-01 1.973382869433298e+00
6703 1.947119974734020e+00 -3.208796555788775e-01 1.973382869433255e+00
6704 1.917305411531904e+00 -3.981843567973286e-01 1.958216235017886e+00
6705 1.917305411521171e+00 -3.981843568220567e-01 1.958216235012405e+00
6706 1.917305411523769e+00 -3.981843568160648e-01 1.958216235013732e+00
6707 1.917305411526827e+00 -3.981843568090909e-01 1.958216235015307e+00
6708 1.929224830904932e+00 -3.695148355725224e-01 1.964293680152831e+00
6709 1.929224830903899e+00 -3.695148355750991e-01 1.964293680152301e+00
6710 1.929224830899688e+00 -3.695148355857440e-01 1.964293680150168e+00
6711 1.929224830904949e+00 -3.695148355725273e-01 1.964293680152849e+00
6712 1.929224830898657e+00 -3.695148355883230e-01 1.964293680149640e+00
6713 1.929224830899692e+00 -3.695148355857523e-01 1.964293680150173e+00
6714 1.947119974734072e+00 -3.208796555787363e-01 1.973382869433284e+00
6715 1.938267815875742e+00 3.459096787018300e-01 1.968891980754486e+00
6716 1.929224830898664e+00 -3.695148355883240e-01 1.964293680149647e+00
6717 1.929224830903898e+00 -3.695148355751031e-01 1.964293680152301e+00
6718 1.938267815868777e+00 3.459096787207005e-01 1.968891980750945e+00
6719 1.938267815875847e+00 3.459096787015807e-01 1.968891980754546e+00
6720 1.917305411521155e+00 3.981843568220540e-01 1.958216235012390e+00
6721 1.917305411523748e+00 3.981843568160586e-01 1.958216235013710e+00
6722 1.917305411529270e+00 3.981843568033157e-01 1.958216235016525e+00
6723 1.917305411531889e+00 3.981843567973268e-01 1.958216235017872e+00
6724 1.929224830898639e+00 3.695148355883222e-01 1.964293680149623e+00
6725 1.938267815875756e+00 3.459096787018260e-01 1.968891980754499e+00
6726 1.929224830903902e+00 3.695148355751030e-01 1.964293680152305e+00
6727 1.929224830899662e+00 3.695148355857447e-01 1.964293680150142e+00
6728 1.929224830898673e+00 3.695148355883304e-01 1.964293680149657e+00
6729 1.929224830903939e+00 3.695148355751108e-01 1.964293680152343e+00
6730 1.929224830899705e+00 3.695148355857488e-01 1.964293680150185e+00
6731 1.929224830904921e+00 3.695148355725223e-01 1.964293680152820e+00
6732 1.917305411521175e+00 3.981843568220582e-01 1.958216235012410e+00
6733 1.933083738129703e+00 3.596591968976386e-01 1.966257225424629e+00
6734 1.933083738129739e+00 3.596591968976428e-01 1.966257225424665e+00
6735 1.917305411523757e+00 3.981843568160595e-01 1.958216235013718e+00
6736 1.929224830904977e+00 3.695148355725359e-01 1.964293680152878e+00
6737 1.917305411529281e+00 3.981843568033185e-01 1.958216235016536e+00
6738 1.917305411531894e+00 3.981843567973271e-01 1.958216235017876e+00
6739 1.917305411526826e+00 3.981843568090980e-01 1.958216235015308e+00
6740 1.870520956026626e+00 4.921313493852444e-01 1.934177321752715e+00
6741 1.870947210486377e+00 -4.913765933881256e-01 1.934397689451803e+00
6742 1.947119974734071e+00 3.208796555787383e-01 1.973382869433283e+00
6743 1.947119974733976e+00 3.208796555788718e-01 1.973382869433211e+00
6744 1.947119974734071e+00 3.208796555787273e-01 1.973382869433282e+00
6745 1.888462845847037e+00 -4.589485500829542e-01 1.943431421935937e+00
6746 1.889054740033070e+00 4.578009058049364e-01 1.943735959485555e+00
6747 1.889054740032469e+00 4.578009058061484e-01 1.943735959485257e+00
6748 1.889103217235498e+00 4.577067502563045e-01 1.943760899544925e+00
6749 1.889103217233818e+00 4.577067502595564e-01 1.943760899544058e+00
6750 1.889103217235527e+00 4.577067502563108e-01 1.943760899544955e+00
6751 1.889054740033068e+00 4.578009058049428e-01 1.943735959485554e+00
6752 1.889054740032472e+00 4.578009058061455e-01 1.943735959485259e+00
6753 1.889103217233807e+00 4.577067502595629e-01 1.943760899544049e+00
6754 1.888462845847037e+00 -4.589485500829568e-01 1.943431421935937e+00
6755 1.918547854846564e+00 3.953098006664229e-01 1.958850609372568e+00
6756 1.918897141830516e+00 3.944972021513096e-01 1.959028913372780e+00
6757 1.918897141831073e+00 3.944972021500013e-01 1.959028913373061e+00
6758 1.888462845847068e+00 -4.589485500829618e-01 1.943431421935969e+00
6759 1.889103217235482e+00 -4.577067502563037e-01 1.943760899544909e+00
6760 1.918547854846589e+00 3.953098006664286e-01 1.958850609372593e+00
6761 1.889103217235473e+00 -4.577067502563019e-01 1.943760899544901e+00
6762 1.889103217233822e+00 -4.577067502595640e-01 1.943760899544064e+00
6763 1.889103217233792e+00 -4.577067502595555e-01 1.943760899544032e+00
6764 1.887539726940261e+00 4.607311940316361e-01 1.942956369538835e+00
6765 1.887539726939196e+00 4.607311940336425e-01 1.942956369538277e+00
6766 1.887539726949448e+00 4.607311940138947e-01 1.942956369543553e+00
6767 1.887539726950520e+00 4.607311940118887e-01 1.942956369544119e+00
6768 1.887539726939198e+00 4.607311940336478e-01 1.942956369538280e+00
6769 1.887539726949442e+00 4.607311940138937e-01 1.942956369543548e+00
6770 1.888462845847074e+00 -4.589485500829631e-01 1.943431421935975e+00
6771 1.918897141830485e+00 -3.944972021513031e-01 1.959028913372748e+00
6772 1.918897141830505e+00 -3.944972021513042e-01 1.959028913372768e+00
6773 1.918897141831047e+00 -3.944972021499981e-01 1.959028913373036e+00
6774 1.918547854846584e+00 -3.953098006664291e-01 1.958850609372588e+00
6775 1.918897141831064e+00 -3.944972021499975e-01 1.959028913373052e+00
6776 1.889054740033052e+00 -4.578009058049403e-01 1.943735959485538e+00
6777 1.889054740032450e+00 -4.578009058061480e-01 1.943735959485238e+00
6778 1.889054740032422e+00 -4.578009058061433e-01 1.943735959485209e+00
6779 1.889054740033058e+00 -4.578009058049352e-01 1.943735959485542e+00
6780 1.887539726950490e+00 4.607311940118848e-01 1.942956369544089e+00
6781 1.918547854846574e+00 -3.953098006664267e-01 1.958850609372578e+00
6782 1.918547854846520e+00 -3.953098006664171e-01 1.958850609372524e+00
6783 1.917305411521179e+00 -3.981843568220534e-01 1.958216235012413e+00
6784 1.917305411526302e+00 -3.981843568102981e-01 1.958216235015039e+00
6785 1.917305411531907e+00 -3.981843567973278e-01 1.958216235017889e+00
6786 1.917305411526780e+00 -3.981843568090925e-01 1.958216235015261e+00
6787 1.917305411523750e+00 -3.981843568160577e-01 1.958216235013711e+00
6788 1.917305411529304e+00 -3.981843568033229e-01 1.958216235016560e+00
6789 1.917305411526284e+00 3.981843568102936e-01 1.958216235015020e+00
6790 1.918547854846560e+00 -3.953098006664215e-01 1.958850609372563e+00
6791 1.917305411526283e+00 -3.981843568102917e-01 1.958216235015019e+00
6792 1.917305411526793e+00 3.981843568090935e-01 1.958216235015275e+00
6793 1.917305411526292e+00 3.981843568102970e-01 1.958216235015028e+00
6794 1.929950426786173e+00 -3.676849246837111e-01 1.964663038205737e+00
6795 1.929950426823651e+00 -3.676849245888558e-01 1.964663038224801e+00
6796 1.929950426808737e+00 -3.676849246266121e-01 1.964663038217216e+00
6797 1.929950426823649e+00 -3.676849245888548e-01 1.964663038224799e+00
6798 1.929950426801091e+00 -3.676849246459535e-01 1.964663038213325e+00
6799 1.918789692668136e+00 3.947473885243833e-01 1.958974064513438e+00
6800 1.918789692656670e+00 3.947473885510562e-01 1.958974064507582e+00
6801 1.918789692653199e+00 3.947473885591475e-01 1.958974064505813e+00
6802 1.930595632829880e+00 -3.660488603689877e-01 1.964991416184620e+00
6803 1.930595632829283e+00 -3.660488603704922e-01 1.964991416184314e+00
6804 1.930595632818173e+00 -3.660488603987655e-01 1.964991416178665e+00
6805 1.930595632818757e+00 -3.660488603972590e-01 1.964991416178959e+00
6806 1.918789692656681e+00 3.947473885510560e-01 1.958974064507593e+00
6807 1.918789692668122e+00 3.947473885243775e-01 1.958974064513423e+00
6808 1.930595632824049e+00 -3.660488603838530e-01 1.964991416181660e+00
6809 1.930595632824019e+00 -3.660488603839093e-01 1.964991416181642e+00
6810 1.930595632829283e+00 -3.660488603704950e-01 1.964991416184315e+00
6811 1.930595632829889e+00 -3.660488603689922e-01 1.964991416184630e+00
6812 1.930595632818164e+00 -3.660488603987683e-01 1.964991416178657e+00
6813 1.930595632818777e+00 -3.660488603972660e-01 1.964991416178979e+00
6814 1.918789692671614e+00 3.947473885162898e-01 1.958974064515214e+00
6815 1.917305411529282e+00 -3.981843568033150e-01 1.958216235016536e+00
6816 1.929950426804955e+00 -3.676849246362206e-01 1.964663038215299e+00
6817 1.929950426804893e+00 -3.676849246363579e-01 1.964663038215264e+00
6818 1.918789692671619e+00 3.947473885162900e-01 1.958974064515219e+00
6819 1.918789692653221e+00 3.947473885591513e-01 1.958974064505835e+00
6820 1.930595632823990e+00 -3.660488603839078e-01 1.964991416181612e+00
6821 1.930595632824051e+00 -3.660488603838500e-01 1.964991416181662e+00
6822 1.947119974733989e+00 3.208796555788747e-01 1.973382869433225e+00
6823 1.871408323387933e+00 -4.905583900488820e-01 1.934636050241229e+00
6824 1.938676677573276e+00 3.447986297707364e-01 1.969099630607435e+00
6825 1.938676677571635e+00 3.447986297751292e-01 1.969099630606588e+00
6826 1.888462845847066e+00 4.589485500829607e-01 1.943431421935967e+00
6827 1.888462845847032e+00 4.589485500829514e-01 1.943431421935931e+00
6828 1.887539726940240e+00 4.607311940316322e-01 1.942956369538814e+00
6829 1.870947210486369e+00 -4.913765933881145e-01 1.934397689451793e+00
6830 1.870947210486357e+00 -4.913765933881167e-01 1.934397689451782e+00
6831 1.938676677547957e+00 3.447986298396649e-01 1.969099630594575e+00
6832 1.930595632818164e+00 3.660488603987671e-01 1.964991416178656e+00
6833 1.930595632829862e+00 3.660488603689875e-01 1.964991416184602e+00
6834 1.930595632829278e+00 3.660488603704946e-01 1.964991416184310e+00
6835 1.930595632818753e+00 3.660488603972640e-01 1.964991416178956e+00
6836 1.888462845847104e+00 4.589485500829652e-01 1.943431421936004e+00
6837 1.894359779671950e+00 4.473483928538198e-01 1.946463346541017e+00
6838 1.894359779677901e+00 4.473483928419812e-01 1.946463346544087e+00
6839 1.894359779683962e+00 4.473483928298593e-01 1.946463346547200e+00
6840 1.894359779689858e+00 4.473483928179995e-01 1.946463346550213e+00
6841 1.894359779671979e+00 4.473483928538265e-01 1.946463346541046e+00
6842 1.927033190926013e+00 -3.749792832255103e-01 1.963177623593650e+00
6843 1.894359779689884e+00 4.473483928180045e-01 1.946463346550239e+00
6844 1.927033190926091e+00 -3.749792832255217e-01 1.963177623593728e+00
6845 1.938676677571610e+00 -3.447986297751282e-01 1.969099630606563e+00
6846 1.938676677573212e+00 -3.447986297707206e-01 1.969099630607368e+00
6847 1.938676677571586e+00 -3.447986297751223e-01 1.969099630606538e+00
6848 1.938676677547880e+00 -3.447986298396516e-01 1.969099630594498e+00
6849 1.938676677549515e+00 -3.447986298352560e-01 1.969099630595338e+00
6850 1.938676677547880e+00 -3.447986298396510e-01 1.969099630594497e+00
6851 1.929950426786186e+00 -3.676849246837152e-01 1.964663038205751e+00
6852 1.929950426808763e+00 -3.676849246266232e-01 1.964663038217245e+00
6853 1.929950426801116e+00 -3.676849246459625e-01 1.964663038213351e+00
6854 1.894359779672007e+00 -4.473483928538418e-01 1.946463346541077e+00
6855 1.894359779689901e+00 -4.473483928180163e-01 1.946463346550258e+00
6856 1.894359779684027e+00 -4.473483928298696e-01 1.946463346547266e+00
6857 1.894359779677981e+00 -4.473483928419941e-01 1.946463346544169e+00
6858 1.894359779689884e+00 -4.473483928180069e-01 1.946463346550240e+00
6859 1.929950426804883e+00 -3.676849246363518e-01 1.964663038215253e+00
6860 1.897210636100672e+00 4.416028470447423e-01 1.947927429924313e+00
6861 1.897210636100207e+00 4.416028470455662e-01 1.947927429924047e+00
6862 1.897210636100621e+00 4.416028470447377e-01 1.947927429924262e+00
6863 1.897210636103289e+00 4.416028470393581e-01 1.947927429925641e+00
6864 1.897210636100184e+00 4.416028470455616e-01 1.947927429924023e+00
6865 1.897210636103649e+00 4.416028470385094e-01 1.947927429925799e+00
6866 1.929950426804932e+00 -3.676849246362183e-01 1.964663038215277e+00
6867 1.897210636103669e+00 -4.416028470385222e-01 1.947927429925822e+00
6868 1.894359779671940e+00 -4.473483928538242e-01 1.946463346541008e+00
6869 1.897210636103263e+00 -4.416028470393514e-01 1.947927429925614e+00
6870 1.897210636100222e+00 -4.416028470455703e-01 1.947927429924062e+00
6871 1.897210636103666e+00 4.416028470385125e-01 1.947927429925816e+00
6872 1.897210636103265e+00 4.416028470393499e-01 1.947927429925616e+00
6873 1.897210636103664e+00 -4.416028470385161e-01 1.947927429925816e+00
6874 1.897210636100624e+00 -4.416028470447387e-01 1.947927429924265e+00
6875 1.897210636103241e+00 -4.416028470393442e-01 1.947927429925592e+00
6876 1.897210636100179e+00 -4.416028470455581e-01 1.947927429924018e+00
6877 1.918789692671613e+00 -3.947473885162860e-01 1.958974064515212e+00
6878 1.918789692668143e+00 -3.947473885243840e-01 1.958974064513445e+00
6879 1.918789692653206e+00 -3.947473885591506e-01 1.958974064505820e+00
6880 1.918789692656685e+00 -3.947473885510582e-01 1.958974064507597e+00
6881 1.918789692671632e+00 -3.947473885162877e-01 1.958974064515231e+00
6882 1.918789692668153e+00 -3.947473885243763e-01 1.958974064513453e+00
6883 1.918789692653216e+00 -3.947473885591514e-01 1.958974064505830e+00
6884 1.897210636100607e+00 -4.416028470447304e-01 1.947927429924247e+00
6885 1.892581033908325e+00 -4.508870123678800e-01 1.945549297199003e+00
6886 1.892581033907269e+00 -4.508870123700116e-01 1.945549297198470e+00
6887 1.892581033908353e+00 -4.508870123678821e-01 1.945549297199031e+00
6888 1.892581033792847e+00 -4.508870125965170e-01 1.945549297139657e+00
6889 1.892581033793944e+00 -4.508870125943925e-01 1.945549297140232e+00
6890 1.918789692656667e+00 -3.947473885510591e-01 1.958974064507579e+00
6891 1.892581033907284e+00 -4.508870123700094e-01 1.945549297198485e+00
6892 1.892581033850444e+00 -4.508870124824831e-01 1.945549297169258e+00
6893 1.892581033793933e+00 -4.508870125943911e-01 1.945549297140220e+00
6894 1.892581033792852e+00 -4.508870125965137e-01 1.945549297139661e+00
6895 1.892581033850727e+00 -4.508870124819216e-01 1.945549297169403e+00
6896 1.892581033850726e+00 -4.508870124819161e-01 1.945549297169401e+00
6897 1.892581033850445e+00 -4.508870124824824e-01 1.945549297169259e+00
6898 1.938676677573193e+00 -3.447986297707169e-01 1.969099630607349e+00
6899 1.938676677549470e+00 -3.447986298352434e-01 1.969099630595291e+00
6900 1.927033190926080e+00 -3.749792832255172e-01 1.963177623593716e+00
6901 1.927033190926047e+00 -3.749792832255128e-01 1.963177623593683e+00
6902 1.938676677549586e+00 3.447986298352653e-01 1.969099630595410e+00
6903 1.938676677547874e+00 3.447986298396490e-01 1.969099630594492e+00
6904 1.894359779683932e+00 -4.473483928298509e-01 1.946463346547169e+00
6905 1.888462845847096e+00 4.589485500829658e-01 1.943431421935997e+00
6906 1.894359779677883e+00 -4.473483928419780e-01 1.946463346544070e+00
6907 1.890829185487710e+00 -4.543383787555957e-01 1.944648649782880e+00
6908 1.890829185486153e+00 -4.543383787586819e-01 1.944648649782087e+00
6909 1.890829185478711e+00 -4.543383787732768e-01 1.944648649778262e+00
6910 1.890829185487686e+00 -4.543383787555944e-01 1.944648649782857e+00
6911 1.890829185486164e+00 -4.543383787586868e-01 1.944648649782099e+00
6912 1.890829185478675e+00 -4.543383787732734e-01 1.944648649778226e+00
6913 1.897210636101824e+00 -4.416028470422686e-01 1.947927429924874e+00
6914 1.890829185480283e+00 -4.543383787702002e-01 1.944648649779071e+00
6915 1.897210636102086e+00 -4.416028470418256e-01 1.947927429925029e+00
6916 1.897210636101800e+00 -4.416028470422667e-01 1.947927429924850e+00
6917 1.897210636102070e+00 -4.416028470418276e-01 1.947927429925014e+00
6918 1.890829185480312e+00 -4.543383787702059e-01 1.944648649779101e+00
6919 1.930595632829877e+00 3.660488603689871e-01 1.964991416184617e+00
6920 1.930595632829295e+00 3.660488603704941e-01 1.964991416184326e+00
6921 1.930595632818170e+00 3.660488603987654e-01 1.964991416178663e+00
6922 1.930595632818768e+00 3.660488603972620e-01 1.964991416178970e+00
6923 1.917841197399485e+00 3.969477754889463e-01 1.958489825071428e+00
6924 1.917841197401723e+00 3.969477754838384e-01 1.958489825072585e+00
6925 1.917841197412004e+00 3.969477754599197e-01 1.958489825077804e+00
6926 1.917841197409822e+00 3.969477754650314e-01 1.958489825076704e+00
6927 1.917841197412045e+00 3.969477754599263e-01 1.958489825077845e+00
6928 1.917841197399482e+00 3.969477754889466e-01 1.958489825071426e+00
6929 1.917841197409838e+00 3.969477754650332e-01 1.958489825076719e+00
6930 1.917841197401674e+00 3.969477754838286e-01 1.958489825072534e+00
6931 1.930595632824032e+00 3.660488603838472e-01 1.964991416181643e+00
6932 1.930595632824012e+00 3.660488603839113e-01 1.964991416181635e+00
6933 1.917841197405368e+00 3.969477754754163e-01 1.958489825074447e+00
6934 1.892581033792827e+00 4.508870125965126e-01 1.945549297139636e+00
6935 1.892581033793922e+00 4.508870125943957e-01 1.945549297140211e+00
6936 1.892581033908326e+00 4.508870123678829e-01 1.945549297199006e+00
6937 1.892581033907265e+00 4.508870123700145e-01 1.945549297198467e+00
6938 1.892581033907275e+00 4.508870123700117e-01 1.945549297198477e+00
6939 1.917841197406219e+00 3.969477754734680e-01 1.958489825074885e+00
6940 1.930595632823993e+00 3.660488603839074e-01 1.964991416181616e+00
6941 1.930595632824039e+00 3.660488603838471e-01 1.964991416181650e+00
6942 1.917841197406192e+00 3.969477754734608e-01 1.958489825074858e+00
6943 1.892581033793940e+00 4.508870125943950e-01 1.945549297140228e+00
6944 1.892581033908342e+00 4.508870123678813e-01 1.945549297199021e+00
6945 1.917841197399434e+00 -3.969477754889314e-01 1.958489825071375e+00
6946 1.917841197401684e+00 -3.969477754838295e-01 1.958489825072544e+00
6947 1.892581033792872e+00 4.508870125965242e-01 1.945549297139683e+00
6948 1.897210636102117e+00 4.416028470418413e-01 1.947927429925063e+00
6949 1.897210636101840e+00 4.416028470422593e-01 1.947927429924888e+00
6950 1.917841197399482e+00 -3.969477754889429e-01 1.958489825071424e+00
6951 1.917841197412010e+00 -3.969477754599108e-01 1.958489825077809e+00
6952 1.917841197401696e+00 -3.969477754838361e-01 1.958489825072558e+00
6953 1.917841197409806e+00 -3.969477754650292e-01 1.958489825076687e+00
6954 1.892581033850750e+00 4.508870124819293e-01 1.945549297169427e+00
6955 1.892581033850461e+00 4.508870124824866e-01 1.945549297169275e+00
6956 1.892581033850436e+00 4.508870124824799e-01 1.945549297169249e+00
6957 1.892581033850743e+00 4.508870124819198e-01 1.945549297169419e+00
6958 1.897210636101795e+00 4.416028470422639e-01 1.947927429924845e+00
6959 1.897210636102050e+00 4.416028470418137e-01 1.947927429924991e+00
6960 1.917841197412024e+00 -3.969477754599195e-01 1.958489825077824e+00
6961 1.917841197409826e+00 -3.969477754650308e-01 1.958489825076707e+00
6962 1.917841197406178e+00 -3.969477754734600e-01 1.958489825074843e+00
6963 1.917841197405330e+00 -3.969477754754056e-01 1.958489825074407e+00
6964 1.871408323387189e+00 -4.905583900501453e-01 1.934636050240830e+00
6965 1.871408323387926e+00 -4.905583900488846e-01 1.934636050241223e+00
6966 1.871408323387940e+00 4.905583900488824e-01 1.934636050241237e+00
6967 1.871408323387216e+00 4.905583900501477e-01 1.934636050240857e+00
6968 1.871408323387924e+00 4.905583900488801e-01 1.934636050241221e+00
6969 1.894359779680927e+00 -4.473483928359687e-01 1.946463346545651e+00
6970 1.871408323387207e+00 4.905583900501430e-01 1.934636050240847e+00
6971 1.891724287552844e+00 4.525790481673956e-01 1.945108885116055e+00
6972 1.917841197406163e+00 -3.969477754734539e-01 1.958489825074827e+00
6973 1.891724287552850e+00 4.525790481673925e-01 1.945108885116060e+00
6974 1.946183983468264e+00 -3.236292161167433e-01 1.972908504475749e+00
6975 1.946183983477344e+00 -3.236292160902536e-01 1.972908504480361e+00
6976 1.946183983475499e+00 -3.236292160955649e-01 1.972908504479413e+00
6977 1.946183983475483e+00 -3.236292160955641e-01 1.972908504479396e+00
6978 1.946183983468247e+00 -3.236292161167407e-01 1.972908504475732e+00
6979 1.946183983470076e+00 -3.236292161114218e-01 1.972908504476664e+00
6980 1.946183983477280e+00 -3.236292160902425e-01 1.972908504480296e+00
6981 1.894359779683942e+00 4.473483928298514e-01 1.946463346547179e+00
6982 1.894359779677891e+00 4.473483928419749e-01 1.946463346544076e+00
6983 1.946183983470057e+00 -3.236292161114165e-01 1.972908504476644e+00
6984 1.890829185487725e+00 4.543383787556008e-01 1.944648649782896e+00
6985 1.890829185486139e+00 4.543383787586784e-01 1.944648649782074e+00
6986 1.890829185486143e+00 4.543383787586781e-01 1.944648649782077e+00
6987 1.929950426786189e+00 3.676849246837159e-01 1.964663038205753e+00
6988 1.890829185478719e+00 4.543383787732804e-01 1.944648649778270e+00
6989 1.890829185487712e+00 4.543383787555985e-01 1.944648649782883e+00
6990 1.890829185478692e+00 4.543383787732793e-01 1.944648649778244e+00
6991 1.890829185480284e+00 4.543383787701976e-01 1.944648649779072e+00
6992 1.890829185480262e+00 4.543383787701983e-01 1.944648649779050e+00
6993 1.929950426823706e+00 3.676849245888649e-01 1.964663038224856e+00
6994 1.929950426823680e+00 3.676849245888592e-01 1.964663038224830e+00
6995 1.894359779680924e+00 4.473483928359683e-01 1.946463346545648e+00
6996 1.929950426786168e+00 3.676849246837133e-01 1.964663038205732e+00
6997 1.929950426808771e+00 3.676849246266187e-01 1.964663038217251e+00
6998 1.894359779680970e+00 4.473483928358812e-01 1.946463346545672e+00
6999 1.894359779680913e+00 4.473483928359595e-01 1.946463346545635e+00
7000 1.929950426801120e+00 3.676849246459595e-01 1.964663038213355e+00
7001 1.929950426804915e+00 3.676849246363610e-01 1.964663038215286e+00
7002 1.929950426808755e+00 3.676849246266219e-01 1.964663038217236e+00
7003 1.929950426801096e+00 3.676849246459551e-01 1.964663038213331e+00
7004 1.894359779680953e+00 4.473483928358737e-01 1.946463346545654e+00
7005 1.871408323387224e+00 -4.905583900501491e-01 1.934636050240865e+00
7006 1.891724287552857e+00 4.525790481673931e-01 1.945108885116067e+00
7007 1.891724287552854e+00 4.525790481673952e-01 1.945108885116064e+00
7008 1.891724287552866e+00 -4.525790481673937e-01 1.945108885116076e+00
7009 1.938676677560603e+00 -3.447986298050499e-01 1.969099630600965e+00
7010 1.938676677560506e+00 -3.447986298053260e-01 1.969099630600919e+00
7011 1.891724287552841e+00 -4.525790481673877e-01 1.945108885116050e+00
7012 1.894359779680896e+00 -4.473483928359647e-01 1.946463346545620e+00
7013 1.891724287552810e+00 -4.525790481673849e-01 1.945108885116020e+00
7014 1.938676677560491e+00 -3.447986298053187e-01 1.969099630600902e+00
7015 1.917841197405313e+00 3.969477754754075e-01 1.958489825074392e+00
7016 1.894359779680974e+00 -4.473483928358749e-01 1.946463346545675e+00
7017 1.894359779680947e+00 -4.473483928358688e-01 1.946463346545647e+00
7018 1.927033190926068e+00 3.749792832255184e-01 1.963177623593705e+00
7019 1.938676677549503e+00 3.447986298352494e-01 1.969099630595325e+00
7020 1.938676677571585e+00 3.447986297751186e-01 1.969099630606536e+00
7021 1.938676677573195e+00 3.447986297707153e-01 1.969099630607351e+00
7022 1.925040381918616e+00 3.798687824484794e-01 1.962162267473376e+00
7023 1.925040381918386e+00 3.798687824490697e-01 1.962162267473265e+00
7024 1.927033190926058e+00 3.749792832255233e-01 1.963177623593696e+00
7025 1.917841197405324e+00 -3.969477754753997e-01 1.958489825074400e+00
7026 1.946183983472595e+00 -3.236292161040633e-01 1.972908504477942e+00
7027 1.946183983472998e+00 -3.236292161029231e-01 1.972908504478152e+00
7028 1.925040381918642e+00 -3.798687824484794e-01 1.962162267473402e+00
7029 1.925040381918400e+00 -3.798687824490666e-01 1.962162267473278e+00
7030 1.925147858270515e+00 -3.796069546771306e-01 1.962217041064213e+00
7031 1.925040381918647e+00 -3.798687824484770e-01 1.962162267473406e+00
7032 1.925040381918377e+00 -3.798687824490642e-01 1.962162267473254e+00
7033 1.925147858270579e+00 -3.796069546771461e-01 1.962217041064279e+00
7034 1.925147858270576e+00 -3.796069546771428e-01 1.962217041064275e+00
7035 1.938676677560682e+00 3.447986298050797e-01 1.969099630601049e+00
7036 1.938676677560597e+00 3.447986298050486e-01 1.969099630600960e+00
7037 1.938676677560568e+00 3.447986298053177e-01 1.969099630600978e+00
7038 1.938676677560470e+00 3.447986298053263e-01 1.969099630600883e+00
7039 1.946183983477351e+00 3.236292160902530e-01 1.972908504480368e+00
7040 1.929950426804999e+00 3.676849246362240e-01 1.964663038215344e+00
7041 1.946183983477296e+00 3.236292160902430e-01 1.972908504480312e+00
7042 1.946183983475507e+00 3.236292160955630e-01 1.972908504479419e+00
7043 1.946183983470062e+00 3.236292161114164e-01 1.972908504476649e+00
7044 1.946183983468265e+00 3.236292161167376e-01 1.972908504475749e+00
7045 1.946183983468229e+00 3.236292161167345e-01 1.972908504475713e+00
7046 1.919545078630363e+00 -3.929845398137635e-01 1.959359629426584e+00
7047 1.919545078631492e+00 -3.929845398110625e-01 1.959359629427149e+00
7048 1.919545078630364e+00 -3.929845398137649e-01 1.959359629426585e+00
7049 1.919545078631527e+00 -3.929845398110728e-01 1.959359629427185e+00
7050 1.929950426804905e+00 3.676849246363603e-01 1.964663038215276e+00
7051 1.919545078644858e+00 -3.929845397798279e-01 1.959359629433979e+00
7052 1.919545078646015e+00 -3.929845397771305e-01 1.959359629434571e+00
7053 1.929950426804947e+00 3.676849246362215e-01 1.964663038215292e+00
7054 1.919545078644857e+00 3.929845397798319e-01 1.959359629433978e+00
7055 1.919545078630389e+00 3.929845398137684e-01 1.959359629426611e+00
7056 1.919545078646020e+00 3.929845397771374e-01 1.959359629434577e+00
7057 1.919545078644866e+00 3.929845397798286e-01 1.959359629433987e+00
7058 1.919545078631516e+00 3.929845398110688e-01 1.959359629427173e+00
7059 1.946183983470072e+00 3.236292161114185e-01 1.972908504476660e+00
7060 1.946183983475497e+00 3.236292160955662e-01 1.972908504479411e+00
7061 1.919545078630377e+00 3.929845398137644e-01 1.959359629426598e+00
7062 1.946183983473025e+00 3.236292161029337e-01 1.972908504478181e+00
7063 1.946183983472642e+00 3.236292161040722e-01 1.972908504477989e+00
7064 1.919545078645975e+00 -3.929845397771276e-01 1.959359629434531e+00
7065 1.946183983472591e+00 3.236292161040610e-01 1.972908504477937e+00
7066 1.919545078644868e+00 -3.929845397798344e-01 1.959359629433989e+00
7067 1.919545078646036e+00 3.929845397771355e-01 1.959359629434592e+00
7068 1.919545078631530e+00 3.929845398110727e-01 1.959359629427188e+00
7069 1.938676677560591e+00 -3.447986298050461e-01 1.969099630600953e+00
7070 1.946183983472603e+00 -3.236292161040613e-01 1.972908504477949e+00
7071 1.885834717130346e+00 -4.640009201992279e-01 1.942078637511834e+00
7072 1.885834717133798e+00 -4.640009201926301e-01 1.942078637513609e+00
7073 1.885834717143233e+00 -4.640009201746375e-01 1.942078637518472e+00
7074 1.885834717133781e+00 -4.640009201926274e-01 1.942078637513592e+00
7075 1.946183983472999e+00 -3.236292161029248e-01 1.972908504478154e+00
7076 1.885834717143200e+00 -4.640009201746351e-01 1.942078637518440e+00
7077 1.947223427178579e+00 -3.205741396940902e-01 1.973435292679670e+00
7078 1.947223427178916e+00 -3.205741396930837e-01 1.973435292679840e+00
7079 1.927033190926048e+00 3.749792832255172e-01 1.963177623593685e+00
7080 1.947223427192086e+00 -3.205741396542081e-01 1.973435292686520e+00
7081 1.947223427192433e+00 -3.205741396532096e-01 1.973435292686700e+00
7082 1.925040381918388e+00 3.798687824490621e-01 1.962162267473265e+00
7083 1.925040381918633e+00 3.798687824484777e-01 1.962162267473393e+00
7084 1.927033190926056e+00 3.749792832255197e-01 1.963177623593693e+00
7085 1.926387884460495e+00 -3.765706940363021e-01 1.962848891026297e+00
7086 1.926387884462980e+00 -3.765706940301932e-01 1.962848891027564e+00
7087 1.947223427192423e+00 -3.205741396532095e-01 1.973435292686690e+00
7088 1.926387884490316e+00 -3.765706939629554e-01 1.962848891041492e+00
7089 1.926387884492788e+00 -3.765706939568476e-01 1.962848891042747e+00
7090 1.923810382616890e+00 -3.828503324642231e-01 1.961535308204394e+00
7091 1.923810382616888e+00 -3.828503324642178e-01 1.961535308204392e+00
7092 1.946183983472982e+00 3.236292161029260e-01 1.972908504478137e+00
7093 1.891729942143775e+00 4.525679069310455e-01 1.945111792259571e+00
7094 1.891729942186329e+00 4.525679068471896e-01 1.945111792281445e+00
7095 1.891729942135718e+00 4.525679069468507e-01 1.945111792255412e+00
7096 1.891729942135745e+00 4.525679069468515e-01 1.945111792255438e+00
7097 1.891729942143789e+00 4.525679069310473e-01 1.945111792259584e+00
7098 1.891729942186329e+00 4.525679068471879e-01 1.945111792281445e+00
7099 1.891729942178298e+00 4.525679068629965e-01 1.945111792277313e+00
7100 1.947223427178599e+00 3.205741396940879e-01 1.973435292679690e+00
7101 1.947223427178922e+00 3.205741396930846e-01 1.973435292679846e+00
7102 1.947223427192089e+00 3.205741396542114e-01 1.973435292686524e+00
7103 1.947223427192408e+00 3.205741396532013e-01 1.973435292686673e+00
7104 1.947223427178584e+00 3.205741396940903e-01 1.973435292679676e+00
7105 1.947223427178910e+00 3.205741396930845e-01 1.973435292679834e+00
7106 1.947223427192402e+00 3.205741396532038e-01 1.973435292686669e+00
7107 1.922603867589410e+00 -3.857487567566946e-01 1.960920124586694e+00
7108 1.891729942178314e+00 4.525679068629959e-01 1.945111792277329e+00
7109 1.922603867580364e+00 -3.857487567783306e-01 1.960920124582080e+00
7110 1.922603867590241e+00 -3.857487567547045e-01 1.960920124587117e+00
7111 1.922603867589429e+00 -3.857487567566991e-01 1.960920124586712e+00
7112 1.922603867590255e+00 -3.857487567547063e-01 1.960920124587131e+00
7113 1.947223427192084e+00 3.205741396542109e-01 1.973435292686518e+00
7114 1.922603867580388e+00 3.857487567783364e-01 1.960920124582105e+00
7115 1.922603867581192e+00 3.857487567763417e-01 1.960920124582501e+00
7116 1.922603867580369e+00 3.857487567783379e-01 1.960920124582087e+00
7117 1.922603867580364e+00 -3.857487567783324e-01 1.960920124582081e+00
7118 1.922603867581196e+00 -3.857487567763417e-01 1.960920124582505e+00
7119 1.922603867589421e+00 3.857487567566942e-01 1.960920124586704e+00
7120 1.922603867581200e+00 -3.857487567763433e-01 1.960920124582509e+00
7121 1.922603867590252e+00 3.857487567547056e-01 1.960920124587128e+00
7122 1.922926661649287e+00 -3.849758137053964e-01 1.961084731269867e+00
7123 1.922926661640167e+00 -3.849758137272078e-01 1.961084731265206e+00
7124 1.922926661650840e+00 -3.849758137016185e-01 1.961084731270647e+00
7125 1.922926661638585e+00 -3.849758137309793e-01 1.961084731264394e+00
7126 1.922603867581215e+00 3.857487567763492e-01 1.960920124582525e+00
7127 1.922603867590245e+00 3.857487567547021e-01 1.960920124587120e+00
7128 1.922603867589417e+00 3.857487567566913e-01 1.960920124586700e+00
7129 1.922926661640185e+00 -3.849758137272158e-01 1.961084731265225e+00
7130 1.922926661650834e+00 -3.849758137016189e-01 1.961084731270642e+00
7131 1.922926661638614e+00 -3.849758137309837e-01 1.961084731264424e+00
7132 1.922926661649282e+00 -3.849758137053890e-01 1.961084731269860e+00
7133 1.870947210486374e+00 4.913765933881167e-01 1.934397689451798e+00
7134 1.870947210486362e+00 -4.913765933881171e-01 1.934397689451787e+00
7135 1.947223427178934e+00 -3.205741396930897e-01 1.973435292679858e+00
7136 1.947223427192077e+00 -3.205741396542086e-01 1.973435292686511e+00
7137 1.947223427178590e+00 -3.205741396940908e-01 1.973435292679681e+00
7138 1.925147858270521e+00 -3.796069546771346e-01 1.962217041064220e+00
7139 1.923810382616870e+00 -3.828503324642210e-01 1.961535308204375e+00
7140 1.885834717130326e+00 -4.640009201992297e-01 1.942078637511815e+00
7141 1.885834717137115e+00 -4.640009201863232e-01 1.942078637515324e+00
7142 1.885834717136483e+00 -4.640009201875516e-01 1.942078637515004e+00
7143 1.925147858270549e+00 3.796069546771393e-01 1.962217041064249e+00
7144 1.885834717139763e+00 -4.640009201812398e-01 1.942078637516680e+00
7145 1.926387884460490e+00 -3.765706940363034e-01 1.962848891026293e+00
7146 1.926387884462958e+00 -3.765706940301951e-01 1.962848891027543e+00
7147 1.925147858270532e+00 3.796069546771366e-01 1.962217041064231e+00
7148 1.924136636046268e+00 -3.820621388412248e-01 1.961701626678068e+00
7149 1.924136636046259e+00 -3.820621388412200e-01 1.961701626678059e+00
7150 1.924136636046932e+00 -3.820621388396008e-01 1.961701626678403e+00
7151 1.924136636046928e+00 -3.820621388395996e-01 1.961701626678399e+00
7152 1.926387884490301e+00 -3.765706939629574e-01 1.962848891041478e+00
7153 1.885834717139759e+00 -4.640009201812375e-01 1.942078637516676e+00
7154 1.891729942161934e+00 4.525679068952601e-01 1.945111792268905e+00
7155 1.923810382616892e+00 3.828503324642187e-01 1.961535308204396e+00
7156 1.923810382616892e+00 3.828503324642207e-01 1.961535308204397e+00
7157 1.925147858270550e+00 3.796069546771354e-01 1.962217041064248e+00
7158 1.891729942160116e+00 4.525679068987916e-01 1.945111792267958e+00
7159 1.923810382616871e+00 3.828503324642121e-01 1.961535308204374e+00
7160 1.925147858270577e+00 3.796069546771510e-01 1.962217041064278e+00
7161 1.926387884492786e+00 -3.765706939568474e-01 1.962848891042745e+00
7162 1.922926661638596e+00 3.849758137309780e-01 1.961084731264406e+00
7163 1.922926661649258e+00 3.849758137053885e-01 1.961084731269836e+00
7164 1.922926661650816e+00 3.849758137016132e-01 1.961084731270623e+00
7165 1.922926661649304e+00 3.849758137053883e-01 1.961084731269882e+00
7166 1.922926661640154e+00 3.849758137272081e-01 1.961084731265193e+00
7167 1.922926661638640e+00 3.849758137309847e-01 1.961084731264450e+00
7168 1.922926661650867e+00 3.849758137016217e-01 1.961084731270674e+00
7169 1.922926661640181e+00 3.849758137272118e-01 1.961084731265220e+00
7170 1.870772478544739e+00 -4.916861708614713e-01 1.934307358486971e+00
7171 1.870772478553835e+00 -4.916861708453187e-01 1.934307358491662e+00
7172 1.870772478558925e+00 -4.916861708363383e-01 1.934307358494302e+00
7173 1.870772478549801e+00 -4.916861708524883e-01 1.934307358489583e+00
7174 1.870772478544715e+00 -4.916861708614658e-01 1.934307358486945e+00
7175 1.870947210486326e+00 4.913765933880994e-01 1.934397689451748e+00
7176 1.891724287552855e+00 -4.525790481673933e-01 1.945108885116065e+00
7177 1.870772478558935e+00 -4.916861708363353e-01 1.934307358494311e+00
7178 1.923810382616874e+00 -3.828503324642210e-01 1.961535308204378e+00
7179 1.870947210486346e+00 4.913765933881193e-01 1.934397689451772e+00
7180 1.924136636046189e+00 3.820621388412088e-01 1.961701626677988e+00
7181 1.924136636046871e+00 3.820621388395859e-01 1.961701626678341e+00
7182 1.870947210486355e+00 4.913765933881118e-01 1.934397689451778e+00
7183 1.923810382616864e+00 3.828503324642138e-01 1.961535308204367e+00
7184 1.927673736036166e+00 -3.733918040619181e-01 1.963503876223381e+00
7185 1.927673736032675e+00 -3.733918040706787e-01 1.963503876221620e+00
7186 1.927673736025848e+00 -3.733918040875099e-01 1.963503876218118e+00
7187 1.891729942161924e+00 4.525679068952551e-01 1.945111792268894e+00
7188 1.927673736036171e+00 -3.733918040619232e-01 1.963503876223387e+00
7189 1.927673736029412e+00 -3.733918040787648e-01 1.963503876219955e+00
7190 1.891729942135766e+00 -4.525679069468613e-01 1.945111792255461e+00
7191 1.927673736025878e+00 -3.733918040875140e-01 1.963503876218148e+00
7192 1.891729942186338e+00 -4.525679068471927e-01 1.945111792281455e+00
7193 1.891729942143761e+00 -4.525679069310480e-01 1.945111792259558e+00
7194 1.890437712120875e+00 -4.551051314698178e-01 1.944447331274099e+00
7195 1.890437712166548e+00 -4.551051313804629e-01 1.944447331297591e+00
7196 1.891729942135720e+00 -4.525679069468507e-01 1.945111792255414e+00
7197 1.891729942178331e+00 -4.525679068630048e-01 1.945111792277347e+00
7198 1.890437712120860e+00 -4.551051314698102e-01 1.944447331274084e+00
7199 1.890437712129493e+00 -4.551051314529646e-01 1.944447331278534e+00
7200 1.890437712166526e+00 -4.551051313804564e-01 1.944447331297567e+00
7201 1.891729942186329e+00 -4.525679068471880e-01 1.945111792281446e+00
7202 1.891729942143780e+00 -4.525679069310462e-01 1.945111792259575e+00
7203 1.890437712157931e+00 -4.551051313973162e-01 1.944447331293157e+00
7204 1.888730308075442e+00 4.584304086223012e-01 1.943569040757843e+00
7205 1.888730308077383e+00 4.584304086184932e-01 1.943569040758831e+00
7206 1.888730308099494e+00 4.584304085756379e-01 1.943569040770210e+00
7207 1.888730308075444e+00 4.584304086223076e-01 1.943569040757847e+00
7208 1.888730308097530e+00 4.584304085794382e-01 1.943569040769198e+00
7209 1.888730308077365e+00 4.584304086184936e-01 1.943569040758814e+00
7210 1.888730308099487e+00 4.584304085756383e-01 1.943569040770203e+00
7211 1.890437712120914e+00 4.551051314698236e-01 1.944447331274139e+00
7212 1.890437712157942e+00 -4.551051313973180e-01 1.944447331293168e+00
7213 1.890437712166590e+00 4.551051313804726e-01 1.944447331297633e+00
7214 1.890437712120859e+00 4.551051314698111e-01 1.944447331274082e+00
7215 1.888730308097531e+00 4.584304085794428e-01 1.943569040769200e+00
7216 1.890437712166529e+00 4.551051313804582e-01 1.944447331297570e+00
7217 1.890437712157935e+00 4.551051313973184e-01 1.944447331293162e+00
7218 1.890437712129504e+00 4.551051314529672e-01 1.944447331278545e+00
7219 1.890437712129478e+00 4.551051314529588e-01 1.944447331278518e+00
7220 1.889513705149116e+00 4.569084902765246e-01 1.943972070384015e+00
7221 1.889513705134012e+00 4.569084903060207e-01 1.943972070376267e+00
7222 1.889513705137718e+00 4.569084902988834e-01 1.943972070378191e+00
7223 1.889513705145508e+00 4.569084902836716e-01 1.943972070382188e+00
7224 1.885834717143220e+00 4.640009201746378e-01 1.942078637518460e+00
7225 1.885834717133809e+00 4.640009201926309e-01 1.942078637513620e+00
7226 1.885834717130337e+00 4.640009201992307e-01 1.942078637511826e+00
7227 1.885834717143222e+00 4.640009201746383e-01 1.942078637518463e+00
7228 1.885834717130336e+00 4.640009201992314e-01 1.942078637511826e+00
7229 1.885834717137216e+00 4.640009201863548e-01 1.942078637515430e+00
7230 1.885834717136559e+00 4.640009201875618e-01 1.942078637515080e+00
7231 1.889513705133974e+00 4.569084903060090e-01 1.943972070376227e+00
7232 1.889513705137634e+00 4.569084902988653e-01 1.943972070378105e+00
7233 1.885834717139784e+00 4.640009201812410e-01 1.942078637516702e+00
7234 1.885834717133797e+00 4.640009201926300e-01 1.942078637513609e+00
7235 1.890437712157926e+00 4.551051313973106e-01 1.944447331293151e+00
7236 1.870772478553851e+00 -4.916861708453226e-01 1.934307358491679e+00
7237 1.924136636046251e+00 3.820621388412213e-01 1.961701626678051e+00
7238 1.924136636046921e+00 3.820621388395908e-01 1.961701626678390e+00
7239 1.946970254858142e+00 3.213212357332653e-01 1.973306998374944e+00
7240 1.870772478549831e+00 -4.916861708524927e-01 1.934307358489613e+00
7241 1.891729942160168e+00 4.525679068987966e-01 1.945111792268010e+00
7242 1.890437712129478e+00 -4.551051314529698e-01 1.944447331278520e+00
7243 1.891729942160151e+00 -4.525679068987910e-01 1.945111792267992e+00
7244 1.888730308087067e+00 4.584304085996806e-01 1.943569040763805e+00
7245 1.891729942178286e+00 -4.525679068629928e-01 1.945111792277300e+00
7246 1.889513705149097e+00 4.569084902765196e-01 1.943972070383995e+00
7247 1.888730308087857e+00 4.584304085982627e-01 1.943569040764238e+00
7248 1.889513705141643e+00 4.569084902912907e-01 1.943972070380222e+00
7249 1.885600527997892e+00 4.644477417314317e-01 1.941958046916914e+00
7250 1.885600528005396e+00 4.644477417172417e-01 1.941958046920807e+00
7251 1.885600527997884e+00 4.644477417314341e-01 1.941958046916907e+00
7252 1.885600528000523e+00 4.644477417264425e-01 1.941958046918275e+00
7253 1.885600528002746e+00 4.644477417222408e-01 1.941958046919429e+00
7254 1.948031817119232e+00 3.181755392573247e-01 1.973844886076549e+00
7255 1.948031817119217e+00 3.181755392573218e-01 1.973844886076534e+00
7256 1.948031817120194e+00 3.181755392545793e-01 1.973844886077056e+00
7257 1.885600528005334e+00 4.644477417172300e-01 1.941958046920744e+00
7258 1.948031817140750e+00 3.181755391932449e-01 1.973844886087457e+00
7259 1.927673736032627e+00 -3.733918040706747e-01 1.963503876221572e+00
7260 1.927673736029379e+00 -3.733918040787647e-01 1.963503876219922e+00
7261 1.924231657499908e+00 -3.818322188726085e-01 1.961750064379768e+00
7262 1.948031817140741e+00 3.181755391932370e-01 1.973844886087446e+00
7263 1.924231657499922e+00 -3.818322188726142e-01 1.961750064379783e+00
7264 1.948031817119237e+00 -3.181755392573244e-01 1.973844886076554e+00
7265 1.948031817120155e+00 -3.181755392545722e-01 1.973844886077017e+00
7266 1.948031817140768e+00 -3.181755391932466e-01 1.973844886087475e+00
7267 1.948031817120118e+00 3.181755392545677e-01 1.973844886076979e+00
7268 1.948031817139829e+00 3.181755391959893e-01 1.973844886086990e+00
7269 1.924231657499925e+00 -3.818322188726062e-01 1.961750064379784e+00
7270 1.948031817139792e+00 3.181755391959804e-01 1.973844886086952e+00
7271 1.948031817119229e+00 -3.181755392573211e-01 1.973844886076546e+00
7272 1.948031817120156e+00 -3.181755392545714e-01 1.973844886077018e+00
7273 1.948031817139838e+00 -3.181755391959900e-01 1.973844886086999e+00
7274 1.948031817140720e+00 -3.181755391932357e-01 1.973844886087425e+00
7275 1.946970254858161e+00 -3.213212357332691e-01 1.973306998374963e+00
7276 1.919732866977021e+00 -3.925448423644786e-01 1.959455468700109e+00
7277 1.919732866974220e+00 -3.925448423712440e-01 1.959455468698721e+00
7278 1.919732866967300e+00 -3.925448423875046e-01 1.959455468695199e+00
7279 1.919732866964334e+00 -3.925448423942320e-01 1.959455468693640e+00
7280 1.919732866964292e+00 -3.925448423942294e-01 1.959455468693599e+00
7281 1.946970254855444e+00 -3.213212357412760e-01 1.973306998373586e+00
7282 1.946970254858130e+00 -3.213212357332669e-01 1.973306998374933e+00
7283 1.946970254799904e+00 -3.213212359049398e-01 1.973306998345438e+00
7284 1.946970254802616e+00 -3.213212358969282e-01 1.973306998346809e+00
7285 1.920808293589428e+00 -3.900154947919915e-01 1.960004231347415e+00
7286 1.920808293581355e+00 -3.900154948110308e-01 1.960004231343292e+00
7287 1.920808293588181e+00 -3.900154947949594e-01 1.960004231346784e+00
7288 1.920808293582617e+00 -3.900154948080581e-01 1.960004231343937e+00
7289 1.920808293581367e+00 -3.900154948110320e-01 1.960004231343304e+00
7290 1.920808293589412e+00 -3.900154947919853e-01 1.960004231347398e+00
7291 1.946970254855395e+00 -3.213212357412698e-01 1.973306998373537e+00
7292 1.946970254802610e+00 -3.213212358969237e-01 1.973306998346802e+00
7293 1.946970254799880e+00 -3.213212359049389e-01 1.973306998345414e+00
7294 1.919732866976960e+00 -3.925448423644718e-01 1.959455468700049e+00
7295 1.885600528002755e+00 4.644477417222475e-01 1.941958046919440e+00
7296 1.885600528000528e+00 4.644477417264356e-01 1.941958046918279e+00
7297 1.870772478544721e+00 4.916861708614647e-01 1.934307358486952e+00
7298 1.890437712143701e+00 -4.551051314251703e-01 1.944447331285842e+00
7299 1.870772478558898e+00 4.916861708363349e-01 1.934307358494275e+00
7300 1.870772478544768e+00 4.916861708614823e-01 1.934307358487002e+00
7301 1.870772478549818e+00 4.916861708524888e-01 1.934307358489599e+00
7302 1.870772478553867e+00 4.916861708453275e-01 1.934307358491695e+00
7303 1.870772478553872e+00 4.916861708453243e-01 1.934307358491699e+00
7304 1.870772478549820e+00 4.916861708524858e-01 1.934307358489601e+00
7305 1.890437712143890e+00 4.551051314251728e-01 1.944447331286026e+00
7306 1.888730308087829e+00 4.584304085982534e-01 1.943569040764209e+00
7307 1.924231657499925e+00 3.818322188726057e-01 1.961750064379784e+00
7308 1.920808293589424e+00 3.900154947919834e-01 1.960004231347409e+00
7309 1.946970254802611e+00 3.213212358969251e-01 1.973306998346804e+00
7310 1.946970254858132e+00 3.213212357332611e-01 1.973306998374933e+00
7311 1.946970254855424e+00 3.213212357412806e-01 1.973306998373568e+00
7312 1.946970254855427e+00 3.213212357412802e-01 1.973306998373570e+00
7313 1.946970254802605e+00 3.213212358969254e-01 1.973306998346798e+00
7314 1.920808293588185e+00 3.900154947949588e-01 1.960004231346788e+00
7315 1.885834717139758e+00 4.640009201812359e-01 1.942078637516676e+00
7316 1.885834717137114e+00 4.640009201863263e-01 1.942078637515324e+00
7317 1.924231657499932e+00 -3.818322188726095e-01 1.961750064379792e+00
7318 1.889513705145471e+00 4.569084902836652e-01 1.943972070382150e+00
7319 1.948031817139809e+00 -3.181755391959806e-01 1.973844886086969e+00
7320 1.948031817129807e+00 -3.181755392260093e-01 1.973844886081938e+00
7321 1.924410188838976e+00 -3.813997939225852e-01 1.961841068412896e+00
7322 1.927673736025881e+00 3.733918040875168e-01 1.963503876218152e+00
7323 1.927673736030989e+00 -3.733918040747765e-01 1.963503876220744e+00
7324 1.927673736031051e+00 -3.733918040746679e-01 1.963503876220784e+00
7325 1.927673736036160e+00 3.733918040619204e-01 1.963503876223376e+00
7326 1.927673736025844e+00 3.733918040875142e-01 1.963503876218116e+00
7327 1.927673736036143e+00 3.733918040619259e-01 1.963503876223360e+00
7328 1.889513705141574e+00 4.569084902912688e-01 1.943972070380150e+00
7329 1.948031817130310e+00 -3.181755392245757e-01 1.973844886082203e+00
7330 1.924410188835640e+00 -3.813997939307003e-01 1.961841068411201e+00
7331 1.927673736031042e+00 -3.733918040746671e-01 1.963503876220776e+00
7332 1.924410188838972e+00 -3.813997939225767e-01 1.961841068412891e+00
7333 1.948031817129759e+00 3.181755392260017e-01 1.973844886081890e+00
7334 1.948031817130261e+00 3.181755392245659e-01 1.973844886082154e+00
7335 1.920808293582614e+00 -3.900154948080626e-01 1.960004231343936e+00
7336 1.871660531189496e+00 -4.901101083461500e-01 1.934766410271695e+00
7337 1.871660531188193e+00 -4.901101083484827e-01 1.934766410271026e+00
7338 1.871660531193350e+00 -4.901101083393430e-01 1.934766410273699e+00
7339 1.871660531194120e+00 -4.901101083379720e-01 1.934766410274096e+00
7340 1.871660531193355e+00 -4.901101083393444e-01 1.934766410273705e+00
7341 1.871660531197933e+00 -4.901101083311571e-01 1.934766410276059e+00
7342 1.871660531197960e+00 -4.901101083311559e-01 1.934766410276085e+00
7343 1.926387884492786e+00 3.765706939568461e-01 1.962848891042745e+00
7344 1.926387884462942e+00 3.765706940301898e-01 1.962848891027525e+00
7345 1.926387884492823e+00 3.765706939568568e-01 1.962848891042783e+00
7346 1.926387884490284e+00 3.765706939629561e-01 1.962848891041461e+00
7347 1.919732866974097e+00 -3.925448423712205e-01 1.959455468698595e+00
7348 1.926387884462967e+00 3.765706940301956e-01 1.962848891027551e+00
7349 1.926387884490307e+00 3.765706939629654e-01 1.962848891041486e+00
7350 1.919732866970767e+00 -3.925448423793747e-01 1.959455468696967e+00
7351 1.926387884460479e+00 3.765706940363021e-01 1.962848891026282e+00
7352 1.919732866967187e+00 -3.925448423874860e-01 1.959455468695084e+00
7353 1.871660531199247e+00 -4.901101083288303e-01 1.934766410276741e+00
7354 1.926387884460507e+00 3.765706940363043e-01 1.962848891026309e+00
7355 1.920808293588192e+00 -3.900154947949636e-01 1.960004231346796e+00
7356 1.946970254829276e+00 -3.213212358186325e-01 1.973306998360364e+00
7357 1.890437712143769e+00 -4.551051314251228e-01 1.944447331285897e+00
7358 1.890437712143664e+00 -4.551051314251946e-01 1.944447331285811e+00
7359 1.927673736030964e+00 -3.733918040747701e-01 1.963503876220718e+00
7360 1.870772478558928e+00 4.916861708363370e-01 1.934307358494305e+00
7361 1.890437712143743e+00 -4.551051314250913e-01 1.944447331285865e+00
7362 1.890437712143743e+00 4.551051314251613e-01 1.944447331285881e+00
7363 1.888730308087102e+00 4.584304085996925e-01 1.943569040763842e+00
7364 1.885834717136440e+00 4.640009201875421e-01 1.942078637514959e+00
7365 1.948031817129754e+00 3.181755392260053e-01 1.973844886081885e+00
7366 1.924410188835624e+00 -3.813997939306957e-01 1.961841068411185e+00
7367 1.948031817130248e+00 3.181755392245660e-01 1.973844886082141e+00
7368 1.924231657499923e+00 3.818322188726078e-01 1.961750064379782e+00
7369 1.871660531189518e+00 -4.901101083461532e-01 1.934766410271717e+00
7370 1.871660531188210e+00 -4.901101083484778e-01 1.934766410271041e+00
7371 1.871660531199259e+00 -4.901101083288260e-01 1.934766410276751e+00
7372 1.871660531194091e+00 -4.901101083379705e-01 1.934766410274068e+00
7373 1.946970254799899e+00 3.213212359049420e-01 1.973306998345433e+00
7374 1.920808293582634e+00 3.900154948080632e-01 1.960004231343955e+00
7375 1.920808293581340e+00 3.900154948110250e-01 1.960004231343276e+00
7376 1.920808293588149e+00 3.900154947949567e-01 1.960004231346752e+00
7377 1.920808293581321e+00 3.900154948110239e-01 1.960004231343258e+00
7378 1.920808293589407e+00 3.900154947919859e-01 1.960004231347393e+00
7379 1.924410188837108e+00 -3.813997939271572e-01 1.961841068411953e+00
7380 1.924410188837090e+00 -3.813997939271534e-01 1.961841068411934e+00
7381 1.924410188837515e+00 -3.813997939261238e-01 1.961841068412151e+00
7382 1.885600528001658e+00 4.644477417243374e-01 1.941958046918874e+00
7383 1.885600528001621e+00 4.644477417243395e-01 1.941958046918839e+00
7384 1.924410188837519e+00 -3.813997939261204e-01 1.961841068412154e+00
7385 1.927673736032643e+00 3.733918040706747e-01 1.963503876221588e+00
7386 1.946970254799897e+00 3.213212359049392e-01 1.973306998345430e+00
7387 1.946970254828837e+00 3.213212358195885e-01 1.973306998360086e+00
7388 1.946970254829157e+00 3.213212358186134e-01 1.973306998360244e+00
7389 1.946970254828855e+00 3.213212358195918e-01 1.973306998360104e+00
7390 1.885600528001605e+00 4.644477417243235e-01 1.941958046918820e+00
7391 1.885600528001579e+00 4.644477417243379e-01 1.941958046918798e+00
7392 1.927673736029393e+00 3.733918040787683e-01 1.963503876219937e+00
7393 1.927673736032622e+00 3.733918040706707e-01 1.963503876221567e+00
7394 1.946970254829191e+00 3.213212358186171e-01 1.973306998360278e+00
7395 1.927673736029373e+00 3.733918040787616e-01 1.963503876219916e+00
7396 1.927673736031057e+00 3.733918040746712e-01 1.963503876220791e+00
7397 1.924410188835624e+00 3.813997939307003e-01 1.961841068411185e+00
7398 1.924410188837101e+00 3.813997939271569e-01 1.961841068411945e+00
7399 1.924410188837524e+00 3.813997939261232e-01 1.961841068412159e+00
7400 1.924410188838984e+00 3.813997939225827e-01 1.961841068412904e+00
7401 1.924410188835612e+00 3.813997939306930e-01 1.961841068411172e+00
7402 1.924410188838976e+00 3.813997939225787e-01 1.961841068412895e+00
7403 1.920808293582597e+00 3.900154948080585e-01 1.960004231343918e+00
7404 1.927673736030975e+00 3.733918040747753e-01 1.963503876220731e+00
7405 1.927673736031044e+00 3.733918040746624e-01 1.963503876220776e+00
7406 1.927673736030974e+00 3.733918040747739e-01 1.963503876220729e+00
7407 1.924410188837513e+00 3.813997939261229e-01 1.961841068412149e+00
7408 1.924410188837095e+00 3.813997939271581e-01 1.961841068411940e+00
7409 1.890437712143686e+00 4.551051314251940e-01 1.944447331285832e+00
7410 1.890437712143731e+00 4.551051314250851e-01 1.944447331285851e+00
7411 1.948031817129722e+00 -3.181755392259960e-01 1.973844886081852e+00
7412 1.948031817130237e+00 -3.181755392245550e-01 1.973844886082128e+00
7413 1.924231657499903e+00 3.818322188726040e-01 1.961750064379763e+00
7414 1.924231657499928e+00 3.818322188726013e-01 1.961750064379785e+00
7415 1.946970254829168e+00 -3.213212358186079e-01 1.973306998360253e+00
7416 1.946970254828944e+00 -3.213212358195978e-01 1.973306998360193e+00
7417 1.946970254828855e+00 -3.213212358195842e-01 1.973306998360103e+00
7418 1.885600528005425e+00 -4.644477417172563e-01 1.941958046920838e+00
7419 1.885600527997989e+00 -4.644477417314554e-01 1.941958046917015e+00
7420 1.885600528002819e+00 -4.644477417222577e-01 1.941958046919504e+00
7421 1.885600527997902e+00 -4.644477417314366e-01 1.941958046916925e+00
7422 1.885600528005333e+00 -4.644477417172309e-01 1.941958046920743e+00
7423 1.885600528002699e+00 -4.644477417222294e-01 1.941958046919381e+00
7424 1.885600528000622e+00 -4.644477417264546e-01 1.941958046918375e+00
7425 1.888730308075465e+00 -4.584304086223092e-01 1.943569040757868e+00
7426 1.888730308077413e+00 -4.584304086185059e-01 1.943569040758864e+00
7427 1.888730308099541e+00 -4.584304085756523e-01 1.943569040770259e+00
7428 1.888730308075445e+00 -4.584304086223017e-01 1.943569040757846e+00
7429 1.888730308097539e+00 -4.584304085794435e-01 1.943569040769208e+00
7430 1.889513705149129e+00 -4.569084902765299e-01 1.943972070384029e+00
7431 1.889513705133979e+00 -4.569084903060081e-01 1.943972070376232e+00
7432 1.888730308077378e+00 -4.584304086184955e-01 1.943569040758827e+00
7433 1.888730308099493e+00 -4.584304085756420e-01 1.943569040770211e+00
7434 1.888730308087120e+00 -4.584304085996929e-01 1.943569040763860e+00
7435 1.888730308087873e+00 -4.584304085982647e-01 1.943569040764255e+00
7436 1.888730308097525e+00 -4.584304085794397e-01 1.943569040769194e+00
7437 1.889513705149107e+00 -4.569084902765198e-01 1.943972070384005e+00
7438 1.889513705137681e+00 -4.569084902988827e-01 1.943972070378155e+00
7439 1.889513705145484e+00 -4.569084902836739e-01 1.943972070382165e+00
7440 1.889513705145420e+00 -4.569084902836547e-01 1.943972070382098e+00
7441 1.889513705137628e+00 -4.569084902988638e-01 1.943972070378099e+00
7442 1.889513705133961e+00 -4.569084903060041e-01 1.943972070376213e+00
7443 1.889513705141606e+00 -4.569084902912843e-01 1.943972070380184e+00
7444 1.947320509095464e+00 3.202871415907081e-01 1.973484486438179e+00
7445 1.885834717136435e+00 -4.640009201875384e-01 1.942078637514954e+00
7446 1.885834717137079e+00 -4.640009201863160e-01 1.942078637515287e+00
7447 1.889513705141557e+00 4.569084902912682e-01 1.943972070380133e+00
7448 1.891729942161926e+00 -4.525679068952513e-01 1.945111792268895e+00
7449 1.891729942160140e+00 -4.525679068987835e-01 1.945111792267980e+00
7450 1.919732866970655e+00 -3.925448423793542e-01 1.959455468696853e+00
7451 1.919732866970619e+00 -3.925448423793436e-01 1.959455468696815e+00
7452 1.885600528000519e+00 -4.644477417264345e-01 1.941958046918269e+00
7453 1.919732866977013e+00 3.925448423644783e-01 1.959455468700102e+00
7454 1.919732866964300e+00 3.925448423942309e-01 1.959455468693607e+00
7455 1.919732866974165e+00 3.925448423712338e-01 1.959455468698665e+00
7456 1.919732866967252e+00 3.925448423874939e-01 1.959455468695149e+00
7457 1.919732866967174e+00 3.925448423874756e-01 1.959455468695069e+00
7458 1.919732866976976e+00 3.925448423644715e-01 1.959455468700064e+00
7459 1.919732866964283e+00 3.925448423942219e-01 1.959455468693589e+00
7460 1.885600528001628e+00 -4.644477417243298e-01 1.941958046918843e+00
7461 1.885600528001639e+00 -4.644477417243457e-01 1.941958046918858e+00
7462 1.889513705141581e+00 -4.569084902912732e-01 1.943972070380158e+00
7463 1.919732866974093e+00 3.925448423712188e-01 1.959455468698592e+00
7464 1.891729942161934e+00 -4.525679068952571e-01 1.945111792268905e+00
7465 1.871453643226772e+00 -4.904778768369309e-01 1.934659475570112e+00
7466 1.871453643239463e+00 -4.904778768144569e-01 1.934659475576691e+00
7467 1.888730308087123e+00 -4.584304085996942e-01 1.943569040763862e+00
7468 1.888730308087828e+00 -4.584304085982508e-01 1.943569040764207e+00
7469 1.885600528001632e+00 -4.644477417243242e-01 1.941958046918846e+00
7470 1.885600528001615e+00 -4.644477417243498e-01 1.941958046918836e+00
7471 1.923347399879326e+00 -3.839655964777249e-01 1.961299263218405e+00
7472 1.923347399857946e+00 -3.839655965291908e-01 1.961299263207514e+00
7473 1.923347399879206e+00 -3.839655964777016e-01 1.961299263218283e+00
7474 1.923347399857806e+00 -3.839655965291645e-01 1.961299263207372e+00
7475 1.871453643226783e+00 4.904778768369276e-01 1.934659475570122e+00
7476 1.871453643226763e+00 4.904778768369258e-01 1.934659475570102e+00
7477 1.871453643235026e+00 4.904778768222403e-01 1.934659475574372e+00
7478 1.871453643239386e+00 4.904778768144414e-01 1.934659475576613e+00
7479 1.871453643239390e+00 4.904778768144412e-01 1.934659475576617e+00
7480 1.871660531188241e+00 4.901101083484916e-01 1.934766410271075e+00
7481 1.871660531199281e+00 4.901101083288382e-01 1.934766410276775e+00
7482 1.871660531188212e+00 4.901101083484813e-01 1.934766410271043e+00
7483 1.871660531189550e+00 4.901101083461666e-01 1.934766410271752e+00
7484 1.871660531197989e+00 4.901101083311692e-01 1.934766410276117e+00
7485 1.871660531199253e+00 4.901101083288294e-01 1.934766410276746e+00
7486 1.871660531197963e+00 4.901101083311570e-01 1.934766410276088e+00
7487 1.871660531189540e+00 4.901101083461619e-01 1.934766410271740e+00
7488 1.920720707380266e+00 -3.902222174658885e-01 1.959959544164967e+00
7489 1.920720707383470e+00 -3.902222174582500e-01 1.959959544166586e+00
7490 1.920720707399198e+00 -3.902222174211421e-01 1.959959544174611e+00
7491 1.920720707402359e+00 -3.902222174134931e-01 1.959959544176186e+00
7492 1.947320509143284e+00 -3.202871414493257e-01 1.973484486462419e+00
7493 1.947320509104938e+00 -3.202871415627145e-01 1.973484486442984e+00
7494 1.947320509095469e+00 -3.202871415907111e-01 1.973484486438185e+00
7495 1.920720707402393e+00 -3.902222174134962e-01 1.959959544176220e+00
7496 1.947320509104900e+00 -3.202871415627114e-01 1.973484486442947e+00
7497 1.947320509095428e+00 -3.202871415907044e-01 1.973484486438143e+00
7498 1.947320509143245e+00 -3.202871414493207e-01 1.973484486462380e+00
7499 1.920720707380190e+00 -3.902222174658722e-01 1.959959544164890e+00
7500 1.947320509143255e+00 3.202871414493237e-01 1.973484486462391e+00
7501 1.947320509133813e+00 -3.202871414773147e-01 1.973484486457617e+00
7502 1.947320509095436e+00 3.202871415907032e-01 1.973484486438150e+00
7503 1.947320509143248e+00 3.202871414493220e-01 1.973484486462383e+00
7504 1.947320509133787e+00 -3.202871414773150e-01 1.973484486457591e+00
7505 1.926486393546384e+00 -3.763282643989463e-01 1.962899077157273e+00
7506 1.926486393565006e+00 -3.763282643531067e-01 1.962899077166762e+00
7507 1.926486393562946e+00 -3.763282643581834e-01 1.962899077165714e+00
7508 1.926486393548455e+00 -3.763282643938784e-01 1.962899077158335e+00
7509 1.947320509104907e+00 3.202871415627129e-01 1.973484486442954e+00
7510 1.947320509133790e+00 3.202871414773117e-01 1.973484486457594e+00
7511 1.920720707399186e+00 3.902222174211377e-01 1.959959544174599e+00
7512 1.920720707402450e+00 3.902222174135087e-01 1.959959544176278e+00
7513 1.920720707383470e+00 3.902222174582479e-01 1.959959544166585e+00
7514 1.920720707380221e+00 3.902222174658788e-01 1.959959544164920e+00
7515 1.920720707380172e+00 3.902222174658670e-01 1.959959544164870e+00
7516 1.920720707399127e+00 3.902222174211259e-01 1.959959544174538e+00
7517 1.947320509104921e+00 3.202871415627147e-01 1.973484486442967e+00
7518 1.926486393546280e+00 -3.763282643989304e-01 1.962899077157168e+00
7519 1.926486393548334e+00 -3.763282643938546e-01 1.962899077158211e+00
7520 1.920720707383420e+00 3.902222174582424e-01 1.959959544166535e+00
7521 1.920720707402374e+00 3.902222174134904e-01 1.959959544176200e+00
7522 1.926486393562835e+00 -3.763282643581653e-01 1.962899077165601e+00
7523 1.947320509133796e+00 3.202871414773115e-01 1.973484486457600e+00
7524 1.926486393564887e+00 -3.763282643530847e-01 1.962899077166641e+00
7525 1.947320509119206e+00 3.202871415205832e-01 1.973484486450225e+00
7526 1.947320509119571e+00 3.202871415194603e-01 1.973484486450403e+00
7527 1.926486393546307e+00 3.763282643989356e-01 1.962899077157196e+00
7528 1.926486393548362e+00 3.763282643938572e-01 1.962899077158240e+00
7529 1.926486393564894e+00 3.763282643530869e-01 1.962899077166648e+00
7530 1.926486393562826e+00 3.763282643581631e-01 1.962899077165591e+00
7531 1.926486393564899e+00 3.763282643530850e-01 1.962899077166653e+00
7532 1.926486393546281e+00 3.763282643989281e-01 1.962899077157168e+00
7533 1.947733525314556e+00 -3.190629483696899e-01 1.973693758073077e+00
7534 1.947733525303960e+00 -3.190629484011405e-01 1.973693758067705e+00
7535 1.947733525305475e+00 -3.190629483966759e-01 1.973693758068479e+00
7536 1.947733525314540e+00 -3.190629483696818e-01 1.973693758073060e+00
7537 1.947733525313044e+00 -3.190629483741536e-01 1.973693758072307e+00
7538 1.926486393562846e+00 3.763282643581682e-01 1.962899077165612e+00
7539 1.947733525303975e+00 3.190629484011414e-01 1.973693758067721e+00
7540 1.947733525305498e+00 3.190629483966732e-01 1.973693758068501e+00
7541 1.947733525314550e+00 3.190629483696870e-01 1.973693758073071e+00
7542 1.947733525303955e+00 -3.190629484011386e-01 1.973693758067700e+00
7543 1.947733525305455e+00 -3.190629483966729e-01 1.973693758068458e+00
7544 1.926486393555439e+00 3.763282643764861e-01 1.962899077161854e+00
7545 1.947733525303960e+00 3.190629484011352e-01 1.973693758067704e+00
7546 1.947733525305468e+00 3.190629483966758e-01 1.973693758068471e+00
7547 1.947733525313068e+00 3.190629483741587e-01 1.973693758072331e+00
7548 1.947733525313038e+00 -3.190629483741585e-01 1.973693758072302e+00
7549 1.947733525314531e+00 3.190629483696861e-01 1.973693758073052e+00
7550 1.947733525313052e+00 3.190629483741584e-01 1.973693758072315e+00
7551 1.871453643226743e+00 -4.904778768369185e-01 1.934659475570081e+00
7552 1.871453643231152e+00 -4.904778768291312e-01 1.934659475572371e+00
7553 1.871453643235036e+00 -4.904778768222453e-01 1.934659475574383e+00
7554 1.871453643239394e+00 -4.904778768144419e-01 1.934659475576620e+00
7555 1.889513705141521e+00 -4.569084902912577e-01 1.943972070380096e+00
7556 1.871453643235002e+00 -4.904778768222340e-01 1.934659475574347e+00
7557 1.920720707399153e+00 -3.902222174211305e-01 1.959959544174565e+00
7558 1.920720707383410e+00 -3.902222174582348e-01 1.959959544166525e+00
7559 1.871453643235037e+00 4.904778768222422e-01 1.934659475574383e+00
7560 1.871453643233092e+00 4.904778768257136e-01 1.934659475573382e+00
7561 1.871453643231147e+00 4.904778768291304e-01 1.934659475572367e+00
7562 1.871453643231126e+00 4.904778768291262e-01 1.934659475572345e+00
7563 1.871453643233140e+00 4.904778768256756e-01 1.934659475573419e+00
7564 1.923347399873144e+00 -3.839655964923330e-01 1.961299263215202e+00
7565 1.926486393555508e+00 -3.763282643764966e-01 1.962899077161924e+00
7566 1.923347399873107e+00 -3.839655964923269e-01 1.961299263215165e+00
7567 1.923347399863917e+00 -3.839655965145495e-01 1.961299263210503e+00
7568 1.919732866970802e+00 3.925448423793839e-01 1.959455468697003e+00
7569 1.923347399863866e+00 -3.839655965145343e-01 1.961299263210450e+00
7570 1.947320509119531e+00 3.202871415194423e-01 1.973484486450361e+00
7571 1.947320509119185e+00 -3.202871415205836e-01 1.973484486450205e+00
7572 1.920902827261858e+00 3.897922304132515e-01 1.960052462224707e+00
7573 1.920902827262920e+00 3.897922304107820e-01 1.960052462225257e+00
7574 1.923347399857889e+00 3.839655965291808e-01 1.961299263207456e+00
7575 1.923347399879287e+00 3.839655964777209e-01 1.961299263218366e+00
7576 1.920902827261852e+00 3.897922304132508e-01 1.960052462224701e+00
7577 1.920902827262907e+00 3.897922304107765e-01 1.960052462225243e+00
7578 1.926486393555826e+00 3.763282643755503e-01 1.962899077162055e+00
7579 1.920902827286673e+00 3.897922303545790e-01 1.960052462237359e+00
7580 1.920902827285688e+00 3.897922303570556e-01 1.960052462236886e+00
7581 1.920902827285630e+00 3.897922303570469e-01 1.960052462236827e+00
7582 1.926486393548303e+00 3.763282643938495e-01 1.962899077158180e+00
7583 1.926486393555374e+00 3.763282643764735e-01 1.962899077161788e+00
7584 1.923347399857805e+00 3.839655965291681e-01 1.961299263207371e+00
7585 1.947320509119530e+00 -3.202871415194493e-01 1.973484486450360e+00
7586 1.920902827286687e+00 3.897922303545798e-01 1.960052462237372e+00
7587 1.947320509119186e+00 -3.202871415205840e-01 1.973484486450205e+00
7588 1.923347399879201e+00 3.839655964777014e-01 1.961299263218278e+00
7589 1.923347399863936e+00 3.839655965145514e-01 1.961299263210523e+00
7590 1.947320509119539e+00 -3.202871415194484e-01 1.973484486450370e+00
7591 1.923347399873125e+00 3.839655964923319e-01 1.961299263215184e+00
7592 1.923347399863846e+00 3.839655965145332e-01 1.961299263210431e+00
7593 1.947733525309651e+00 -3.190629483843695e-01 1.973693758070610e+00
7594 1.947619662546948e+00 -3.194009630451959e-01 1.973636067043184e+00
7595 1.947619662544795e+00 -3.194009630515552e-01 1.973636067042088e+00
7596 1.947619662538417e+00 -3.194009630707316e-01 1.973636067038897e+00
7597 1.947733525309617e+00 3.190629483843672e-01 1.973693758070576e+00
7598 1.923347399873083e+00 3.839655964923205e-01 1.961299263215141e+00
7599 1.947619662546982e+00 -3.194009630451982e-01 1.973636067043217e+00
7600 1.947619662544825e+00 -3.194009630515617e-01 1.973636067042119e+00
7601 1.947733525309601e+00 3.190629483843606e-01 1.973693758070559e+00
7602 1.947733525308931e+00 3.190629483864730e-01 1.973693758070239e+00
7603 1.947733525308903e+00 3.190629483864635e-01 1.973693758070210e+00
7604 1.925710805809201e+00 -3.782320769654213e-01 1.962503913793779e+00
7605 1.925710805806108e+00 -3.782320769729789e-01 1.962503913792200e+00
7606 1.925710805806436e+00 -3.782320769721853e-01 1.962503913792369e+00
7607 1.925710805808892e+00 -3.782320769662166e-01 1.962503913793628e+00
7608 1.925710805809162e+00 -3.782320769654088e-01 1.962503913793738e+00
7609 1.925710805808827e+00 -3.782320769662052e-01 1.962503913793563e+00
7610 1.947619662538374e+00 -3.194009630707288e-01 1.973636067038855e+00
7611 1.947619662541638e+00 -3.194009630611412e-01 1.973636067040524e+00
7612 1.947619662536285e+00 -3.194009630770980e-01 1.973636067037825e+00
7613 1.925710805806371e+00 -3.782320769721729e-01 1.962503913792303e+00
7614 1.925710805806046e+00 -3.782320769729660e-01 1.962503913792137e+00
7615 1.871660531194232e+00 4.901101083380000e-01 1.934766410274212e+00
7616 1.871660531193410e+00 4.901101083393554e-01 1.934766410273761e+00
7617 1.871453643231126e+00 -4.904778768291226e-01 1.934659475572345e+00
7618 1.947320509119122e+00 3.202871415205666e-01 1.973484486450140e+00
7619 1.947733525308950e+00 -3.190629483864702e-01 1.973693758070258e+00
7620 1.920720707391346e+00 -3.902222174395827e-01 1.959959544170588e+00
7621 1.920720707391286e+00 -3.902222174397925e-01 1.959959544170570e+00
7622 1.947733525309640e+00 -3.190629483843655e-01 1.973693758070598e+00
7623 1.947733525308906e+00 -3.190629483864643e-01 1.973693758070214e+00
7624 1.919732866970656e+00 3.925448423793496e-01 1.959455468696853e+00
7625 1.947619662544916e+00 3.194009630515768e-01 1.973636067042211e+00
7626 1.947619662547012e+00 3.194009630452040e-01 1.973636067043248e+00
7627 1.923347399869448e+00 -3.839655965013180e-01 1.961299263213337e+00
7628 1.947619662544831e+00 3.194009630515606e-01 1.973636067042124e+00
7629 1.947619662536267e+00 3.194009630770965e-01 1.973636067037806e+00
7630 1.947619662546996e+00 3.194009630451961e-01 1.973636067043231e+00
7631 1.923347399867704e+00 -3.839655965055846e-01 1.961299263212462e+00
7632 1.923347399867603e+00 -3.839655965055651e-01 1.961299263212359e+00
7633 1.947619662538495e+00 3.194009630707411e-01 1.973636067038976e+00
7634 1.926486393555800e+00 3.763282643755452e-01 1.962899077162028e+00
7635 1.947619662536233e+00 -3.194009630770932e-01 1.973636067037772e+00
7636 1.923347399867684e+00 3.839655965055793e-01 1.961299263212442e+00
7637 1.920902827261928e+00 -3.897922304132655e-01 1.960052462224778e+00
7638 1.920902827263004e+00 -3.897922304107981e-01 1.960052462225342e+00
7639 1.920902827274677e+00 3.897922303830271e-01 1.960052462231259e+00
7640 1.923347399867622e+00 3.839655965055668e-01 1.961299263212378e+00
7641 1.920902827261889e+00 -3.897922304132574e-01 1.960052462224738e+00
7642 1.923347399869468e+00 3.839655965013218e-01 1.961299263213357e+00
7643 1.920902827262919e+00 -3.897922304107824e-01 1.960052462225256e+00
7644 1.920902827274658e+00 3.897922303830179e-01 1.960052462231239e+00
7645 1.920902827273929e+00 3.897922303848091e-01 1.960052462230881e+00
7646 1.920902827286864e+00 -3.897922303546133e-01 1.960052462237553e+00
7647 1.947619662536243e+00 3.194009630770966e-01 1.973636067037783e+00
7648 1.920902827273999e+00 -3.897922303848231e-01 1.960052462230952e+00
7649 1.920902827274767e+00 -3.897922303830468e-01 1.960052462231352e+00
7650 1.920902827286705e+00 -3.897922303545848e-01 1.960052462237390e+00
7651 1.920902827285775e+00 -3.897922303570757e-01 1.960052462236975e+00
7652 1.923347399869395e+00 3.839655965013089e-01 1.961299263213284e+00
7653 1.920902827273910e+00 3.897922303848148e-01 1.960052462230863e+00
7654 1.925710805809184e+00 3.782320769654157e-01 1.962503913793761e+00
7655 1.925710805806119e+00 3.782320769729828e-01 1.962503913792212e+00
7656 1.925710805806461e+00 3.782320769721873e-01 1.962503913792394e+00
7657 1.925710805809154e+00 3.782320769654095e-01 1.962503913793730e+00
7658 1.925710805806073e+00 3.782320769729753e-01 1.962503913792165e+00
7659 1.925710805807575e+00 -3.782320769694694e-01 1.962503913792964e+00
7660 1.925710805807519e+00 -3.782320769694651e-01 1.962503913792907e+00
7661 1.925710805808887e+00 3.782320769662149e-01 1.962503913793624e+00
7662 1.925710805806386e+00 3.782320769721769e-01 1.962503913792318e+00
7663 1.925710805807549e+00 3.782320769694716e-01 1.962503913792938e+00
7664 1.925710805807786e+00 -3.782320769689351e-01 1.962503913793067e+00
7665 1.925710805807719e+00 -3.782320769689327e-01 1.962503913793001e+00
7666 1.925710805807764e+00 3.782320769689300e-01 1.962503913793044e+00
7667 1.925710805808836e+00 3.782320769662089e-01 1.962503913793572e+00
7668 1.920902827274657e+00 -3.897922303830205e-01 1.960052462231238e+00
7669 1.889513705141558e+00 -4.569084902912668e-01 1.943972070380133e+00
7670 1.926486393555921e+00 -3.763282643755703e-01 1.962899077162152e+00
7671 1.947619662538365e+00 3.194009630707221e-01 1.973636067038844e+00
7672 1.923347399869365e+00 -3.839655965013045e-01 1.961299263213253e+00
7673 1.919732866970600e+00 3.925448423793397e-01 1.959455468696796e+00
7674 1.919732866970616e+00 3.925448423793452e-01 1.959455468696813e+00
7675 1.870747201798429e+00 -4.917309330778570e-01 1.934294290841565e+00
7676 1.870747201794740e+00 -4.917309330843410e-01 1.934294290839646e+00
7677 1.870747201798977e+00 -4.917309330767659e-01 1.934294290841817e+00
7678 1.870747201798987e+00 -4.917309330767676e-01 1.934294290841828e+00
7679 1.871660531194097e+00 4.901101083379675e-01 1.934766410274073e+00
7680 1.871660531193353e+00 4.901101083393466e-01 1.934766410273703e+00
7681 1.871043149128055e+00 -4.912065067172562e-01 1.934447284921561e+00
7682 1.871043149118628e+00 -4.912065067339633e-01 1.934447284916685e+00
7683 1.871043149118499e+00 -4.912065067339255e-01 1.934447284916551e+00
7684 1.871043149127927e+00 -4.912065067172209e-01 1.934447284921428e+00
7685 1.920720707391319e+00 -3.902222174395753e-01 1.959959544170560e+00
7686 1.920720707391220e+00 -3.902222174397781e-01 1.959959544170503e+00
7687 1.871453643233072e+00 -4.904778768257052e-01 1.934659475573361e+00
7688 1.871453643233105e+00 -4.904778768256643e-01 1.934659475573382e+00
7689 1.871453643233083e+00 -4.904778768257027e-01 1.934659475573370e+00
7690 1.871453643233086e+00 -4.904778768256661e-01 1.934659475573364e+00
7691 1.925710805807506e+00 3.782320769694617e-01 1.962503913792894e+00
7692 1.871043149124688e+00 -4.912065067231264e-01 1.934447284919795e+00
7693 1.871043149121920e+00 -4.912065067280729e-01 1.934447284918373e+00
7694 1.925710805807730e+00 3.782320769689254e-01 1.962503913793010e+00
7695 1.920902827285629e+00 -3.897922303570476e-01 1.960052462236826e+00
7696 1.871043149128023e+00 4.912065067172467e-01 1.934447284921528e+00
7697 1.871043149118617e+00 4.912065067339523e-01 1.934447284916671e+00
7698 1.871043149127918e+00 4.912065067172183e-01 1.934447284921419e+00
7699 1.871043149118491e+00 4.912065067339258e-01 1.934447284916543e+00
7700 1.871043149124616e+00 -4.912065067231079e-01 1.934447284919721e+00
7701 1.920902827273900e+00 -3.897922303848087e-01 1.960052462230852e+00
7702 1.871043149124675e+00 4.912065067231253e-01 1.934447284919782e+00
7703 1.871043149121920e+00 4.912065067280717e-01 1.934447284918373e+00
7704 1.871043149121830e+00 4.912065067280515e-01 1.934447284918281e+00
7705 1.870747201795355e+00 4.917309330832664e-01 1.934294290839967e+00
7706 1.870747201794779e+00 4.917309330843420e-01 1.934294290839683e+00
7707 1.870747201796981e+00 4.917309330803409e-01 1.934294290840796e+00
7708 1.870747201796752e+00 4.917309330807568e-01 1.934294290840680e+00
7709 1.870747201798439e+00 4.917309330778599e-01 1.934294290841575e+00
7710 1.870747201799000e+00 4.917309330767697e-01 1.934294290841841e+00
7711 1.870747201798958e+00 4.917309330767613e-01 1.934294290841798e+00
7712 1.870747201798344e+00 4.917309330778378e-01 1.934294290841478e+00
7713 1.871043149124638e+00 4.912065067231106e-01 1.934447284919743e+00
7714 1.926486393555757e+00 -3.763282643755310e-01 1.962899077161983e+00
7715 1.947619662541581e+00 -3.194009630611414e-01 1.973636067040468e+00
7716 1.947619662541586e+00 -3.194009630611432e-01 1.973636067040473e+00
7717 1.947619662541591e+00 -3.194009630611394e-01 1.973636067040477e+00
7718 1.920720707391356e+00 3.902222174395871e-01 1.959959544170599e+00
7719 1.920720707391245e+00 3.902222174397874e-01 1.959959544170529e+00
7720 1.920720707391325e+00 3.902222174395815e-01 1.959959544170567e+00
7721 1.920720707391246e+00 3.902222174397869e-01 1.959959544170530e+00
7722 1.947619662541791e+00 3.194009630611761e-01 1.973636067040681e+00
7723 1.947619662541623e+00 3.194009630611459e-01 1.973636067040510e+00
7724 1.947619662541610e+00 3.194009630611470e-01 1.973636067040497e+00
7725 1.947619662541598e+00 3.194009630611419e-01 1.973636067040486e+00
7726 1.924187494514605e+00 -3.819390987562334e-01 1.961727552236834e+00
7727 1.924187494534527e+00 -3.819390987077406e-01 1.961727552246933e+00
7728 1.924187494536000e+00 -3.819390987041701e-01 1.961727552247683e+00
7729 1.924187494525579e+00 -3.819390987295010e-01 1.961727552242392e+00
7730 1.924187494524965e+00 -3.819390987308856e-01 1.961727552242060e+00
7731 1.924187494515983e+00 -3.819390987526511e-01 1.961727552237487e+00
7732 1.924187494534486e+00 -3.819390987077287e-01 1.961727552246890e+00
7733 1.924187494535965e+00 -3.819390987041549e-01 1.961727552247645e+00
7734 1.924187494515911e+00 -3.819390987526322e-01 1.961727552237413e+00
7735 1.871043149121814e+00 -4.912065067280429e-01 1.934447284918263e+00
7736 1.871043149123254e+00 -4.912065067255695e-01 1.934447284919028e+00
7737 1.871043149123232e+00 -4.912065067255931e-01 1.934447284919013e+00
7738 1.871043149123218e+00 -4.912065067255950e-01 1.934447284919000e+00
7739 1.870747201794704e+00 4.917309330843311e-01 1.934294290839608e+00
7740 1.870747201794720e+00 -4.917309330843276e-01 1.934294290839622e+00
7741 1.870747201795365e+00 -4.917309330832646e-01 1.934294290839976e+00
7742 1.870747201796697e+00 4.917309330807458e-01 1.934294290840624e+00
7743 1.870747201795303e+00 4.917309330832440e-01 1.934294290839911e+00
7744 1.870747201798355e+00 -4.917309330778346e-01 1.934294290841488e+00
7745 1.870747201795329e+00 -4.917309330832582e-01 1.934294290839940e+00
7746 1.870747201797013e+00 -4.917309330803525e-01 1.934294290840829e+00
7747 1.870747201796785e+00 -4.917309330807696e-01 1.934294290840716e+00
7748 1.871043149123274e+00 4.912065067255820e-01 1.934447284919051e+00
7749 1.871043149123258e+00 4.912065067255988e-01 1.934447284919039e+00
7750 1.871043149123199e+00 4.912065067255866e-01 1.934447284918980e+00
7751 1.870747201796719e+00 -4.917309330807504e-01 1.934294290840647e+00
7752 1.870747201796954e+00 -4.917309330803368e-01 1.934294290840768e+00
7753 1.924187494536020e+00 3.819390987041711e-01 1.961727552247702e+00
7754 1.924187494514532e+00 3.819390987562238e-01 1.961727552236760e+00
7755 1.924187494515976e+00 3.819390987526461e-01 1.961727552237479e+00
7756 1.924187494514453e+00 3.819390987562047e-01 1.961727552236678e+00
7757 1.924187494534538e+00 3.819390987077423e-01 1.961727552246944e+00
7758 1.871043149123214e+00 4.912065067255553e-01 1.934447284918986e+00
7759 1.924187494535961e+00 3.819390987041565e-01 1.961727552247641e+00
7760 1.924187494515929e+00 3.819390987526349e-01 1.961727552237432e+00
7761 1.924187494524971e+00 3.819390987308917e-01 1.961727552242067e+00
7762 1.924187494525561e+00 3.819390987295005e-01 1.961727552242375e+00
7763 1.924187494524923e+00 3.819390987308778e-01 1.961727552242017e+00
7764 1.924187494534470e+00 3.819390987077276e-01 1.961727552246874e+00
7765 1.870747201796936e+00 4.917309330803316e-01 1.934294290840750e+00
7766 1.889513705141532e+00 4.569084902912572e-01 1.943972070380106e+00
7767 1.926486393555388e+00 -3.763282643764808e-01 1.962899077161804e+00
7768 1.924187494514445e+00 -3.819390987562053e-01 1.961727552236671e+00
7769 1.924187494525488e+00 3.819390987294846e-01 1.961727552242299e+00
7770 1.924187494525469e+00 -3.819390987294819e-01 1.961727552242281e+00
7771 1.924187494524906e+00 -3.819390987308758e-01 1.961727552242000e+00
7772 1.919732866970605e+00 -3.925448423793443e-01 1.959455468696802e+00
7773 1.871453643233062e+00 4.904778768256528e-01 1.934659475573338e+00
7774 1.871453643233044e+00 4.904778768257023e-01 1.934659475573333e+00
7775 1.871043149123215e+00 -4.912065067255591e-01 1.934447284918988e+00
