0 5.352629612170953e-02 -3.211968790384329e-01 3.256263187774273e-01
1 5.352629612178206e-02 -3.211968790384532e-01 3.256263187774591e-01
2 5.352629612178153e-02 3.211968790384506e-01 3.256263187774564e-01
3 5.352629612171100e-02 3.211968790384302e-01 3.256263187774248e-01
4 5.352629612170781e-02 -3.211968790384188e-01 3.256263187774130e-01
5 5.352629612178397e-02 -3.211968790384554e-01 3.256263187774616e-01
6 5.352629612170956e-02 3.211968790384299e-01 3.256263187774242e-01
7 5.352629612178238e-02 3.211968790384497e-01 3.256263187774558e-01
8 2.024374737736656e-01 -5.997542475203140e-01 6.329977000009729e-01
9 2.024374737738894e-01 -5.997542475201982e-01 6.329977000009348e-01
10 1.558704547410693e-01 -5.334133901295121e-01 5.557206523341083e-01
11 1.558704547409890e-01 -5.334133901298864e-01 5.557206523344451e-01
12 2.024374737738894e-01 -5.997542475201977e-01 6.329977000009341e-01
13 2.024374737736657e-01 -5.997542475203147e-01 6.329977000009736e-01
14 1.558704547410661e-01 -5.334133901295057e-01 5.557206523341013e-01
15 1.558704547409849e-01 -5.334133901298813e-01 5.557206523344390e-01
16 1.558704547950830e-01 -5.334133902150822e-01 5.557206524313935e-01
17 1.558704547951655e-01 -5.334133902147052e-01 5.557206524310547e-01
18 1.558704547951601e-01 -5.334133902147093e-01 5.557206524310572e-01
19 1.558704547950823e-01 -5.334133902150910e-01 5.557206524314018e-01
20 1.558704547950787e-01 5.334133902150739e-01 5.557206524313842e-01
21 1.558704547951593e-01 5.334133902146954e-01 5.557206524310435e-01
22 2.024374737738908e-01 5.997542475202043e-01 6.329977000009409e-01
23 2.024374737736666e-01 5.997542475203201e-01 6.329977000009790e-01
24 2.024374737738923e-01 5.997542475201947e-01 6.329977000009324e-01
25 2.024374737736623e-01 5.997542475203090e-01 6.329977000009671e-01
26 1.558704547951658e-01 5.334133902147062e-01 5.557206524310558e-01
27 1.558704547950790e-01 5.334133902150708e-01 5.557206524313814e-01
28 1.558704547410658e-01 5.334133901295098e-01 5.557206523341051e-01
29 1.558704547409844e-01 5.334133901298830e-01 5.557206523344405e-01
30 1.558704547410693e-01 5.334133901295123e-01 5.557206523341085e-01
31 1.558704547409875e-01 5.334133901298790e-01 5.557206523344375e-01
32 3.089199874896339e-01 -7.183274326993305e-01 7.819372476350048e-01
33 3.089199874895096e-01 -7.183274327003530e-01 7.819372476358949e-01
34 3.089199875286266e-01 -7.183274327380264e-01 7.819372476859576e-01
35 3.089199875287482e-01 -7.183274327369999e-01 7.819372476850628e-01
36 3.089199875286248e-01 7.183274327380189e-01 7.819372476859501e-01
37 3.089199875287506e-01 7.183274327370014e-01 7.819372476850650e-01
38 3.089199874896304e-01 7.183274326993243e-01 7.819372476349976e-01
39 3.089199874895081e-01 7.183274327003566e-01 7.819372476358977e-01
40 3.089199874896421e-01 -7.183274326993400e-01 7.819372476350167e-01
41 3.089199874895120e-01 -7.183274327003588e-01 7.819372476359012e-01
42 3.089199875286346e-01 -7.183274327380403e-01 7.819372476859736e-01
43 3.089199875287515e-01 -7.183274327369918e-01 7.819372476850567e-01
44 3.089199874896309e-01 7.183274326993347e-01 7.819372476350075e-01
45 3.089199874895059e-01 7.183274327003557e-01 7.819372476358959e-01
46 3.089199875286234e-01 7.183274327380283e-01 7.819372476859582e-01
47 3.089199875287481e-01 7.183274327369986e-01 7.819372476850615e-01
48 3.289971330022732e-01 -7.374079968533325e-01 8.074711557368225e-01
49 3.289971330022750e-01 -7.374079968533397e-01 8.074711557368297e-01
50 3.289971330029353e-01 -7.374079968509237e-01 8.074711557348924e-01
51 3.289971330733859e-01 -7.374079969169784e-01 8.074711558239202e-01
52 3.289971330029379e-01 -7.374079968509274e-01 8.074711557348969e-01
53 3.289971330733971e-01 -7.374079969169989e-01 8.074711558239435e-01
54 3.289971331438397e-01 -7.374079969830530e-01 8.074711559129674e-01
55 3.289971331445000e-01 -7.374079969806404e-01 8.074711559110331e-01
56 3.289971331438422e-01 -7.374079969830544e-01 8.074711559129696e-01
57 3.289971331445022e-01 -7.374079969806451e-01 8.074711559110382e-01
58 3.289971331438382e-01 7.374079969830556e-01 8.074711559129691e-01
59 3.289971331445009e-01 7.374079969806471e-01 8.074711559110396e-01
60 3.289971330022738e-01 7.374079968533410e-01 8.074711557368306e-01
61 3.289971330029351e-01 7.374079968509325e-01 8.074711557349006e-01
62 3.289971330733934e-01 -7.374079969169964e-01 8.074711558239397e-01
63 3.289971330733801e-01 -7.374079969169809e-01 8.074711558239202e-01
64 3.289971331438433e-01 7.374079969830503e-01 8.074711559129663e-01
65 3.289971330733991e-01 7.374079969170064e-01 8.074711558239511e-01
66 3.289971330733855e-01 7.374079969169909e-01 8.074711558239315e-01
67 3.289971331445053e-01 7.374079969806404e-01 8.074711559110355e-01
68 3.289971330022767e-01 7.374079968533341e-01 8.074711557368255e-01
69 3.289971330029387e-01 7.374079968509253e-01 8.074711557348953e-01
70 3.289971330733911e-01 7.374079969170045e-01 8.074711558239461e-01
71 3.289971330733775e-01 7.374079969169717e-01 8.074711558239106e-01
72 4.458428587093889e-01 -8.257365337035624e-01 9.384117847485370e-01
73 4.458428587095645e-01 -8.257365337032718e-01 9.384117847483647e-01
74 4.458428587095696e-01 8.257365337032841e-01 9.384117847483781e-01
75 4.458428587093933e-01 8.257365337035742e-01 9.384117847485495e-01
76 4.458428587095775e-01 -8.257365337032946e-01 9.384117847483909e-01
77 4.458428587094003e-01 -8.257365337035732e-01 9.384117847485520e-01
78 4.458428587095667e-01 8.257365337032689e-01 9.384117847483633e-01
79 4.458428587093790e-01 8.257365337035524e-01 9.384117847485235e-01
80 4.826038787061313e-01 -8.495583095395113e-01 9.770649031921239e-01
81 4.826038787058414e-01 -8.495583095453290e-01 9.770649031970392e-01
82 4.826038786117693e-01 -8.495583094869514e-01 9.770649030998146e-01
83 4.826038786120530e-01 -8.495583094811298e-01 9.770649030948928e-01
84 4.826038786120460e-01 -8.495583094811218e-01 9.770649030948824e-01
85 4.826038786117556e-01 -8.495583094869408e-01 9.770649030997987e-01
86 4.826038786589278e-01 -8.495583095132160e-01 9.770649031459449e-01
87 4.826038786589605e-01 -8.495583095132447e-01 9.770649031459860e-01
88 4.826038787058342e-01 -8.495583095453231e-01 9.770649031970304e-01
89 4.826038787061209e-01 -8.495583095395024e-01 9.770649031921110e-01
90 4.826038786120429e-01 8.495583094811191e-01 9.770649030948785e-01
91 4.826038786117561e-01 8.495583094869398e-01 9.770649030997979e-01
92 4.826038787058324e-01 8.495583095453203e-01 9.770649031970272e-01
93 4.826038787061195e-01 8.495583095395000e-01 9.770649031921083e-01
94 4.826038786589550e-01 8.495583095132442e-01 9.770649031459827e-01
95 4.826038786589219e-01 8.495583095132171e-01 9.770649031459429e-01
96 5.511500404840191e-01 -8.855535076555230e-01 1.043058666636991e+00
97 5.511500404841395e-01 -8.855535076566836e-01 1.043058666638039e+00
98 5.511500405051448e-01 -8.855535076676945e-01 1.043058666658487e+00
99 5.511500405050238e-01 -8.855535076665358e-01 1.043058666657439e+00
100 4.826038786117633e-01 8.495583094869594e-01 9.770649030998186e-01
101 4.826038787058380e-01 8.495583095453404e-01 9.770649031970473e-01
102 4.826038786120499e-01 8.495583094811349e-01 9.770649030948957e-01
103 4.826038787061261e-01 8.495583095395072e-01 9.770649031921177e-01
104 4.826038786589226e-01 8.495583095132218e-01 9.770649031459471e-01
105 4.826038786589661e-01 8.495583095132572e-01 9.770649031459996e-01
106 4.826038786589169e-01 -8.495583095132055e-01 9.770649031459303e-01
107 4.826038786589708e-01 -8.495583095132571e-01 9.770649031460017e-01
108 5.511500405051623e-01 8.855535076677029e-01 1.043058666658503e+00
109 5.511500405050379e-01 8.855535076665343e-01 1.043058666657445e+00
110 5.511500404840334e-01 8.855535076555339e-01 1.043058666637007e+00
111 5.511500404841503e-01 8.855535076566889e-01 1.043058666638050e+00
112 5.511500405051527e-01 -8.855535076676952e-01 1.043058666658492e+00
113 5.511500405050399e-01 -8.855535076665397e-01 1.043058666657451e+00
114 5.511500404841490e-01 -8.855535076566943e-01 1.043058666638053e+00
115 5.511500404840299e-01 -8.855535076555334e-01 1.043058666637005e+00
116 5.732460301930102e-01 -8.755750374572395e-01 1.046538416566870e+00
117 5.511500405050431e-01 8.855535076665454e-01 1.043058666657457e+00
118 5.511500405051597e-01 8.855535076677070e-01 1.043058666658505e+00
119 5.511500404840268e-01 8.855535076555346e-01 1.043058666637004e+00
120 5.511500404841447e-01 8.855535076566998e-01 1.043058666638056e+00
121 5.658773612903349e-01 -9.037977649395296e-01 1.066333713211114e+00
122 5.658773612884014e-01 -9.037977649394408e-01 1.066333713210012e+00
123 5.658773611631626e-01 -9.037977648744847e-01 1.066333713088496e+00
124 5.732460301929954e-01 -8.755750374572161e-01 1.046538416566843e+00
125 5.732460301930212e-01 8.755750374572709e-01 1.046538416566903e+00
126 5.732460301929981e-01 -8.755750374572304e-01 1.046538416566856e+00
127 5.658773611650988e-01 -9.037977648745744e-01 1.066333713089600e+00
128 5.658773612903474e-01 -9.037977649395279e-01 1.066333713211119e+00
129 5.658773612883995e-01 -9.037977649394575e-01 1.066333713210025e+00
130 5.732460301929865e-01 8.755750374572157e-01 1.046538416566837e+00
131 5.658773612903329e-01 9.037977649395263e-01 1.066333713211110e+00
132 5.658773612884047e-01 9.037977649394386e-01 1.066333713210012e+00
133 5.658773612903454e-01 9.037977649395487e-01 1.066333713211135e+00
134 5.658773611650944e-01 -9.037977648745731e-01 1.066333713089596e+00
135 5.658773611651057e-01 9.037977648745735e-01 1.066333713089602e+00
136 5.658773611631680e-01 9.037977648744828e-01 1.066333713088497e+00
137 5.658773611631726e-01 9.037977648744789e-01 1.066333713088496e+00
138 5.658773612267265e-01 9.037977649070194e-01 1.066333713149803e+00
139 5.658773612267742e-01 9.037977649069966e-01 1.066333713149809e+00
140 5.658773611631585e-01 -9.037977648744748e-01 1.066333713088485e+00
141 5.732460301929911e-01 8.755750374572274e-01 1.046538416566850e+00
142 5.732460301929885e-01 -8.755750374572133e-01 1.046538416566837e+00
143 5.658773612267701e-01 -9.037977649069987e-01 1.066333713149809e+00
144 5.658773612884074e-01 9.037977649394547e-01 1.066333713210027e+00
145 5.658773611650868e-01 9.037977648745648e-01 1.066333713089585e+00
146 5.658773612267222e-01 -9.037977649070230e-01 1.066333713149804e+00
147 5.658773612267209e-01 -9.037977649070158e-01 1.066333713149797e+00
148 5.658773612267710e-01 -9.037977649069905e-01 1.066333713149802e+00
149 5.658773612267253e-01 9.037977649070275e-01 1.066333713149809e+00
150 5.658773612267707e-01 9.037977649069986e-01 1.066333713149809e+00
151 5.732460301930188e-01 8.755750374572550e-01 1.046538416566888e+00
152 7.072896612542303e-01 -9.593829752320174e-01 1.191920449561195e+00
153 7.072896612513936e-01 -9.593829752323171e-01 1.191920449559753e+00
154 7.072896612883054e-01 -9.593829752448477e-01 1.191920449591743e+00
155 7.072896612883798e-01 -9.593829752447569e-01 1.191920449591714e+00
156 7.072896613252960e-01 -9.593829752572690e-01 1.191920449623691e+00
157 7.072896613224620e-01 -9.593829752575790e-01 1.191920449622259e+00
158 7.072896613252819e-01 -9.593829752572522e-01 1.191920449623669e+00
159 7.072896613224476e-01 -9.593829752575652e-01 1.191920449622239e+00
160 7.229023133637744e-01 -9.489983190061020e-01 1.192973413007643e+00
161 7.229023133637005e-01 -9.489983190063915e-01 1.192973413007828e+00
162 7.085571913405619e-01 -9.225002859373735e-01 1.163211103349242e+00
163 7.072896612542244e-01 -9.593829752320301e-01 1.191920449561202e+00
164 7.072896612514035e-01 -9.593829752323284e-01 1.191920449559768e+00
165 7.229023133637933e-01 -9.489983190060884e-01 1.192973413007644e+00
166 7.229023133637089e-01 -9.489983190063693e-01 1.192973413007816e+00
167 7.072896612883958e-01 -9.593829752447576e-01 1.191920449591723e+00
168 7.072896612883192e-01 -9.593829752448489e-01 1.191920449591752e+00
169 7.085571913405624e-01 -9.225002859373850e-01 1.163211103349252e+00
170 7.085571913405511e-01 -9.225002859373824e-01 1.163211103349243e+00
171 7.085571913405634e-01 -9.225002859373759e-01 1.163211103349245e+00
172 7.150576057364326e-01 -9.466603495219835e-01 1.186369755547824e+00
173 7.150576057376108e-01 -9.466603495271999e-01 1.186369755552696e+00
174 7.150576057799550e-01 -9.466603495412939e-01 1.186369755589465e+00
175 7.150576057787730e-01 -9.466603495360739e-01 1.186369755584587e+00
176 7.150576057364323e-01 -9.466603495220020e-01 1.186369755547839e+00
177 7.085571913405366e-01 9.225002859373612e-01 1.163211103349217e+00
178 7.229023133637947e-01 9.489983190060932e-01 1.192973413007648e+00
179 7.229023133637188e-01 9.489983190063831e-01 1.192973413007833e+00
180 7.085571913405438e-01 9.225002859373683e-01 1.163211103349227e+00
181 7.150576057376239e-01 -9.466603495272077e-01 1.186369755552711e+00
182 7.150576057799485e-01 -9.466603495412895e-01 1.186369755589457e+00
183 7.150576057787655e-01 -9.466603495360746e-01 1.186369755584583e+00
184 7.150576057582163e-01 -9.466603495316677e-01 1.186369755568681e+00
185 7.150576057581784e-01 -9.466603495316448e-01 1.186369755568640e+00
186 7.085571913405322e-01 9.225002859373527e-01 1.163211103349208e+00
187 7.229023133636980e-01 9.489983190063774e-01 1.192973413007816e+00
188 7.229023133637863e-01 9.489983190060831e-01 1.192973413007635e+00
189 7.072896612542382e-01 9.593829752320333e-01 1.191920449561213e+00
190 7.072896613224735e-01 9.593829752575856e-01 1.191920449622271e+00
191 7.072896613252929e-01 9.593829752572738e-01 1.191920449623693e+00
192 7.072896612513955e-01 9.593829752323315e-01 1.191920449559766e+00
193 7.072896612883788e-01 9.593829752447376e-01 1.191920449591698e+00
194 7.072896612883032e-01 9.593829752448364e-01 1.191920449591732e+00
195 7.072896613252921e-01 9.593829752572781e-01 1.191920449623696e+00
196 7.072896612883151e-01 9.593829752448543e-01 1.191920449591754e+00
197 7.072896612542440e-01 9.593829752320510e-01 1.191920449561230e+00
198 7.072896613224703e-01 9.593829752575834e-01 1.191920449622267e+00
199 7.072896612514080e-01 9.593829752323426e-01 1.191920449559782e+00
200 7.085571913405451e-01 9.225002859373849e-01 1.163211103349241e+00
201 7.150576057582064e-01 -9.466603495316389e-01 1.186369755568652e+00
202 7.072896612883840e-01 9.593829752447531e-01 1.191920449591713e+00
203 7.150576057364361e-01 9.466603495219920e-01 1.186369755547833e+00
204 7.150576057376201e-01 9.466603495272082e-01 1.186369755552709e+00
205 7.150576057787799e-01 9.466603495360832e-01 1.186369755584598e+00
206 7.150576057799609e-01 9.466603495413072e-01 1.186369755589479e+00
207 7.150576057799480e-01 9.466603495412972e-01 1.186369755589463e+00
208 7.150576057582212e-01 9.466603495316670e-01 1.186369755568683e+00
209 7.150576057581809e-01 9.466603495316411e-01 1.186369755568638e+00
210 7.150576057581661e-01 -9.466603495316140e-01 1.186369755568608e+00
211 7.150576057787670e-01 9.466603495360687e-01 1.186369755584579e+00
212 7.150576057364305e-01 9.466603495219846e-01 1.186369755547823e+00
213 7.150576057375964e-01 9.466603495271952e-01 1.186369755552684e+00
214 8.467193271129339e-01 -1.008976429245350e+00 1.317181480920255e+00
215 8.467193271112792e-01 -1.008976429243949e+00 1.317181480918118e+00
216 8.467193270838311e-01 -1.008976429242960e+00 1.317181480899716e+00
217 8.467193270821795e-01 -1.008976429241579e+00 1.317181480897597e+00
218 7.150576057582155e-01 9.466603495316434e-01 1.186369755568661e+00
219 7.150576057581524e-01 9.466603495316227e-01 1.186369755568607e+00
220 8.174851617250776e-01 -9.689156581837386e-01 1.267706410141679e+00
221 8.174851617252583e-01 -9.689156581845029e-01 1.267706410142380e+00
222 8.174851617326234e-01 -9.689156581866588e-01 1.267706410148777e+00
223 8.174851617324620e-01 -9.689156581859073e-01 1.267706410148099e+00
224 8.467193271129141e-01 -1.008976429245331e+00 1.317181480920228e+00
225 8.467193271112651e-01 -1.008976429243949e+00 1.317181480918109e+00
226 8.467193270821518e-01 -1.008976429241558e+00 1.317181480897563e+00
227 8.467193270838101e-01 -1.008976429242952e+00 1.317181480899696e+00
228 8.467193271129201e-01 1.008976429245337e+00 1.317181480920236e+00
229 8.467193271112688e-01 1.008976429243948e+00 1.317181480918111e+00
230 8.467193270821664e-01 1.008976429241569e+00 1.317181480897581e+00
231 8.467193270838199e-01 1.008976429242956e+00 1.317181480899706e+00
232 8.174851617250753e-01 -9.689156581837469e-01 1.267706410141684e+00
233 8.174851617252423e-01 -9.689156581845059e-01 1.267706410142372e+00
234 8.174851617326214e-01 -9.689156581866667e-01 1.267706410148782e+00
235 8.174851617324521e-01 -9.689156581859102e-01 1.267706410148095e+00
236 8.467193271129392e-01 1.008976429245339e+00 1.317181480920250e+00
237 8.467193271112576e-01 1.008976429243933e+00 1.317181480918092e+00
238 8.467193270821706e-01 1.008976429241576e+00 1.317181480897589e+00
239 8.467193270838227e-01 1.008976429242971e+00 1.317181480899720e+00
240 8.174851617250740e-01 9.689156581837518e-01 1.267706410141687e+00
241 8.174851617252401e-01 9.689156581845004e-01 1.267706410142366e+00
242 8.174851617326201e-01 9.689156581866732e-01 1.267706410148786e+00
243 8.174851617324563e-01 9.689156581859171e-01 1.267706410148103e+00
244 8.174851617252310e-01 9.689156581844945e-01 1.267706410142356e+00
245 8.174851617250606e-01 9.689156581837364e-01 1.267706410141667e+00
246 8.174851617326108e-01 9.689156581866560e-01 1.267706410148767e+00
247 8.174851617324402e-01 9.689156581858952e-01 1.267706410148076e+00
248 8.558640834065179e-01 -9.658673995445060e-01 1.290505003000045e+00
249 8.558640834058122e-01 -9.658673995457245e-01 1.290505003000489e+00
250 8.558640834584593e-01 -9.658673995676281e-01 1.290505003051798e+00
251 8.558640834591603e-01 -9.658673995664117e-01 1.290505003051353e+00
252 8.558640834327587e-01 -9.658673995561856e-01 1.290505003026189e+00
253 8.558640834321931e-01 -9.658673995559440e-01 1.290505003025633e+00
254 8.558640834065055e-01 9.658673995444951e-01 1.290505003000028e+00
255 8.558640834058018e-01 9.658673995457181e-01 1.290505003000477e+00
256 8.558640834584514e-01 9.658673995676207e-01 1.290505003051787e+00
257 8.558640834327589e-01 9.658673995561800e-01 1.290505003026185e+00
258 8.558640834321890e-01 9.658673995559379e-01 1.290505003025626e+00
259 8.558640834584572e-01 9.658673995676214e-01 1.290505003051791e+00
260 8.558640834322107e-01 9.658673995559531e-01 1.290505003025652e+00
261 8.558640834065139e-01 9.658673995444917e-01 1.290505003000031e+00
262 8.558640834058183e-01 9.658673995457225e-01 1.290505003000491e+00
263 8.558640834591563e-01 9.658673995664064e-01 1.290505003051346e+00
264 8.558640834327793e-01 9.658673995561962e-01 1.290505003026211e+00
265 8.558640834591678e-01 9.658673995664070e-01 1.290505003051354e+00
266 8.558640834327788e-01 -9.658673995561977e-01 1.290505003026211e+00
267 8.558640834322233e-01 -9.658673995559617e-01 1.290505003025667e+00
268 8.558640834591714e-01 -9.658673995664244e-01 1.290505003051369e+00
269 8.558640834584632e-01 -9.658673995676237e-01 1.290505003051797e+00
270 8.558640834065165e-01 -9.658673995445092e-01 1.290505003000046e+00
271 8.558640834058224e-01 -9.658673995457233e-01 1.290505003000495e+00
272 8.997812329957876e-01 -9.522097201707310e-01 1.310080004594774e+00
273 8.997812329957662e-01 -9.522097201706934e-01 1.310080004594731e+00
274 8.997812329957920e-01 -9.522097201707411e-01 1.310080004594784e+00
275 8.997812329957871e-01 -9.522097201707213e-01 1.310080004594766e+00
276 9.641856894971284e-01 -1.021543363500793e+00 1.404708114642884e+00
277 9.641856895004697e-01 -1.021543363502227e+00 1.404708114646220e+00
278 9.641856895098098e-01 -1.021543363499443e+00 1.404708114650606e+00
279 9.641856895064692e-01 -1.021543363498024e+00 1.404708114647282e+00
280 9.130159054236507e-01 -9.999022973784355e-01 1.354031996615753e+00
281 9.130159054211325e-01 -9.999022973789935e-01 1.354031996614467e+00
282 9.130159054022765e-01 -9.999022973751198e-01 1.354031996598892e+00
283 9.641856895098120e-01 -1.021543363499453e+00 1.404708114650616e+00
284 9.641856895064644e-01 -1.021543363498016e+00 1.404708114647273e+00
285 9.130159054236521e-01 -9.999022973784365e-01 1.354031996615755e+00
286 9.130159054211088e-01 -9.999022973789325e-01 1.354031996614406e+00
287 9.130159054023086e-01 -9.999022973751270e-01 1.354031996598919e+00
288 9.130159054048442e-01 -9.999022973745723e-01 1.354031996600219e+00
289 9.130159054048481e-01 -9.999022973745754e-01 1.354031996600224e+00
290 9.130159054129533e-01 -9.999022973768643e-01 1.354031996607379e+00
291 9.130159054129863e-01 -9.999022973766820e-01 1.354031996607267e+00
292 9.641856895004652e-01 -1.021543363502216e+00 1.404708114646209e+00
293 9.641856894971116e-01 -1.021543363500780e+00 1.404708114642863e+00
294 9.130159054129718e-01 -9.999022973768854e-01 1.354031996607407e+00
295 9.130159054130031e-01 -9.999022973766937e-01 1.354031996607287e+00
296 9.641856895097995e-01 1.021543363499437e+00 1.404708114650596e+00
297 9.641856895064587e-01 1.021543363498010e+00 1.404708114647264e+00
298 9.641856894971211e-01 1.021543363500777e+00 1.404708114642867e+00
299 9.641856895004642e-01 1.021543363502219e+00 1.404708114646211e+00
300 8.997812329957898e-01 9.522097201707197e-01 1.310080004594767e+00
301 8.997812329957877e-01 9.522097201707300e-01 1.310080004594773e+00
302 9.130159054022962e-01 9.999022973751219e-01 1.354031996598907e+00
303 9.130159054236546e-01 9.999022973784220e-01 1.354031996615745e+00
304 9.130159054048269e-01 9.999022973745607e-01 1.354031996600199e+00
305 9.130159054022942e-01 9.999022973751116e-01 1.354031996598898e+00
306 9.130159054211135e-01 9.999022973789707e-01 1.354031996614437e+00
307 9.130159054236585e-01 9.999022973784176e-01 1.354031996615745e+00
308 9.130159054048170e-01 9.999022973745528e-01 1.354031996600186e+00
309 9.130159054211106e-01 9.999022973789772e-01 1.354031996614440e+00
310 9.130159054129686e-01 9.999022973768689e-01 1.354031996607393e+00
311 9.130159054129943e-01 9.999022973766720e-01 1.354031996607265e+00
312 9.130159054129872e-01 9.999022973768855e-01 1.354031996607418e+00
313 9.130159054129989e-01 9.999022973766843e-01 1.354031996607277e+00
314 8.997812329957600e-01 9.522097201707135e-01 1.310080004594742e+00
315 9.641856895098161e-01 1.021543363499463e+00 1.404708114650626e+00
316 9.641856894971279e-01 1.021543363500801e+00 1.404708114642890e+00
317 9.641856895064567e-01 1.021543363498034e+00 1.404708114647281e+00
318 9.641856895004663e-01 1.021543363502236e+00 1.404708114646224e+00
319 8.997812329958166e-01 9.522097201707413e-01 1.310080004594801e+00
320 9.938208175764442e-01 -9.800758025810438e-01 1.395789524338533e+00
321 9.938208175765444e-01 -9.800758025808298e-01 1.395789524338454e+00
322 9.938208175765382e-01 -9.800758025808185e-01 1.395789524338442e+00
323 9.938208175764289e-01 -9.800758025810252e-01 1.395789524338509e+00
324 9.581334473775569e-01 -9.764310291017132e-01 1.368004845596766e+00
325 9.581334473774302e-01 -9.764310290995012e-01 1.368004845595099e+00
326 9.581334473698743e-01 -9.764310290978718e-01 1.368004845588644e+00
327 9.581334473697500e-01 -9.764310290956534e-01 1.368004845586973e+00
328 9.581334473736660e-01 -9.764310290986861e-01 1.368004845591880e+00
329 9.581334473736124e-01 -9.764310290986822e-01 1.368004845591840e+00
330 9.581334473697697e-01 -9.764310290956804e-01 1.368004845587006e+00
331 9.581334473736934e-01 -9.764310290986785e-01 1.368004845591894e+00
332 9.581334473775348e-01 -9.764310291017081e-01 1.368004845596747e+00
333 9.581334473698858e-01 -9.764310290978793e-01 1.368004845588657e+00
334 9.581334473774198e-01 -9.764310290994968e-01 1.368004845595088e+00
335 9.581334473736315e-01 -9.764310290986757e-01 1.368004845591849e+00
336 9.614845699408179e-01 -9.718036522586329e-01 1.367060685111490e+00
337 9.614845699403771e-01 -9.718036522593783e-01 1.367060685111710e+00
338 9.614845699557029e-01 -9.718036522736305e-01 1.367060685132621e+00
339 9.614845699552783e-01 -9.718036522743954e-01 1.367060685132866e+00
340 9.614845699472822e-01 -9.718036522664538e-01 1.367060685121597e+00
341 9.614845699552989e-01 -9.718036522744024e-01 1.367060685132885e+00
342 9.938208175764301e-01 9.800758025810499e-01 1.395789524338528e+00
343 9.938208175765324e-01 9.800758025808380e-01 1.395789524338452e+00
344 9.614845699556833e-01 -9.718036522736413e-01 1.367060685132615e+00
345 9.614845699408163e-01 -9.718036522586411e-01 1.367060685111495e+00
346 9.614845699403696e-01 -9.718036522593789e-01 1.367060685111705e+00
347 9.614845699487959e-01 -9.718036522665550e-01 1.367060685122733e+00
348 9.614845699472835e-01 -9.718036522664676e-01 1.367060685121607e+00
349 9.938208175765307e-01 9.800758025808129e-01 1.395789524338433e+00
350 9.938208175764388e-01 9.800758025810294e-01 1.395789524338519e+00
351 9.581334473697565e-01 9.764310290956700e-01 1.368004845586990e+00
352 9.581334473774193e-01 9.764310290995010e-01 1.368004845595091e+00
353 9.581334473698747e-01 9.764310290978810e-01 1.368004845588650e+00
354 9.581334473735984e-01 9.764310290986941e-01 1.368004845591839e+00
355 9.581334473736509e-01 9.764310290987055e-01 1.368004845591884e+00
356 9.581334473775505e-01 9.764310291017284e-01 1.368004845596773e+00
357 9.581334473698609e-01 9.764310290978750e-01 1.368004845588636e+00
358 9.581334473775343e-01 9.764310291017173e-01 1.368004845596753e+00
359 9.581334473697406e-01 9.764310290956508e-01 1.368004845586965e+00
360 9.614845699487914e-01 -9.718036522665635e-01 1.367060685122736e+00
361 9.614845699408182e-01 9.718036522586340e-01 1.367060685111491e+00
362 9.614845699403965e-01 9.718036522594051e-01 1.367060685111743e+00
363 9.581334473774251e-01 9.764310290995125e-01 1.368004845595103e+00
364 9.581334473736151e-01 9.764310290986691e-01 1.368004845591833e+00
365 9.581334473736757e-01 9.764310290986715e-01 1.368004845591877e+00
366 9.614845699488129e-01 9.718036522665674e-01 1.367060685122754e+00
367 9.614845699552819e-01 9.718036522743939e-01 1.367060685132867e+00
368 9.614845699557060e-01 9.718036522736417e-01 1.367060685132631e+00
369 9.614845699552750e-01 9.718036522744031e-01 1.367060685132869e+00
370 9.614845699472988e-01 9.718036522664653e-01 1.367060685121616e+00
371 9.614845699408130e-01 9.718036522586233e-01 1.367060685111480e+00
372 9.614845699403650e-01 9.718036522593813e-01 1.367060685111704e+00
373 9.614845699556622e-01 9.718036522736031e-01 1.367060685132573e+00
374 9.614845699487959e-01 9.718036522665545e-01 1.367060685122733e+00
375 9.614845699472802e-01 9.718036522664540e-01 1.367060685121595e+00
376 1.143578858715590e+00 -1.044203546299941e+00 1.548590860171474e+00
377 1.143578858715583e+00 -1.044203546300038e+00 1.548590860171533e+00
378 1.143578858715581e+00 -1.044203546300035e+00 1.548590860171530e+00
379 1.143578858715535e+00 -1.044203546299906e+00 1.548590860171409e+00
380 1.143578858715587e+00 1.044203546299944e+00 1.548590860171474e+00
381 1.143578858715580e+00 1.044203546300036e+00 1.548590860171530e+00
382 1.070394296364098e+00 -9.733581513437262e-01 1.446779195480799e+00
383 1.070394296365154e+00 -9.733581513416749e-01 1.446779195480200e+00
384 1.070394296364375e+00 -9.733581513433155e-01 1.446779195480728e+00
385 1.070394296364896e+00 -9.733581513420734e-01 1.446779195480277e+00
386 1.143578858715560e+00 1.044203546300045e+00 1.548590860171521e+00
387 1.143578858715568e+00 1.044203546299953e+00 1.548590860171465e+00
388 1.070394296364105e+00 -9.733581513437199e-01 1.446779195480800e+00
389 1.070394296364889e+00 -9.733581513420740e-01 1.446779195480273e+00
390 1.070394296365159e+00 -9.733581513416724e-01 1.446779195480203e+00
391 1.070394296364380e+00 -9.733581513433052e-01 1.446779195480725e+00
392 1.132611843362927e+00 -1.014786922792154e+00 1.520724198004338e+00
393 1.132611843359350e+00 -1.014786922785906e+00 1.520724197997504e+00
394 1.132611843357118e+00 -1.014786922787164e+00 1.520724197996681e+00
395 1.132611843359359e+00 -1.014786922785915e+00 1.520724197997517e+00
396 1.132611843362934e+00 -1.014786922792164e+00 1.520724198004350e+00
397 1.132611843360701e+00 -1.014786922793401e+00 1.520724198003511e+00
398 1.132611843360710e+00 -1.014786922793419e+00 1.520724198003530e+00
399 1.132611843357102e+00 -1.014786922787168e+00 1.520724197996672e+00
400 1.070394296365158e+00 9.733581513416669e-01 1.446779195480198e+00
401 1.070394296364102e+00 9.733581513437205e-01 1.446779195480799e+00
402 1.070394296364378e+00 9.733581513433114e-01 1.446779195480727e+00
403 1.070394296364894e+00 9.733581513420697e-01 1.446779195480274e+00
404 1.070394296364126e+00 9.733581513437218e-01 1.446779195480817e+00
405 1.070394296365184e+00 9.733581513416709e-01 1.446779195480220e+00
406 1.070394296364380e+00 9.733581513433264e-01 1.446779195480739e+00
407 1.070394296364898e+00 9.733581513420821e-01 1.446779195480285e+00
408 1.132611843357126e+00 1.014786922787179e+00 1.520724197996697e+00
409 1.132611843359354e+00 1.014786922785923e+00 1.520724197997519e+00
410 1.132611843359378e+00 1.014786922785936e+00 1.520724197997545e+00
411 1.132611843357131e+00 1.014786922787185e+00 1.520724197996705e+00
412 1.132611843362925e+00 1.014786922792165e+00 1.520724198004344e+00
413 1.132611843360703e+00 1.014786922793422e+00 1.520724198003528e+00
414 1.132611843362971e+00 1.014786922792182e+00 1.520724198004389e+00
415 1.132611843360713e+00 1.014786922793399e+00 1.520724198003520e+00
416 1.126977508307223e+00 -9.966290245024340e-01 1.504442659828227e+00
417 1.126977508318706e+00 -9.966290245019159e-01 1.504442659836486e+00
418 1.126977508309762e+00 -9.966290245026722e-01 1.504442659830287e+00
419 1.126977508321273e+00 -9.966290245021464e-01 1.504442659838561e+00
420 1.126977508321272e+00 -9.966290245021473e-01 1.504442659838561e+00
421 1.126977508309792e+00 -9.966290245026674e-01 1.504442659830306e+00
422 1.126977508314268e+00 -9.966290245024017e-01 1.504442659833483e+00
423 1.126977508314201e+00 -9.966290245021866e-01 1.504442659833290e+00
424 1.126977508314221e+00 -9.966290245021815e-01 1.504442659833302e+00
425 1.126977508307237e+00 9.966290245024503e-01 1.504442659828248e+00
426 1.126977508309793e+00 9.966290245026861e-01 1.504442659830319e+00
427 1.126977508318751e+00 9.966290245019147e-01 1.504442659836519e+00
428 1.126977508321296e+00 9.966290245021593e-01 1.504442659838586e+00
429 1.126977508321281e+00 9.966290245021370e-01 1.504442659838561e+00
430 1.126977508318734e+00 9.966290245019279e-01 1.504442659836515e+00
431 1.126977508309760e+00 9.966290245026546e-01 1.504442659830274e+00
432 1.126977508307206e+00 9.966290245024255e-01 1.504442659828208e+00
433 1.126977508314215e+00 9.966290245021968e-01 1.504442659833308e+00
434 1.126977508314285e+00 9.966290245024084e-01 1.504442659833500e+00
435 1.126977508314223e+00 9.966290245022067e-01 1.504442659833320e+00
436 1.126977508314280e+00 9.966290245023947e-01 1.504442659833487e+00
437 1.091053100549923e+00 -9.420933407301969e-01 1.441505022838208e+00
438 1.091053100549918e+00 -9.420933407301866e-01 1.441505022838198e+00
439 1.226660288830840e+00 -1.030998460413620e+00 1.602389868156253e+00
440 1.226660288830000e+00 -1.030998460413556e+00 1.602389868155569e+00
441 1.226660288830028e+00 -1.030998460413571e+00 1.602389868155600e+00
442 1.226660288830857e+00 -1.030998460413629e+00 1.602389868156272e+00
443 1.091053100549934e+00 -9.420933407301759e-01 1.441505022838202e+00
444 1.091053100549955e+00 9.420933407302071e-01 1.441505022838239e+00
445 1.091053100549941e+00 -9.420933407301925e-01 1.441505022838219e+00
446 1.091053100549937e+00 9.420933407302012e-01 1.441505022838221e+00
447 1.126977508307222e+00 -9.966290245024196e-01 1.504442659828217e+00
448 1.226660288830878e+00 1.030998460413654e+00 1.602389868156304e+00
449 1.226660288830040e+00 1.030998460413594e+00 1.602389868155624e+00
450 1.126977508318722e+00 -9.966290245019033e-01 1.504442659836489e+00
451 1.091053100549959e+00 9.420933407301942e-01 1.441505022838234e+00
452 1.091053100549951e+00 9.420933407302147e-01 1.441505022838241e+00
453 1.226660288830903e+00 1.030998460413664e+00 1.602389868156329e+00
454 1.226660288830043e+00 1.030998460413600e+00 1.602389868155630e+00
455 1.145786693722452e+00 -9.907455715796549e-01 1.514728997252025e+00
456 1.145786693724594e+00 -9.907455715787561e-01 1.514728997253058e+00
457 1.145786693704634e+00 9.907455716022378e-01 1.514728997253318e+00
458 1.145786693706779e+00 9.907455716013391e-01 1.514728997254353e+00
459 1.145786693724594e+00 9.907455715787495e-01 1.514728997253053e+00
460 1.145786693722447e+00 9.907455715796465e-01 1.514728997252016e+00
461 1.145786693704631e+00 -9.907455716022424e-01 1.514728997253318e+00
462 1.145786693722433e+00 -9.907455715796382e-01 1.514728997252000e+00
463 1.145786693706779e+00 -9.907455716013442e-01 1.514728997254356e+00
464 1.145786693724593e+00 -9.907455715787412e-01 1.514728997253047e+00
465 1.145786693704633e+00 -9.907455716022288e-01 1.514728997253311e+00
466 1.145786693706791e+00 -9.907455716013699e-01 1.514728997254382e+00
467 1.126977508314285e+00 -9.966290245023957e-01 1.504442659833492e+00
468 1.145786693722425e+00 9.907455715796343e-01 1.514728997251991e+00
469 1.145786693724566e+00 9.907455715787375e-01 1.514728997253024e+00
470 1.145786693704611e+00 9.907455716022256e-01 1.514728997253292e+00
471 1.145786693706756e+00 9.907455716013297e-01 1.514728997254329e+00
472 1.109040585344742e+00 -9.606133683603084e-01 1.467224953241440e+00
473 1.109040585359080e+00 -9.606133683463157e-01 1.467224953243116e+00
474 1.109040585342124e+00 -9.606133683579752e-01 1.467224953237933e+00
475 1.109040585350442e+00 -9.606133683525653e-01 1.467224953240679e+00
476 1.109040585356460e+00 -9.606133683439847e-01 1.467224953239610e+00
477 1.109040585342115e+00 -9.606133683579815e-01 1.467224953237931e+00
478 1.109040585344739e+00 9.606133683603186e-01 1.467224953241444e+00
479 1.109040585359065e+00 9.606133683463155e-01 1.467224953243105e+00
480 1.109040585350426e+00 9.606133683525531e-01 1.467224953240659e+00
481 1.109040585350750e+00 9.606133683517053e-01 1.467224953240349e+00
482 1.109040585344738e+00 -9.606133683603083e-01 1.467224953241437e+00
483 1.109040585359099e+00 -9.606133683463282e-01 1.467224953243139e+00
484 1.109040585356457e+00 9.606133683439870e-01 1.467224953239609e+00
485 1.109040585350766e+00 -9.606133683517232e-01 1.467224953240372e+00
486 1.109040585350452e+00 -9.606133683525855e-01 1.467224953240700e+00
487 1.109040585356457e+00 -9.606133683439786e-01 1.467224953239604e+00
488 1.109040585359060e+00 9.606133683463103e-01 1.467224953243098e+00
489 1.109040585344739e+00 9.606133683603072e-01 1.467224953241437e+00
490 1.109040585342131e+00 9.606133683579796e-01 1.467224953237942e+00
491 1.109040585350772e+00 -9.606133683517346e-01 1.467224953240384e+00
492 1.109040585342123e+00 9.606133683579717e-01 1.467224953237930e+00
493 1.109040585356453e+00 9.606133683439785e-01 1.467224953239600e+00
494 1.109040585350777e+00 9.606133683517234e-01 1.467224953240380e+00
495 1.109040585350436e+00 9.606133683525736e-01 1.467224953240680e+00
496 1.215866941099383e+00 -9.754129318599589e-01 1.558769644975809e+00
497 1.215866941096817e+00 -9.754129318633348e-01 1.558769644975920e+00
498 1.215866941078728e+00 -9.754129318850834e-01 1.558769644975420e+00
499 1.215866941081309e+00 -9.754129318816793e-01 1.558769644975303e+00
500 1.148448547852099e+00 -9.563298568262359e-01 1.494490167957248e+00
501 1.148448547852318e+00 -9.563298568266587e-01 1.494490167957687e+00
502 1.148448547805665e+00 -9.563298568583610e-01 1.494490167942123e+00
503 1.148448547828847e+00 -9.563298568421043e-01 1.494490167949534e+00
504 1.148448547828916e+00 -9.563298568425108e-01 1.494490167949847e+00
505 1.148448547828933e+00 -9.563298568425271e-01 1.494490167949871e+00
506 1.148448547805446e+00 -9.563298568579427e-01 1.494490167941687e+00
507 1.148448547805696e+00 -9.563298568583948e-01 1.494490167942168e+00
508 1.148448547852322e+00 -9.563298568266831e-01 1.494490167957706e+00
509 1.148448547852102e+00 -9.563298568262589e-01 1.494490167957265e+00
510 1.148448547828864e+00 -9.563298568421181e-01 1.494490167949556e+00
511 1.148448547805450e+00 -9.563298568579508e-01 1.494490167941695e+00
512 1.148448547805461e+00 9.563298568579510e-01 1.494490167941704e+00
513 1.148448547805684e+00 9.563298568583661e-01 1.494490167942140e+00
514 1.148448547852306e+00 9.563298568266511e-01 1.494490167957673e+00
515 1.148448547852086e+00 9.563298568262310e-01 1.494490167957235e+00
516 1.148448547828846e+00 9.563298568420987e-01 1.494490167949529e+00
517 1.148448547828910e+00 9.563298568425048e-01 1.494490167949839e+00
518 1.148448547828924e+00 9.563298568425165e-01 1.494490167949858e+00
519 1.148448547852346e+00 9.563298568266624e-01 1.494490167957711e+00
520 1.148448547805699e+00 9.563298568583851e-01 1.494490167942164e+00
521 1.148448547805472e+00 9.563298568579635e-01 1.494490167941720e+00
522 1.148448547828862e+00 9.563298568421118e-01 1.494490167949551e+00
523 1.148448547852117e+00 9.563298568262489e-01 1.494490167957270e+00
524 1.177136534787158e+00 -9.450199889804747e-01 1.509540725221872e+00
525 1.177136534790678e+00 -9.450199889793987e-01 1.509540725223943e+00
526 1.177136534798687e+00 -9.450199889696478e-01 1.509540725224084e+00
527 1.177136534795157e+00 -9.450199889707360e-01 1.509540725222012e+00
528 1.177136534798708e+00 -9.450199889696653e-01 1.509540725224111e+00
529 1.177136534795176e+00 -9.450199889707555e-01 1.509540725222039e+00
530 1.177136534790701e+00 -9.450199889794165e-01 1.509540725223972e+00
531 1.177136534792924e+00 -9.450199889750677e-01 1.509540725222983e+00
532 1.177136534792956e+00 -9.450199889750758e-01 1.509540725223013e+00
533 1.177136534792940e+00 -9.450199889750803e-01 1.509540725223004e+00
534 1.177136534792955e+00 -9.450199889750881e-01 1.509540725223020e+00
535 1.177136534787167e+00 -9.450199889804918e-01 1.509540725221889e+00
536 1.215866941078739e+00 -9.754129318850757e-01 1.558769644975424e+00
537 1.215866941081307e+00 -9.754129318816881e-01 1.558769644975307e+00
538 1.215866941099388e+00 -9.754129318599543e-01 1.558769644975810e+00
539 1.215866941096819e+00 -9.754129318633470e-01 1.558769644975930e+00
540 1.215866941078707e+00 9.754129318850620e-01 1.558769644975391e+00
541 1.215866941081295e+00 9.754129318816673e-01 1.558769644975285e+00
542 1.215866941096798e+00 9.754129318633242e-01 1.558769644975899e+00
543 1.215866941099360e+00 9.754129318599380e-01 1.558769644975778e+00
544 1.215866941078741e+00 9.754129318850744e-01 1.558769644975425e+00
545 1.215866941081311e+00 9.754129318816717e-01 1.558769644975300e+00
546 1.215866941099393e+00 9.754129318599480e-01 1.558769644975811e+00
547 1.215866941096816e+00 9.754129318633347e-01 1.558769644975920e+00
548 1.349103965915410e+00 -9.976487347590142e-01 1.677910757106870e+00
549 1.349103965912358e+00 -9.976487347589960e-01 1.677910757104405e+00
550 1.238000793964881e+00 -9.387834311396899e-01 1.553692471642984e+00
551 1.238000793964619e+00 -9.387834311399370e-01 1.553692471642925e+00
552 1.238000793964878e+00 -9.387834311397030e-01 1.553692471642990e+00
553 1.238000793964615e+00 -9.387834311399500e-01 1.553692471642929e+00
554 1.211062414129811e+00 -9.408355513559924e-01 1.533572204238607e+00
555 1.211062414129486e+00 -9.408355513550449e-01 1.533572204237769e+00
556 1.177136534787174e+00 9.450199889804898e-01 1.509540725221893e+00
557 1.177136534798697e+00 9.450199889696598e-01 1.509540725224100e+00
558 1.177136534795178e+00 9.450199889707432e-01 1.509540725222033e+00
559 1.177136534792943e+00 9.450199889751019e-01 1.509540725223019e+00
560 1.177136534792953e+00 9.450199889750743e-01 1.509540725223010e+00
561 1.211062414155049e+00 -9.408355513389124e-01 1.533572204248059e+00
562 1.211062414154941e+00 -9.408355513384794e-01 1.533572204247708e+00
563 1.211062414180175e+00 -9.408355513214082e-01 1.533572204257162e+00
564 1.211062414180484e+00 -9.408355513223525e-01 1.533572204257986e+00
565 1.211062414180492e+00 -9.408355513223495e-01 1.533572204257990e+00
566 1.177136534790710e+00 9.450199889794191e-01 1.509540725223981e+00
567 1.177136534787176e+00 9.450199889804857e-01 1.509540725221892e+00
568 1.177136534798697e+00 9.450199889696524e-01 1.509540725224094e+00
569 1.177136534795173e+00 9.450199889707360e-01 1.509540725222025e+00
570 1.177136534790704e+00 9.450199889794060e-01 1.509540725223968e+00
571 1.177136534792925e+00 9.450199889750582e-01 1.509540725222978e+00
572 1.177136534792946e+00 9.450199889750638e-01 1.509540725222998e+00
573 1.211062414129478e+00 -9.408355513550332e-01 1.533572204237756e+00
574 1.211062414129824e+00 -9.408355513560001e-01 1.533572204238622e+00
575 1.211062414180166e+00 -9.408355513214083e-01 1.533572204257155e+00
576 1.211062414155046e+00 -9.408355513389052e-01 1.533572204248052e+00
577 1.211062414154936e+00 -9.408355513384753e-01 1.533572204247701e+00
578 1.349103965915401e+00 -9.976487347590135e-01 1.677910757106862e+00
579 1.349103965912362e+00 -9.976487347590085e-01 1.677910757104416e+00
580 1.305830714398395e+00 -9.768577406764483e-01 1.630780457384046e+00
581 1.305830714414535e+00 -9.768577406826136e-01 1.630780457400663e+00
582 1.305830714401241e+00 -9.768577406814265e-01 1.630780457389306e+00
583 1.238000793964860e+00 9.387834311397050e-01 1.553692471642976e+00
584 1.238000793964597e+00 9.387834311399528e-01 1.553692471642916e+00
585 1.238000793964875e+00 9.387834311396976e-01 1.553692471642984e+00
586 1.238000793964618e+00 9.387834311399514e-01 1.553692471642932e+00
587 1.305830714398384e+00 -9.768577406764585e-01 1.630780457384043e+00
588 1.305830714414530e+00 -9.768577406826272e-01 1.630780457400667e+00
589 1.305830714411713e+00 -9.768577406776416e-01 1.630780457395425e+00
590 1.305830714401236e+00 -9.768577406814267e-01 1.630780457389303e+00
591 1.305830714411692e+00 -9.768577406776270e-01 1.630780457395400e+00
592 1.211062414129815e+00 9.408355513559939e-01 1.533572204238611e+00
593 1.211062414129496e+00 9.408355513550470e-01 1.533572204237779e+00
594 1.211062414180174e+00 9.408355513214179e-01 1.533572204257167e+00
595 1.211062414129815e+00 9.408355513559781e-01 1.533572204238602e+00
596 1.211062414129495e+00 9.408355513550463e-01 1.533572204237777e+00
597 1.211062414154946e+00 9.408355513384867e-01 1.533572204247717e+00
598 1.211062414180501e+00 9.408355513223547e-01 1.533572204258001e+00
599 1.211062414180164e+00 9.408355513213950e-01 1.533572204257146e+00
600 1.211062414155054e+00 9.408355513389166e-01 1.533572204248066e+00
601 1.211062414180482e+00 9.408355513223492e-01 1.533572204257982e+00
602 1.349103965915368e+00 9.976487347589889e-01 1.677910757106821e+00
603 1.349103965912317e+00 9.976487347589731e-01 1.677910757104359e+00
604 1.211062414155036e+00 9.408355513389177e-01 1.533572204248052e+00
605 1.211062414154927e+00 9.408355513384824e-01 1.533572204247699e+00
606 1.305830714414532e+00 9.768577406826109e-01 1.630780457400659e+00
607 1.305830714411685e+00 9.768577406776322e-01 1.630780457395396e+00
608 1.305830714401220e+00 9.768577406814162e-01 1.630780457389283e+00
609 1.305830714398381e+00 9.768577406764379e-01 1.630780457384028e+00
610 1.349103965912343e+00 9.976487347589940e-01 1.677910757104392e+00
611 1.349103965915414e+00 9.976487347590248e-01 1.677910757106879e+00
612 1.256455834857749e+00 -9.258402368083412e-01 1.560724642286847e+00
613 1.256455834865972e+00 -9.258402368132972e-01 1.560724642296408e+00
614 1.256455834885179e+00 -9.258402367892368e-01 1.560724642297597e+00
615 1.256455834893372e+00 -9.258402367941588e-01 1.560724642307113e+00
616 1.256455834875586e+00 -9.258402368014158e-01 1.560724642297099e+00
617 1.256455834875564e+00 -9.258402368011335e-01 1.560724642296914e+00
618 1.305830714398392e+00 9.768577406764642e-01 1.630780457384053e+00
619 1.256455834893389e+00 -9.258402367941656e-01 1.560724642307130e+00
620 1.305830714414545e+00 9.768577406826335e-01 1.630780457400683e+00
621 1.305830714401230e+00 9.768577406814188e-01 1.630780457389293e+00
622 1.305830714411701e+00 9.768577406776364e-01 1.630780457395413e+00
623 1.256455834875566e+00 -9.258402368011356e-01 1.560724642296917e+00
624 1.256455834857749e+00 9.258402368083614e-01 1.560724642286859e+00
625 1.256455834885180e+00 9.258402367892704e-01 1.560724642297618e+00
626 1.256455834893373e+00 9.258402367941845e-01 1.560724642307128e+00
627 1.256455834865954e+00 9.258402368132834e-01 1.560724642296385e+00
628 1.256455834893382e+00 9.258402367941883e-01 1.560724642307138e+00
629 1.256455834865942e+00 9.258402368132823e-01 1.560724642296375e+00
630 1.256455834875557e+00 9.258402368011268e-01 1.560724642296904e+00
631 1.256455834875584e+00 9.258402368014115e-01 1.560724642297095e+00
632 1.256455834875600e+00 9.258402368014105e-01 1.560724642297107e+00
633 1.256455834857740e+00 9.258402368083454e-01 1.560724642286843e+00
634 1.256455834885175e+00 9.258402367892410e-01 1.560724642297596e+00
635 1.256455834875559e+00 9.258402368011198e-01 1.560724642296901e+00
636 1.256455834885175e+00 -9.258402367892401e-01 1.560724642297596e+00
637 1.256455834857746e+00 -9.258402368083504e-01 1.560724642286850e+00
638 1.256455834865998e+00 -9.258402368132873e-01 1.560724642296422e+00
639 1.256455834875565e+00 -9.258402368014059e-01 1.560724642297076e+00
640 1.427194345219901e+00 -9.898736135823353e-01 1.736874626993616e+00
641 1.263691157791502e+00 -8.974359292583659e-01 1.549937608229523e+00
642 1.427194345218553e+00 -9.898736135815267e-01 1.736874626992047e+00
643 1.427194345219917e+00 -9.898736135823082e-01 1.736874626993614e+00
644 1.427194345218569e+00 -9.898736135815003e-01 1.736874626992046e+00
645 1.263691157791541e+00 -8.974359292583773e-01 1.549937608229561e+00
646 1.263691157791521e+00 -8.974359292583511e-01 1.549937608229530e+00
647 1.318851115909963e+00 -9.428913294257786e-01 1.621237898965870e+00
648 1.318851115908097e+00 -9.428913294188851e-01 1.621237898960343e+00
649 1.318851115892405e+00 -9.428913294402906e-01 1.621237898960026e+00
650 1.318851115894251e+00 -9.428913294471828e-01 1.621237898965536e+00
651 1.318851115894244e+00 -9.428913294471913e-01 1.621237898965536e+00
652 1.318851115908101e+00 -9.428913294188990e-01 1.621237898960354e+00
653 1.263691157791509e+00 -8.974359292583609e-01 1.549937608229526e+00
654 1.318851115892405e+00 -9.428913294403082e-01 1.621237898960036e+00
655 1.427194345218584e+00 9.898736135815317e-01 1.736874626992076e+00
656 1.427194345219933e+00 9.898736135823398e-01 1.736874626993645e+00
657 1.318851115909956e+00 -9.428913294257865e-01 1.621237898965868e+00
658 1.427194345218582e+00 9.898736135815149e-01 1.736874626992065e+00
659 1.427194345219936e+00 9.898736135823293e-01 1.736874626993641e+00
660 1.263691157791488e+00 8.974359292583383e-01 1.549937608229495e+00
661 1.263691157791513e+00 8.974359292583619e-01 1.549937608229530e+00
662 1.292757543483262e+00 -9.167981519911830e-01 1.584847285301434e+00
663 1.292757543488824e+00 -9.167981519861872e-01 1.584847285303081e+00
664 1.292757543484290e+00 -9.167981519907777e-01 1.584847285302038e+00
665 1.292757543487787e+00 -9.167981519865885e-01 1.584847285302468e+00
666 1.332826916042518e+00 -9.495460313392932e-01 1.636479530504311e+00
667 1.332826916037163e+00 -9.495460313317543e-01 1.636479530495576e+00
668 1.332826916002456e+00 -9.495460313300119e-01 1.636479530466298e+00
669 1.332826916007792e+00 -9.495460313375557e-01 1.636479530475021e+00
670 1.292757543483259e+00 -9.167981519911884e-01 1.584847285301435e+00
671 1.292757543488826e+00 -9.167981519861953e-01 1.584847285303088e+00
672 1.292757543484284e+00 -9.167981519907582e-01 1.584847285302022e+00
673 1.292757543487798e+00 -9.167981519865868e-01 1.584847285302476e+00
674 1.263691157791480e+00 8.974359292583707e-01 1.549937608229507e+00
675 1.332826916002478e+00 -9.495460313300221e-01 1.636479530466321e+00
676 1.332826916007810e+00 -9.495460313375562e-01 1.636479530475036e+00
677 1.332826916042541e+00 -9.495460313393020e-01 1.636479530504335e+00
678 1.332826916037197e+00 -9.495460313317959e-01 1.636479530495628e+00
679 1.332826916022618e+00 -9.495460313346991e-01 1.636479530485438e+00
680 1.332826916022390e+00 -9.495460313346266e-01 1.636479530485210e+00
681 1.318851115892382e+00 9.428913294402954e-01 1.621237898960011e+00
682 1.318851115909941e+00 9.428913294257710e-01 1.621237898965847e+00
683 1.332826916022582e+00 -9.495460313346872e-01 1.636479530485402e+00
684 1.318851115909939e+00 9.428913294257841e-01 1.621237898965853e+00
685 1.318851115892383e+00 9.428913294402987e-01 1.621237898960014e+00
686 1.318851115908082e+00 9.428913294188901e-01 1.621237898960333e+00
687 1.318851115894231e+00 9.428913294471825e-01 1.621237898965520e+00
688 1.318851115894227e+00 9.428913294471692e-01 1.621237898965509e+00
689 1.318851115908080e+00 9.428913294188844e-01 1.621237898960328e+00
690 1.332826916022376e+00 -9.495460313346322e-01 1.636479530485202e+00
691 1.263691157791477e+00 8.974359292583380e-01 1.549937608229487e+00
692 1.292757543488812e+00 9.167981519861879e-01 1.584847285303072e+00
693 1.292757543487802e+00 9.167981519866099e-01 1.584847285302492e+00
694 1.292757543484273e+00 9.167981519907777e-01 1.584847285302025e+00
695 1.292757543483239e+00 9.167981519911753e-01 1.584847285301411e+00
696 1.292757543488781e+00 9.167981519861721e-01 1.584847285303038e+00
697 1.292757543483225e+00 9.167981519911619e-01 1.584847285301392e+00
698 1.332826916042509e+00 9.495460313392967e-01 1.636479530504306e+00
699 1.332826916037189e+00 9.495460313317838e-01 1.636479530495614e+00
700 1.332826916007800e+00 9.495460313375349e-01 1.636479530475015e+00
701 1.332826916002444e+00 9.495460313300101e-01 1.636479530466286e+00
702 1.332826916022383e+00 9.495460313346238e-01 1.636479530485203e+00
703 1.332826916022594e+00 9.495460313346785e-01 1.636479530485407e+00
704 1.332826916022578e+00 9.495460313346775e-01 1.636479530485393e+00
705 1.332826916042510e+00 9.495460313392740e-01 1.636479530504294e+00
706 1.332826916037164e+00 9.495460313317630e-01 1.636479530495582e+00
707 1.332826916007790e+00 9.495460313375311e-01 1.636479530475005e+00
708 1.332826916002430e+00 9.495460313299937e-01 1.636479530466266e+00
709 1.292757543484234e+00 9.167981519907592e-01 1.584847285301982e+00
710 1.292757543487753e+00 9.167981519865842e-01 1.584847285302438e+00
711 1.332826916022369e+00 9.495460313346047e-01 1.636479530485180e+00
712 1.304874196872777e+00 -9.089566983582476e-01 1.590251222025848e+00
713 1.304874196921984e+00 -9.089566983211201e-01 1.590251222045002e+00
714 1.304874196872340e+00 -9.089566983573291e-01 1.590251222024964e+00
715 1.304874196921563e+00 -9.089566983201871e-01 1.590251222044124e+00
716 1.304874196872339e+00 -9.089566983573144e-01 1.590251222024955e+00
717 1.304874196921560e+00 -9.089566983201949e-01 1.590251222044126e+00
718 1.304874196872762e+00 -9.089566983582452e-01 1.590251222025834e+00
719 1.465465949971848e+00 -9.684078904637728e-01 1.756531893487672e+00
720 1.465465949967330e+00 -9.684078904626161e-01 1.756531893483265e+00
721 1.304874196921555e+00 9.089566983201911e-01 1.590251222044120e+00
722 1.304874196921984e+00 9.089566983211392e-01 1.590251222045013e+00
723 1.304874196921979e+00 -9.089566983211315e-01 1.590251222045004e+00
724 1.304874196897193e+00 -9.089566983392905e-01 1.590251222035046e+00
725 1.304874196897118e+00 -9.089566983391304e-01 1.590251222034893e+00
726 1.304874196872336e+00 9.089566983573235e-01 1.590251222024957e+00
727 1.304874196897122e+00 9.089566983391507e-01 1.590251222034909e+00
728 1.304874196897201e+00 9.089566983393084e-01 1.590251222035063e+00
729 1.304874196872755e+00 9.089566983582609e-01 1.590251222025836e+00
730 1.304874196897200e+00 -9.089566983392989e-01 1.590251222035057e+00
731 1.304874196897133e+00 -9.089566983391418e-01 1.590251222034912e+00
732 1.304874196872762e+00 9.089566983582404e-01 1.590251222025831e+00
733 1.465465949971858e+00 -9.684078904637807e-01 1.756531893487684e+00
734 1.465465949967335e+00 -9.684078904626213e-01 1.756531893483272e+00
735 1.304874196921563e+00 9.089566983201918e-01 1.590251222044127e+00
736 1.304874196921981e+00 9.089566983211069e-01 1.590251222044992e+00
737 1.304874196897127e+00 9.089566983391563e-01 1.590251222034916e+00
738 1.304874196872335e+00 9.089566983573024e-01 1.590251222024944e+00
739 1.304874196897206e+00 9.089566983393105e-01 1.590251222035069e+00
740 1.465465949971836e+00 9.684078904637561e-01 1.756531893487653e+00
741 1.465465949967317e+00 9.684078904625997e-01 1.756531893483245e+00
742 1.465465949967323e+00 9.684078904626232e-01 1.756531893483263e+00
743 1.465465949971820e+00 9.684078904637627e-01 1.756531893487643e+00
744 1.479191721761710e+00 -9.435108821770047e-01 1.754485945943940e+00
745 1.479191721767717e+00 -9.435108821757252e-01 1.754485945948316e+00
746 1.415365887789388e+00 -9.177994577953306e-01 1.686895503890874e+00
747 1.415365887791807e+00 -9.177994577943954e-01 1.686895503892395e+00
748 1.415365887846502e+00 -9.177994577764269e-01 1.686895503928509e+00
749 1.415365887848924e+00 -9.177994577754913e-01 1.686895503930033e+00
750 1.479191721767690e+00 -9.435108821757137e-01 1.754485945948288e+00
751 1.479191721761648e+00 -9.435108821769849e-01 1.754485945943877e+00
752 1.479191721761705e+00 9.435108821770095e-01 1.754485945943939e+00
753 1.479191721767712e+00 9.435108821757303e-01 1.754485945948315e+00
754 1.415365887789394e+00 -9.177994577953550e-01 1.686895503890892e+00
755 1.415365887791803e+00 -9.177994577944170e-01 1.686895503892404e+00
756 1.415365887846507e+00 -9.177994577764494e-01 1.686895503928526e+00
757 1.415365887848920e+00 -9.177994577755043e-01 1.686895503930037e+00
758 1.479191721761716e+00 9.435108821770020e-01 1.754485945943944e+00
759 1.479191721767736e+00 9.435108821757346e-01 1.754485945948337e+00
760 1.415365887848902e+00 9.177994577754973e-01 1.686895503930018e+00
761 1.415365887846481e+00 9.177994577764316e-01 1.686895503928494e+00
762 1.415365887789367e+00 9.177994577953417e-01 1.686895503890862e+00
763 1.415365887791787e+00 9.177994577944080e-01 1.686895503892385e+00
764 1.415365887789382e+00 9.177994577953492e-01 1.686895503890879e+00
765 1.415365887791798e+00 9.177994577944142e-01 1.686895503892397e+00
766 1.415365887848916e+00 9.177994577754971e-01 1.686895503930029e+00
767 1.415365887846507e+00 9.177994577764660e-01 1.686895503928535e+00
768 1.360817045921444e+00 -8.724414902465899e-01 1.616470595579782e+00
769 1.360817045904869e+00 -8.724414902682986e-01 1.616470595577545e+00
770 1.360817045911897e+00 -8.724414902643843e-01 1.616470595581349e+00
771 1.360817045914473e+00 -8.724414902505444e-01 1.616470595576048e+00
772 1.360817045921460e+00 -8.724414902466041e-01 1.616470595579804e+00
773 1.360817045904882e+00 -8.724414902683107e-01 1.616470595577563e+00
774 1.360817045914458e+00 -8.724414902505435e-01 1.616470595576035e+00
775 1.360817045911886e+00 -8.724414902643822e-01 1.616470595581339e+00
776 1.360817045913193e+00 -8.724414902574810e-01 1.616470595578714e+00
777 1.360817045913178e+00 -8.724414902574622e-01 1.616470595578691e+00
778 1.360817045921479e+00 8.724414902465987e-01 1.616470595579816e+00
779 1.360817045904908e+00 8.724414902683080e-01 1.616470595577583e+00
780 1.360817045913209e+00 -8.724414902574551e-01 1.616470595578714e+00
781 1.360817045913245e+00 -8.724414902574879e-01 1.616470595578762e+00
782 1.360817045904923e+00 8.724414902683146e-01 1.616470595577599e+00
783 1.360817045921490e+00 8.724414902466037e-01 1.616470595579828e+00
784 1.360817045914484e+00 8.724414902505375e-01 1.616470595576054e+00
785 1.360817045911907e+00 8.724414902643853e-01 1.616470595581358e+00
786 1.360817045911906e+00 8.724414902643909e-01 1.616470595581361e+00
787 1.360817045914456e+00 8.724414902505178e-01 1.616470595576020e+00
788 1.360817045913208e+00 8.724414902574621e-01 1.616470595578717e+00
789 1.360817045913147e+00 8.724414902574251e-01 1.616470595578645e+00
790 1.531548803125945e+00 -9.294633579710720e-01 1.791519988771372e+00
791 1.531548803133761e+00 -9.294633579706447e-01 1.791519988777831e+00
792 1.427488832607871e+00 -8.938894374330615e-01 1.684269186791285e+00
793 1.427488832615941e+00 -8.938894374438454e-01 1.684269186803849e+00
794 1.427488832605066e+00 -8.938894374655788e-01 1.684269186806166e+00
795 1.427488832605074e+00 -8.938894374655783e-01 1.684269186806173e+00
796 1.427488832615968e+00 -8.938894374438591e-01 1.684269186803879e+00
797 1.427488832607863e+00 -8.938894374330552e-01 1.684269186791275e+00
798 1.427488832596946e+00 -8.938894374547678e-01 1.684269186793546e+00
799 1.427488832596974e+00 -8.938894374547762e-01 1.684269186793574e+00
800 1.388112638859390e+00 -8.718199914661784e-01 1.639184796074337e+00
801 1.388112638916321e+00 -8.718199914545609e-01 1.639184796116369e+00
802 1.388112638896047e+00 -8.718199914465408e-01 1.639184796094935e+00
803 1.388112638916318e+00 -8.718199914545766e-01 1.639184796116375e+00
804 1.388112638859369e+00 -8.718199914661914e-01 1.639184796074327e+00
805 1.388112638879616e+00 -8.718199914741674e-01 1.639184796095714e+00
806 1.388112638896024e+00 -8.718199914465574e-01 1.639184796094924e+00
807 1.388112638879608e+00 -8.718199914741831e-01 1.639184796095716e+00
808 1.388112638887991e+00 -8.718199914604997e-01 1.639184796095537e+00
809 1.388112638887714e+00 -8.718199914602731e-01 1.639184796095182e+00
810 1.531548803125973e+00 -9.294633579710772e-01 1.791519988771398e+00
811 1.531548803133790e+00 -9.294633579706488e-01 1.791519988777859e+00
812 1.531548803133789e+00 9.294633579706316e-01 1.791519988777849e+00
813 1.531548803133793e+00 9.294633579706368e-01 1.791519988777855e+00
814 1.470181721405714e+00 -9.103391156933995e-01 1.729205482155580e+00
815 1.470181721405722e+00 -9.103391156933921e-01 1.729205482155582e+00
816 1.470181721414900e+00 -9.103391157050582e-01 1.729205482169527e+00
817 1.470181721414893e+00 -9.103391157050823e-01 1.729205482169534e+00
818 1.531548803125982e+00 9.294633579710662e-01 1.791519988771400e+00
819 1.360817045913177e+00 8.724414902574554e-01 1.616470595578687e+00
820 1.360817045913187e+00 8.724414902574826e-01 1.616470595578710e+00
821 1.444237262211104e+00 -9.015762646721099e-01 1.702545456244602e+00
822 1.444237262206028e+00 -9.015762646754495e-01 1.702545456242065e+00
823 1.444237262206034e+00 -9.015762646754589e-01 1.702545456242075e+00
824 1.444237262211086e+00 -9.015762646721082e-01 1.702545456244586e+00
825 1.444237262254044e+00 -9.015762646578357e-01 1.702545456273468e+00
826 1.470181721435337e+00 -9.103391157024652e-01 1.729205482185538e+00
827 1.531548803125980e+00 9.294633579710587e-01 1.791519988771395e+00
828 1.444237262259104e+00 -9.015762646544897e-01 1.702545456275988e+00
829 1.470181721426170e+00 -9.103391156907927e-01 1.729205482171599e+00
830 1.444237262254005e+00 -9.015762646578288e-01 1.702545456273432e+00
831 1.470181721435343e+00 -9.103391157024747e-01 1.729205482185548e+00
832 1.470181721426145e+00 -9.103391156908044e-01 1.729205482171583e+00
833 1.444237262259074e+00 -9.015762646544657e-01 1.702545456275951e+00
834 1.388112638888008e+00 -8.718199914604763e-01 1.639184796095539e+00
835 1.470181721435314e+00 9.103391157024652e-01 1.729205482185518e+00
836 1.470181721426168e+00 9.103391156908007e-01 1.729205482171601e+00
837 1.444237262259102e+00 9.015762646544869e-01 1.702545456275985e+00
838 1.444237262254019e+00 9.015762646578174e-01 1.702545456273437e+00
839 1.427488832607859e+00 8.938894374330589e-01 1.684269186791274e+00
840 1.427488832605063e+00 8.938894374655787e-01 1.684269186806163e+00
841 1.427488832615976e+00 8.938894374438705e-01 1.684269186803892e+00
842 1.470181721435343e+00 9.103391157024676e-01 1.729205482185544e+00
843 1.470181721426136e+00 9.103391156907868e-01 1.729205482171567e+00
844 1.470181721405676e+00 9.103391156933679e-01 1.729205482155530e+00
845 1.470181721414927e+00 9.103391157050654e-01 1.729205482169553e+00
846 1.470181721414894e+00 9.103391157050600e-01 1.729205482169523e+00
847 1.427488832607867e+00 8.938894374330513e-01 1.684269186791277e+00
848 1.444237262253985e+00 9.015762646578191e-01 1.702545456273409e+00
849 1.444237262259114e+00 9.015762646544833e-01 1.702545456275993e+00
850 1.444237262206029e+00 9.015762646754502e-01 1.702545456242066e+00
851 1.427488832605069e+00 8.938894374655734e-01 1.684269186806166e+00
852 1.427488832615966e+00 8.938894374438576e-01 1.684269186803876e+00
853 1.427488832596985e+00 8.938894374547983e-01 1.684269186793595e+00
854 1.444237262206009e+00 9.015762646754473e-01 1.702545456242047e+00
855 1.444237262211101e+00 9.015762646721126e-01 1.702545456244601e+00
856 1.470181721405706e+00 9.103391156933880e-01 1.729205482155566e+00
857 1.444237262211089e+00 9.015762646720994e-01 1.702545456244584e+00
858 1.427488832596974e+00 8.938894374547791e-01 1.684269186793576e+00
859 1.388112638887697e+00 -8.718199914602480e-01 1.639184796095154e+00
860 1.409634661230713e+00 -8.818030755522535e-01 1.662722629363190e+00
861 1.409634661232223e+00 -8.818030755537203e-01 1.662722629365248e+00
862 1.409634661124505e+00 -8.818030756266025e-01 1.662722629312578e+00
863 1.388112638879635e+00 8.718199914741842e-01 1.639184796095740e+00
864 1.388112638896064e+00 8.718199914465506e-01 1.639184796094954e+00
865 1.388112638916312e+00 8.718199914545683e-01 1.639184796116365e+00
866 1.388112638859387e+00 8.718199914661879e-01 1.639184796074340e+00
867 1.388112638887686e+00 8.718199914602677e-01 1.639184796095156e+00
868 1.388112638887957e+00 8.718199914604595e-01 1.639184796095487e+00
869 1.409634661230730e+00 -8.818030755522515e-01 1.662722629363203e+00
870 1.409634661232217e+00 -8.818030755537105e-01 1.662722629365238e+00
871 1.409634661124513e+00 -8.818030756266049e-01 1.662722629312586e+00
872 1.409634661123006e+00 -8.818030756251375e-01 1.662722629310531e+00
873 1.388112638896062e+00 8.718199914465661e-01 1.639184796094961e+00
874 1.388112638879654e+00 8.718199914742050e-01 1.639184796095766e+00
875 1.388112638887726e+00 8.718199914602854e-01 1.639184796095198e+00
876 1.388112638916325e+00 8.718199914545668e-01 1.639184796116375e+00
877 1.388112638859385e+00 8.718199914661849e-01 1.639184796074337e+00
878 1.409634661177367e+00 -8.818030755893724e-01 1.662722629337650e+00
879 1.409634661177863e+00 -8.818030755894652e-01 1.662722629338119e+00
880 1.388112638888020e+00 8.718199914604994e-01 1.639184796095562e+00
881 1.409634661230728e+00 8.818030755522439e-01 1.662722629363197e+00
882 1.409634661232240e+00 8.818030755537133e-01 1.662722629365259e+00
883 1.409634661123007e+00 8.818030756251283e-01 1.662722629310526e+00
884 1.409634661177856e+00 8.818030755894694e-01 1.662722629338116e+00
885 1.409634661177362e+00 8.818030755893800e-01 1.662722629337649e+00
886 1.409634661124521e+00 8.818030756265948e-01 1.662722629312588e+00
887 1.409634661122986e+00 -8.818030756251268e-01 1.662722629310508e+00
888 1.409634661177865e+00 -8.818030755894699e-01 1.662722629338124e+00
889 1.409634661177365e+00 -8.818030755893794e-01 1.662722629337652e+00
890 1.409634661232229e+00 8.818030755537154e-01 1.662722629365251e+00
891 1.409634661230721e+00 8.818030755522470e-01 1.662722629363193e+00
892 1.409634661122998e+00 8.818030756251275e-01 1.662722629310518e+00
893 1.409634661124525e+00 8.818030756265917e-01 1.662722629312589e+00
894 1.409634661177398e+00 8.818030755893689e-01 1.662722629337674e+00
895 1.409634661177892e+00 8.818030755894610e-01 1.662722629338142e+00
896 1.406747748694035e+00 -8.614025005426491e-01 1.649531295973758e+00
897 1.406747748693047e+00 -8.614025005415012e-01 1.649531295972316e+00
898 1.406747748736503e+00 -8.614025005000366e-01 1.649531295987722e+00
899 1.406747748694064e+00 -8.614025005426755e-01 1.649531295973796e+00
900 1.406747748693032e+00 -8.614025005414772e-01 1.649531295972291e+00
901 1.406747748736509e+00 -8.614025005000313e-01 1.649531295987724e+00
902 1.406747748737492e+00 -8.614025005012124e-01 1.649531295989179e+00
903 1.406747748715255e+00 -8.614025005213397e-01 1.649531295980726e+00
904 1.406747748715283e+00 -8.614025005213756e-01 1.649531295980769e+00
905 1.406747748737487e+00 -8.614025005012266e-01 1.649531295989183e+00
906 1.406747748694031e+00 8.614025005426746e-01 1.649531295973768e+00
907 1.406747748693056e+00 8.614025005414839e-01 1.649531295972314e+00
908 1.406747748737462e+00 8.614025005012031e-01 1.649531295989149e+00
909 1.406747748736492e+00 8.614025005000607e-01 1.649531295987725e+00
910 1.406747748715288e+00 8.614025005213755e-01 1.649531295980774e+00
911 1.406747748715258e+00 8.614025005213415e-01 1.649531295980730e+00
912 1.406747748737474e+00 8.614025005012197e-01 1.649531295989169e+00
913 1.406747748715255e+00 -8.614025005213288e-01 1.649531295980721e+00
914 1.406747748715292e+00 -8.614025005213573e-01 1.649531295980767e+00
915 1.406747748694044e+00 8.614025005426638e-01 1.649531295973772e+00
916 1.406747748736500e+00 8.614025005000377e-01 1.649531295987720e+00
917 1.406747748693052e+00 8.614025005414889e-01 1.649531295972313e+00
918 1.406747748715299e+00 8.614025005213718e-01 1.649531295980780e+00
919 1.406747748715246e+00 8.614025005213360e-01 1.649531295980716e+00
920 1.407900218719804e+00 -8.520109655657730e-01 1.645632313524377e+00
921 1.407900218719764e+00 -8.520109655657572e-01 1.645632313524334e+00
922 1.407900218719785e+00 -8.520109655657651e-01 1.645632313524357e+00
923 1.407900218719766e+00 -8.520109655657648e-01 1.645632313524340e+00
924 1.407900218719824e+00 8.520109655657930e-01 1.645632313524404e+00
925 1.407900218719789e+00 8.520109655657730e-01 1.645632313524364e+00
926 1.407900218719766e+00 8.520109655657574e-01 1.645632313524336e+00
927 1.407900218719769e+00 8.520109655657624e-01 1.645632313524341e+00
928 1.430475628523658e+00 -8.669132214591480e-01 1.672662266370839e+00
929 1.430475628527258e+00 -8.669132214619046e-01 1.672662266375346e+00
930 1.430475628444928e+00 -8.669132215230911e-01 1.672662266336650e+00
931 1.430475628483661e+00 -8.669132214911133e-01 1.672662266353201e+00
932 1.430475628484895e+00 -8.669132214911172e-01 1.672662266354258e+00
933 1.430475628441313e+00 -8.669132215203467e-01 1.672662266332135e+00
934 1.430475628444945e+00 -8.669132215231002e-01 1.672662266336668e+00
935 1.430475628527271e+00 -8.669132214619043e-01 1.672662266375358e+00
936 1.430475628523658e+00 -8.669132214591546e-01 1.672662266370843e+00
937 1.430475628441328e+00 -8.669132215203434e-01 1.672662266332146e+00
938 1.430475628483696e+00 -8.669132214911207e-01 1.672662266353234e+00
939 1.430475628484912e+00 -8.669132214911182e-01 1.672662266354273e+00
940 1.413610381804981e+00 -8.266626990611976e-01 1.637579167419386e+00
941 1.413610381804958e+00 -8.266626990612094e-01 1.637579167419371e+00
942 1.424655704843413e+00 -8.386111191744833e-01 1.653152287766001e+00
943 1.430475628444946e+00 8.669132215231055e-01 1.672662266336672e+00
944 1.430475628441333e+00 8.669132215203458e-01 1.672662266332152e+00
945 1.430475628523680e+00 8.669132214591647e-01 1.672662266370867e+00
946 1.430475628527284e+00 8.669132214619106e-01 1.672662266375372e+00
947 1.430475628444945e+00 8.669132215231026e-01 1.672662266336669e+00
948 1.430475628441334e+00 8.669132215203478e-01 1.672662266332154e+00
949 1.430475628527293e+00 8.669132214619095e-01 1.672662266375379e+00
950 1.430475628483701e+00 8.669132214911353e-01 1.672662266353247e+00
951 1.430475628484920e+00 8.669132214911357e-01 1.672662266354289e+00
952 1.430475628523682e+00 8.669132214591582e-01 1.672662266370865e+00
953 1.424655704843405e+00 -8.386111191744716e-01 1.653152287765988e+00
954 1.413610381804922e+00 -8.266626990611825e-01 1.637579167419327e+00
955 1.430475628484915e+00 8.669132214911157e-01 1.672662266354274e+00
956 1.424655704843376e+00 8.386111191744594e-01 1.653152287765956e+00
957 1.424655704843382e+00 -8.386111191744680e-01 1.653152287765966e+00
958 2.496343557790830e+00 -4.027717047312518e-01 2.528627336057232e+00
959 2.496343557793478e+00 -4.027717047295444e-01 2.528627336059575e+00
960 1.424655704843391e+00 -8.386111191744675e-01 1.653152287765974e+00
961 1.444605042540521e+00 -8.427377015565807e-01 1.672450466399041e+00
962 1.444605042540142e+00 -8.427377015571433e-01 1.672450466398997e+00
963 1.430475628483701e+00 8.669132214911228e-01 1.672662266353239e+00
964 1.413610381804971e+00 -8.266626990611953e-01 1.637579167419376e+00
965 1.424655704843378e+00 8.386111191744694e-01 1.653152287765963e+00
966 1.424655704843348e+00 8.386111191744592e-01 1.653152287765932e+00
967 1.413610381804945e+00 8.266626990611673e-01 1.637579167419339e+00
968 2.450318042807805e+00 -5.109794575604549e-01 2.503029867372391e+00
969 2.450318042809172e+00 -5.109794575600949e-01 2.503029867373655e+00
970 2.451258713664446e+00 -5.107494523376483e-01 2.503903808930982e+00
971 2.451258713665982e+00 -5.107494523372945e-01 2.503903808932414e+00
972 2.451258713666025e+00 -5.107494523373317e-01 2.503903808932463e+00
973 2.451258713667573e+00 -5.107494523370457e-01 2.503903808933921e+00
974 2.451258713664422e+00 -5.107494523376245e-01 2.503903808930954e+00
975 1.413610381804929e+00 8.266626990611776e-01 1.637579167419331e+00
976 2.390832888411115e+00 -5.999534695363979e-01 2.464959647928743e+00
977 2.390832888410710e+00 -5.999534695365595e-01 2.464959647928390e+00
978 2.450318042807853e+00 -5.109794575604487e-01 2.503029867372437e+00
979 2.450318042809224e+00 -5.109794575600890e-01 2.503029867373706e+00
980 1.413610381804924e+00 8.266626990611774e-01 1.637579167419326e+00
981 1.413610381804920e+00 8.266626990611848e-01 1.637579167419327e+00
982 2.451258713666030e+00 -5.107494523373565e-01 2.503903808932474e+00
983 2.451258713667523e+00 -5.107494523370322e-01 2.503903808933869e+00
984 1.424655704843348e+00 8.386111191744550e-01 1.653152287765930e+00
985 2.451258713666010e+00 -5.107494523373222e-01 2.503903808932447e+00
986 1.444605042540158e+00 -8.427377015571570e-01 1.672450466399017e+00
987 1.444605042540521e+00 -8.427377015565810e-01 1.672450466399041e+00
988 1.444605042540173e+00 8.427377015571609e-01 1.672450466399033e+00
989 1.444605042540553e+00 8.427377015565951e-01 1.672450466399076e+00
990 1.499232270855436e+00 -8.686212372642328e-01 1.732685850291620e+00
991 1.499232270860031e+00 -8.686212372579588e-01 1.732685850292450e+00
992 1.499232270894348e+00 -8.686212372465598e-01 1.732685850316429e+00
993 1.499232270898925e+00 -8.686212372402961e-01 1.732685850317250e+00
994 1.499232270898943e+00 -8.686212372402814e-01 1.732685850317258e+00
995 1.499232270894333e+00 -8.686212372465471e-01 1.732685850316410e+00
996 1.499232270855463e+00 -8.686212372642377e-01 1.732685850291645e+00
997 1.499232270860029e+00 -8.686212372579414e-01 1.732685850292440e+00
998 1.444605042540131e+00 8.427377015571504e-01 1.672450466398991e+00
999 1.444605042540508e+00 8.427377015565817e-01 1.672450466399030e+00
1000 2.496343557793423e+00 -4.027717047295425e-01 2.528627336059520e+00
1001 2.496343557790885e+00 -4.027717047312493e-01 2.528627336057286e+00
1002 2.390832888410693e+00 -5.999534695365600e-01 2.464959647928374e+00
1003 2.390832888411099e+00 -5.999534695363876e-01 2.464959647928726e+00
1004 2.450318042809188e+00 5.109794575601010e-01 2.503029867373673e+00
1005 2.450318042807822e+00 5.109794575604664e-01 2.503029867372410e+00
1006 1.499232270898914e+00 8.686212372402804e-01 1.732685850317232e+00
1007 1.499232270855444e+00 8.686212372642247e-01 1.732685850291622e+00
1008 1.499232270855440e+00 8.686212372642230e-01 1.732685850291618e+00
1009 2.495973843244167e+00 -4.023067023023846e-01 2.528188305660098e+00
1010 1.499232270898935e+00 8.686212372402782e-01 1.732685850317249e+00
1011 1.499232270894342e+00 8.686212372465582e-01 1.732685850316423e+00
1012 1.499232270860019e+00 8.686212372579504e-01 1.732685850292436e+00
1013 2.450318042809124e+00 5.109794575600839e-01 2.503029867373607e+00
1014 2.450318042807764e+00 5.109794575604493e-01 2.503029867372350e+00
1015 2.495973843237861e+00 -4.023067023061538e-01 2.528188305654472e+00
1016 1.499232270894360e+00 8.686212372465644e-01 1.732685850316442e+00
1017 2.495973843244167e+00 -4.023067023023857e-01 2.528188305660098e+00
1018 2.495973843237869e+00 -4.023067023061524e-01 2.528188305654480e+00
1019 2.495973843240919e+00 -4.023067023042524e-01 2.528188305657189e+00
1020 2.495973843241052e+00 -4.023067023042525e-01 2.528188305657320e+00
1021 1.499232270860064e+00 8.686212372579591e-01 1.732685850292479e+00
1022 2.390832888411055e+00 5.999534695363762e-01 2.464959647928680e+00
1023 2.390832888410657e+00 5.999534695365540e-01 2.464959647928337e+00
1024 2.390832888411104e+00 5.999534695364028e-01 2.464959647928735e+00
1025 2.496343557790906e+00 4.027717047312547e-01 2.528627336057308e+00
1026 2.496343557793550e+00 4.027717047295457e-01 2.528627336059646e+00
1027 2.496343557790875e+00 4.027717047312449e-01 2.528627336057276e+00
1028 2.496343557793554e+00 4.027717047295323e-01 2.528627336059648e+00
1029 2.495973843241094e+00 -4.023067023042621e-01 2.528188305657363e+00
1030 2.495973843240988e+00 -4.023067023042586e-01 2.528188305657258e+00
1031 2.390832888410716e+00 5.999534695365877e-01 2.464959647928403e+00
1032 2.451258713664425e+00 5.107494523376253e-01 2.503903808930958e+00
1033 2.451258713667532e+00 5.107494523370231e-01 2.503903808933877e+00
1034 2.451258713666020e+00 5.107494523373488e-01 2.503903808932462e+00
1035 2.451258713666006e+00 5.107494523373116e-01 2.503903808932440e+00
1036 2.451258713664452e+00 5.107494523376249e-01 2.503903808930984e+00
1037 2.451258713667582e+00 5.107494523370318e-01 2.503903808933927e+00
1038 2.327060994075926e+00 -6.685627617968430e-01 2.421195786509438e+00
1039 2.327060994076050e+00 -6.685627617961676e-01 2.421195786509371e+00
1040 2.392451488161555e+00 -6.003731432436864e-01 2.466631718423880e+00
1041 2.392451488160024e+00 -6.003731432432078e-01 2.466631718422279e+00
1042 2.516128615100843e+00 -2.752517563377470e-01 2.531139414788585e+00
1043 2.327060994075979e+00 -6.685627617968674e-01 2.421195786509497e+00
1044 2.327060994076098e+00 -6.685627617961941e-01 2.421195786509425e+00
1045 2.451258713665891e+00 5.107494523373056e-01 2.503903808932327e+00
1046 2.516128615096207e+00 -2.752517563423498e-01 2.531139414784477e+00
1047 2.392451488161513e+00 -6.003731432436907e-01 2.466631718423840e+00
1048 2.392451488159972e+00 -6.003731432432287e-01 2.466631718422234e+00
1049 2.392451488160752e+00 -6.003731432434556e-01 2.466631718423045e+00
1050 2.392451488160741e+00 -6.003731432435173e-01 2.466631718423049e+00
1051 2.392451488160078e+00 6.003731432432449e-01 2.466631718422340e+00
1052 2.392451488161589e+00 6.003731432436983e-01 2.466631718423916e+00
1053 2.451956135668059e+00 -5.105981261045918e-01 2.504555716613579e+00
1054 2.451956135665494e+00 -5.105981261052979e-01 2.504555716611213e+00
1055 2.451956135665494e+00 -5.105981261052847e-01 2.504555716611209e+00
1056 2.451956135668022e+00 -5.105981261046151e-01 2.504555716613548e+00
1057 2.392451488160776e+00 -6.003731432434436e-01 2.466631718423066e+00
1058 2.392451488160733e+00 -6.003731432435006e-01 2.466631718423038e+00
1059 2.392451488160761e+00 6.003731432435104e-01 2.466631718423067e+00
1060 2.495788233736691e+00 -4.020006926038291e-01 2.527956381054165e+00
1061 2.495788233742624e+00 -4.020006926000991e-01 2.527956381059429e+00
1062 2.329300394103425e+00 -6.700796376483024e-01 2.423767118920721e+00
1063 2.329300394105497e+00 -6.700796376501965e-01 2.423767118923236e+00
1064 2.329300394103413e+00 -6.700796376483139e-01 2.423767118920713e+00
1065 2.329300394104474e+00 -6.700796376493082e-01 2.423767118922008e+00
1066 2.329300394104498e+00 -6.700796376492447e-01 2.423767118922013e+00
1067 2.329300394105482e+00 -6.700796376502174e-01 2.423767118923227e+00
1068 2.451956135666735e+00 -5.105981261049881e-01 2.504555716612364e+00
1069 2.451956135666764e+00 -5.105981261049026e-01 2.504555716612375e+00
1070 2.495788233736671e+00 -4.020006926038358e-01 2.527956381054146e+00
1071 2.495788233742649e+00 -4.020006926001023e-01 2.527956381059454e+00
1072 2.495973843244164e+00 4.023067023023641e-01 2.528188305660092e+00
1073 2.451956135666757e+00 -5.105981261049168e-01 2.504555716612372e+00
1074 2.451956135666774e+00 -5.105981261049465e-01 2.504555716612393e+00
1075 2.451956135666739e+00 -5.105981261049313e-01 2.504555716612356e+00
1076 2.451956135666781e+00 -5.105981261049576e-01 2.504555716612403e+00
1077 2.495973843244214e+00 4.023067023023763e-01 2.528188305660143e+00
1078 2.495973843237857e+00 4.023067023061244e-01 2.528188305654463e+00
1079 2.495973843241098e+00 4.023067023042507e-01 2.528188305657366e+00
1080 2.495973843240987e+00 4.023067023042419e-01 2.528188305657253e+00
1081 2.495973843237882e+00 4.023067023061446e-01 2.528188305654491e+00
1082 2.451956135666775e+00 -5.105981261049435e-01 2.504555716612394e+00
1083 2.393645656558037e+00 -6.006674657659596e-01 2.467861611514887e+00
1084 2.393645656559553e+00 -6.006674657668025e-01 2.467861611516563e+00
1085 2.393645656559549e+00 -6.006674657667953e-01 2.467861611516557e+00
1086 2.393645656558798e+00 -6.006674657664228e-01 2.467861611515738e+00
1087 2.393645656558785e+00 -6.006674657663180e-01 2.467861611515700e+00
1088 2.495973843240905e+00 4.023067023042422e-01 2.528188305657173e+00
1089 2.495973843241055e+00 4.023067023042710e-01 2.528188305657326e+00
1090 2.393645656557985e+00 -6.006674657659410e-01 2.467861611514832e+00
1091 2.393645656558838e+00 -6.006674657663261e-01 2.467861611515753e+00
1092 2.393645656558775e+00 -6.006674657663648e-01 2.467861611515702e+00
1093 2.393645656558795e+00 -6.006674657663429e-01 2.467861611515716e+00
1094 2.451956135666706e+00 -5.105981261049195e-01 2.504555716612322e+00
1095 2.516128615100840e+00 -2.752517563377341e-01 2.531139414788581e+00
1096 2.516128615096223e+00 -2.752517563423384e-01 2.531139414784491e+00
1097 2.451258713666000e+00 5.107494523373591e-01 2.503903808932445e+00
1098 2.392451488159994e+00 6.003731432432559e-01 2.466631718422261e+00
1099 2.392451488161532e+00 6.003731432437026e-01 2.466631718423861e+00
1100 2.392451488160758e+00 6.003731432434450e-01 2.466631718423048e+00
1101 2.330985291024313e+00 -6.711436684557293e-01 2.425680574741843e+00
1102 2.330985291024301e+00 -6.711436684557102e-01 2.425680574741825e+00
1103 2.392451488160738e+00 6.003731432434685e-01 2.466631718423034e+00
1104 2.330985291021568e+00 -6.711436684531082e-01 2.425680574738479e+00
1105 2.516128615096236e+00 2.752517563423464e-01 2.531139414784505e+00
1106 2.329300394104462e+00 -6.700796376492959e-01 2.423767118921992e+00
1107 2.329300394104489e+00 -6.700796376492327e-01 2.423767118922000e+00
1108 2.330985291021551e+00 -6.711436684530959e-01 2.425680574738460e+00
1109 2.392451488160779e+00 6.003731432434393e-01 2.466631718423068e+00
1110 2.516128615096128e+00 2.752517563423406e-01 2.531139414784398e+00
1111 2.516128615100847e+00 2.752517563377379e-01 2.531139414788588e+00
1112 2.393645656559536e+00 6.006674657667909e-01 2.467861611516543e+00
1113 2.393645656558040e+00 6.006674657659677e-01 2.467861611514892e+00
1114 2.516128615100781e+00 2.752517563377433e-01 2.531139414788523e+00
1115 1.611662883847639e+00 -8.748857384298875e-01 1.833816322994235e+00
1116 1.611662883847688e+00 -8.748857384298911e-01 1.833816322994280e+00
1117 2.266829049846855e+00 -7.145969654868800e-01 2.376796744425710e+00
1118 2.327060994076134e+00 6.685627617961701e-01 2.421195786509453e+00
1119 2.327060994076021e+00 6.685627617968487e-01 2.421195786509532e+00
1120 2.266829049847593e+00 -7.145969654857873e-01 2.376796744426085e+00
1121 2.266829049846946e+00 -7.145969654868991e-01 2.376796744425802e+00
1122 2.327060994076138e+00 6.685627617961801e-01 2.421195786509459e+00
1123 2.266829049847681e+00 -7.145969654857818e-01 2.376796744426168e+00
1124 1.611662883836926e+00 -8.748857384334223e-01 1.833816322986507e+00
1125 2.495788233739584e+00 -4.020006926019399e-01 2.527956381056720e+00
1126 2.495788233739634e+00 -4.020006926019772e-01 2.527956381056776e+00
1127 2.495788233739705e+00 -4.020006926019723e-01 2.527956381056845e+00
1128 2.495788233739724e+00 -4.020006926019843e-01 2.527956381056866e+00
1129 2.495788233739602e+00 -4.020006926019471e-01 2.527956381056740e+00
1130 2.495788233739594e+00 -4.020006926019573e-01 2.527956381056733e+00
1131 2.393645656558764e+00 -6.006674657663797e-01 2.467861611515695e+00
1132 1.611662883836932e+00 -8.748857384334068e-01 1.833816322986504e+00
1133 2.327060994075977e+00 6.685627617968563e-01 2.421195786509491e+00
1134 2.393645656558047e+00 6.006674657659370e-01 2.467861611514891e+00
1135 2.451956135668010e+00 5.105981261045822e-01 2.504555716613530e+00
1136 2.495788233736700e+00 4.020006926038326e-01 2.527956381054175e+00
1137 2.495788233742656e+00 4.020006926001074e-01 2.527956381059463e+00
1138 2.451956135665465e+00 5.105981261052830e-01 2.504555716611181e+00
1139 1.533531881055076e+00 -8.675378868085372e-01 1.761914304176154e+00
1140 1.533531881013921e+00 -8.675378867382320e-01 1.761914304105717e+00
1141 1.533531881023581e+00 -8.675378867697940e-01 1.761914304129666e+00
1142 2.451956135668048e+00 5.105981261045714e-01 2.504555716613565e+00
1143 2.495788233736700e+00 4.020006926038318e-01 2.527956381054175e+00
1144 2.495788233742664e+00 4.020006926000939e-01 2.527956381059468e+00
1145 1.533531881055058e+00 -8.675378868085351e-01 1.761914304176138e+00
1146 1.533531881023585e+00 -8.675378867698055e-01 1.761914304129674e+00
1147 2.451956135665473e+00 5.105981261052641e-01 2.504555716611185e+00
1148 2.329300394105522e+00 6.700796376502385e-01 2.423767118923272e+00
1149 2.329300394103457e+00 6.700796376483305e-01 2.423767118920759e+00
1150 2.329300394105556e+00 6.700796376502189e-01 2.423767118923299e+00
1151 2.329300394104491e+00 6.700796376492678e-01 2.423767118922012e+00
1152 2.329300394104439e+00 6.700796376492504e-01 2.423767118921957e+00
1153 2.329300394103405e+00 6.700796376483039e-01 2.423767118920702e+00
1154 1.533531881013886e+00 -8.675378867382315e-01 1.761914304105686e+00
1155 2.451956135666799e+00 5.105981261048995e-01 2.504555716612408e+00
1156 1.533531881045352e+00 -8.675378867769645e-01 1.761914304152145e+00
1157 1.474308643199466e+00 -8.368299646597203e-01 1.695249351914060e+00
1158 2.329300394104437e+00 6.700796376492879e-01 2.423767118921966e+00
1159 2.451956135666788e+00 5.105981261049675e-01 2.504555716612412e+00
1160 1.474308643203949e+00 -8.368299646615824e-01 1.695249351918878e+00
1161 1.474308643140643e+00 -8.368299647096900e-01 1.695249351887569e+00
1162 1.474308643145135e+00 -8.368299647115709e-01 1.695249351892405e+00
1163 1.474308643171532e+00 -8.368299646858558e-01 1.695249351902668e+00
1164 1.533531881045386e+00 -8.675378867769337e-01 1.761914304152159e+00
1165 1.474308643140650e+00 -8.368299647096875e-01 1.695249351887575e+00
1166 1.474308643173062e+00 -8.368299646854489e-01 1.695249351903797e+00
1167 1.474308643171552e+00 -8.368299646858638e-01 1.695249351902689e+00
1168 1.474308643203957e+00 -8.368299646615927e-01 1.695249351918890e+00
1169 1.474308643199476e+00 -8.368299646597147e-01 1.695249351914065e+00
1170 1.474308643145120e+00 -8.368299647115569e-01 1.695249351892385e+00
1171 2.495788233739583e+00 4.020006926019477e-01 2.527956381056721e+00
1172 2.495788233739730e+00 4.020006926019759e-01 2.527956381056871e+00
1173 1.533531881034712e+00 -8.675378867734620e-01 1.761914304141160e+00
1174 2.451956135666725e+00 5.105981261048951e-01 2.504555716612335e+00
1175 2.329300394104517e+00 6.700796376492263e-01 2.423767118922025e+00
1176 1.533531881034269e+00 -8.675378867732599e-01 1.761914304140674e+00
1177 2.495788233739626e+00 4.020006926019385e-01 2.527956381056762e+00
1178 2.451956135666747e+00 5.105981261049085e-01 2.504555716612360e+00
1179 2.451956135666713e+00 5.105981261049282e-01 2.504555716612330e+00
1180 2.451956135666741e+00 5.105981261049505e-01 2.504555716612362e+00
1181 2.495788233739726e+00 4.020006926019701e-01 2.527956381056866e+00
1182 2.451956135666750e+00 5.105981261049254e-01 2.504555716612367e+00
1183 2.495788233739663e+00 4.020006926019499e-01 2.527956381056800e+00
1184 2.495788233739636e+00 4.020006926019482e-01 2.527956381056773e+00
1185 2.393645656558854e+00 -6.006674657663644e-01 2.467861611515778e+00
1186 2.495788233739722e+00 -4.020006926019652e-01 2.527956381056861e+00
1187 2.495788233739653e+00 -4.020006926019660e-01 2.527956381056793e+00
1188 2.393645656558751e+00 -6.006674657663604e-01 2.467861611515677e+00
1189 1.463348396335183e+00 -8.093152414174183e-01 1.672237928360461e+00
1190 1.604999672693791e+00 -8.730266751313207e-01 1.827074033759449e+00
1191 1.604999672703161e+00 -8.730266751272403e-01 1.827074033765730e+00
1192 1.604999672703173e+00 -8.730266751272369e-01 1.827074033765740e+00
1193 1.463348396335164e+00 -8.093152414174016e-01 1.672237928360436e+00
1194 1.604999672693789e+00 -8.730266751313001e-01 1.827074033759438e+00
1195 1.533531881034180e+00 -8.675378867732237e-01 1.761914304140579e+00
1196 2.451956135666803e+00 5.105981261049478e-01 2.504555716612423e+00
1197 1.533531881034705e+00 -8.675378867734734e-01 1.761914304141158e+00
1198 1.474308643173030e+00 -8.368299646854229e-01 1.695249351903756e+00
1199 2.330985291022935e+00 -6.711436684543775e-01 2.425680574740144e+00
1200 2.330985291022853e+00 -6.711436684544412e-01 2.425680574740083e+00
1201 2.330985291022894e+00 -6.711436684544492e-01 2.425680574740125e+00
1202 2.330985291022849e+00 -6.711436684543983e-01 2.425680574740067e+00
1203 2.330985291022916e+00 -6.711436684543650e-01 2.425680574740122e+00
1204 2.495788233739692e+00 4.020006926019724e-01 2.527956381056832e+00
1205 2.495788233739682e+00 4.020006926019741e-01 2.527956381056823e+00
1206 2.513554275615899e+00 -2.758790035698990e-01 2.528648714447636e+00
1207 2.513554275604587e+00 -2.758790035802037e-01 2.528648714437517e+00
1208 2.513554275604643e+00 -2.758790035802137e-01 2.528648714437574e+00
1209 2.513554275616003e+00 -2.758790035699151e-01 2.528648714447741e+00
1210 2.393645656559531e+00 6.006674657667825e-01 2.467861611516537e+00
1211 2.330985291022887e+00 -6.711436684544131e-01 2.425680574740108e+00
1212 2.393645656558803e+00 6.006674657663111e-01 2.467861611515715e+00
1213 2.330985291022899e+00 -6.711436684544104e-01 2.425680574740119e+00
1214 1.533531881013879e+00 8.675378867382149e-01 1.761914304105672e+00
1215 1.533531881034227e+00 8.675378867732421e-01 1.761914304140629e+00
1216 1.533531881034676e+00 8.675378867734460e-01 1.761914304141120e+00
1217 1.533531881013880e+00 8.675378867382256e-01 1.761914304105678e+00
1218 1.533531881045333e+00 8.675378867769366e-01 1.761914304152115e+00
1219 1.533531881045336e+00 8.675378867769172e-01 1.761914304152107e+00
1220 2.393645656558786e+00 6.006674657664031e-01 2.467861611515722e+00
1221 2.393645656558772e+00 6.006674657663578e-01 2.467861611515697e+00
1222 2.393645656558848e+00 6.006674657663466e-01 2.467861611515768e+00
1223 1.533531881023610e+00 8.675378867698132e-01 1.761914304129700e+00
1224 1.533531881055069e+00 8.675378868085133e-01 1.761914304176136e+00
1225 1.533531881023551e+00 8.675378867697860e-01 1.761914304129635e+00
1226 2.513554275610392e+00 -2.758790035749925e-01 2.528648714442718e+00
1227 1.533531881055068e+00 8.675378868085133e-01 1.761914304176136e+00
1228 2.393645656558794e+00 6.006674657664017e-01 2.467861611515729e+00
1229 2.393645656558766e+00 6.006674657663758e-01 2.467861611515695e+00
1230 2.513554275610136e+00 -2.758790035751333e-01 2.528648714442479e+00
1231 2.393645656558877e+00 6.006674657663967e-01 2.467861611515808e+00
1232 2.513554275610337e+00 -2.758790035749927e-01 2.528648714442665e+00
1233 2.513554275610074e+00 -2.758790035751160e-01 2.528648714442416e+00
1234 2.330985291022892e+00 -6.711436684544161e-01 2.425680574740113e+00
1235 2.269147099404877e+00 -7.184653238466073e-01 2.380172468605495e+00
1236 2.269147099406803e+00 -7.184653238505948e-01 2.380172468608535e+00
1237 2.513554275615902e+00 2.758790035699099e-01 2.528648714447641e+00
1238 2.513554275604593e+00 2.758790035802159e-01 2.528648714437524e+00
1239 2.269147099406728e+00 -7.184653238505712e-01 2.380172468608456e+00
1240 2.513554275615957e+00 2.758790035699141e-01 2.528648714447697e+00
1241 2.513554275604603e+00 2.758790035802172e-01 2.528648714437534e+00
1242 2.330985291024291e+00 6.711436684557182e-01 2.425680574741818e+00
1243 2.330985291021560e+00 6.711436684531038e-01 2.425680574738470e+00
1244 2.269147099404914e+00 -7.184653238465679e-01 2.380172468605519e+00
1245 2.269147099405811e+00 -7.184653238484466e-01 2.380172468606941e+00
1246 2.330985291024292e+00 6.711436684557275e-01 2.425680574741822e+00
1247 2.271068863981223e+00 -7.212447918121869e-01 2.382844483943752e+00
1248 2.271068863978416e+00 -7.212447918066022e-01 2.382844483939386e+00
1249 2.330985291021555e+00 6.711436684531098e-01 2.425680574738468e+00
1250 2.513554275610107e+00 2.758790035751360e-01 2.528648714442451e+00
1251 2.513554275610358e+00 2.758790035750057e-01 2.528648714442686e+00
1252 2.269147099405794e+00 -7.184653238485956e-01 2.380172468606969e+00
1253 2.269147099405835e+00 -7.184653238485000e-01 2.380172468606980e+00
1254 2.330985291022864e+00 6.711436684544445e-01 2.425680574740094e+00
1255 2.330985291022897e+00 6.711436684543597e-01 2.425680574740102e+00
1256 2.330985291022880e+00 6.711436684544261e-01 2.425680574740105e+00
1257 2.330985291022905e+00 6.711436684543904e-01 2.425680574740120e+00
1258 2.330985291022877e+00 6.711436684543820e-01 2.425680574740090e+00
1259 2.271068863978317e+00 -7.212447918065841e-01 2.382844483939286e+00
1260 2.513554275610392e+00 2.758790035750172e-01 2.528648714442721e+00
1261 2.271068863981120e+00 -7.212447918121546e-01 2.382844483943644e+00
1262 2.269147099405829e+00 -7.184653238486436e-01 2.380172468607017e+00
1263 2.271068863979707e+00 -7.212447918094465e-01 2.382844483941478e+00
1264 2.271068863979823e+00 -7.212447918093484e-01 2.382844483941560e+00
1265 2.271068863979805e+00 -7.212447918093194e-01 2.382844483941533e+00
1266 2.271068863979732e+00 -7.212447918093539e-01 2.382844483941474e+00
1267 2.271068863979770e+00 -7.212447918093821e-01 2.382844483941519e+00
1268 2.513554275610134e+00 2.758790035751402e-01 2.528648714442478e+00
1269 2.271068863979679e+00 -7.212447918094261e-01 2.382844483941446e+00
1270 2.271068863979766e+00 -7.212447918093703e-01 2.382844483941511e+00
1271 1.463348396335206e+00 -8.093152414174015e-01 1.672237928360473e+00
1272 2.266829049847613e+00 7.145969654858000e-01 2.376796744426108e+00
1273 2.266829049846891e+00 7.145969654869035e-01 2.376796744425752e+00
1274 2.330985291022885e+00 6.711436684544096e-01 2.425680574740106e+00
1275 1.474308643199473e+00 8.368299646597132e-01 1.695249351914062e+00
1276 1.474308643203962e+00 8.368299646615891e-01 1.695249351918892e+00
1277 1.474308643145129e+00 8.368299647115657e-01 1.695249351892397e+00
1278 1.474308643140648e+00 8.368299647096822e-01 1.695249351887570e+00
1279 1.474308643140643e+00 8.368299647096908e-01 1.695249351887570e+00
1280 1.474308643199461e+00 8.368299646597133e-01 1.695249351914052e+00
1281 1.474308643203951e+00 8.368299646615858e-01 1.695249351918881e+00
1282 1.474308643145127e+00 8.368299647115758e-01 1.695249351892401e+00
1283 1.474308643173083e+00 8.368299646854473e-01 1.695249351903815e+00
1284 2.266829049846905e+00 7.145969654868826e-01 2.376796744425758e+00
1285 2.271068863979716e+00 -7.212447918093734e-01 2.382844483941464e+00
1286 1.474308643173075e+00 8.368299646854576e-01 1.695249351903813e+00
1287 1.474308643171561e+00 8.368299646858600e-01 1.695249351902695e+00
1288 1.476487961507507e+00 -8.162205741265806e-01 1.687078162416940e+00
1289 1.476487961501446e+00 -8.162205741365900e-01 1.687078162416478e+00
1290 2.219412209779159e+00 -7.474384106334583e-01 2.341891273011426e+00
1291 2.219412209780442e+00 -7.474384106430187e-01 2.341891273015694e+00
1292 2.511957711773690e+00 -2.762364437289491e-01 2.527100733762572e+00
1293 2.511957711784683e+00 -2.762364437191838e-01 2.527100733772432e+00
1294 1.476487961501453e+00 -8.162205741365751e-01 1.687078162416477e+00
1295 1.476487961503235e+00 -8.162205741352336e-01 1.687078162417388e+00
1296 1.476487961507499e+00 -8.162205741265580e-01 1.687078162416922e+00
1297 1.476487961505726e+00 -8.162205741279341e-01 1.687078162416036e+00
1298 1.476487961505728e+00 -8.162205741279318e-01 1.687078162416036e+00
1299 1.474308643171561e+00 8.368299646858619e-01 1.695249351902696e+00
1300 2.219412209779256e+00 -7.474384106334729e-01 2.341891273011524e+00
1301 2.511957711773735e+00 -2.762364437289384e-01 2.527100733762616e+00
1302 2.511957711784706e+00 -2.762364437191803e-01 2.527100733772454e+00
1303 2.271068863981155e+00 7.212447918121635e-01 2.382844483943681e+00
1304 2.219412209779616e+00 -7.474384106382149e-01 2.341891273013378e+00
1305 2.219412209779998e+00 -7.474384106382368e-01 2.341891273013747e+00
1306 1.476487961503224e+00 -8.162205741352154e-01 1.687078162417369e+00
1307 2.269147099404860e+00 7.184653238465666e-01 2.380172468605466e+00
1308 2.271068863978342e+00 7.212447918065815e-01 2.382844483939309e+00
1309 2.271068863981165e+00 7.212447918121681e-01 2.382844483943692e+00
1310 2.271068863978331e+00 7.212447918065985e-01 2.382844483939304e+00
1311 2.269147099406770e+00 7.184653238505738e-01 2.380172468608497e+00
1312 2.269147099404909e+00 7.184653238465556e-01 2.380172468605510e+00
1313 2.269147099406792e+00 7.184653238505362e-01 2.380172468608508e+00
1314 2.269147099405803e+00 7.184653238486352e-01 2.380172468606990e+00
1315 2.269147099405833e+00 7.184653238485189e-01 2.380172468606983e+00
1316 2.269147099405771e+00 7.184653238486364e-01 2.380172468606960e+00
1317 2.219412209779764e+00 -7.474384106382403e-01 2.341891273013526e+00
1318 2.219412209779814e+00 -7.474384106382227e-01 2.341891273013568e+00
1319 2.511957711779403e+00 -2.762364437240407e-01 2.527100733767714e+00
1320 2.269147099405813e+00 7.184653238484887e-01 2.380172468606956e+00
1321 2.511957711779229e+00 -2.762364437240625e-01 2.527100733767544e+00
1322 2.511957711779116e+00 -2.762364437240974e-01 2.527100733767435e+00
1323 2.271068863979718e+00 7.212447918094558e-01 2.382844483941491e+00
1324 2.271068863979840e+00 7.212447918093464e-01 2.382844483941575e+00
1325 2.219412209779637e+00 -7.474384106382360e-01 2.341891273013405e+00
1326 2.511957711779364e+00 -2.762364437240453e-01 2.527100733767676e+00
1327 2.511957711779079e+00 -2.762364437241102e-01 2.527100733767400e+00
1328 2.271068863979775e+00 7.212447918093997e-01 2.382844483941529e+00
1329 2.271068863979791e+00 7.212447918093421e-01 2.382844483941526e+00
1330 2.271068863979719e+00 7.212447918093629e-01 2.382844483941464e+00
1331 2.511957711779173e+00 -2.762364437240703e-01 2.527100733767489e+00
1332 2.511957711784724e+00 2.762364437191960e-01 2.527100733772474e+00
1333 2.511957711773704e+00 2.762364437289527e-01 2.527100733762586e+00
1334 2.511957711784757e+00 2.762364437191881e-01 2.527100733772505e+00
1335 2.511957711773685e+00 2.762364437289400e-01 2.527100733762566e+00
1336 2.511957711779095e+00 2.762364437241107e-01 2.527100733767416e+00
1337 2.511957711779112e+00 2.762364437240913e-01 2.527100733767430e+00
1338 2.511957711779379e+00 2.762364437240289e-01 2.527100733767689e+00
1339 2.511957711779415e+00 2.762364437240309e-01 2.527100733767725e+00
1340 2.511957711779263e+00 2.762364437240645e-01 2.527100733767578e+00
1341 2.511957711779236e+00 2.762364437240586e-01 2.527100733767550e+00
1342 2.511957711779208e+00 2.762364437240775e-01 2.527100733767524e+00
1343 2.511957711779191e+00 2.762364437240566e-01 2.527100733767506e+00
1344 2.393645656558810e+00 6.006674657663639e-01 2.467861611515735e+00
1345 1.463348396335148e+00 -8.093152414173859e-01 1.672237928360415e+00
1346 2.266829049847678e+00 7.145969654857939e-01 2.376796744426168e+00
1347 2.330985291022881e+00 6.711436684544365e-01 2.425680574740108e+00
1348 1.533531881034687e+00 8.675378867734597e-01 1.761914304141137e+00
1349 1.611662883836968e+00 8.748857384334343e-01 1.833816322986549e+00
1350 1.611662883847673e+00 8.748857384299062e-01 1.833816322994274e+00
1351 1.611662883847645e+00 8.748857384298796e-01 1.833816322994237e+00
1352 1.604999672703135e+00 8.730266751272322e-01 1.827074033765704e+00
1353 1.604999672693772e+00 8.730266751313029e-01 1.827074033759424e+00
1354 1.604999672693781e+00 8.730266751313027e-01 1.827074033759432e+00
1355 1.533531881034251e+00 8.675378867732609e-01 1.761914304140659e+00
1356 1.611662883836926e+00 8.748857384333990e-01 1.833816322986495e+00
1357 1.463348396335194e+00 8.093152414174141e-01 1.672237928360468e+00
1358 1.463348396335152e+00 8.093152414174009e-01 1.672237928360425e+00
1359 1.604999672703177e+00 8.730266751272389e-01 1.827074033765744e+00
1360 1.463348396335145e+00 8.093152414173954e-01 1.672237928360416e+00
1361 2.271068863979628e+00 7.212447918094296e-01 2.382844483941398e+00
1362 2.511957711779237e+00 -2.762364437240912e-01 2.527100733767554e+00
1363 2.511957711779228e+00 -2.762364437240316e-01 2.527100733767540e+00
1364 2.218492872532466e+00 -7.344263381110032e-01 2.336898087548640e+00
1365 2.218492872534294e+00 -7.344263381102355e-01 2.336898087550134e+00
1366 2.218492872534260e+00 -7.344263381102533e-01 2.336898087550107e+00
1367 2.218492872532430e+00 -7.344263381110128e-01 2.336898087548609e+00
1368 2.219412209780446e+00 -7.474384106430103e-01 2.341891273015694e+00
1369 1.476487961501421e+00 8.162205741365771e-01 1.687078162416450e+00
1370 1.476487961503210e+00 8.162205741352142e-01 1.687078162417356e+00
1371 1.476487961507471e+00 8.162205741265639e-01 1.687078162416900e+00
1372 1.476487961505721e+00 8.162205741279336e-01 1.687078162416032e+00
1373 1.476487961507509e+00 8.162205741265722e-01 1.687078162416937e+00
1374 2.218685047741865e+00 -7.417051491527451e-01 2.339378094569798e+00
1375 2.218685047741520e+00 -7.417051491493327e-01 2.339378094568389e+00
1376 2.218685047741304e+00 -7.417051491496127e-01 2.339378094568273e+00
1377 2.218685047741823e+00 -7.417051491527057e-01 2.339378094569745e+00
1378 2.218685047741478e+00 -7.417051491493452e-01 2.339378094568353e+00
1379 2.218685047741267e+00 -7.417051491496319e-01 2.339378094568244e+00
1380 1.476487961503243e+00 8.162205741352238e-01 1.687078162417390e+00
1381 2.218685047740911e+00 -7.417051491462900e-01 2.339378094566847e+00
1382 2.218685047740900e+00 -7.417051491462779e-01 2.339378094566833e+00
1383 2.271068863979821e+00 7.212447918093936e-01 2.382844483941570e+00
1384 1.476487961505745e+00 8.162205741279265e-01 1.687078162416048e+00
1385 1.476487961501473e+00 8.162205741365899e-01 1.687078162416501e+00
1386 2.219412209779994e+00 -7.474384106382546e-01 2.341891273013748e+00
1387 2.330985291022905e+00 6.711436684544001e-01 2.425680574740121e+00
1388 1.463348396335183e+00 8.093152414173860e-01 1.672237928360445e+00
1389 2.271068863979811e+00 7.212447918093684e-01 2.382844483941553e+00
1390 1.527692594634172e+00 -8.311748660132436e-01 1.739165409497389e+00
1391 1.527692594630614e+00 -8.311748660357634e-01 1.739165409505026e+00
1392 1.527692594614056e+00 -8.311748660183095e-01 1.739165409482140e+00
1393 1.527692594634170e+00 -8.311748660132435e-01 1.739165409497387e+00
1394 1.527692594617638e+00 -8.311748659957885e-01 1.739165409474524e+00
1395 1.527692594614066e+00 -8.311748660183175e-01 1.739165409482153e+00
1396 1.527692594617627e+00 -8.311748659957801e-01 1.739165409474510e+00
1397 2.219412209779825e+00 -7.474384106382324e-01 2.341891273013581e+00
1398 2.219412209779767e+00 -7.474384106382361e-01 2.341891273013528e+00
1399 1.527692594630623e+00 -8.311748660357667e-01 1.739165409505036e+00
1400 2.218492872534287e+00 7.344263381102383e-01 2.336898087550129e+00
1401 2.218492872532467e+00 7.344263381110100e-01 2.336898087548643e+00
1402 2.218492872534264e+00 7.344263381102252e-01 2.336898087550102e+00
1403 2.218492872532457e+00 7.344263381109999e-01 2.336898087548631e+00
1404 2.492736324155350e+00 -1.155368449574019e-01 2.495412419682614e+00
1405 2.492736324142707e+00 -1.155368449662255e-01 2.495412419670393e+00
1406 2.218685047740914e+00 7.417051491462763e-01 2.339378094566845e+00
1407 2.218685047741840e+00 7.417051491527330e-01 2.339378094569770e+00
1408 2.218685047741279e+00 7.417051491496186e-01 2.339378094568251e+00
1409 2.218685047741493e+00 7.417051491493435e-01 2.339378094568367e+00
1410 2.219412209780409e+00 7.474384106430294e-01 2.341891273015666e+00
1411 2.219412209779166e+00 7.474384106334816e-01 2.341891273011441e+00
1412 2.218685047740890e+00 7.417051491462716e-01 2.339378094566821e+00
1413 2.218685047741805e+00 7.417051491527252e-01 2.339378094569734e+00
1414 2.219412209780407e+00 7.474384106430014e-01 2.341891273015655e+00
1415 2.219412209779214e+00 7.474384106334611e-01 2.341891273011479e+00
1416 2.218685047741415e+00 7.417051491493591e-01 2.339378094568297e+00
1417 2.218685047741262e+00 7.417051491496207e-01 2.339378094568236e+00
1418 1.527692594630594e+00 8.311748660357683e-01 1.739165409505012e+00
1419 1.527692594634209e+00 8.311748660132526e-01 1.739165409497426e+00
1420 1.527692594617627e+00 8.311748659957946e-01 1.739165409474517e+00
1421 1.527692594617631e+00 8.311748659957842e-01 1.739165409474516e+00
1422 1.527692594630598e+00 8.311748660357559e-01 1.739165409505009e+00
1423 1.527692594634186e+00 8.311748660132463e-01 1.739165409497403e+00
1424 1.527692594614088e+00 8.311748660183172e-01 1.739165409482172e+00
1425 2.219412209779597e+00 7.474384106382210e-01 2.341891273013361e+00
1426 2.219412209779965e+00 7.474384106382477e-01 2.341891273013719e+00
1427 2.219412209779588e+00 7.474384106382215e-01 2.341891273013353e+00
1428 2.219412209779980e+00 7.474384106382358e-01 2.341891273013730e+00
1429 2.219412209779798e+00 7.474384106382280e-01 2.341891273013554e+00
1430 2.219412209779799e+00 7.474384106382220e-01 2.341891273013553e+00
1431 1.527692594614062e+00 8.311748660183096e-01 1.739165409482146e+00
1432 2.492736324142735e+00 1.155368449662375e-01 2.495412419670421e+00
1433 2.492736324155325e+00 -1.155368449573841e-01 2.495412419682587e+00
1434 2.492736324142711e+00 -1.155368449662102e-01 2.495412419670396e+00
1435 2.492736324142729e+00 1.155368449662177e-01 2.495412419670414e+00
1436 2.492736324155364e+00 1.155368449574037e-01 2.495412419682627e+00
1437 2.492736324155351e+00 1.155368449573899e-01 2.495412419682614e+00
1438 1.493485650149089e+00 -7.965676672924978e-01 1.692636829262869e+00
1439 1.493485650098066e+00 -7.965676672568917e-01 1.692636829201092e+00
1440 1.493485650120864e+00 -7.965676672593334e-01 1.692636829222357e+00
1441 1.493485650098104e+00 -7.965676672569016e-01 1.692636829201131e+00
1442 1.493485650149129e+00 -7.965676672925071e-01 1.692636829262908e+00
1443 1.493485650126288e+00 -7.965676672900922e-01 1.692636829241618e+00
1444 1.493485650126310e+00 -7.965676672900956e-01 1.692636829241640e+00
1445 1.493485650120896e+00 -7.965676672593326e-01 1.692636829222385e+00
1446 2.181703768890695e+00 -7.409382176754615e-01 2.304087840687493e+00
1447 2.181703768892161e+00 -7.409382176681785e-01 2.304087840686539e+00
1448 2.181703768891822e+00 -7.409382176673911e-01 2.304087840685965e+00
1449 1.493485650123581e+00 -7.965676672748772e-01 1.692636829232069e+00
1450 1.493485650123605e+00 -7.965676672744908e-01 1.692636829231909e+00
1451 2.181703768891983e+00 -7.409382176678015e-01 2.304087840686249e+00
1452 2.181703768891989e+00 -7.409382176677916e-01 2.304087840686252e+00
1453 2.181703768890695e+00 -7.409382176754367e-01 2.304087840687485e+00
1454 2.181703768892162e+00 -7.409382176682153e-01 2.304087840686551e+00
1455 2.181703768893316e+00 -7.409382176602033e-01 2.304087840685067e+00
1456 2.181703768893317e+00 -7.409382176601960e-01 2.304087840685066e+00
1457 2.181703768891801e+00 -7.409382176674081e-01 2.304087840685950e+00
1458 2.219412209779782e+00 7.474384106382274e-01 2.341891273013539e+00
1459 2.219412209779772e+00 7.474384106382267e-01 2.341891273013530e+00
1460 2.190667118014571e+00 -7.216043964085930e-01 2.306455143042344e+00
1461 2.190667118017375e+00 -7.216043964091141e-01 2.306455143045170e+00
1462 2.190667118014589e+00 -7.216043964086121e-01 2.306455143042367e+00
1463 2.190667118017367e+00 -7.216043964091302e-01 2.306455143045167e+00
1464 2.485644805613727e+00 -1.188274501843898e-01 2.488483486501734e+00
1465 2.485644805613668e+00 -1.188274501843911e-01 2.488483486501675e+00
1466 1.658483734120197e+00 -8.391226174891325e-01 1.858681001012031e+00
1467 1.661013468521378e+00 8.459393939780941e-01 1.864022317702619e+00
1468 1.661013468522933e+00 8.459393939771662e-01 1.864022317703583e+00
1469 1.661013468531898e+00 8.459393939134562e-01 1.864022317682659e+00
1470 2.485644805584475e+00 -1.188274502042379e-01 2.488483486473463e+00
1471 1.661013468533479e+00 8.459393939124923e-01 1.864022317683630e+00
1472 1.658483734125601e+00 -8.391226174348998e-01 1.858681000992369e+00
1473 1.658483734123515e+00 -8.391226174837630e-01 1.858681001012567e+00
1474 1.658483734122150e+00 -8.391226174402378e-01 1.858681000991700e+00
1475 1.493485650123545e+00 -7.965676672748785e-01 1.692636829232039e+00
1476 2.185429235926532e+00 -7.316107154618562e-01 2.304637755531449e+00
1477 2.185429235925889e+00 -7.316107154726129e-01 2.304637755534254e+00
1478 2.185429235926568e+00 -7.316107154618179e-01 2.304637755531471e+00
1479 2.485644805599435e+00 -1.188274501941191e-01 2.488483486487923e+00
1480 2.485644805584455e+00 -1.188274502042415e-01 2.488483486473444e+00
1481 1.493485650123593e+00 -7.965676672744932e-01 1.692636829231900e+00
1482 2.181703768890691e+00 7.409382176754549e-01 2.304087840687487e+00
1483 2.181703768893307e+00 7.409382176601975e-01 2.304087840685058e+00
1484 2.185429235925842e+00 -7.316107154725573e-01 2.304637755534191e+00
1485 2.185429235925719e+00 -7.316107154673043e-01 2.304637755532407e+00
1486 2.185429235926714e+00 -7.316107154670157e-01 2.304637755533260e+00
1487 2.181703768891791e+00 7.409382176674009e-01 2.304087840685938e+00
1488 2.181703768892196e+00 7.409382176682269e-01 2.304087840686587e+00
1489 2.181703768892144e+00 7.409382176682064e-01 2.304087840686531e+00
1490 2.181703768891992e+00 7.409382176678220e-01 2.304087840686264e+00
1491 2.181703768892016e+00 7.409382176678089e-01 2.304087840686282e+00
1492 2.485644805599390e+00 -1.188274501941140e-01 2.488483486487878e+00
1493 2.485644805598684e+00 -1.188274501945194e-01 2.488483486487192e+00
1494 1.571740357302962e+00 -8.201762379771940e-01 1.772866834287693e+00
1495 1.571740357335890e+00 -8.201762379585157e-01 1.772866834308244e+00
1496 1.571740357337185e+00 -8.201762379489508e-01 1.772866834304967e+00
1497 1.571740357302932e+00 -8.201762379771721e-01 1.772866834287656e+00
1498 1.571740357304238e+00 -8.201762379675989e-01 1.772866834284385e+00
1499 1.571740357337173e+00 -8.201762379489395e-01 1.772866834304951e+00
1500 1.571740357304267e+00 -8.201762379676066e-01 1.772866834284415e+00
1501 2.185429235926633e+00 -7.316107154670530e-01 2.304637755533194e+00
1502 2.485644805584427e+00 1.188274502042386e-01 2.488483486473415e+00
1503 2.485644805613677e+00 1.188274501843869e-01 2.488483486501684e+00
1504 2.185429235925759e+00 -7.316107154673487e-01 2.304637755532459e+00
1505 2.485644805598680e+00 -1.188274501945093e-01 2.488483486487188e+00
1506 1.571740357335892e+00 -8.201762379585102e-01 1.772866834308243e+00
1507 2.485644805584451e+00 1.188274502042264e-01 2.488483486473438e+00
1508 2.485644805613704e+00 1.188274501843887e-01 2.488483486501711e+00
1509 1.571740357335923e+00 8.201762379585442e-01 1.772866834308287e+00
1510 1.571740357302981e+00 8.201762379771860e-01 1.772866834287706e+00
1511 1.571740357337219e+00 8.201762379489717e-01 1.772866834305007e+00
1512 2.485644805599434e+00 1.188274501941146e-01 2.488483486487922e+00
1513 2.485644805598736e+00 1.188274501945169e-01 2.488483486487244e+00
1514 1.661013468531910e+00 -8.459393939134381e-01 1.864022317682662e+00
1515 2.485644805599399e+00 1.188274501940942e-01 2.488483486487886e+00
1516 1.661013468521372e+00 -8.459393939780757e-01 1.864022317702605e+00
1517 2.485644805598678e+00 1.188274501944926e-01 2.488483486487184e+00
1518 1.661013468531934e+00 -8.459393939134481e-01 1.864022317682688e+00
1519 1.506507365784514e+00 -7.997393546875707e-01 1.705622314171308e+00
1520 1.506507365787653e+00 -7.997393546910645e-01 1.705622314175719e+00
1521 1.506507365751246e+00 -7.997393547377750e-01 1.705622314165463e+00
1522 1.506507365748069e+00 -7.997393547342824e-01 1.705622314161019e+00
1523 1.506507365751220e+00 -7.997393547377649e-01 1.705622314165436e+00
1524 1.506507365787646e+00 -7.997393546910525e-01 1.705622314175707e+00
1525 1.506507365784492e+00 -7.997393546875667e-01 1.705622314171286e+00
1526 1.661013468521392e+00 -8.459393939781064e-01 1.864022317702638e+00
1527 1.661013468533451e+00 -8.459393939124983e-01 1.864022317683609e+00
1528 1.661013468522910e+00 -8.459393939771634e-01 1.864022317703562e+00
1529 1.506507365748073e+00 -7.997393547342785e-01 1.705622314161021e+00
1530 1.506507365767866e+00 -7.997393547126599e-01 1.705622314168368e+00
1531 1.506507365767865e+00 -7.997393547126911e-01 1.705622314168381e+00
1532 1.493485650098066e+00 7.965676672568938e-01 1.692636829201094e+00
1533 1.493485650149101e+00 7.965676672925042e-01 1.692636829262883e+00
1534 1.493485650120885e+00 7.965676672593178e-01 1.692636829222368e+00
1535 1.493485650126294e+00 7.965676672900771e-01 1.692636829241617e+00
1536 1.571740357304270e+00 8.201762379676378e-01 1.772866834284432e+00
1537 1.661013468522920e+00 -8.459393939771361e-01 1.864022317703558e+00
1538 1.493485650120895e+00 7.965676672593217e-01 1.692636829222379e+00
1539 1.661013468533483e+00 -8.459393939125104e-01 1.864022317683642e+00
1540 1.493485650098072e+00 7.965676672568962e-01 1.692636829201100e+00
1541 1.493485650149098e+00 7.965676672925027e-01 1.692636829262879e+00
1542 1.571740357304276e+00 8.201762379676353e-01 1.772866834284436e+00
1543 1.493485650126324e+00 7.965676672901064e-01 1.692636829241657e+00
1544 1.493485650123604e+00 7.965676672745128e-01 1.692636829231918e+00
1545 1.493485650123565e+00 7.965676672748789e-01 1.692636829232056e+00
1546 1.506507365767851e+00 -7.997393547126324e-01 1.705622314168341e+00
1547 1.506507365767866e+00 -7.997393547126823e-01 1.705622314168378e+00
1548 1.506507365784504e+00 7.997393546875651e-01 1.705622314171296e+00
1549 1.506507365787642e+00 7.997393546910713e-01 1.705622314175712e+00
1550 1.506507365767866e+00 7.997393547126446e-01 1.705622314168360e+00
1551 1.506507365767871e+00 7.997393547126945e-01 1.705622314168387e+00
1552 1.493485650123632e+00 7.965676672745206e-01 1.692636829231947e+00
1553 1.506507365748078e+00 7.997393547342874e-01 1.705622314161030e+00
1554 1.506507365751240e+00 7.997393547377704e-01 1.705622314165457e+00
1555 1.506507365751241e+00 7.997393547377802e-01 1.705622314165462e+00
1556 1.506507365767873e+00 7.997393547126637e-01 1.705622314168375e+00
1557 1.506507365784524e+00 7.997393546875730e-01 1.705622314171317e+00
1558 1.506507365787660e+00 7.997393546910564e-01 1.705622314175721e+00
1559 1.506507365748091e+00 7.997393547342782e-01 1.705622314161037e+00
1560 1.506507365767941e+00 7.997393547127295e-01 1.705622314168466e+00
1561 1.493485650123564e+00 7.965676672748779e-01 1.692636829232055e+00
1562 2.190667118014553e+00 7.216043964085960e-01 2.306455143042327e+00
1563 2.190667118017351e+00 7.216043964091231e-01 2.306455143045150e+00
1564 2.190667118014614e+00 7.216043964086225e-01 2.306455143042394e+00
1565 2.190667118017415e+00 7.216043964091410e-01 2.306455143045215e+00
1566 2.185429235926593e+00 7.316107154618136e-01 2.304637755531493e+00
1567 2.185429235925874e+00 7.316107154725728e-01 2.304637755534227e+00
1568 2.181703768890642e+00 7.409382176754207e-01 2.304087840687429e+00
1569 2.181703768893247e+00 7.409382176601659e-01 2.304087840684991e+00
1570 2.185429235925861e+00 7.316107154725771e-01 2.304637755534216e+00
1571 2.185429235926578e+00 7.316107154618354e-01 2.304637755531486e+00
1572 2.185429235925727e+00 7.316107154673663e-01 2.304637755532434e+00
1573 2.185429235926702e+00 7.316107154670635e-01 2.304637755533263e+00
1574 2.181703768892037e+00 7.409382176678094e-01 2.304087840686303e+00
1575 2.181703768892002e+00 7.409382176678132e-01 2.304087840686270e+00
1576 2.185429235925723e+00 7.316107154673275e-01 2.304637755532419e+00
1577 2.185429235926715e+00 7.316107154670536e-01 2.304637755533272e+00
1578 2.181703768891837e+00 7.409382176674225e-01 2.304087840685989e+00
1579 2.481301053101561e+00 -1.207932515481578e-01 2.484239506517536e+00
1580 2.481301053074072e+00 -1.207932515669818e-01 2.484239506490994e+00
1581 2.481301053074096e+00 1.207932515669847e-01 2.484239506491019e+00
1582 2.481301053101606e+00 1.207932515481622e-01 2.484239506517582e+00
1583 2.481301053101588e+00 1.207932515481436e-01 2.484239506517562e+00
1584 1.533514370841181e+00 7.931617320493698e-01 1.726491198577038e+00
1585 1.533514370835765e+00 7.931617320497675e-01 1.726491198572411e+00
1586 1.533514370792391e+00 7.931617320918435e-01 1.726491198553215e+00
1587 1.533514370797808e+00 7.931617320914301e-01 1.726491198557836e+00
1588 1.533514370817581e+00 7.931617320701525e-01 1.726491198565624e+00
1589 2.481301053101599e+00 -1.207932515481693e-01 2.484239506517575e+00
1590 2.481301053074093e+00 -1.207932515669987e-01 2.484239506491017e+00
1591 2.481301053087505e+00 -1.207932515576746e-01 2.484239506503960e+00
1592 2.481301053074120e+00 1.207932515669782e-01 2.484239506491043e+00
1593 2.481301053088180e+00 -1.207932515574535e-01 2.484239506504623e+00
1594 1.533514370816047e+00 7.931617320710682e-01 1.726491198564682e+00
1595 2.481301053088113e+00 1.207932515574457e-01 2.484239506504556e+00
1596 2.481301053087549e+00 -1.207932515576762e-01 2.484239506504004e+00
1597 2.481301053088171e+00 -1.207932515574546e-01 2.484239506504614e+00
1598 2.481301053087874e+00 -1.207932515575761e-01 2.484239506504324e+00
1599 2.481301053087487e+00 1.207932515576706e-01 2.484239506503942e+00
1600 1.629512699388618e+00 -8.275458183656395e-01 1.827606007585671e+00
1601 1.629512699388891e+00 -8.275458183420934e-01 1.827606007575253e+00
1602 1.629512699365374e+00 -8.275458183662713e-01 1.827606007565232e+00
1603 2.481301053087883e+00 -1.207932515575670e-01 2.484239506504332e+00
1604 2.481301053087894e+00 -1.207932515575468e-01 2.484239506504342e+00
1605 1.629512699388913e+00 -8.275458183421134e-01 1.827606007575281e+00
1606 1.629512699365614e+00 -8.275458183427383e-01 1.827606007554792e+00
1607 1.629512699388632e+00 -8.275458183656328e-01 1.827606007585680e+00
1608 1.629512699365393e+00 -8.275458183662852e-01 1.827606007565256e+00
1609 1.629512699365630e+00 -8.275458183427471e-01 1.827606007554809e+00
1610 2.481301053088186e+00 1.207932515574677e-01 2.484239506504630e+00
1611 2.481301053087843e+00 -1.207932515575658e-01 2.484239506504292e+00
1612 2.481301053087539e+00 1.207932515576834e-01 2.484239506503994e+00
1613 2.481301053087848e+00 1.207932515575656e-01 2.484239506504297e+00
1614 2.481301053087853e+00 1.207932515575638e-01 2.484239506504302e+00
1615 2.481301053087861e+00 1.207932515575708e-01 2.484239506504310e+00
1616 2.481301053087809e+00 1.207932515575765e-01 2.484239506504259e+00
1617 1.510516400254887e+00 -7.747649267282898e-01 1.697622009496600e+00
1618 1.510516400252973e+00 -7.747649267149134e-01 1.697622009488792e+00
1619 1.510516400260099e+00 -7.747649267061963e-01 1.697622009491154e+00
1620 1.510516400260116e+00 -7.747649267062147e-01 1.697622009491178e+00
1621 1.510516400252999e+00 -7.747649267149486e-01 1.697622009488832e+00
1622 1.510516400247780e+00 -7.747649267370338e-01 1.697622009494267e+00
1623 1.510516400254903e+00 -7.747649267283212e-01 1.697622009496628e+00
1624 1.510516400253913e+00 -7.747649267216068e-01 1.697622009492683e+00
1625 1.510516400253939e+00 -7.747649267216116e-01 1.697622009492709e+00
1626 1.510516400253915e+00 -7.747649267216117e-01 1.697622009492687e+00
1627 1.510516400253930e+00 -7.747649267216151e-01 1.697622009492703e+00
1628 1.533514370835783e+00 -7.931617320497938e-01 1.726491198572439e+00
1629 1.533514370841197e+00 -7.931617320493889e-01 1.726491198577062e+00
1630 1.533514370835758e+00 -7.931617320497704e-01 1.726491198572406e+00
1631 1.533514370797833e+00 -7.931617320914605e-01 1.726491198557873e+00
1632 1.533514370792415e+00 -7.931617320918525e-01 1.726491198553241e+00
1633 1.533514370841189e+00 -7.931617320493713e-01 1.726491198577046e+00
1634 1.533514370817573e+00 -7.931617320701501e-01 1.726491198565616e+00
1635 1.533514370816043e+00 -7.931617320710632e-01 1.726491198564676e+00
1636 1.533514370792425e+00 -7.931617320918626e-01 1.726491198553254e+00
1637 1.533514370797780e+00 -7.931617320914378e-01 1.726491198557815e+00
1638 1.533514370817546e+00 -7.931617320701579e-01 1.726491198565595e+00
1639 1.510516400247770e+00 -7.747649267370398e-01 1.697622009494261e+00
1640 1.533514370816006e+00 -7.931617320710559e-01 1.726491198564640e+00
1641 2.181703768891983e+00 -7.409382176677946e-01 2.304087840686246e+00
1642 2.181703768892012e+00 -7.409382176678112e-01 2.304087840686279e+00
1643 1.658483734120160e+00 -8.391226174891260e-01 1.858681001011995e+00
1644 1.658483734123551e+00 -8.391226174837436e-01 1.858681001012590e+00
1645 1.658483734125571e+00 -8.391226174348584e-01 1.858681000992324e+00
1646 1.658483734122158e+00 -8.391226174402336e-01 1.858681000991705e+00
1647 1.517776173244311e+00 -7.645893407601075e-01 1.699482677779365e+00
1648 1.517776173244295e+00 -7.645893407601163e-01 1.699482677779354e+00
1649 1.517776173244333e+00 -7.645893407601290e-01 1.699482677779395e+00
1650 1.661013468533462e+00 8.459393939125064e-01 1.864022317683622e+00
1651 1.661013468531906e+00 8.459393939134358e-01 1.864022317682657e+00
1652 1.571740357337195e+00 8.201762379489712e-01 1.772866834304985e+00
1653 1.571740357335902e+00 8.201762379585352e-01 1.772866834308264e+00
1654 1.571740357302974e+00 8.201762379771963e-01 1.772866834287704e+00
1655 1.661013468521374e+00 8.459393939780737e-01 1.864022317702607e+00
1656 1.661013468522942e+00 8.459393939771590e-01 1.864022317703588e+00
1657 1.658483734125560e+00 8.391226174348709e-01 1.858681000992319e+00
1658 1.658483734122167e+00 8.391226174402580e-01 1.858681000991724e+00
1659 1.658483734120142e+00 8.391226174891303e-01 1.858681001011981e+00
1660 1.658483734123550e+00 8.391226174837531e-01 1.858681001012594e+00
1661 1.658483734120125e+00 8.391226174891290e-01 1.858681001011965e+00
1662 1.658483734125559e+00 8.391226174348826e-01 1.858681000992324e+00
1663 1.658483734122134e+00 8.391226174402396e-01 1.858681000991686e+00
1664 1.517776173244335e+00 7.645893407601089e-01 1.699482677779387e+00
1665 1.658483734123536e+00 8.391226174837438e-01 1.858681001012577e+00
1666 1.510516400260099e+00 7.747649267062064e-01 1.697622009491159e+00
1667 1.510516400247764e+00 7.747649267370371e-01 1.697622009494254e+00
1668 1.510516400260115e+00 7.747649267062120e-01 1.697622009491175e+00
1669 1.510516400247774e+00 7.747649267370191e-01 1.697622009494255e+00
1670 1.510516400252953e+00 7.747649267149215e-01 1.697622009488778e+00
1671 1.510516400253914e+00 7.747649267216112e-01 1.697622009492686e+00
1672 1.510516400253942e+00 7.747649267216210e-01 1.697622009492715e+00
1673 1.510516400254871e+00 7.747649267283006e-01 1.697622009496591e+00
1674 1.629512699388641e+00 8.275458183656452e-01 1.827606007585694e+00
1675 1.629512699365386e+00 8.275458183662819e-01 1.827606007565248e+00
1676 1.629512699388908e+00 8.275458183421038e-01 1.827606007575273e+00
1677 1.629512699388649e+00 8.275458183656393e-01 1.827606007585699e+00
1678 1.629512699365640e+00 8.275458183427423e-01 1.827606007554816e+00
1679 1.629512699365390e+00 8.275458183662987e-01 1.827606007565259e+00
1680 1.629512699388907e+00 8.275458183421035e-01 1.827606007575271e+00
1681 1.629512699365642e+00 8.275458183427401e-01 1.827606007554817e+00
1682 1.533514370835761e+00 7.931617320497649e-01 1.726491198572406e+00
1683 1.533514370792405e+00 7.931617320918413e-01 1.726491198553226e+00
1684 1.533514370797814e+00 7.931617320914456e-01 1.726491198557849e+00
1685 1.533514370817560e+00 7.931617320701361e-01 1.726491198565598e+00
1686 1.533514370816021e+00 7.931617320710845e-01 1.726491198564667e+00
1687 1.533514370841200e+00 7.931617320493717e-01 1.726491198577056e+00
1688 1.510516400254853e+00 7.747649267283083e-01 1.697622009496579e+00
1689 1.510516400252948e+00 7.747649267149297e-01 1.697622009488777e+00
1690 1.517776173244340e+00 -7.645893407601367e-01 1.699482677779404e+00
1691 1.517776173244322e+00 7.645893407601465e-01 1.699482677779393e+00
1692 1.517776173244308e+00 7.645893407601050e-01 1.699482677779361e+00
1693 1.677515622453925e+00 -8.160897583200728e-01 1.865492202399113e+00
1694 1.677515622457557e+00 -8.160897583085558e-01 1.865492202397341e+00
1695 1.677515622448978e+00 -8.160897582844037e-01 1.865492202379060e+00
1696 1.510516400253944e+00 7.747649267216434e-01 1.697622009492727e+00
1697 1.510516400253953e+00 7.747649267216348e-01 1.697622009492732e+00
1698 1.677515622452617e+00 -8.160897582728633e-01 1.865492202377285e+00
1699 1.677515622453941e+00 -8.160897583200837e-01 1.865492202399132e+00
1700 1.677515622457510e+00 -8.160897583085442e-01 1.865492202397294e+00
1701 1.677515622448959e+00 -8.160897582843903e-01 1.865492202379038e+00
1702 1.677515622452612e+00 -8.160897582728783e-01 1.865492202377287e+00
1703 1.517776173244324e+00 7.645893407601403e-01 1.699482677779391e+00
1704 2.189188290501890e+00 -6.624848430528756e-01 2.287232287841658e+00
1705 2.189188290498622e+00 -6.624848430500910e-01 2.287232287837723e+00
1706 2.189188290501941e+00 -6.624848430529043e-01 2.287232287841714e+00
1707 2.189188290498655e+00 -6.624848430500979e-01 2.287232287837756e+00
1708 1.695911833536689e+00 -8.050251912091786e-01 1.877280614508963e+00
1709 1.695911833550355e+00 -8.050251912016941e-01 1.877280614518099e+00
1710 1.695911833550358e+00 -8.050251912017102e-01 1.877280614518108e+00
1711 1.695911833536701e+00 -8.050251912091960e-01 1.877280614508981e+00
1712 2.175792910810522e+00 -6.728984614959583e-01 2.277469457581583e+00
1713 2.175792910815730e+00 -6.728984614746684e-01 2.277469457580269e+00
1714 2.175792910811686e+00 -6.728984614846490e-01 2.277469457579354e+00
1715 2.175792910814587e+00 -6.728984614859606e-01 2.277469457582514e+00
1716 1.540133263410200e+00 -7.366529498684117e-01 1.707239888712886e+00
1717 1.540133263410213e+00 -7.366529498683821e-01 1.707239888712884e+00
1718 1.540133263410215e+00 -7.366529498683926e-01 1.707239888712891e+00
1719 2.175792910810554e+00 -6.728984614959325e-01 2.277469457581606e+00
1720 2.175792910815800e+00 -6.728984614746857e-01 2.277469457580340e+00
1721 2.175792910814544e+00 -6.728984614859678e-01 2.277469457582474e+00
1722 2.175792910811669e+00 -6.728984614846604e-01 2.277469457579341e+00
1723 1.677515622448980e+00 8.160897582843980e-01 1.865492202379060e+00
1724 1.677515622453912e+00 8.160897583200829e-01 1.865492202399106e+00
1725 2.161721458804587e+00 -6.843503996313732e-01 2.267460062477805e+00
1726 2.161721458814270e+00 -6.843503996057924e-01 2.267460062479316e+00
1727 2.161721458808018e+00 -6.843503996196595e-01 2.267460062477541e+00
1728 1.677515622457522e+00 8.160897583085316e-01 1.865492202397300e+00
1729 1.677515622452604e+00 8.160897582728774e-01 1.865492202377279e+00
1730 1.677515622449012e+00 8.160897582844108e-01 1.865492202379095e+00
1731 1.677515622453915e+00 8.160897583200823e-01 1.865492202399109e+00
1732 1.677515622457596e+00 8.160897583085736e-01 1.865492202397384e+00
1733 1.677515622452607e+00 8.160897582728553e-01 1.865492202377272e+00
1734 2.161721458804565e+00 -6.843503996313364e-01 2.267460062477774e+00
1735 2.161721458810806e+00 -6.843503996174437e-01 2.267460062479530e+00
1736 2.161721458814259e+00 -6.843503996057878e-01 2.267460062479304e+00
1737 2.161721458809442e+00 -6.843503996185824e-01 2.267460062478574e+00
1738 2.161721458808056e+00 -6.843503996197182e-01 2.267460062477594e+00
1739 2.161721458809320e+00 -6.843503996185775e-01 2.267460062478456e+00
1740 2.161721458810782e+00 -6.843503996174300e-01 2.267460062479503e+00
1741 1.540133263410234e+00 -7.366529498683916e-01 1.707239888712908e+00
1742 2.189188290501905e+00 6.624848430528747e-01 2.287232287841672e+00
1743 2.189188290498636e+00 6.624848430500897e-01 2.287232287837736e+00
1744 1.540133263410225e+00 7.366529498684015e-01 1.707239888712904e+00
1745 2.189188290498672e+00 6.624848430501120e-01 2.287232287837777e+00
1746 2.189188290501903e+00 6.624848430529097e-01 2.287232287841680e+00
1747 1.540133263410199e+00 7.366529498684005e-01 1.707239888712880e+00
1748 2.161721458809433e+00 -6.843503996185731e-01 2.267460062478562e+00
1749 1.721794717066476e+00 -7.939495202889377e-01 1.896030824771860e+00
1750 1.721794717079047e+00 -7.939495202824335e-01 1.896030824780553e+00
1751 1.721794717066472e+00 -7.939495202889294e-01 1.896030824771853e+00
1752 1.695911833536705e+00 8.050251912091895e-01 1.877280614508982e+00
1753 1.695911833550370e+00 8.050251912017047e-01 1.877280614518117e+00
1754 2.161721458809315e+00 -6.843503996185492e-01 2.267460062478443e+00
1755 1.721794717079010e+00 -7.939495202824240e-01 1.896030824780514e+00
1756 2.175792910810511e+00 6.728984614959330e-01 2.277469457581565e+00
1757 2.175792910815711e+00 6.728984614746790e-01 2.277469457580253e+00
1758 2.175792910814590e+00 6.728984614859549e-01 2.277469457582514e+00
1759 2.175792910811728e+00 6.728984614846382e-01 2.277469457579391e+00
1760 2.175792910815785e+00 6.728984614746587e-01 2.277469457580318e+00
1761 2.175792910811700e+00 6.728984614846527e-01 2.277469457579369e+00
1762 1.695911833550322e+00 8.050251912017066e-01 1.877280614518075e+00
1763 1.695911833536647e+00 8.050251912091948e-01 1.877280614508932e+00
1764 2.175792910810519e+00 6.728984614958989e-01 2.277469457581562e+00
1765 2.175792910814620e+00 6.728984614859654e-01 2.277469457582546e+00
1766 1.613704065507896e+00 -7.662731573864026e-01 1.786397313804417e+00
1767 1.613704065499969e+00 -7.662731573955720e-01 1.786397313801190e+00
1768 1.613704065366123e+00 -7.662731574996149e-01 1.786397313724913e+00
1769 1.613704065374036e+00 -7.662731574904372e-01 1.786397313728124e+00
1770 1.613704065437371e+00 -7.662731574431748e-01 1.786397313765062e+00
1771 1.613704065436639e+00 -7.662731574428219e-01 1.786397313764250e+00
1772 2.161721458814231e+00 6.843503996057829e-01 2.267460062479276e+00
1773 2.161721458804551e+00 6.843503996313492e-01 2.267460062477763e+00
1774 2.161721458807979e+00 6.843503996196502e-01 2.267460062477501e+00
1775 2.161721458814232e+00 6.843503996057489e-01 2.267460062479266e+00
1776 2.161721458808052e+00 6.843503996196748e-01 2.267460062477578e+00
1777 2.161721458810742e+00 6.843503996174221e-01 2.267460062479462e+00
1778 2.161721458809425e+00 6.843503996185254e-01 2.267460062478540e+00
1779 2.161721458809276e+00 6.843503996185332e-01 2.267460062478400e+00
1780 2.161721458804542e+00 6.843503996313297e-01 2.267460062477749e+00
1781 2.161721458809454e+00 6.843503996185695e-01 2.267460062478581e+00
1782 2.161721458810780e+00 6.843503996174781e-01 2.267460062479516e+00
1783 1.540133263410168e+00 7.366529498683899e-01 1.707239888712847e+00
1784 2.161721458809299e+00 6.843503996185559e-01 2.267460062478429e+00
1785 1.540133263410236e+00 7.366529498684109e-01 1.707239888712918e+00
1786 1.721794717066438e+00 7.939495202889351e-01 1.896030824771825e+00
1787 1.721794717079013e+00 7.939495202824327e-01 1.896030824780521e+00
1788 1.721794717066468e+00 7.939495202889266e-01 1.896030824771848e+00
1789 1.721794717079022e+00 7.939495202824209e-01 1.896030824780524e+00
1790 1.720963549693422e+00 -7.773255213035337e-01 1.888372448814903e+00
1791 1.720963549689980e+00 -7.773255212558475e-01 1.888372448792136e+00
1792 1.720963549697199e+00 -7.773255212857754e-01 1.888372448811035e+00
1793 1.720963549686164e+00 -7.773255212736331e-01 1.888372448795980e+00
1794 1.613704065437361e+00 -7.662731574431658e-01 1.786397313765050e+00
1795 1.613704065436632e+00 -7.662731574428178e-01 1.786397313764242e+00
1796 1.613704065507910e+00 -7.662731573863952e-01 1.786397313804427e+00
1797 1.613704065499998e+00 -7.662731573955763e-01 1.786397313801218e+00
1798 1.613704065366142e+00 -7.662731574996056e-01 1.786397313724925e+00
1799 1.613704065374032e+00 -7.662731574904300e-01 1.786397313728116e+00
1800 1.720963549693427e+00 -7.773255213035380e-01 1.888372448814909e+00
1801 1.720963549689968e+00 -7.773255212558443e-01 1.888372448792125e+00
1802 1.720963549697206e+00 -7.773255212857678e-01 1.888372448811039e+00
1803 1.720963549686194e+00 -7.773255212736335e-01 1.888372448796008e+00
1804 1.606298244565918e+00 -7.520100036706623e-01 1.773615825401967e+00
1805 1.606298244565922e+00 -7.520100036706443e-01 1.773615825401962e+00
1806 1.606298244567393e+00 -7.520100036958480e-01 1.773615825413982e+00
1807 1.606298244577419e+00 -7.520100037257276e-01 1.773615825435731e+00
1808 1.613704065366136e+00 7.662731574996120e-01 1.786397313724922e+00
1809 1.613704065374070e+00 7.662731574904388e-01 1.786397313728155e+00
1810 1.606298244577422e+00 -7.520100037257090e-01 1.773615825435725e+00
1811 1.613704065507892e+00 7.662731573863957e-01 1.786397313804411e+00
1812 1.613704065499981e+00 7.662731573955737e-01 1.786397313801201e+00
1813 1.613704065499957e+00 7.662731573955651e-01 1.786397313801177e+00
1814 1.606298244575966e+00 -7.520100037005381e-01 1.773615825423734e+00
1815 1.613704065366103e+00 7.662731574996071e-01 1.786397313724891e+00
1816 1.613704065374045e+00 7.662731574904291e-01 1.786397313728128e+00
1817 1.613704065507874e+00 7.662731573863886e-01 1.786397313804392e+00
1818 1.613704065437347e+00 7.662731574431663e-01 1.786397313765037e+00
1819 1.613704065436620e+00 7.662731574428242e-01 1.786397313764234e+00
1820 1.622639245221205e+00 -7.632461839372620e-01 1.793182326877787e+00
1821 1.622639245217475e+00 -7.632461839391429e-01 1.793182326875212e+00
1822 1.622639245042699e+00 -7.632461840788689e-01 1.793182326776531e+00
1823 1.622639245129960e+00 -7.632461840089358e-01 1.793182326825728e+00
1824 1.622639245130297e+00 -7.632461840090996e-01 1.793182326826102e+00
1825 1.622639245217500e+00 -7.632461839391411e-01 1.793182326875235e+00
1826 1.622639245221205e+00 -7.632461839372797e-01 1.793182326877794e+00
1827 1.622639245129915e+00 -7.632461840089206e-01 1.793182326825680e+00
1828 1.622639245042697e+00 -7.632461840788682e-01 1.793182326776529e+00
1829 1.622639245038979e+00 -7.632461840807476e-01 1.793182326773965e+00
1830 1.622639245038973e+00 -7.632461840807464e-01 1.793182326773959e+00
1831 1.606298244567356e+00 -7.520100036958330e-01 1.773615825413942e+00
1832 1.613704065437370e+00 7.662731574431618e-01 1.786397313765056e+00
1833 1.613704065436649e+00 7.662731574428217e-01 1.786397313764259e+00
1834 1.622639245130249e+00 -7.632461840090797e-01 1.793182326826050e+00
1835 1.606298244575976e+00 -7.520100037005448e-01 1.773615825423746e+00
1836 1.606298244565899e+00 7.520100036706445e-01 1.773615825401942e+00
1837 1.606298244577398e+00 7.520100037257182e-01 1.773615825435707e+00
1838 1.606298244567387e+00 7.520100036958448e-01 1.773615825413975e+00
1839 1.606298244565946e+00 7.520100036706718e-01 1.773615825401996e+00
1840 1.606298244577394e+00 7.520100037257128e-01 1.773615825435701e+00
1841 1.606298244575949e+00 7.520100037005284e-01 1.773615825423714e+00
1842 1.606298244567349e+00 7.520100036958106e-01 1.773615825413926e+00
1843 1.606298244575950e+00 7.520100037005241e-01 1.773615825423713e+00
1844 1.622639245042705e+00 7.632461840788680e-01 1.793182326776536e+00
1845 1.622639245038988e+00 7.632461840807474e-01 1.793182326773973e+00
1846 1.622639245130308e+00 7.632461840091098e-01 1.793182326826116e+00
1847 1.622639245129976e+00 7.632461840089477e-01 1.793182326825746e+00
1848 1.622639245217502e+00 7.632461839391539e-01 1.793182326875242e+00
1849 1.622639245221222e+00 7.632461839372727e-01 1.793182326877807e+00
1850 1.622639245221212e+00 7.632461839372798e-01 1.793182326877800e+00
1851 1.655320194345174e+00 -7.576661702339385e-01 1.820478775301681e+00
1852 1.655320194376448e+00 -7.576661702161080e-01 1.820478775322696e+00
1853 1.655320194345225e+00 -7.576661702339653e-01 1.820478775301739e+00
1854 1.655320194376477e+00 -7.576661702161084e-01 1.820478775322723e+00
1855 1.655320194369784e+00 -7.576661702021218e-01 1.820478775310816e+00
1856 1.655320194369831e+00 -7.576661702021397e-01 1.820478775310867e+00
1857 1.655320194338530e+00 -7.576661702199573e-01 1.820478775289821e+00
1858 1.622639245042706e+00 7.632461840788606e-01 1.793182326776534e+00
1859 1.622639245038979e+00 7.632461840807472e-01 1.793182326773965e+00
1860 1.622639245217496e+00 7.632461839391534e-01 1.793182326875236e+00
1861 1.622639245130242e+00 7.632461840090817e-01 1.793182326826045e+00
1862 1.655320194338558e+00 -7.576661702199655e-01 1.820478775289850e+00
1863 1.622639245129931e+00 7.632461840089366e-01 1.793182326825701e+00
1864 1.597836971369186e+00 -7.393208096340160e-01 1.760590311978386e+00
1865 1.597836971378529e+00 -7.393208096282753e-01 1.760590311984455e+00
1866 1.597836971369212e+00 -7.393208096340249e-01 1.760590311978413e+00
1867 1.597836971410949e+00 -7.393208095934940e-01 1.760590311999272e+00
1868 1.597836971401609e+00 -7.393208095992603e-01 1.760590311993217e+00
1869 1.597836971410979e+00 -7.393208095935083e-01 1.760590311999305e+00
1870 1.597836971401649e+00 -7.393208095992733e-01 1.760590311993259e+00
1871 1.597836971378523e+00 -7.393208096282513e-01 1.760590311984439e+00
1872 1.720963549693419e+00 7.773255213035473e-01 1.888372448814906e+00
1873 1.720963549697191e+00 7.773255212857547e-01 1.888372448811019e+00
1874 1.720963549686171e+00 7.773255212736259e-01 1.888372448795983e+00
1875 1.720963549686141e+00 7.773255212736102e-01 1.888372448795950e+00
1876 1.597836971390732e+00 -7.393208096130438e-01 1.760590311989134e+00
1877 1.597836971389457e+00 -7.393208096144577e-01 1.760590311988570e+00
1878 1.720963549689977e+00 7.773255212558388e-01 1.888372448792131e+00
1879 1.720963549697176e+00 7.773255212857422e-01 1.888372448811001e+00
1880 1.626477509835521e+00 -7.526198274392901e-01 1.792167875690083e+00
1881 1.626477509835529e+00 -7.526198274392990e-01 1.792167875690094e+00
1882 1.626477509828208e+00 -7.526198274618688e-01 1.792167875692928e+00
1883 1.626477509727548e+00 -7.526198275329926e-01 1.792167875631442e+00
1884 1.626477509734852e+00 -7.526198275104061e-01 1.792167875628586e+00
1885 1.626477509782103e+00 -7.526198274862994e-01 1.792167875661345e+00
1886 1.626477509780995e+00 -7.526198274859915e-01 1.792167875660210e+00
1887 1.626477509727546e+00 -7.526198275330023e-01 1.792167875631445e+00
1888 1.626477509828217e+00 -7.526198274618823e-01 1.792167875692942e+00
1889 1.626477509780988e+00 -7.526198274860069e-01 1.792167875660211e+00
1890 1.720963549689976e+00 7.773255212558232e-01 1.888372448792123e+00
1891 1.626477509734887e+00 -7.526198275104200e-01 1.792167875628624e+00
1892 1.626477509782115e+00 -7.526198274863148e-01 1.792167875661363e+00
1893 1.597836971389445e+00 -7.393208096144630e-01 1.760590311988561e+00
1894 1.720963549693408e+00 7.773255213035372e-01 1.888372448814892e+00
1895 1.578214483726258e+00 7.067331472195074e-01 1.729228931640380e+00
1896 1.655320194369798e+00 7.576661702021246e-01 1.820478775310831e+00
1897 1.655320194338524e+00 7.576661702199565e-01 1.820478775289815e+00
1898 1.655320194345181e+00 7.576661702339561e-01 1.820478775301694e+00
1899 1.655320194376452e+00 7.576661702161207e-01 1.820478775322706e+00
1900 1.655320194369794e+00 7.576661702021237e-01 1.820478775310826e+00
1901 1.655320194345182e+00 7.576661702339416e-01 1.820478775301689e+00
1902 1.578214483726274e+00 7.067331472194975e-01 1.729228931640391e+00
1903 1.578214483726293e+00 7.067331472195111e-01 1.729228931640413e+00
1904 1.655320194338554e+00 7.576661702199720e-01 1.820478775289849e+00
1905 1.715558882605038e+00 -7.638869626582945e-01 1.877941844521379e+00
1906 1.715558882578823e+00 -7.638869626724674e-01 1.877941844503197e+00
1907 1.715558882587921e+00 -7.638869627032260e-01 1.877941844524020e+00
1908 1.715558882605067e+00 -7.638869626583040e-01 1.877941844521410e+00
1909 1.715558882591870e+00 -7.638869626654698e-01 1.877941844512269e+00
1910 1.715558882591976e+00 -7.638869626653152e-01 1.877941844512303e+00
1911 1.655320194376491e+00 7.576661702161304e-01 1.820478775322745e+00
1912 1.715558882595922e+00 -7.638869626275436e-01 1.877941844500543e+00
1913 1.715558882587883e+00 -7.638869627032072e-01 1.877941844523977e+00
1914 1.715558882578844e+00 -7.638869626724676e-01 1.877941844503216e+00
1915 1.715558882595897e+00 -7.638869626275366e-01 1.877941844500517e+00
1916 1.578214483726274e+00 7.067331472194907e-01 1.729228931640387e+00
1917 1.596900010285544e+00 7.288426367347912e-01 1.755363561195370e+00
1918 1.596900010258077e+00 7.288426367328293e-01 1.755363561169569e+00
1919 1.596900010172149e+00 7.288426368425691e-01 1.755363561136962e+00
1920 1.596900010199616e+00 7.288426368445322e-01 1.755363561162765e+00
1921 1.596900010228911e+00 7.288426367876580e-01 1.755363561165801e+00
1922 1.596900010228795e+00 7.288426367897257e-01 1.755363561166554e+00
1923 1.578214483726303e+00 -7.067331472195186e-01 1.729228931640426e+00
1924 1.597836971410976e+00 7.393208095935055e-01 1.760590311999301e+00
1925 1.597836971369200e+00 7.393208096340277e-01 1.760590311978404e+00
1926 1.597836971411019e+00 7.393208095935282e-01 1.760590311999349e+00
1927 1.597836971369247e+00 7.393208096340365e-01 1.760590311978450e+00
1928 1.597836971401645e+00 7.393208095992684e-01 1.760590311993253e+00
1929 1.597836971378540e+00 7.393208096282772e-01 1.760590311984465e+00
1930 1.597836971390703e+00 7.393208096130465e-01 1.760590311989108e+00
1931 1.597836971378531e+00 7.393208096282746e-01 1.760590311984456e+00
1932 1.597836971401638e+00 7.393208095992794e-01 1.760590311993251e+00
1933 1.578214483726274e+00 -7.067331472195046e-01 1.729228931640393e+00
1934 1.578214483726300e+00 -7.067331472195096e-01 1.729228931640419e+00
1935 1.578214483726286e+00 -7.067331472194995e-01 1.729228931640402e+00
1936 1.597836971390735e+00 7.393208096130599e-01 1.760590311989143e+00
1937 1.597836971389438e+00 7.393208096144640e-01 1.760590311988555e+00
1938 1.597836971389459e+00 7.393208096144592e-01 1.760590311988572e+00
1939 1.626477509727558e+00 7.526198275329947e-01 1.792167875631453e+00
1940 1.626477509734873e+00 7.526198275104045e-01 1.792167875628605e+00
1941 1.626477509835548e+00 7.526198274392883e-01 1.792167875690107e+00
1942 1.626477509828213e+00 7.526198274618795e-01 1.792167875692937e+00
1943 1.626477509782129e+00 7.526198274863093e-01 1.792167875661373e+00
1944 1.626477509781013e+00 7.526198274859984e-01 1.792167875660229e+00
1945 1.626477509782098e+00 7.526198274863002e-01 1.792167875661340e+00
1946 1.626477509727558e+00 7.526198275329969e-01 1.792167875631453e+00
1947 1.626477509734874e+00 7.526198275104174e-01 1.792167875628611e+00
1948 1.626477509835525e+00 7.526198274393001e-01 1.792167875690091e+00
1949 1.626477509828257e+00 7.526198274618917e-01 1.792167875692982e+00
1950 1.597836971390710e+00 -7.393208096130437e-01 1.760590311989113e+00
1951 1.626477509780983e+00 7.526198274860072e-01 1.792167875660206e+00
1952 1.596900010258102e+00 -7.288426367328373e-01 1.755363561169595e+00
1953 1.596900010172181e+00 -7.288426368425772e-01 1.755363561136995e+00
1954 1.596900010199639e+00 -7.288426368445378e-01 1.755363561162788e+00
1955 1.596900010172180e+00 -7.288426368425849e-01 1.755363561136997e+00
1956 1.596900010258093e+00 -7.288426367328362e-01 1.755363561169585e+00
1957 1.596900010228956e+00 -7.288426367876725e-01 1.755363561165848e+00
1958 1.596900010228827e+00 -7.288426367897352e-01 1.755363561166587e+00
1959 1.596900010285579e+00 -7.288426367347971e-01 1.755363561195405e+00
1960 1.596900010228945e+00 -7.288426367876689e-01 1.755363561165836e+00
1961 1.596900010285579e+00 -7.288426367348058e-01 1.755363561195408e+00
1962 1.596900010228816e+00 -7.288426367897302e-01 1.755363561166575e+00
1963 1.596900010199634e+00 -7.288426368445415e-01 1.755363561162785e+00
1964 1.614505065929656e+00 -7.270887695163066e-01 1.770673512161195e+00
1965 1.614505065791406e+00 -7.270887696594629e-01 1.770673512093922e+00
1966 1.614505065917416e+00 -7.270887695121987e-01 1.770673512148347e+00
1967 1.614505065803657e+00 -7.270887696635748e-01 1.770673512106780e+00
1968 1.614505065860744e+00 -7.270887695873958e-01 1.770673512127551e+00
1969 1.614505065860301e+00 -7.270887695883531e-01 1.770673512127541e+00
1970 1.591908689044896e+00 -7.157547165906792e-01 1.745416308099143e+00
1971 1.591908688966911e+00 -7.157547166747229e-01 1.745416308062482e+00
1972 1.591908689017996e+00 -7.157547165998158e-01 1.745416308078356e+00
1973 1.599669018244280e+00 -7.263936620955329e-01 1.756869010559176e+00
1974 1.599669018212535e+00 -7.263936621498845e-01 1.756869010552744e+00
1975 1.599669018200048e+00 -7.263936621379429e-01 1.756869010536436e+00
1976 1.591908688966879e+00 -7.157547166747122e-01 1.745416308062447e+00
1977 1.591908689044887e+00 -7.157547165906875e-01 1.745416308099138e+00
1978 1.591908688993826e+00 -7.157547166655801e-01 1.745416308083280e+00
1979 1.591908689017988e+00 -7.157547165998182e-01 1.745416308078349e+00
1980 1.591908689006288e+00 -7.157547166335819e-01 1.745416308081524e+00
1981 1.591908689005527e+00 -7.157547166318196e-01 1.745416308080107e+00
1982 1.599669018244274e+00 -7.263936620955181e-01 1.756869010559164e+00
1983 1.599669018212543e+00 -7.263936621498914e-01 1.756869010552753e+00
1984 1.599669018231786e+00 -7.263936620835745e-01 1.756869010542855e+00
1985 1.599669018200052e+00 -7.263936621379451e-01 1.756869010536441e+00
1986 1.591908688993797e+00 -7.157547166655813e-01 1.745416308083254e+00
1987 1.599669018231795e+00 -7.263936620835794e-01 1.756869010542866e+00
1988 1.599669018222139e+00 -7.263936621168303e-01 1.756869010547821e+00
1989 1.599669018222207e+00 -7.263936621166581e-01 1.756869010547813e+00
1990 1.599669018222184e+00 -7.263936621168383e-01 1.756869010547866e+00
1991 1.614505065860327e+00 -7.270887695883720e-01 1.770673512127572e+00
1992 1.599669018222235e+00 -7.263936621166677e-01 1.756869010547842e+00
1993 1.591908689006288e+00 -7.157547166335814e-01 1.745416308081524e+00
1994 1.591908689005511e+00 -7.157547166318073e-01 1.745416308080088e+00
1995 2.203491455293363e+00 -5.314884414784127e-01 2.266683603191238e+00
1996 2.203491455290725e+00 -5.314884414720333e-01 2.266683603187178e+00
1997 2.203491455290661e+00 -5.314884414720242e-01 2.266683603187114e+00
1998 2.203491455293300e+00 -5.314884414783965e-01 2.266683603191174e+00
1999 1.715558882591869e+00 -7.638869626654561e-01 1.877941844512262e+00
2000 1.715558882591973e+00 -7.638869626653013e-01 1.877941844512294e+00
2001 1.605354197355376e+00 -7.077315391477383e-01 1.754436100423994e+00
2002 1.605354197355379e+00 -7.077315391466703e-01 1.754436100423565e+00
2003 1.605354197355392e+00 -7.077315391477224e-01 1.754436100424002e+00
2004 1.605354197355397e+00 -7.077315391466550e-01 1.754436100423576e+00
2005 1.614505065929672e+00 -7.270887695163146e-01 1.770673512161213e+00
2006 1.614505065803671e+00 -7.270887696635886e-01 1.770673512106799e+00
2007 1.614505065791417e+00 -7.270887696594726e-01 1.770673512093936e+00
2008 1.614505065860728e+00 -7.270887695874008e-01 1.770673512127539e+00
2009 1.614505065917383e+00 -7.270887695121863e-01 1.770673512148312e+00
2010 1.715558882587924e+00 7.638869627032254e-01 1.877941844524022e+00
2011 1.715558882595923e+00 7.638869626275335e-01 1.877941844500540e+00
2012 1.715558882578821e+00 7.638869626724709e-01 1.877941844503196e+00
2013 1.715558882605034e+00 7.638869626583006e-01 1.877941844521378e+00
2014 1.715558882605086e+00 7.638869626582951e-01 1.877941844521424e+00
2015 1.715558882578822e+00 7.638869626724453e-01 1.877941844503186e+00
2016 1.715558882595929e+00 7.638869626275407e-01 1.877941844500548e+00
2017 1.715558882587942e+00 7.638869627032294e-01 1.877941844524039e+00
2018 1.715558882591983e+00 7.638869626653146e-01 1.877941844512309e+00
2019 1.588007583632493e+00 -6.997738592089602e-01 1.735353433657395e+00
2020 1.588007583640705e+00 -6.997738592073155e-01 1.735353433664247e+00
2021 1.588007583650920e+00 -6.997738592378491e-01 1.735353433685906e+00
2022 1.588007583659138e+00 -6.997738592362095e-01 1.735353433692766e+00
2023 1.588007583645826e+00 -6.997738592226416e-01 1.735353433675113e+00
2024 1.588007583645783e+00 -6.997738592225564e-01 1.735353433675040e+00
2025 1.588007583645848e+00 -6.997738592226459e-01 1.735353433675135e+00
2026 1.588007583632473e+00 -6.997738592089628e-01 1.735353433657378e+00
2027 1.715558882591893e+00 7.638869626654716e-01 1.877941844512291e+00
2028 1.588007583640681e+00 -6.997738592073047e-01 1.735353433664220e+00
2029 1.588007583659095e+00 -6.997738592362073e-01 1.735353433692725e+00
2030 1.588007583650890e+00 -6.997738592378410e-01 1.735353433685876e+00
2031 1.596900010285546e+00 7.288426367348115e-01 1.755363561195380e+00
2032 1.596900010258072e+00 7.288426367328336e-01 1.755363561169565e+00
2033 1.596900010172156e+00 7.288426368425797e-01 1.755363561136974e+00
2034 1.596900010199613e+00 7.288426368445305e-01 1.755363561162762e+00
2035 1.588007583645777e+00 -6.997738592225422e-01 1.735353433675028e+00
2036 1.596900010228927e+00 7.288426367876711e-01 1.755363561165821e+00
2037 1.596900010228800e+00 7.288426367897276e-01 1.755363561166559e+00
2038 1.599669018244272e+00 7.263936620955245e-01 1.756869010559165e+00
2039 1.599669018231783e+00 7.263936620835798e-01 1.756869010542855e+00
2040 1.599669018200050e+00 7.263936621379365e-01 1.756869010536436e+00
2041 1.599669018212539e+00 7.263936621498994e-01 1.756869010552754e+00
2042 1.599669018212552e+00 7.263936621499060e-01 1.756869010552768e+00
2043 1.599669018200079e+00 7.263936621379555e-01 1.756869010536470e+00
2044 1.591908688966896e+00 7.157547166747246e-01 1.745416308062468e+00
2045 1.591908689044887e+00 7.157547165906830e-01 1.745416308099136e+00
2046 1.591908689017996e+00 7.157547165998168e-01 1.745416308078356e+00
2047 1.591908688966915e+00 7.157547166747287e-01 1.745416308062487e+00
2048 1.591908689044909e+00 7.157547165907008e-01 1.745416308099164e+00
2049 1.591908689018017e+00 7.157547165998216e-01 1.745416308078377e+00
2050 1.591908689006283e+00 7.157547166336028e-01 1.745416308081528e+00
2051 1.591908688993810e+00 7.157547166655717e-01 1.745416308083262e+00
2052 1.591908689005516e+00 7.157547166318320e-01 1.745416308080102e+00
2053 1.591908688993827e+00 7.157547166655868e-01 1.745416308083284e+00
2054 1.599669018231796e+00 7.263936620835885e-01 1.756869010542870e+00
2055 1.599669018244295e+00 7.263936620955396e-01 1.756869010559192e+00
2056 1.599669018222201e+00 7.263936621166515e-01 1.756869010547805e+00
2057 1.599669018222137e+00 7.263936621168274e-01 1.756869010547818e+00
2058 1.599669018222209e+00 7.263936621166531e-01 1.756869010547812e+00
2059 1.599669018222163e+00 7.263936621168234e-01 1.756869010547841e+00
2060 1.591908689006289e+00 7.157547166335820e-01 1.745416308081525e+00
2061 1.588007583659131e+00 6.997738592362033e-01 1.735353433692757e+00
2062 1.588007583650923e+00 6.997738592378479e-01 1.735353433685909e+00
2063 1.588007583632486e+00 6.997738592089527e-01 1.735353433657386e+00
2064 1.588007583640683e+00 6.997738592073075e-01 1.735353433664224e+00
2065 1.588007583650891e+00 6.997738592378652e-01 1.735353433685887e+00
2066 1.588007583640718e+00 6.997738592073282e-01 1.735353433664264e+00
2067 1.588007583632491e+00 6.997738592089630e-01 1.735353433657394e+00
2068 1.588007583645781e+00 6.997738592225407e-01 1.735353433675031e+00
2069 1.588007583645821e+00 6.997738592226290e-01 1.735353433675103e+00
2070 1.614505065803646e+00 7.270887696635824e-01 1.770673512106774e+00
2071 1.614505065929661e+00 7.270887695163187e-01 1.770673512161204e+00
2072 1.614505065791407e+00 7.270887696594710e-01 1.770673512093926e+00
2073 1.614505065860734e+00 7.270887695873984e-01 1.770673512127543e+00
2074 1.614505065860317e+00 7.270887695883642e-01 1.770673512127560e+00
2075 1.614505065860738e+00 7.270887695874035e-01 1.770673512127549e+00
2076 1.614505065929662e+00 7.270887695163226e-01 1.770673512161206e+00
2077 1.614505065803671e+00 7.270887696635904e-01 1.770673512106800e+00
2078 1.614505065791395e+00 7.270887696594731e-01 1.770673512093915e+00
2079 1.614505065860311e+00 7.270887695883683e-01 1.770673512127556e+00
2080 1.614505065917419e+00 7.270887695122054e-01 1.770673512148353e+00
2081 1.614505065917411e+00 7.270887695122051e-01 1.770673512148345e+00
2082 1.591908689005520e+00 7.157547166318361e-01 1.745416308080108e+00
2083 2.203491455290647e+00 5.314884414720018e-01 2.266683603187095e+00
2084 2.203491455293284e+00 5.314884414783818e-01 2.266683603191154e+00
2085 2.203491455293341e+00 5.314884414784040e-01 2.266683603191215e+00
2086 2.203491455290667e+00 5.314884414720182e-01 2.266683603187118e+00
2087 1.715558882592013e+00 7.638869626653014e-01 1.877941844512331e+00
2088 1.715558882591904e+00 7.638869626654801e-01 1.877941844512304e+00
2089 1.605354197355395e+00 7.077315391477457e-01 1.754436100424014e+00
2090 2.182129307446014e+00 -5.408920755611536e-01 2.248166486677460e+00
2091 2.182129307465241e+00 -5.408920755123521e-01 2.248166486684381e+00
2092 1.605354197355391e+00 7.077315391466723e-01 1.754436100423577e+00
2093 1.605354197355393e+00 7.077315391477227e-01 1.754436100424003e+00
2094 1.605354197355396e+00 7.077315391466623e-01 1.754436100423578e+00
2095 2.182129307445978e+00 -5.408920755611337e-01 2.248166486677420e+00
2096 2.182129307453008e+00 -5.408920755315846e-01 2.248166486677134e+00
2097 2.182129307458204e+00 -5.408920755419135e-01 2.248166486684663e+00
2098 2.182129307465270e+00 -5.408920755123399e-01 2.248166486684406e+00
2099 2.182129307458233e+00 -5.408920755419075e-01 2.248166486684689e+00
2100 2.182129307452988e+00 -5.408920755315874e-01 2.248166486677115e+00
2101 2.182129307465256e+00 5.408920755123416e-01 2.248166486684393e+00
2102 2.182129307445978e+00 5.408920755611445e-01 2.248166486677423e+00
2103 2.182129307458205e+00 5.408920755419018e-01 2.248166486684661e+00
2104 1.767429133519123e+00 -7.428884108396260e-01 1.917208630528243e+00
2105 1.767429133500490e+00 -7.428884108435442e-01 1.917208630512585e+00
2106 1.767429133494261e+00 -7.428884108554944e-01 1.917208630511473e+00
2107 1.767429133494239e+00 -7.428884108554860e-01 1.917208630511449e+00
2108 1.767429133512874e+00 -7.428884108515338e-01 1.917208630527097e+00
2109 1.767429133512856e+00 -7.428884108515277e-01 1.917208630527078e+00
2110 1.767429133519137e+00 -7.428884108396162e-01 1.917208630528253e+00
2111 1.767429133500486e+00 -7.428884108435458e-01 1.917208630512582e+00
2112 2.182129307452997e+00 5.408920755315711e-01 2.248166486677120e+00
2113 1.588007583659115e+00 6.997738592362094e-01 1.735353433692744e+00
2114 1.588007583645858e+00 6.997738592226345e-01 1.735353433675139e+00
2115 1.588007583645759e+00 6.997738592225370e-01 1.735353433675010e+00
2116 1.617306990038682e+00 -6.880129838181150e-01 1.757567570800704e+00
2117 1.617306990040112e+00 -6.880129838150556e-01 1.757567570800822e+00
2118 1.617306990040541e+00 -6.880129838040854e-01 1.757567570796923e+00
2119 1.617306990039105e+00 -6.880129838071466e-01 1.757567570796799e+00
2120 1.607582092083307e+00 -6.867587321297077e-01 1.748129783209286e+00
2121 1.607582092064991e+00 -6.867587321461666e-01 1.748129783198909e+00
2122 1.607582092048558e+00 -6.867587321811017e-01 1.748129783197522e+00
2123 1.607582092030234e+00 -6.867587321975701e-01 1.748129783187140e+00
2124 1.607582092030223e+00 -6.867587321975751e-01 1.748129783187132e+00
2125 1.607582092057383e+00 -6.867587321641900e-01 1.748129783198993e+00
2126 1.607582092056157e+00 -6.867587321631033e-01 1.748129783197438e+00
2127 1.607582092056108e+00 -6.867587321630904e-01 1.748129783197388e+00
2128 1.672669931300137e+00 -7.196088692264904e-01 1.820895830009239e+00
2129 1.672669931405249e+00 -7.196088691531692e-01 1.820895830076818e+00
2130 1.672669931300128e+00 -7.196088692264964e-01 1.820895830009232e+00
2131 1.672669931405248e+00 -7.196088691531882e-01 1.820895830076824e+00
2132 1.672669931395958e+00 -7.196088692022159e-01 1.820895830087666e+00
2133 1.672669931309417e+00 -7.196088691774477e-01 1.820895829998382e+00
2134 1.672669931351854e+00 -7.196088691899011e-01 1.820895830042286e+00
2135 1.672669931353514e+00 -7.196088691897692e-01 1.820895830043758e+00
2136 1.672669931395965e+00 -7.196088692022102e-01 1.820895830087670e+00
2137 1.672669931309419e+00 -7.196088691774385e-01 1.820895829998380e+00
2138 1.607582092057342e+00 -6.867587321641866e-01 1.748129783198954e+00
2139 1.672669931351866e+00 -7.196088691898997e-01 1.820895830042296e+00
2140 1.672669931353529e+00 -7.196088691897627e-01 1.820895830043769e+00
2141 1.617306990040572e+00 -6.880129838040796e-01 1.757567570796949e+00
2142 1.617306990038714e+00 -6.880129838181136e-01 1.757567570800733e+00
2143 1.617306990040112e+00 -6.880129838150297e-01 1.757567570800812e+00
2144 1.617306990039116e+00 -6.880129838071254e-01 1.757567570796802e+00
2145 2.182129307465245e+00 5.408920755123405e-01 2.248166486684382e+00
2146 2.182129307445968e+00 5.408920755611303e-01 2.248166486677410e+00
2147 2.182129307458200e+00 5.408920755418961e-01 2.248166486684655e+00
2148 2.182129307452998e+00 5.408920755315890e-01 2.248166486677126e+00
2149 1.607582092083279e+00 -6.867587321297184e-01 1.748129783209264e+00
2150 1.607582092065008e+00 -6.867587321461824e-01 1.748129783198930e+00
2151 1.607582092048548e+00 -6.867587321811155e-01 1.748129783197518e+00
2152 1.767429133519123e+00 7.428884108396043e-01 1.917208630528235e+00
2153 1.767429133512844e+00 7.428884108515201e-01 1.917208630527064e+00
2154 1.767429133494223e+00 7.428884108554734e-01 1.917208630511430e+00
2155 1.767429133500467e+00 7.428884108435371e-01 1.917208630512561e+00
2156 1.767429133494210e+00 7.428884108554606e-01 1.917208630511412e+00
2157 1.778798661267348e+00 -7.285523680063569e-01 1.922215708565035e+00
2158 1.778798661272214e+00 -7.285523680337398e-01 1.922215708579917e+00
2159 1.778798661262375e+00 -7.285523680284367e-01 1.922215708568801e+00
2160 1.767429133512855e+00 7.428884108515266e-01 1.917208630527077e+00
2161 1.767429133519098e+00 7.428884108395946e-01 1.917208630528209e+00
2162 1.767429133500479e+00 7.428884108435561e-01 1.917208630512579e+00
2163 1.778798661267226e+00 -7.285523680557781e-01 1.922215708583654e+00
2164 1.778798661272231e+00 -7.285523680337459e-01 1.922215708579935e+00
2165 1.778798661267345e+00 -7.285523680063795e-01 1.922215708565040e+00
2166 1.778798661267236e+00 -7.285523680557924e-01 1.922215708583668e+00
2167 1.783666728477763e+00 -7.222476174445810e-01 1.924346283594234e+00
2168 1.783666728460956e+00 -7.222476174530507e-01 1.924346283581835e+00
2169 1.778798661262402e+00 -7.285523680284431e-01 1.922215708568829e+00
2170 1.783666728477777e+00 -7.222476174445925e-01 1.924346283594251e+00
2171 1.783666728460995e+00 -7.222476174530548e-01 1.924346283581872e+00
2172 1.617306990040561e+00 6.880129838040889e-01 1.757567570796942e+00
2173 1.617306990039091e+00 6.880129838071420e-01 1.757567570796785e+00
2174 1.617306990038695e+00 6.880129838181128e-01 1.757567570800715e+00
2175 1.617306990040124e+00 6.880129838150429e-01 1.757567570800828e+00
2176 1.617306990040554e+00 6.880129838040802e-01 1.757567570796933e+00
2177 1.617306990038679e+00 6.880129838180994e-01 1.757567570800695e+00
2178 1.617306990039110e+00 6.880129838071360e-01 1.757567570796800e+00
2179 1.617306990040130e+00 6.880129838150512e-01 1.757567570800836e+00
2180 1.607582092083295e+00 6.867587321297142e-01 1.748129783209277e+00
2181 1.607582092030223e+00 6.867587321975757e-01 1.748129783187132e+00
2182 1.607582092064987e+00 6.867587321461849e-01 1.748129783198912e+00
2183 1.607582092048547e+00 6.867587321811232e-01 1.748129783197520e+00
2184 1.607582092057379e+00 6.867587321641749e-01 1.748129783198983e+00
2185 1.607582092056153e+00 6.867587321630845e-01 1.748129783197428e+00
2186 1.607582092057320e+00 6.867587321641965e-01 1.748129783198937e+00
2187 1.607582092030248e+00 6.867587321975761e-01 1.748129783187155e+00
2188 1.607582092083328e+00 6.867587321297204e-01 1.748129783209311e+00
2189 1.607582092048547e+00 6.867587321811126e-01 1.748129783197516e+00
2190 1.607582092064974e+00 6.867587321461882e-01 1.748129783198902e+00
2191 1.607582092056139e+00 6.867587321630768e-01 1.748129783197412e+00
2192 1.672669931300151e+00 7.196088692264979e-01 1.820895830009254e+00
2193 1.672669931405262e+00 7.196088691531751e-01 1.820895830076832e+00
2194 1.672669931395995e+00 7.196088692022239e-01 1.820895830087703e+00
2195 1.672669931309438e+00 7.196088691774477e-01 1.820895829998401e+00
2196 1.672669931351847e+00 7.196088691898902e-01 1.820895830042275e+00
2197 1.672669931353509e+00 7.196088691897640e-01 1.820895830043752e+00
2198 1.672669931395969e+00 7.196088692022122e-01 1.820895830087675e+00
2199 1.672669931405256e+00 7.196088691531631e-01 1.820895830076822e+00
2200 1.672669931300118e+00 7.196088692264693e-01 1.820895830009213e+00
2201 2.147471081673140e+00 -5.451561295512910e-01 2.215587337978296e+00
2202 2.147471081685734e+00 -5.451561295262631e-01 2.215587337984344e+00
2203 2.147471081694454e+00 -5.451561294844151e-01 2.215587337982499e+00
2204 2.147471081681856e+00 -5.451561295094021e-01 2.215587337976437e+00
2205 2.147471081683322e+00 -5.451561295173729e-01 2.215587337979819e+00
2206 2.147471081681868e+00 -5.451561295094445e-01 2.215587337976459e+00
2207 1.672669931309428e+00 7.196088691774377e-01 1.820895829998388e+00
2208 2.147471081673126e+00 -5.451561295512777e-01 2.215587337978279e+00
2209 2.147471081685728e+00 -5.451561295263029e-01 2.215587337984348e+00
2210 2.147471081694448e+00 -5.451561294844040e-01 2.215587337982490e+00
2211 1.672669931351863e+00 7.196088691898930e-01 1.820895830042290e+00
2212 1.672669931353535e+00 7.196088691897701e-01 1.820895830043778e+00
2213 1.823076413748566e+00 -7.111175469508257e-01 1.956858649966239e+00
2214 1.823076413760401e+00 -7.111175469425611e-01 1.956858649974262e+00
2215 1.823076413760440e+00 -7.111175469425663e-01 1.956858649974300e+00
2216 1.823076413748600e+00 -7.111175469508315e-01 1.956858649966273e+00
2217 2.147471081684408e+00 -5.451561295183660e-01 2.215587337981116e+00
2218 2.147471081683263e+00 -5.451561295173613e-01 2.215587337979759e+00
2219 1.778798661267231e+00 7.285523680557824e-01 1.922215708583660e+00
2220 1.778798661267341e+00 7.285523680063649e-01 1.922215708565031e+00
2221 2.147471081673192e+00 5.451561295512866e-01 2.215587337978344e+00
2222 2.147471081685671e+00 5.451561295262842e-01 2.215587337984289e+00
2223 2.147471081681834e+00 5.451561295093891e-01 2.215587337976412e+00
2224 1.778798661267246e+00 7.285523680557873e-01 1.922215708583675e+00
2225 1.778798661267363e+00 7.285523680063754e-01 1.922215708565056e+00
2226 2.147471081684389e+00 -5.451561295183558e-01 2.215587337981095e+00
2227 1.778798661272208e+00 7.285523680337326e-01 1.922215708579908e+00
2228 1.778798661262380e+00 7.285523680284288e-01 1.922215708568803e+00
2229 1.778798661272248e+00 7.285523680337432e-01 1.922215708579949e+00
2230 1.778798661262410e+00 7.285523680284358e-01 1.922215708568834e+00
2231 1.764103287981119e+00 -7.171839884178826e-01 1.904314386835529e+00
2232 1.764103287980355e+00 -7.171839883593515e-01 1.904314386812778e+00
2233 1.764103288010979e+00 -7.171839883755061e-01 1.904314386847231e+00
2234 1.764103288010254e+00 -7.171839883169919e-01 1.904314386824522e+00
2235 1.764103287980371e+00 -7.171839883593426e-01 1.904314386812789e+00
2236 1.764103287994429e+00 -7.171839883671816e-01 1.904314386828764e+00
2237 1.764103287996871e+00 -7.171839883676648e-01 1.904314386831208e+00
2238 1.764103287994457e+00 -7.171839883671997e-01 1.904314386828798e+00
2239 2.147471081694438e+00 5.451561294844179e-01 2.215587337982484e+00
2240 1.764103287981119e+00 -7.171839884178701e-01 1.904314386835524e+00
2241 1.764103288011020e+00 -7.171839883755233e-01 1.904314386847275e+00
2242 1.764103288010232e+00 -7.171839883169930e-01 1.904314386824502e+00
2243 2.147471081673179e+00 5.451561295512994e-01 2.215587337978335e+00
2244 2.147471081685749e+00 5.451561295263105e-01 2.215587337984370e+00
2245 2.147471081681879e+00 5.451561295093887e-01 2.215587337976455e+00
2246 2.147471081694473e+00 5.451561294844064e-01 2.215587337982516e+00
2247 2.147471081683249e+00 5.451561295173737e-01 2.215587337979747e+00
2248 2.147471081684427e+00 5.451561295183412e-01 2.215587337981128e+00
2249 2.147471081683237e+00 5.451561295173736e-01 2.215587337979736e+00
2250 1.783666728477786e+00 7.222476174445819e-01 1.924346283594256e+00
2251 1.783666728460968e+00 7.222476174530505e-01 1.924346283581846e+00
2252 1.783666728460952e+00 7.222476174530488e-01 1.924346283581830e+00
2253 1.783666728477777e+00 7.222476174445825e-01 1.924346283594248e+00
2254 2.147471081684341e+00 5.451561295183541e-01 2.215587337981048e+00
2255 1.764103287996887e+00 -7.171839883676667e-01 1.904314386831224e+00
2256 1.823076413760402e+00 7.111175469425504e-01 1.956858649974259e+00
2257 1.823076413748560e+00 7.111175469508181e-01 1.956858649966231e+00
2258 1.823076413748586e+00 7.111175469508364e-01 1.956858649966262e+00
2259 1.775465096635364e+00 -7.130398458879186e-01 1.913296143098158e+00
2260 1.775465096601274e+00 -7.130398459679768e-01 1.913296143096360e+00
2261 1.629537735102359e+00 -6.612913791457535e-01 1.758607266633178e+00
2262 1.775465096635399e+00 -7.130398458879135e-01 1.913296143098189e+00
2263 1.775465096601290e+00 -7.130398459679707e-01 1.913296143096373e+00
2264 1.775465096627566e+00 -7.130398459286127e-01 1.913296143106088e+00
2265 1.629537735098870e+00 -6.612913791821275e-01 1.758607266643624e+00
2266 1.629537735102396e+00 -6.612913791457730e-01 1.758607266633220e+00
2267 1.629537735098231e+00 -6.612913791588240e-01 1.758607266634268e+00
2268 1.657017182589460e+00 -6.800060432721500e-01 1.791120923411749e+00
2269 1.657017182637550e+00 -6.800060432239116e-01 1.791120923437924e+00
2270 1.657017182624644e+00 -6.800060432609843e-01 1.791120923440059e+00
2271 1.629537735102972e+00 -6.612913791690455e-01 1.758607266642505e+00
2272 1.775465096609130e+00 -7.130398459272647e-01 1.913296143088478e+00
2273 1.775465096627550e+00 -7.130398459286190e-01 1.913296143106075e+00
2274 1.657017182602391e+00 -6.800060432350454e-01 1.791120923409625e+00
2275 1.657017182589474e+00 -6.800060432721613e-01 1.791120923411767e+00
2276 1.657017182602402e+00 -6.800060432350766e-01 1.791120923409647e+00
2277 1.775465096618858e+00 -7.130398459279637e-01 1.913296143097766e+00
2278 1.629537735102994e+00 -6.612913791690547e-01 1.758607266642528e+00
2279 1.775465096609113e+00 -7.130398459272714e-01 1.913296143088464e+00
2280 1.775465096617839e+00 -7.130398459279191e-01 1.913296143096803e+00
2281 1.629537735098856e+00 -6.612913791821365e-01 1.758607266643614e+00
2282 1.657017182637558e+00 -6.800060432239201e-01 1.791120923437935e+00
2283 1.657017182624659e+00 -6.800060432610020e-01 1.791120923440081e+00
2284 1.657017182614084e+00 -6.800060432479467e-01 1.791120923425340e+00
2285 1.657017182612986e+00 -6.800060432481647e-01 1.791120923424408e+00
2286 1.629537735098236e+00 -6.612913791588282e-01 1.758607266634274e+00
2287 1.775465096618811e+00 -7.130398459279496e-01 1.913296143097716e+00
2288 1.775465096617862e+00 -7.130398459279401e-01 1.913296143096832e+00
2289 1.629537735100650e+00 -6.612913791639567e-01 1.758607266638440e+00
2290 1.629537735100622e+00 -6.612913791639369e-01 1.758607266638406e+00
2291 1.657017182614066e+00 -6.800060432479185e-01 1.791120923425314e+00
2292 1.629537735100602e+00 -6.612913791639387e-01 1.758607266638389e+00
2293 1.629537735100629e+00 -6.612913791639314e-01 1.758607266638411e+00
2294 1.657017182612953e+00 -6.800060432481448e-01 1.791120923424369e+00
2295 1.823076413760419e+00 7.111175469425695e-01 1.956858649974281e+00
2296 1.764103288010263e+00 7.171839883170126e-01 1.904314386824539e+00
2297 1.764103287981143e+00 7.171839884179010e-01 1.904314386835558e+00
2298 1.764103288010240e+00 7.171839883169934e-01 1.904314386824510e+00
2299 1.764103287980381e+00 7.171839883593598e-01 1.904314386812805e+00
2300 1.764103287981109e+00 7.171839884178794e-01 1.904314386835519e+00
2301 1.764103288011000e+00 7.171839883755314e-01 1.904314386847260e+00
2302 1.764103287980359e+00 7.171839883593416e-01 1.904314386812778e+00
2303 1.764103287996935e+00 7.171839883676785e-01 1.904314386831273e+00
2304 1.764103287994486e+00 7.171839883671935e-01 1.904314386828821e+00
2305 1.764103288010980e+00 7.171839883755045e-01 1.904314386847232e+00
2306 1.764103287996911e+00 7.171839883676765e-01 1.904314386831250e+00
2307 1.775465096601269e+00 7.130398459679661e-01 1.913296143096352e+00
2308 1.775465096635406e+00 7.130398458879177e-01 1.913296143098197e+00
2309 1.775465096627567e+00 7.130398459286059e-01 1.913296143106087e+00
2310 1.775465096601276e+00 7.130398459679521e-01 1.913296143096353e+00
2311 1.775465096635405e+00 7.130398458879010e-01 1.913296143098190e+00
2312 1.775465096609128e+00 7.130398459272518e-01 1.913296143088471e+00
2313 1.775465096617842e+00 7.130398459279197e-01 1.913296143096806e+00
2314 1.775465096618830e+00 7.130398459279452e-01 1.913296143097732e+00
2315 1.775465096609113e+00 7.130398459272658e-01 1.913296143088463e+00
2316 1.764103287994444e+00 7.171839883671920e-01 1.904314386828782e+00
2317 1.629537735102375e+00 6.612913791457598e-01 1.758607266633196e+00
2318 1.629537735098878e+00 6.612913791821279e-01 1.758607266643631e+00
2319 1.629537735098268e+00 6.612913791588239e-01 1.758607266634302e+00
2320 1.629537735102345e+00 6.612913791457526e-01 1.758607266633165e+00
2321 1.629537735098837e+00 6.612913791821288e-01 1.758607266643593e+00
2322 1.629537735102998e+00 6.612913791690480e-01 1.758607266642530e+00
2323 1.775465096617843e+00 7.130398459279271e-01 1.913296143096810e+00
2324 1.775465096618826e+00 7.130398459279569e-01 1.913296143097733e+00
2325 1.629537735098237e+00 6.612913791588280e-01 1.758607266634275e+00
2326 1.788912558357426e+00 -6.971861560380290e-01 1.919967884528279e+00
2327 1.788912558375362e+00 -6.971861559638670e-01 1.919967884518060e+00
2328 1.788912558393737e+00 -6.971861559913806e-01 1.919967884545172e+00
2329 1.788912558393709e+00 -6.971861559913670e-01 1.919967884545142e+00
2330 1.788912558357396e+00 -6.971861560380219e-01 1.919967884528248e+00
2331 1.629537735102985e+00 6.612913791690549e-01 1.758607266642520e+00
2332 1.629537735100631e+00 6.612913791639314e-01 1.758607266638413e+00
2333 1.788912558350595e+00 -6.971861559316407e-01 1.919967884483281e+00
2334 1.788912558375271e+00 -6.971861559638542e-01 1.919967884517971e+00
2335 1.788912558350600e+00 -6.971861559316466e-01 1.919967884483289e+00
2336 1.629537735100627e+00 6.612913791639498e-01 1.758607266638416e+00
2337 1.629537735100616e+00 6.612913791639299e-01 1.758607266638398e+00
2338 1.788912558386929e+00 -6.971861558849937e-01 1.919967884500197e+00
2339 1.629537735100637e+00 6.612913791639496e-01 1.758607266638425e+00
2340 1.788912558369024e+00 -6.971861559591459e-01 1.919967884510441e+00
2341 1.788912558386892e+00 -6.971861558849710e-01 1.919967884500154e+00
2342 1.657017182637556e+00 6.800060432238961e-01 1.791120923437924e+00
2343 1.657017182589475e+00 6.800060432721475e-01 1.791120923411762e+00
2344 1.657017182637544e+00 6.800060432239061e-01 1.791120923437917e+00
2345 1.657017182589469e+00 6.800060432721478e-01 1.791120923411756e+00
2346 1.657017182602410e+00 6.800060432350420e-01 1.791120923409642e+00
2347 1.657017182614078e+00 6.800060432479128e-01 1.791120923425323e+00
2348 1.657017182624666e+00 6.800060432610060e-01 1.791120923440088e+00
2349 1.657017182602396e+00 6.800060432350692e-01 1.791120923409639e+00
2350 1.657017182614088e+00 6.800060432479187e-01 1.791120923425334e+00
2351 1.657017182612975e+00 6.800060432481648e-01 1.791120923424397e+00
2352 1.657017182612978e+00 6.800060432481431e-01 1.791120923424392e+00
2353 1.657017182624631e+00 6.800060432609922e-01 1.791120923440051e+00
2354 1.788912558368957e+00 -6.971861559591372e-01 1.919967884510375e+00
2355 1.775465096627554e+00 7.130398459286106e-01 1.913296143106076e+00
2356 1.637613383420182e+00 -6.388756950237446e-01 1.757822444744909e+00
2357 1.637613383420154e+00 -6.388756950237319e-01 1.757822444744878e+00
2358 1.637613383420179e+00 -6.388756950237495e-01 1.757822444744908e+00
2359 1.637613383420115e+00 -6.388756950237293e-01 1.757822444744841e+00
2360 1.637675849075841e+00 -6.449018861978784e-01 1.760079722475052e+00
2361 1.637675849105864e+00 -6.449018861616596e-01 1.760079722489717e+00
2362 1.637675849115202e+00 -6.449018861424148e-01 1.760079722491354e+00
2363 1.637675849085186e+00 -6.449018861786037e-01 1.760079722476686e+00
2364 1.637675849075838e+00 -6.449018861978816e-01 1.760079722475051e+00
2365 1.637675849105829e+00 -6.449018861616547e-01 1.760079722489682e+00
2366 1.637675849085158e+00 -6.449018861786155e-01 1.760079722476663e+00
2367 1.637675849115196e+00 -6.449018861424173e-01 1.760079722491350e+00
2368 1.637675849096128e+00 -6.449018861703785e-01 1.760079722483852e+00
2369 1.637675849094930e+00 -6.449018861699408e-01 1.760079722482577e+00
2370 1.637675849094922e+00 -6.449018861699310e-01 1.760079722482567e+00
2371 1.643012617548595e+00 -6.336157654396888e-01 1.760954116278334e+00
2372 1.637675849096118e+00 -6.449018861703764e-01 1.760079722483843e+00
2373 1.751269885512175e+00 -6.834965507075008e-01 1.879923867269863e+00
2374 1.751269885570201e+00 -6.834965507378550e-01 1.879923867334954e+00
2375 1.751269885532779e+00 -6.834965507358236e-01 1.879923867299354e+00
2376 1.751269885512202e+00 -6.834965507074967e-01 1.879923867269886e+00
2377 1.751269885570220e+00 -6.834965507378530e-01 1.879923867334971e+00
2378 1.751269885549591e+00 -6.834965507095090e-01 1.879923867305448e+00
2379 1.751269885549601e+00 -6.834965507095140e-01 1.879923867305460e+00
2380 1.643012617548628e+00 -6.336157654397103e-01 1.760954116278372e+00
2381 1.643012617548639e+00 -6.336157654397030e-01 1.760954116278380e+00
2382 1.743450880895943e+00 -6.859130529311692e-01 1.873525470944603e+00
2383 1.743450880828325e+00 -6.859130529620361e-01 1.873525470892980e+00
2384 1.743450880850179e+00 -6.859130529095196e-01 1.873525470894090e+00
2385 1.743450880895946e+00 -6.859130529311662e-01 1.873525470944605e+00
2386 1.743450880828320e+00 -6.859130529620391e-01 1.873525470892976e+00
2387 1.743450880861506e+00 -6.859130529469116e-01 1.873525470918320e+00
2388 1.743450880862720e+00 -6.859130529462911e-01 1.873525470919224e+00
2389 1.743450880874064e+00 -6.859130529836812e-01 1.873525470943468e+00
2390 1.743450880874076e+00 -6.859130529836833e-01 1.873525470943480e+00
2391 1.743450880850206e+00 -6.859130529095495e-01 1.873525470894126e+00
2392 1.751269885532782e+00 -6.834965507358436e-01 1.879923867299364e+00
2393 1.809832329118519e+00 -6.862611950809392e-01 1.935574200953423e+00
2394 1.809832329150890e+00 -6.862611950066476e-01 1.935574200957351e+00
2395 1.809832329118547e+00 -6.862611950809410e-01 1.935574200953450e+00
2396 1.809832329140458e+00 -6.862611950418331e-01 1.935574200960071e+00
2397 1.809832329135514e+00 -6.862611950437190e-01 1.935574200956118e+00
2398 1.809832329133890e+00 -6.862611950438611e-01 1.935574200954649e+00
2399 1.809832329128944e+00 -6.862611950457552e-01 1.935574200950696e+00
2400 1.809832329150920e+00 -6.862611950066367e-01 1.935574200957374e+00
2401 1.809832329140471e+00 -6.862611950418375e-01 1.935574200960085e+00
2402 1.743450880861534e+00 -6.859130529469131e-01 1.873525470918347e+00
2403 1.743450880862736e+00 -6.859130529462770e-01 1.873525470919233e+00
2404 1.637613383420133e+00 6.388756950237295e-01 1.757822444744858e+00
2405 1.637613383420195e+00 6.388756950237507e-01 1.757822444744923e+00
2406 1.809832329128972e+00 -6.862611950457660e-01 1.935574200950726e+00
2407 1.788912558386888e+00 6.971861558849777e-01 1.919967884500153e+00
2408 1.788912558357411e+00 6.971861560380294e-01 1.919967884528265e+00
2409 1.788912558386850e+00 6.971861558849834e-01 1.919967884500120e+00
2410 1.788912558350595e+00 6.971861559316420e-01 1.919967884483283e+00
2411 1.788912558357406e+00 6.971861560380285e-01 1.919967884528260e+00
2412 1.788912558393705e+00 6.971861559913690e-01 1.919967884545138e+00
2413 1.788912558350572e+00 6.971861559316348e-01 1.919967884483258e+00
2414 1.788912558368972e+00 6.971861559591458e-01 1.919967884510393e+00
2415 1.788912558375302e+00 6.971861559638632e-01 1.919967884518004e+00
2416 1.788912558393699e+00 6.971861559913701e-01 1.919967884545132e+00
2417 1.788912558368953e+00 6.971861559591354e-01 1.919967884510371e+00
2418 1.637675849115186e+00 6.449018861424132e-01 1.760079722491339e+00
2419 1.637675849075822e+00 6.449018861978812e-01 1.760079722475036e+00
2420 1.637675849105836e+00 6.449018861616567e-01 1.760079722489690e+00
2421 1.637675849094973e+00 6.449018861699762e-01 1.760079722482631e+00
2422 1.637675849096184e+00 6.449018861704009e-01 1.760079722483913e+00
2423 1.637675849085147e+00 6.449018861786129e-01 1.760079722476652e+00
2424 1.637675849085182e+00 6.449018861786309e-01 1.760079722476691e+00
2425 1.637675849105853e+00 6.449018861616845e-01 1.760079722489715e+00
2426 1.637675849075829e+00 6.449018861978947e-01 1.760079722475048e+00
2427 1.637675849094907e+00 6.449018861699222e-01 1.760079722482550e+00
2428 1.637675849115196e+00 6.449018861424256e-01 1.760079722491352e+00
2429 1.637675849096142e+00 6.449018861703609e-01 1.760079722483860e+00
2430 1.788912558375295e+00 6.971861559638534e-01 1.919967884517993e+00
2431 1.637613383420167e+00 6.388756950237456e-01 1.757822444744895e+00
2432 1.637613383420175e+00 6.388756950237364e-01 1.757822444744900e+00
2433 1.643012617548631e+00 6.336157654397028e-01 1.760954116278373e+00
2434 1.643012617548631e+00 6.336157654397075e-01 1.760954116278375e+00
2435 1.809832329135490e+00 -6.862611950437147e-01 1.935574200956093e+00
2436 1.809832329133875e+00 -6.862611950438531e-01 1.935574200954633e+00
2437 1.751269885549604e+00 6.834965507095268e-01 1.879923867305467e+00
2438 1.751269885532791e+00 6.834965507358436e-01 1.879923867299373e+00
2439 1.751269885570207e+00 6.834965507378619e-01 1.879923867334963e+00
2440 1.751269885512193e+00 6.834965507075063e-01 1.879923867269882e+00
2441 1.751269885549585e+00 6.834965507095057e-01 1.879923867305442e+00
2442 1.751269885532748e+00 6.834965507358308e-01 1.879923867299328e+00
2443 1.751269885570188e+00 6.834965507378367e-01 1.879923867334936e+00
2444 1.751269885512173e+00 6.834965507074936e-01 1.879923867269858e+00
2445 1.643012617548605e+00 -6.336157654396923e-01 1.760954116278344e+00
2446 1.759334180065477e+00 -6.737012645593317e-01 1.883913520046901e+00
2447 1.759334180065464e+00 -6.737012645593232e-01 1.883913520046887e+00
2448 1.741855331051139e+00 -6.718883303661554e-01 1.866947755775049e+00
2449 1.741855331051217e+00 -6.718883303661762e-01 1.866947755775130e+00
2450 1.743450880895941e+00 6.859130529311703e-01 1.873525470944601e+00
2451 1.743450880895973e+00 6.859130529311783e-01 1.873525470944634e+00
2452 1.743450880828326e+00 6.859130529620402e-01 1.873525470892982e+00
2453 1.743450880874058e+00 6.859130529836721e-01 1.873525470943459e+00
2454 1.743450880874091e+00 6.859130529836834e-01 1.873525470943494e+00
2455 1.743450880850175e+00 6.859130529095296e-01 1.873525470894090e+00
2456 1.743450880850201e+00 6.859130529095478e-01 1.873525470894121e+00
2457 1.743450880828348e+00 6.859130529620568e-01 1.873525470893009e+00
2458 1.743450880862737e+00 6.859130529462885e-01 1.873525470919237e+00
2459 1.743450880861517e+00 6.859130529469126e-01 1.873525470918331e+00
2460 1.743450880861569e+00 6.859130529469262e-01 1.873525470918384e+00
2461 1.741855331051217e+00 -6.718883303661776e-01 1.866947755775130e+00
2462 1.840145251729710e+00 -6.725671556764210e-01 1.959204207416386e+00
2463 1.840145251732463e+00 -6.725671557015872e-01 1.959204207427611e+00
2464 1.840145251725266e+00 -6.725671557007689e-01 1.959204207420570e+00
2465 1.840145251729731e+00 -6.725671556764194e-01 1.959204207416405e+00
2466 1.840145251727989e+00 -6.725671557259130e-01 1.959204207431759e+00
2467 1.840145251725242e+00 -6.725671557007530e-01 1.959204207420542e+00
2468 1.840145251728011e+00 -6.725671557259271e-01 1.959204207431785e+00
2469 1.743450880862727e+00 6.859130529462968e-01 1.873525470919232e+00
2470 1.759334180065455e+00 -6.737012645593343e-01 1.883913520046882e+00
2471 1.840145251732465e+00 -6.725671557015868e-01 1.959204207427613e+00
2472 1.809832329118570e+00 6.862611950809632e-01 1.935574200953479e+00
2473 1.809832329128983e+00 6.862611950457613e-01 1.935574200950735e+00
2474 1.809832329150928e+00 6.862611950066568e-01 1.935574200957389e+00
2475 1.809832329140502e+00 6.862611950418367e-01 1.935574200960114e+00
2476 1.809832329133945e+00 6.862611950438786e-01 1.935574200954707e+00
2477 1.809832329135547e+00 6.862611950437369e-01 1.935574200956155e+00
2478 1.809832329140468e+00 6.862611950418377e-01 1.935574200960083e+00
2479 1.809832329135485e+00 6.862611950437184e-01 1.935574200956090e+00
2480 1.676359370994926e+00 -6.538052671642711e-01 1.799344899704959e+00
2481 1.676359370998646e+00 -6.538052671837721e-01 1.799344899715511e+00
2482 1.676359371000843e+00 -6.538052671839101e-01 1.799344899717607e+00
2483 1.809832329128934e+00 6.862611950457509e-01 1.935574200950686e+00
2484 1.676359371004548e+00 -6.538052672034125e-01 1.799344899728145e+00
2485 1.809832329118521e+00 6.862611950809355e-01 1.935574200953424e+00
2486 1.676359370994918e+00 -6.538052671642629e-01 1.799344899704949e+00
2487 1.809832329150881e+00 6.862611950066279e-01 1.935574200957335e+00
2488 1.676359370998612e+00 -6.538052671837569e-01 1.799344899715473e+00
2489 1.676359371000821e+00 -6.538052671838908e-01 1.799344899717580e+00
2490 1.676359371004544e+00 -6.538052672034060e-01 1.799344899728139e+00
2491 1.809832329133875e+00 6.862611950438660e-01 1.935574200954638e+00
2492 1.833326012545409e+00 -6.709228976065780e-01 1.952235078777260e+00
2493 1.833326012575107e+00 -6.709228974253397e-01 1.952235078742864e+00
2494 1.833326012572425e+00 -6.709228975835037e-01 1.952235078794700e+00
2495 1.833326012572411e+00 -6.709228975835024e-01 1.952235078794687e+00
2496 1.833326012561606e+00 -6.709228975183634e-01 1.952235078762154e+00
2497 1.833326012558870e+00 -6.709228975135447e-01 1.952235078757929e+00
2498 1.833326012561638e+00 -6.709228975183669e-01 1.952235078762185e+00
2499 1.833326012558905e+00 -6.709228975135494e-01 1.952235078757963e+00
2500 1.833326012575084e+00 -6.709228974253398e-01 1.952235078742842e+00
2501 1.833326012545378e+00 -6.709228976065721e-01 1.952235078777229e+00
2502 1.679740578176516e+00 -6.499197679686435e-01 1.801089702032964e+00
2503 1.679740578129777e+00 -6.499197680062015e-01 1.801089702002927e+00
2504 1.679740578176540e+00 -6.499197679686519e-01 1.801089702032990e+00
2505 1.679740578129783e+00 -6.499197680061936e-01 1.801089702002929e+00
2506 1.679740578132292e+00 -6.499197680648852e-01 1.801089702026448e+00
2507 1.679740578179009e+00 -6.499197680273368e-01 1.801089702056468e+00
2508 1.679740578154272e+00 -6.499197680168239e-01 1.801089702029605e+00
2509 1.679740578132311e+00 -6.499197680648867e-01 1.801089702026466e+00
2510 1.679740578179016e+00 -6.499197680273264e-01 1.801089702056471e+00
2511 1.833326012548097e+00 -6.709228974484290e-01 1.952235078725434e+00
2512 1.833326012548063e+00 -6.709228974484209e-01 1.952235078725399e+00
2513 1.679740578154511e+00 -6.499197680166778e-01 1.801089702029775e+00
2514 1.659376240272968e+00 -6.325505386358821e-01 1.775851821158228e+00
2515 1.659376240350103e+00 -6.325505386137067e-01 1.775851821222405e+00
2516 1.659376240311662e+00 -6.325505386246394e-01 1.775851821190380e+00
2517 1.659376240311309e+00 -6.325505386249298e-01 1.775851821190153e+00
2518 1.659376240311318e+00 -6.325505386249064e-01 1.775851821190153e+00
2519 1.679740578154269e+00 -6.499197680168316e-01 1.801089702029605e+00
2520 1.659376240353231e+00 -6.325505386262317e-01 1.775851821229790e+00
2521 1.659376240269819e+00 -6.325505386233546e-01 1.775851821150823e+00
2522 1.659376240350094e+00 -6.325505386137003e-01 1.775851821222395e+00
2523 1.659376240311738e+00 -6.325505386246745e-01 1.775851821190463e+00
2524 1.679740578154504e+00 -6.499197680166703e-01 1.801089702029765e+00
2525 1.659376240272950e+00 -6.325505386358888e-01 1.775851821158214e+00
2526 1.659376240353215e+00 -6.325505386262312e-01 1.775851821229774e+00
2527 1.659376240269828e+00 -6.325505386233552e-01 1.775851821150832e+00
2528 1.759334180065457e+00 -6.737012645593563e-01 1.883913520046892e+00
2529 1.741855331051214e+00 -6.718883303661654e-01 1.866947755775123e+00
2530 1.643012617548594e+00 6.336157654396947e-01 1.760954116278336e+00
2531 1.643012617548585e+00 6.336157654396978e-01 1.760954116278328e+00
2532 1.741855331051176e+00 6.718883303661763e-01 1.866947755775091e+00
2533 1.741855331051178e+00 6.718883303661566e-01 1.866947755775086e+00
2534 1.741855331051238e+00 6.718883303661792e-01 1.866947755775151e+00
2535 1.840145251725266e+00 6.725671557007644e-01 1.959204207420569e+00
2536 1.840145251732469e+00 6.725671557015889e-01 1.959204207427617e+00
2537 1.840145251729732e+00 6.725671556764178e-01 1.959204207416405e+00
2538 1.840145251728007e+00 6.725671557259121e-01 1.959204207431776e+00
2539 1.759334180065456e+00 6.737012645593252e-01 1.883913520046880e+00
2540 1.759334180065502e+00 6.737012645593610e-01 1.883913520046935e+00
2541 1.840145251729717e+00 6.725671556764239e-01 1.959204207416394e+00
2542 1.840145251728020e+00 6.725671557259196e-01 1.959204207431791e+00
2543 1.741855331051192e+00 6.718883303661793e-01 1.866947755775107e+00
2544 1.759334180065470e+00 6.737012645593172e-01 1.883913520046890e+00
2545 1.759334180065435e+00 6.737012645593143e-01 1.883913520046856e+00
2546 1.676359371004563e+00 6.538052672034034e-01 1.799344899728155e+00
2547 1.676359370994939e+00 6.538052671642642e-01 1.799344899704969e+00
2548 1.676359370998652e+00 6.538052671837651e-01 1.799344899715513e+00
2549 1.676359371000853e+00 6.538052671839044e-01 1.799344899717614e+00
2550 1.676359371004526e+00 6.538052672033949e-01 1.799344899728119e+00
2551 1.676359370994913e+00 6.538052671642509e-01 1.799344899704939e+00
2552 1.676359370998634e+00 6.538052671837720e-01 1.799344899715499e+00
2553 1.676359371000850e+00 6.538052671839242e-01 1.799344899717619e+00
2554 1.659376240272938e+00 6.325505386358767e-01 1.775851821158198e+00
2555 1.659376240311721e+00 6.325505386246651e-01 1.775851821190444e+00
2556 1.659376240353227e+00 6.325505386262256e-01 1.775851821229784e+00
2557 1.659376240350085e+00 6.325505386137000e-01 1.775851821222386e+00
2558 1.863800246055810e+00 -6.589248313845830e-01 1.976849334322902e+00
2559 1.863800246036798e+00 -6.589248314118202e-01 1.976849334314056e+00
2560 1.863800246055746e+00 -6.589248313845517e-01 1.976849334322831e+00
2561 1.863800246036754e+00 -6.589248314117990e-01 1.976849334314007e+00
2562 1.863800246052461e+00 -6.589248313976204e-01 1.976849334324090e+00
2563 1.863800246046295e+00 -6.589248313981886e-01 1.976849334318466e+00
2564 1.863800246046250e+00 -6.589248313981939e-01 1.976849334318425e+00
2565 1.863800246040132e+00 -6.589248313987650e-01 1.976849334312847e+00
2566 1.863800246040092e+00 -6.589248313987537e-01 1.976849334312806e+00
2567 1.679740578129797e+00 6.499197680061868e-01 1.801089702002941e+00
2568 1.679740578176525e+00 6.499197679686350e-01 1.801089702032969e+00
2569 1.679740578179031e+00 6.499197680273270e-01 1.801089702056485e+00
2570 1.679740578132293e+00 6.499197680648734e-01 1.801089702026445e+00
2571 1.679740578132293e+00 6.499197680648793e-01 1.801089702026447e+00
2572 1.679740578154265e+00 6.499197680168282e-01 1.801089702029600e+00
2573 1.679740578154508e+00 6.499197680166895e-01 1.801089702029776e+00
2574 1.670342640009725e+00 -6.319557471843309e-01 1.785892662349550e+00
2575 1.670342640042033e+00 -6.319557471601966e-01 1.785892662371227e+00
2576 1.670342640018790e+00 -6.319557471860777e-01 1.785892662358646e+00
2577 1.670342640051079e+00 -6.319557471619260e-01 1.785892662380301e+00
2578 1.670342640018762e+00 -6.319557471860673e-01 1.785892662358616e+00
2579 1.670342640051093e+00 -6.319557471619310e-01 1.785892662380315e+00
2580 1.679740578176522e+00 6.499197679686378e-01 1.801089702032967e+00
2581 1.670342640009732e+00 -6.319557471843369e-01 1.785892662349559e+00
2582 1.863800246052449e+00 -6.589248313976169e-01 1.976849334324077e+00
2583 1.679740578154496e+00 6.499197680166890e-01 1.801089702029765e+00
2584 1.670342640042031e+00 -6.319557471601933e-01 1.785892662371224e+00
2585 1.795786094390742e+00 -6.571561381354490e-01 1.912250476976343e+00
2586 1.795786094390728e+00 -6.571561381354296e-01 1.912250476976324e+00
2587 1.881768370928830e+00 -6.462591642571873e-01 1.989648991459182e+00
2588 1.881768370933659e+00 -6.462591642510456e-01 1.989648991461754e+00
2589 1.881768370940152e+00 -6.462591642508309e-01 1.989648991467825e+00
2590 1.881768370944996e+00 -6.462591642446733e-01 1.989648991470407e+00
2591 1.795786094390682e+00 -6.571561381354211e-01 1.912250476976277e+00
2592 1.863800246046320e+00 -6.589248313981872e-01 1.976849334318489e+00
2593 1.881768370944986e+00 -6.462591642446710e-01 1.989648991470397e+00
2594 1.676989364586655e+00 -6.335094031293727e-01 1.792659335398136e+00
2595 1.676989364639873e+00 -6.335094030885892e-01 1.792659335433508e+00
2596 1.676989364629307e+00 -6.335094030889830e-01 1.792659335423762e+00
2597 1.676989364597222e+00 -6.335094031289781e-01 1.792659335407882e+00
2598 1.676989364597227e+00 -6.335094031289822e-01 1.792659335407889e+00
2599 1.676989364629309e+00 -6.335094030889870e-01 1.792659335423766e+00
2600 1.676989364586661e+00 -6.335094031293764e-01 1.792659335398143e+00
2601 1.840145251725283e+00 6.725671557007562e-01 1.959204207420582e+00
2602 1.840145251732490e+00 6.725671557015955e-01 1.959204207427639e+00
2603 1.676989364639874e+00 -6.335094030885939e-01 1.792659335433511e+00
2604 1.833326012545391e+00 6.709228976065749e-01 1.952235078777242e+00
2605 1.833326012572410e+00 6.709228975835003e-01 1.952235078794686e+00
2606 1.833326012575088e+00 6.709228974253439e-01 1.952235078742847e+00
2607 1.833326012548073e+00 6.709228974484218e-01 1.952235078725409e+00
2608 1.671896436180591e+00 -6.326914869253342e-01 1.787606279621201e+00
2609 1.671896436155746e+00 -6.326914869388390e-01 1.787606279602744e+00
2610 1.671896436086211e+00 -6.326914869966990e-01 1.787606279558188e+00
2611 1.671896436111046e+00 -6.326914869831920e-01 1.787606279576636e+00
2612 1.671896436180592e+00 -6.326914869253356e-01 1.787606279621202e+00
2613 1.671896436086189e+00 -6.326914869966905e-01 1.787606279558164e+00
2614 1.671896436155730e+00 -6.326914869388300e-01 1.787606279602726e+00
2615 1.679740578179028e+00 6.499197680273421e-01 1.801089702056488e+00
2616 1.833326012572415e+00 6.709228975834989e-01 1.952235078794690e+00
2617 1.671896436111020e+00 -6.326914869831822e-01 1.787606279576608e+00
2618 1.679740578129815e+00 6.499197680061991e-01 1.801089702002962e+00
2619 1.833326012575079e+00 6.709228974253286e-01 1.952235078742834e+00
2620 1.833326012545414e+00 6.709228976065698e-01 1.952235078777262e+00
2621 1.833326012548095e+00 6.709228974484212e-01 1.952235078725429e+00
2622 1.833326012561624e+00 6.709228975183709e-01 1.952235078762173e+00
2623 1.833326012558888e+00 6.709228975135525e-01 1.952235078757949e+00
2624 1.659376240269816e+00 6.325505386233540e-01 1.775851821150820e+00
2625 1.833326012561638e+00 6.709228975183714e-01 1.952235078762187e+00
2626 1.833326012558914e+00 6.709228975135563e-01 1.952235078757974e+00
2627 1.659376240311350e+00 6.325505386249368e-01 1.775851821190194e+00
2628 1.679740578154291e+00 6.499197680168461e-01 1.801089702029631e+00
2629 1.671896436133606e+00 -6.326914869609663e-01 1.787606279589868e+00
2630 1.671896436133216e+00 -6.326914869610650e-01 1.787606279589539e+00
2631 1.659376240269818e+00 6.325505386233595e-01 1.775851821150824e+00
2632 1.659376240272944e+00 6.325505386358770e-01 1.775851821158204e+00
2633 1.659376240350082e+00 6.325505386136988e-01 1.775851821222383e+00
2634 1.659376240353212e+00 6.325505386262296e-01 1.775851821229771e+00
2635 1.659376240311726e+00 6.325505386246608e-01 1.775851821190447e+00
2636 1.659376240311348e+00 6.325505386249211e-01 1.775851821190186e+00
2637 1.671896436133552e+00 -6.326914869609492e-01 1.787606279589812e+00
2638 1.671896436133204e+00 -6.326914869610594e-01 1.787606279589526e+00
2639 1.670342640009728e+00 6.319557471843404e-01 1.785892662349557e+00
2640 1.670342640042021e+00 6.319557471601870e-01 1.785892662371213e+00
2641 1.670342640009702e+00 6.319557471843258e-01 1.785892662349527e+00
2642 1.670342640042010e+00 6.319557471601875e-01 1.785892662371203e+00
2643 1.670342640018772e+00 6.319557471860675e-01 1.785892662358627e+00
2644 1.670342640018771e+00 6.319557471860622e-01 1.785892662358624e+00
2645 1.670342640051089e+00 6.319557471619364e-01 1.785892662380313e+00
2646 1.863800246036768e+00 6.589248314118143e-01 1.976849334314025e+00
2647 1.863800246055744e+00 6.589248313845701e-01 1.976849334322835e+00
2648 1.670342640051073e+00 6.319557471619202e-01 1.785892662380292e+00
2649 1.863800246055785e+00 6.589248313845726e-01 1.976849334322874e+00
2650 1.863800246052463e+00 6.589248313976150e-01 1.976849334324090e+00
2651 1.863800246046310e+00 6.589248313981730e-01 1.976849334318475e+00
2652 1.863800246046253e+00 6.589248313981978e-01 1.976849334318429e+00
2653 1.863800246052438e+00 6.589248313976083e-01 1.976849334324064e+00
2654 1.863800246040077e+00 6.589248313987566e-01 1.976849334312792e+00
2655 1.863800246040088e+00 6.589248313987499e-01 1.976849334312801e+00
2656 1.676989364586643e+00 6.335094031293664e-01 1.792659335398123e+00
2657 1.676989364639864e+00 6.335094030885868e-01 1.792659335433499e+00
2658 1.676989364629302e+00 6.335094030889786e-01 1.792659335423756e+00
2659 1.676989364597212e+00 6.335094031289724e-01 1.792659335407870e+00
2660 1.676989364597184e+00 6.335094031289681e-01 1.792659335407842e+00
2661 1.676989364629294e+00 6.335094030889817e-01 1.792659335423751e+00
2662 1.863800246046288e+00 6.589248313981717e-01 1.976849334318453e+00
2663 1.863800246046257e+00 6.589248313981955e-01 1.976849334318433e+00
2664 1.676989364639868e+00 6.335094030885947e-01 1.792659335433505e+00
2665 1.676989364586648e+00 6.335094031293799e-01 1.792659335398132e+00
2666 1.671896436086203e+00 6.326914869966871e-01 1.787606279558177e+00
2667 1.671896436180569e+00 6.326914869253196e-01 1.787606279621175e+00
2668 1.671896436155724e+00 6.326914869388222e-01 1.787606279602717e+00
2669 1.671896436111052e+00 6.326914869831852e-01 1.787606279576638e+00
2670 1.671896436180590e+00 6.326914869253223e-01 1.787606279621196e+00
2671 1.671896436086189e+00 6.326914869966748e-01 1.787606279558159e+00
2672 1.671896436155707e+00 6.326914869388131e-01 1.787606279602699e+00
2673 1.671896436133572e+00 6.326914869609563e-01 1.787606279589833e+00
2674 1.671896436111029e+00 6.326914869831848e-01 1.787606279576617e+00
2675 1.671896436133184e+00 6.326914869610659e-01 1.787606279589509e+00
2676 1.671896436133558e+00 6.326914869609332e-01 1.787606279589812e+00
2677 1.671896436133173e+00 6.326914869610683e-01 1.787606279589499e+00
2678 1.795786094390682e+00 -6.571561381354374e-01 1.912250476976282e+00
2679 1.863800246046248e+00 -6.589248313982122e-01 1.976849334318429e+00
2680 1.795786094390690e+00 6.571561381354238e-01 1.912250476976286e+00
2681 1.795786094390716e+00 6.571561381354495e-01 1.912250476976319e+00
2682 1.795786094390742e+00 6.571561381354335e-01 1.912250476976338e+00
2683 1.756508656953779e+00 -6.473638765252292e-01 1.872004981452597e+00
2684 1.756508656953809e+00 -6.473638765252442e-01 1.872004981452631e+00
2685 1.795786094390674e+00 6.571561381354419e-01 1.912250476976277e+00
2686 1.756508656953814e+00 -6.473638765252376e-01 1.872004981452633e+00
2687 1.756508656953802e+00 -6.473638765252252e-01 1.872004981452618e+00
2688 1.756508656953830e+00 6.473638765252336e-01 1.872004981452647e+00
2689 1.872839361925533e+00 -6.430561302805595e-01 1.980163746327319e+00
2690 1.872839361938774e+00 -6.430561302732112e-01 1.980163746337457e+00
2691 1.863800246036800e+00 6.589248314118118e-01 1.976849334314055e+00
2692 1.881768370928813e+00 -6.462591642571885e-01 1.989648991459166e+00
2693 1.872839361925505e+00 -6.430561302805453e-01 1.980163746327289e+00
2694 1.881768370940144e+00 -6.462591642508251e-01 1.989648991467816e+00
2695 1.881768370933652e+00 -6.462591642510455e-01 1.989648991461748e+00
2696 1.872839361938755e+00 -6.430561302731906e-01 1.980163746337432e+00
2697 1.756508656953819e+00 6.473638765252513e-01 1.872004981452642e+00
2698 1.756508656953830e+00 6.473638765252406e-01 1.872004981452650e+00
2699 1.881768370944948e+00 6.462591642446673e-01 1.989648991470360e+00
2700 1.881768370928780e+00 6.462591642571888e-01 1.989648991459135e+00
2701 1.887723670270371e+00 -6.323967435653590e-01 1.990835577482759e+00
2702 1.887723670270365e+00 -6.323967435653541e-01 1.990835577482752e+00
2703 1.855201625170507e+00 -6.420822380024600e-01 1.963171584552287e+00
2704 1.855201625138891e+00 -6.420822380794314e-01 1.963171584547585e+00
2705 1.855201625158159e+00 -6.420822380377798e-01 1.963171584552170e+00
2706 1.882546940460775e+00 -6.421345237224241e-01 1.989049956535644e+00
2707 1.882546940466962e+00 -6.421345236652612e-01 1.989049956523046e+00
2708 1.813829029346133e+00 -6.485254162672052e-01 1.926281641724098e+00
2709 1.813829029329167e+00 -6.485254163497329e-01 1.926281641735907e+00
2710 1.813829029325220e+00 -6.485254163148947e-01 1.926281641720461e+00
2711 1.813829029329182e+00 -6.485254163497318e-01 1.926281641735921e+00
2712 1.882546940463230e+00 -6.421345236979514e-01 1.989049956530068e+00
2713 1.813829029346144e+00 -6.485254162672014e-01 1.926281641724107e+00
2714 1.882546940464539e+00 -6.421345236897484e-01 1.989049956528658e+00
2715 1.882546940460782e+00 -6.421345237224372e-01 1.989049956535655e+00
2716 1.882546940466966e+00 -6.421345236652752e-01 1.989049956523054e+00
2717 1.882546940463890e+00 -6.421345236938657e-01 1.989049956529373e+00
2718 1.882546940463857e+00 -6.421345236938377e-01 1.989049956529332e+00
2719 1.813829029350064e+00 -6.485254163020541e-01 1.926281641739532e+00
2720 1.813829029325209e+00 -6.485254163148926e-01 1.926281641720450e+00
2721 1.882546940463190e+00 -6.421345236979373e-01 1.989049956530025e+00
2722 1.882546940463959e+00 -6.421345236938891e-01 1.989049956529446e+00
2723 1.813829029350072e+00 -6.485254163020342e-01 1.926281641739533e+00
2724 1.882546940464553e+00 -6.421345236897604e-01 1.989049956528675e+00
2725 1.882546940463876e+00 -6.421345236938529e-01 1.989049956529356e+00
2726 1.813829029337291e+00 -6.485254163091749e-01 1.926281641729903e+00
2727 1.665462540908369e+00 -6.016645729917579e-01 1.770809344215891e+00
2728 1.665462540949874e+00 -6.016645730106239e-01 1.770809344261337e+00
2729 1.665462540928304e+00 -6.016645730066248e-01 1.770809344239691e+00
2730 1.665462540928471e+00 -6.016645730066452e-01 1.770809344239856e+00
2731 1.665462540906906e+00 -6.016645730026470e-01 1.770809344218215e+00
2732 1.665462540906901e+00 -6.016645730026585e-01 1.770809344218214e+00
2733 1.665462540948417e+00 -6.016645730215181e-01 1.770809344263668e+00
2734 1.813829029338013e+00 -6.485254163077873e-01 1.926281641730115e+00
2735 1.813829029337316e+00 -6.485254163091798e-01 1.926281641729927e+00
2736 1.813829029338041e+00 -6.485254163077750e-01 1.926281641730137e+00
2737 1.665462540928470e+00 -6.016645730066489e-01 1.770809344239856e+00
2738 1.665462540949910e+00 -6.016645730106411e-01 1.770809344261377e+00
2739 1.665462540948414e+00 -6.016645730215242e-01 1.770809344263667e+00
2740 1.665462540928295e+00 -6.016645730066267e-01 1.770809344239684e+00
2741 1.756508656953804e+00 6.473638765252321e-01 1.872004981452622e+00
2742 2.145382462062104e+00 -2.882918327328698e-01 2.164665814703076e+00
2743 2.145382462066522e+00 -2.882918327200289e-01 2.164665814705745e+00
2744 2.156823763890825e+00 -1.790380841253651e-01 2.164241988330203e+00
2745 2.145382462062057e+00 -2.882918327328703e-01 2.164665814703029e+00
2746 2.145382462066499e+00 -2.882918327200193e-01 2.164665814705721e+00
2747 1.872839361938746e+00 6.430561302732083e-01 1.980163746337429e+00
2748 1.872839361925540e+00 6.430561302805644e-01 1.980163746327328e+00
2749 1.910250477663374e+00 -6.226910080507846e-01 2.009179180391946e+00
2750 1.910250477671563e+00 -6.226910080401630e-01 2.009179180396440e+00
2751 1.887723670270323e+00 -6.323967435653339e-01 1.990835577482706e+00
2752 1.872839361938775e+00 6.430561302732114e-01 1.980163746337457e+00
2753 1.881768370940120e+00 6.462591642508285e-01 1.989648991467795e+00
2754 1.881768370933638e+00 6.462591642510489e-01 1.989648991461736e+00
2755 1.872839361925497e+00 6.430561302805339e-01 1.980163746327277e+00
2756 1.881768370944949e+00 6.462591642446635e-01 1.989648991470360e+00
2757 1.881768370928790e+00 6.462591642571910e-01 1.989648991459146e+00
2758 1.910250477663402e+00 -6.226910080507808e-01 2.009179180391971e+00
2759 1.910250477671581e+00 -6.226910080401603e-01 2.009179180396456e+00
2760 1.887723670270341e+00 -6.323967435653486e-01 1.990835577482727e+00
2761 1.881768370933651e+00 6.462591642510569e-01 1.989648991461751e+00
2762 1.881768370940162e+00 6.462591642508428e-01 1.989648991467839e+00
2763 1.855201625170476e+00 -6.420822380024549e-01 1.963171584552257e+00
2764 1.855201625138924e+00 -6.420822380794619e-01 1.963171584547626e+00
2765 1.855201625151235e+00 -6.420822380441306e-01 1.963171584547704e+00
2766 1.855201625155534e+00 -6.420822380408411e-01 1.963171584550691e+00
2767 1.855201625158170e+00 -6.420822380377781e-01 1.963171584552180e+00
2768 1.855201625153870e+00 -6.420822380410718e-01 1.963171584549193e+00
2769 1.855201625151285e+00 -6.420822380441461e-01 1.963171584547756e+00
2770 1.665462540908375e+00 -6.016645729917619e-01 1.770809344215899e+00
2771 1.855201625155569e+00 -6.420822380408484e-01 1.963171584550726e+00
2772 1.855201625138895e+00 6.420822380794406e-01 1.963171584547591e+00
2773 1.855201625170509e+00 6.420822380024699e-01 1.963171584552293e+00
2774 1.909494882405637e+00 -6.184847216999789e-01 2.007160695337974e+00
2775 1.909494882405739e+00 -6.184847216999962e-01 2.007160695338076e+00
2776 1.855201625153887e+00 -6.420822380410741e-01 1.963171584549211e+00
2777 1.813829029325234e+00 6.485254163149023e-01 1.926281641720478e+00
2778 1.813829029350078e+00 6.485254163020672e-01 1.926281641739550e+00
2779 1.813829029329170e+00 6.485254163497242e-01 1.926281641735907e+00
2780 1.813829029346157e+00 6.485254162671955e-01 1.926281641724118e+00
2781 1.813829029325243e+00 6.485254163148981e-01 1.926281641720485e+00
2782 1.683924409032987e+00 -6.078466714734123e-01 1.790273440387920e+00
2783 1.683924409040298e+00 -6.078466714771905e-01 1.790273440396080e+00
2784 1.813829029337326e+00 6.485254163091877e-01 1.926281641729940e+00
2785 1.813829029350085e+00 6.485254163020654e-01 1.926281641739556e+00
2786 1.813829029346139e+00 6.485254162672022e-01 1.926281641724103e+00
2787 1.683924409056186e+00 -6.078466714606355e-01 1.790273440405403e+00
2788 1.683924409032980e+00 -6.078466714734239e-01 1.790273440387918e+00
2789 1.683924409063490e+00 -6.078466714644050e-01 1.790273440413553e+00
2790 1.683924409040308e+00 -6.078466714771956e-01 1.790273440396091e+00
2791 1.813829029329217e+00 6.485254163497509e-01 1.926281641735960e+00
2792 1.813829029338019e+00 6.485254163077657e-01 1.926281641730114e+00
2793 1.683924409056214e+00 -6.078466714606532e-01 1.790273440405436e+00
2794 1.683924409063504e+00 -6.078466714644196e-01 1.790273440413571e+00
2795 1.907204151641711e+00 -6.269790541970031e-01 2.007618093772107e+00
2796 1.907204151641717e+00 -6.269790541970082e-01 2.007618093772114e+00
2797 1.907204151641902e+00 -6.269790542338889e-01 2.007618093783807e+00
2798 1.907204151641483e+00 -6.269790542183071e-01 2.007618093778543e+00
2799 1.907204151642163e+00 -6.269790542126288e-01 2.007618093777415e+00
2800 1.907204151641908e+00 -6.269790542338990e-01 2.007618093783817e+00
2801 1.813829029337279e+00 6.485254163091581e-01 1.926281641729886e+00
2802 1.907204151641491e+00 -6.269790542183189e-01 2.007618093778555e+00
2803 1.907204151642146e+00 -6.269790542126349e-01 2.007618093777402e+00
2804 1.907204151641808e+00 -6.269790542154807e-01 2.007618093777969e+00
2805 1.907204151641832e+00 -6.269790542154549e-01 2.007618093777984e+00
2806 1.813829029337974e+00 6.485254163077526e-01 1.926281641730067e+00
2807 1.665462540948409e+00 6.016645730215325e-01 1.770809344263666e+00
2808 1.665462540908361e+00 6.016645729917618e-01 1.770809344215885e+00
2809 1.665462540948414e+00 6.016645730215197e-01 1.770809344263666e+00
2810 1.665462540906903e+00 6.016645730026662e-01 1.770809344218219e+00
2811 1.665462540908379e+00 6.016645729917568e-01 1.770809344215900e+00
2812 1.668691630613617e+00 -5.987798526547330e-01 1.772870291370791e+00
2813 1.668691630616707e+00 -5.987798526521615e-01 1.772870291372832e+00
2814 1.668691630616723e+00 -5.987798526521557e-01 1.772870291372845e+00
2815 1.668691630597844e+00 -5.987798526317170e-01 1.772870291348172e+00
2816 1.668691630594747e+00 -5.987798526342866e-01 1.772870291346125e+00
2817 1.665462540949903e+00 6.016645730106365e-01 1.770809344261369e+00
2818 1.668691630613631e+00 -5.987798526547226e-01 1.772870291370801e+00
2819 1.665462540949866e+00 6.016645730106251e-01 1.770809344261330e+00
2820 1.668691630594773e+00 -5.987798526342829e-01 1.772870291346148e+00
2821 1.665462540906919e+00 6.016645730026552e-01 1.770809344218230e+00
2822 1.668691630597842e+00 -5.987798526317080e-01 1.772870291348167e+00
2823 1.882546940460794e+00 6.421345237224338e-01 1.989049956535666e+00
2824 1.665462540928498e+00 6.016645730066639e-01 1.770809344239887e+00
2825 1.665462540928321e+00 6.016645730066387e-01 1.770809344239712e+00
2826 1.882546940460803e+00 6.421345237224387e-01 1.989049956535675e+00
2827 1.882546940463220e+00 6.421345236979465e-01 1.989049956530056e+00
2828 1.882546940466986e+00 6.421345236652758e-01 1.989049956523074e+00
2829 1.882546940466990e+00 6.421345236652769e-01 1.989049956523078e+00
2830 1.882546940463247e+00 6.421345236979648e-01 1.989049956530088e+00
2831 1.882546940464524e+00 6.421345236897372e-01 1.989049956528640e+00
2832 1.882546940464535e+00 6.421345236897408e-01 1.989049956528652e+00
2833 1.882546940463858e+00 6.421345236938508e-01 1.989049956529337e+00
2834 1.882546940463846e+00 6.421345236938300e-01 1.989049956529320e+00
2835 1.668691630605789e+00 -5.987798526432342e-01 1.772870291359540e+00
2836 1.668691630605726e+00 -5.987798526432131e-01 1.772870291359474e+00
2837 1.882546940463906e+00 6.421345236938457e-01 1.989049956529382e+00
2838 1.665462540928295e+00 6.016645730066253e-01 1.770809344239683e+00
2839 1.907204151641779e+00 -6.269790542154375e-01 2.007618093777928e+00
2840 1.668691630605790e+00 -5.987798526432323e-01 1.772870291359540e+00
2841 1.668691630605688e+00 -5.987798526432041e-01 1.772870291359435e+00
2842 1.907204151641833e+00 -6.269790542154672e-01 2.007618093777989e+00
2843 1.909494882405675e+00 -6.184847216999854e-01 2.007160695338011e+00
2844 2.145382462062148e+00 2.882918327328662e-01 2.164665814703119e+00
2845 2.145382462066553e+00 2.882918327200211e-01 2.164665814705775e+00
2846 1.909494882405639e+00 -6.184847216999614e-01 2.007160695337971e+00
2847 2.145382462062145e+00 2.882918327328574e-01 2.164665814703115e+00
2848 2.145382462066534e+00 2.882918327200157e-01 2.164665814705755e+00
2849 1.910250477663352e+00 6.226910080507648e-01 2.009179180391918e+00
2850 1.910250477671555e+00 6.226910080401489e-01 2.009179180396428e+00
2851 1.887723670270383e+00 6.323967435653448e-01 1.990835577482766e+00
2852 2.156823763862670e+00 1.790380840930200e-01 2.164241988299468e+00
2853 2.156823763868047e+00 1.790380840964206e-01 2.164241988305108e+00
2854 1.887723670270366e+00 6.323967435653348e-01 1.990835577482747e+00
2855 2.156823763890851e+00 -1.790380841253505e-01 2.164241988330227e+00
2856 2.156823763862710e+00 -1.790380840930171e-01 2.164241988299508e+00
2857 1.887723670270352e+00 6.323967435653572e-01 1.990835577482740e+00
2858 2.156823763839943e+00 -1.790380840641009e-01 2.164241988274426e+00
2859 2.156823763868093e+00 -1.790380840964149e-01 2.164241988305153e+00
2860 2.156823763839973e+00 -1.790380840641005e-01 2.164241988274456e+00
2861 2.156823763868091e+00 -1.790380840964140e-01 2.164241988305151e+00
2862 2.143608330179640e+00 -1.703206053355207e-01 2.150364104475659e+00
2863 2.156823763862703e+00 -1.790380840930081e-01 2.164241988299499e+00
2864 2.143608330226733e+00 -1.703206053655066e-01 2.150364104524979e+00
2865 2.156823763839971e+00 1.790380840641015e-01 2.164241988274454e+00
2866 2.156823763839949e+00 1.790380840640844e-01 2.164241988274431e+00
2867 2.156823763890845e+00 1.790380841253596e-01 2.164241988330221e+00
2868 1.842834434333350e+00 -6.220200541871395e-01 1.944980128478358e+00
2869 2.156823763890812e+00 1.790380841253552e-01 2.164241988330188e+00
2870 1.842834434333358e+00 -6.220200541871322e-01 1.944980128478363e+00
2871 2.130506142036534e+00 -3.184204227514336e-01 2.154169906688096e+00
2872 2.130506142076514e+00 -3.184204227177164e-01 2.154169906722652e+00
2873 2.130506142076508e+00 -3.184204227177104e-01 2.154169906722645e+00
2874 1.842834434333376e+00 -6.220200541871455e-01 1.944980128478384e+00
2875 1.887723670270373e+00 6.323967435653487e-01 1.990835577482758e+00
2876 1.882546940463910e+00 6.421345236938777e-01 1.989049956529396e+00
2877 1.855201625138910e+00 6.420822380794573e-01 1.963171584547611e+00
2878 1.855201625151250e+00 6.420822380441351e-01 1.963171584547719e+00
2879 1.855201625155545e+00 6.420822380408397e-01 1.963171584550701e+00
2880 1.855201625158175e+00 6.420822380377845e-01 1.963171584552186e+00
2881 1.855201625158210e+00 6.420822380377939e-01 1.963171584552223e+00
2882 1.855201625170523e+00 6.420822380024670e-01 1.963171584552304e+00
2883 1.855201625153867e+00 6.420822380410659e-01 1.963171584549189e+00
2884 1.665462540928501e+00 6.016645730066384e-01 1.770809344239882e+00
2885 1.683924409040306e+00 6.078466714772007e-01 1.790273440396091e+00
2886 1.683924409033004e+00 6.078466714734260e-01 1.790273440387941e+00
2887 1.683924409056204e+00 6.078466714606419e-01 1.790273440405422e+00
2888 1.683924409063505e+00 6.078466714644097e-01 1.790273440413569e+00
2889 1.855201625151281e+00 6.420822380441509e-01 1.963171584547754e+00
2890 1.855201625155539e+00 6.420822380408449e-01 1.963171584550697e+00
2891 1.855201625153868e+00 6.420822380410769e-01 1.963171584549194e+00
2892 1.683924409040299e+00 6.078466714771955e-01 1.790273440396083e+00
2893 1.683924409032955e+00 6.078466714734212e-01 1.790273440387893e+00
2894 1.683924409056194e+00 6.078466714606424e-01 1.790273440405413e+00
2895 1.683924409063481e+00 6.078466714644175e-01 1.790273440413549e+00
2896 2.154896671459740e+00 -1.802367130805895e-01 2.162421082354305e+00
2897 2.154896671459722e+00 -1.802367130805789e-01 2.162421082354285e+00
2898 2.154896671426839e+00 -1.802367130303862e-01 2.162421082317334e+00
2899 2.154896671444504e+00 -1.802367130572997e-01 2.162421082337181e+00
2900 2.154896671442147e+00 -1.802367130537076e-01 2.162421082334532e+00
2901 2.154896671426897e+00 -1.802367130303890e-01 2.162421082317391e+00
2902 1.668691630616732e+00 5.987798526521575e-01 1.772870291372854e+00
2903 1.668691630597857e+00 5.987798526317154e-01 1.772870291348184e+00
2904 1.668691630594762e+00 5.987798526342782e-01 1.772870291346136e+00
2905 1.668691630594768e+00 5.987798526342788e-01 1.772870291346142e+00
2906 1.668691630616749e+00 5.987798526521640e-01 1.772870291372872e+00
2907 1.668691630597869e+00 5.987798526317160e-01 1.772870291348195e+00
2908 1.668691630613645e+00 5.987798526547322e-01 1.772870291370818e+00
2909 1.698234438939664e+00 -6.089407142007445e-01 1.804108922158534e+00
2910 1.698234438988563e+00 -6.089407142317886e-01 1.804108922215041e+00
2911 1.698234438950657e+00 -6.089407142722989e-01 1.804108922193034e+00
2912 1.698234438939684e+00 -6.089407142007403e-01 1.804108922158552e+00
2913 1.698234438988552e+00 -6.089407142317841e-01 1.804108922215030e+00
2914 1.698234438901763e+00 -6.089407142412466e-01 1.804108922136528e+00
2915 1.698234438950646e+00 -6.089407142722842e-01 1.804108922193018e+00
2916 1.674811113180239e+00 -5.910288412536675e-01 1.776036980478076e+00
2917 1.674811113209686e+00 -5.910288412070693e-01 1.776036980490338e+00
2918 1.674811113180267e+00 -5.910288412536769e-01 1.776036980478106e+00
2919 1.674811113183079e+00 -5.910288412328771e-01 1.776036980473837e+00
2920 1.674811113206885e+00 -5.910288412278544e-01 1.776036980494614e+00
2921 1.674811113209728e+00 -5.910288412070757e-01 1.776036980490380e+00
2922 1.674811113183033e+00 -5.910288412328705e-01 1.776036980473791e+00
2923 1.674811113206858e+00 -5.910288412278475e-01 1.776036980494586e+00
2924 1.674811113194606e+00 -5.910288412302606e-01 1.776036980483836e+00
2925 1.674811113195326e+00 -5.910288412304677e-01 1.776036980484583e+00
2926 1.698234438901751e+00 -6.089407142412321e-01 1.804108922136512e+00
2927 1.668691630613620e+00 5.987798526547115e-01 1.772870291370787e+00
2928 1.668691630605774e+00 5.987798526432219e-01 1.772870291359522e+00
2929 1.668691630605722e+00 5.987798526432200e-01 1.772870291359472e+00
2930 1.674811113194611e+00 -5.910288412302579e-01 1.776036980483839e+00
2931 1.668691630605713e+00 5.987798526432097e-01 1.772870291359460e+00
2932 1.668691630605760e+00 5.987798526432193e-01 1.772870291359507e+00
2933 1.910250477671573e+00 6.226910080401458e-01 2.009179180396444e+00
2934 1.910250477663419e+00 6.226910080507927e-01 2.009179180391991e+00
2935 2.143608330179660e+00 -1.703206053355237e-01 2.150364104475680e+00
2936 2.143608330226731e+00 -1.703206053655075e-01 2.150364104524977e+00
2937 1.842834434333362e+00 -6.220200541871364e-01 1.944980128478368e+00
2938 2.130506142008690e+00 -3.184204228706298e-01 2.154169906678177e+00
2939 2.130506142048663e+00 -3.184204228368974e-01 2.154169906712724e+00
2940 2.156823763862692e+00 1.790380840930093e-01 2.164241988299489e+00
2941 2.156823763868094e+00 1.790380840964343e-01 2.164241988305155e+00
2942 2.130506142036534e+00 -3.184204227514194e-01 2.154169906688093e+00
2943 2.130506142048692e+00 -3.184204228368985e-01 2.154169906712753e+00
2944 2.130506142008664e+00 -3.184204228706279e-01 2.154169906678151e+00
2945 1.907204151641921e+00 6.269790542339239e-01 2.007618093783837e+00
2946 1.907204151641914e+00 6.269790542339013e-01 2.007618093783822e+00
2947 1.907204151642143e+00 6.269790542126258e-01 2.007618093777396e+00
2948 1.907204151641738e+00 6.269790541970341e-01 2.007618093772142e+00
2949 1.907204151641502e+00 6.269790542183145e-01 2.007618093778564e+00
2950 1.907204151642140e+00 6.269790542126160e-01 2.007618093777391e+00
2951 1.907204151641740e+00 6.269790541970205e-01 2.007618093772139e+00
2952 1.907204151641842e+00 6.269790542154772e-01 2.007618093778001e+00
2953 1.907204151641817e+00 6.269790542154496e-01 2.007618093777968e+00
2954 1.674811113195355e+00 -5.910288412304859e-01 1.776036980484617e+00
2955 1.907204151641465e+00 6.269790542183011e-01 2.007618093778524e+00
2956 2.154896671444530e+00 -1.802367130573095e-01 2.162421082337207e+00
2957 2.154896671442132e+00 -1.802367130537058e-01 2.162421082334517e+00
2958 2.143608330179635e+00 1.703206053355197e-01 2.150364104475654e+00
2959 2.143608330179606e+00 1.703206053355224e-01 2.150364104475626e+00
2960 2.143608330226704e+00 1.703206053654976e-01 2.150364104524949e+00
2961 2.154896671443416e+00 -1.802367130554299e-01 2.162421082335940e+00
2962 2.143608330226745e+00 1.703206053655282e-01 2.150364104524993e+00
2963 2.154896671443232e+00 -1.802367130555611e-01 2.162421082335768e+00
2964 2.154896671443347e+00 -1.802367130554247e-01 2.162421082335871e+00
2965 2.154896671443195e+00 -1.802367130555400e-01 2.162421082335729e+00
2966 1.698234438945420e+00 -6.089407142363435e-01 1.804108922175968e+00
2967 1.698234438944892e+00 -6.089407142366776e-01 1.804108922175584e+00
2968 1.853091350957175e+00 -6.162375856031945e-01 1.952868740315729e+00
2969 1.853091350964211e+00 -6.162375855942542e-01 1.952868740319584e+00
2970 1.698234438945430e+00 -6.089407142363553e-01 1.804108922175981e+00
2971 1.714285643192400e+00 -6.083925910131194e-01 1.819042828318024e+00
2972 1.698234438944893e+00 -6.089407142366747e-01 1.804108922175584e+00
2973 1.853091350944190e+00 -6.162375855624641e-01 1.952868740290554e+00
2974 1.853091350957186e+00 -6.162375856032039e-01 1.952868740315742e+00
2975 1.853091350964198e+00 -6.162375855942613e-01 1.952868740319575e+00
2976 1.853091350977214e+00 -6.162375856350004e-01 1.952868740344780e+00
2977 1.853091350977229e+00 -6.162375856350010e-01 1.952868740344795e+00
2978 1.714285643192416e+00 -6.083925910131309e-01 1.819042828318044e+00
2979 1.714285643180434e+00 -6.083925910144834e-01 1.819042828307204e+00
2980 1.714285643115763e+00 -6.083925910792300e-01 1.819042828267912e+00
2981 1.853091350944173e+00 -6.162375855624634e-01 1.952868740290538e+00
2982 1.714285643127715e+00 -6.083925910778546e-01 1.819042828278716e+00
2983 1.714285643180466e+00 -6.083925910145017e-01 1.819042828307240e+00
2984 1.714285643115774e+00 -6.083925910792332e-01 1.819042828267923e+00
2985 1.709279371516060e+00 -6.099578462621609e-01 1.814851107971976e+00
2986 1.709279371465109e+00 -6.099578462649426e-01 1.814851107924924e+00
2987 1.674811113180254e+00 5.910288412536708e-01 1.776036980478092e+00
2988 1.674811113209703e+00 5.910288412070765e-01 1.776036980490357e+00
2989 1.674811113183081e+00 5.910288412328819e-01 1.776036980473840e+00
2990 1.674811113183047e+00 5.910288412328786e-01 1.776036980473806e+00
2991 1.709279371465130e+00 -6.099578462649502e-01 1.814851107924946e+00
2992 1.674811113180285e+00 5.910288412536814e-01 1.776036980478125e+00
2993 1.674811113194589e+00 5.910288412302567e-01 1.776036980483818e+00
2994 1.709279371437381e+00 -6.099578464056383e-01 1.814851107946096e+00
2995 1.709279371516085e+00 -6.099578462621714e-01 1.814851107972004e+00
2996 1.709279371386436e+00 -6.099578464084346e-01 1.814851107899054e+00
2997 1.674811113209753e+00 5.910288412070900e-01 1.776036980490408e+00
2998 1.674811113206898e+00 5.910288412278654e-01 1.776036980494630e+00
2999 1.674811113195315e+00 5.910288412304884e-01 1.776036980484580e+00
3000 1.674811113194647e+00 5.910288412302772e-01 1.776036980483880e+00
3001 2.154896671459737e+00 1.802367130805944e-01 2.162421082354302e+00
3002 2.154896671426830e+00 1.802367130303778e-01 2.162421082317324e+00
3003 1.709279371386461e+00 -6.099578464084425e-01 1.814851107899081e+00
3004 1.674811113206894e+00 5.910288412278687e-01 1.776036980494628e+00
3005 1.674811113195349e+00 5.910288412304983e-01 1.776036980484616e+00
3006 1.709279371437403e+00 -6.099578464056519e-01 1.814851107946121e+00
3007 1.709279371451326e+00 -6.099578463350064e-01 1.814851107935491e+00
3008 2.154896671426858e+00 1.802367130303952e-01 2.162421082317353e+00
3009 2.154896671459726e+00 1.802367130805949e-01 2.162421082354291e+00
3010 2.154896671444505e+00 1.802367130572869e-01 2.162421082337181e+00
3011 1.709279371451195e+00 -6.099578463355895e-01 1.814851107935563e+00
3012 2.154896671442121e+00 1.802367130536908e-01 2.162421082334505e+00
3013 2.154896671444514e+00 1.802367130572699e-01 2.162421082337188e+00
3014 2.154896671442128e+00 1.802367130537011e-01 2.162421082334513e+00
3015 2.154896671443391e+00 1.802367130554216e-01 2.162421082335915e+00
3016 2.154896671443340e+00 1.802367130554214e-01 2.162421082335864e+00
3017 2.154896671443231e+00 1.802367130555540e-01 2.162421082335766e+00
3018 2.154896671443174e+00 1.802367130555535e-01 2.162421082335709e+00
3019 1.909494882405700e+00 6.184847216999942e-01 2.007160695338039e+00
3020 1.909494882405667e+00 6.184847216999803e-01 2.007160695338003e+00
3021 1.907204151641832e+00 6.269790542154670e-01 2.007618093777988e+00
3022 1.909494882405657e+00 6.184847216999756e-01 2.007160695337992e+00
3023 1.886540782724560e+00 -6.104660845919385e-01 1.982852734148456e+00
3024 1.886540782724476e+00 -6.104660845919319e-01 1.982852734148374e+00
3025 1.714285643127707e+00 -6.083925910778500e-01 1.819042828278706e+00
3026 1.886540782724571e+00 -6.104660845919478e-01 1.982852734148469e+00
3027 1.886540782724521e+00 -6.104660845919305e-01 1.982852734148416e+00
3028 1.709279371451341e+00 -6.099578463350102e-01 1.814851107935507e+00
3029 1.709279371451255e+00 -6.099578463356106e-01 1.814851107935628e+00
3030 2.130506142076493e+00 3.184204227176961e-01 2.154169906722629e+00
3031 2.130506142008674e+00 3.184204228706164e-01 2.154169906678159e+00
3032 1.899423430705981e+00 -6.092235114470347e-01 1.994733730605349e+00
3033 1.899423430701962e+00 -6.092235113929911e-01 1.994733730585017e+00
3034 1.899423430706011e+00 -6.092235114470460e-01 1.994733730605381e+00
3035 2.130506142076471e+00 3.184204227177174e-01 2.154169906722609e+00
3036 2.130506142008689e+00 3.184204228706243e-01 2.154169906678174e+00
3037 2.130506142048626e+00 3.184204228368914e-01 2.154169906712687e+00
3038 2.130506142036483e+00 3.184204227514209e-01 2.154169906688042e+00
3039 1.899423430706220e+00 -6.092235114190920e-01 1.994733730597043e+00
3040 1.899423430701717e+00 -6.092235114209243e-01 1.994733730593315e+00
3041 1.899423430706209e+00 -6.092235114190985e-01 1.994733730597034e+00
3042 1.899423430701704e+00 -6.092235114209213e-01 1.994733730593301e+00
3043 1.899423430701965e+00 -6.092235113929892e-01 1.994733730585019e+00
3044 2.130506142048641e+00 3.184204228368985e-01 2.154169906712703e+00
3045 1.875829268833335e+00 -6.170934466971900e-01 1.974725238550523e+00
3046 1.875829268812185e+00 -6.170934468050095e-01 1.974725238564126e+00
3047 1.875829268833369e+00 -6.170934466971936e-01 1.974725238550557e+00
3048 1.875829268823344e+00 -6.170934467592336e-01 1.974725238560422e+00
3049 1.875829268812192e+00 -6.170934468050012e-01 1.974725238564129e+00
3050 2.130506142036524e+00 3.184204227514421e-01 2.154169906688087e+00
3051 1.875829268822167e+00 -6.170934467429600e-01 1.974725238554218e+00
3052 1.875829268822476e+00 -6.170934467512058e-01 1.974725238557087e+00
3053 1.875829268823390e+00 -6.170934467592368e-01 1.974725238560465e+00
3054 1.698234438988536e+00 6.089407142317782e-01 1.804108922215013e+00
3055 1.698234438901747e+00 6.089407142412304e-01 1.804108922136508e+00
3056 1.698234438939643e+00 6.089407142007338e-01 1.804108922158511e+00
3057 1.698234438950641e+00 6.089407142722847e-01 1.804108922193014e+00
3058 1.698234438939658e+00 6.089407142007348e-01 1.804108922158526e+00
3059 1.875829268822460e+00 -6.170934467512039e-01 1.974725238557072e+00
3060 1.698234438988528e+00 6.089407142317765e-01 1.804108922215005e+00
3061 1.698234438901745e+00 6.089407142412321e-01 1.804108922136506e+00
3062 1.875829268822188e+00 -6.170934467429569e-01 1.974725238554236e+00
3063 1.698234438945385e+00 6.089407142363419e-01 1.804108922175934e+00
3064 1.698234438944840e+00 6.089407142366555e-01 1.804108922175528e+00
3065 1.698234438950608e+00 6.089407142722847e-01 1.804108922192983e+00
3066 1.875829268823058e+00 -6.170934467509838e-01 1.974725238557571e+00
3067 1.875829268823068e+00 -6.170934467509948e-01 1.974725238557585e+00
3068 1.698234438944887e+00 6.089407142366801e-01 1.804108922175580e+00
3069 1.698234438945419e+00 6.089407142363421e-01 1.804108922175967e+00
3070 1.714285643127723e+00 6.083925910778656e-01 1.819042828278727e+00
3071 1.714285643127707e+00 6.083925910778654e-01 1.819042828278711e+00
3072 1.714285643192408e+00 6.083925910131267e-01 1.819042828318034e+00
3073 1.714285643180434e+00 6.083925910144899e-01 1.819042828307206e+00
3074 1.714285643115745e+00 6.083925910792267e-01 1.819042828267894e+00
3075 1.714285643115756e+00 6.083925910792322e-01 1.819042828267907e+00
3076 1.714285643180431e+00 6.083925910144951e-01 1.819042828307204e+00
3077 1.709279371516072e+00 6.099578462621562e-01 1.814851107971986e+00
3078 1.709279371465125e+00 6.099578462649483e-01 1.814851107924942e+00
3079 1.709279371386457e+00 6.099578464084399e-01 1.814851107899076e+00
3080 1.709279371516059e+00 6.099578462621632e-01 1.814851107971977e+00
3081 1.709279371465083e+00 6.099578462649464e-01 1.814851107924902e+00
3082 1.709279371451206e+00 6.099578463355870e-01 1.814851107935573e+00
3083 1.709279371451321e+00 6.099578463350032e-01 1.814851107935485e+00
3084 1.709279371437391e+00 6.099578464056388e-01 1.814851107946106e+00
3085 1.709279371437422e+00 6.099578464056475e-01 1.814851107946138e+00
3086 1.709279371451197e+00 6.099578463355864e-01 1.814851107935564e+00
3087 1.709279371386427e+00 6.099578464084364e-01 1.814851107899046e+00
3088 1.788799476368368e+00 -6.080732836870657e-01 1.889327045534923e+00
3089 1.788799476368412e+00 -6.080732836870758e-01 1.889327045534967e+00
3090 1.788799476368374e+00 -6.080732836870699e-01 1.889327045534930e+00
3091 1.907204151641736e+00 6.269790542154260e-01 2.007618093777884e+00
3092 1.909494882405690e+00 6.184847216999763e-01 2.007160695338023e+00
3093 1.842834434333355e+00 6.220200541871390e-01 1.944980128478363e+00
3094 1.842834434333368e+00 6.220200541871374e-01 1.944980128478374e+00
3095 1.842834434333371e+00 6.220200541871435e-01 1.944980128478379e+00
3096 1.842834434333342e+00 6.220200541871199e-01 1.944980128478344e+00
3097 1.853091350944172e+00 6.162375855624590e-01 1.952868740290536e+00
3098 1.853091350964204e+00 6.162375855942636e-01 1.952868740319581e+00
3099 1.853091350957162e+00 6.162375856032012e-01 1.952868740315719e+00
3100 1.714285643192400e+00 6.083925910131278e-01 1.819042828318027e+00
3101 1.853091350977241e+00 6.162375856349963e-01 1.952868740344805e+00
3102 1.709279371451315e+00 6.099578463349959e-01 1.814851107935477e+00
3103 1.853091350977229e+00 6.162375856349963e-01 1.952868740344794e+00
3104 1.942939505620721e+00 -5.860454580847902e-01 2.029399714556869e+00
3105 1.942939505624658e+00 -5.860454581115325e-01 2.029399714568362e+00
3106 1.942939505622668e+00 -5.860454580959348e-01 2.029399714561952e+00
3107 1.942939505622718e+00 -5.860454580981650e-01 2.029399714562643e+00
3108 1.942939505620694e+00 -5.860454580847695e-01 2.029399714556837e+00
3109 1.942939505624635e+00 -5.860454581115130e-01 2.029399714568334e+00
3110 1.942939505622612e+00 -5.860454580959130e-01 2.029399714561892e+00
3111 1.942939505622663e+00 -5.860454580981443e-01 2.029399714562586e+00
3112 1.942939505622729e+00 -5.860454581003883e-01 2.029399714563297e+00
3113 1.942939505622701e+00 -5.860454581003847e-01 2.029399714563269e+00
3114 1.875829268833356e+00 6.170934466971918e-01 1.974725238550544e+00
3115 1.875829268812201e+00 6.170934468050079e-01 1.974725238564141e+00
3116 1.875829268822190e+00 6.170934467429614e-01 1.974725238554240e+00
3117 1.875829268833302e+00 6.170934466971795e-01 1.974725238550489e+00
3118 1.875829268822207e+00 6.170934467429625e-01 1.974725238554256e+00
3119 1.875829268822476e+00 6.170934467512048e-01 1.974725238557088e+00
3120 1.875829268823051e+00 6.170934467509873e-01 1.974725238557566e+00
3121 1.875829268823354e+00 6.170934467592393e-01 1.974725238560433e+00
3122 1.875829268823364e+00 6.170934467592354e-01 1.974725238560441e+00
3123 1.875829268823049e+00 6.170934467509683e-01 1.974725238557558e+00
3124 1.875829268812188e+00 6.170934468050066e-01 1.974725238564128e+00
3125 1.942939505622677e+00 -5.860454580981448e-01 2.029399714562599e+00
3126 1.942939505622698e+00 -5.860454580981617e-01 2.029399714562623e+00
3127 1.902515768013546e+00 -6.006642905632508e-01 1.995084919871339e+00
3128 1.902515767988380e+00 -6.006642906002935e-01 1.995084919858493e+00
3129 1.902515767988397e+00 -6.006642906002929e-01 1.995084919858509e+00
3130 1.875829268822492e+00 6.170934467512059e-01 1.974725238557103e+00
3131 1.902515768003903e+00 -6.006642905752788e-01 1.995084919865764e+00
3132 1.902515767998036e+00 -6.006642905882794e-01 1.995084919864083e+00
3133 1.902515768001073e+00 -6.006642905818476e-01 1.995084919865044e+00
3134 1.902515768000850e+00 -6.006642905816992e-01 1.995084919864786e+00
3135 1.902515768013525e+00 -6.006642905632467e-01 1.995084919871318e+00
3136 1.902515768001054e+00 -6.006642905818352e-01 1.995084919865022e+00
3137 1.902515768000835e+00 -6.006642905816891e-01 1.995084919864769e+00
3138 1.902515768003870e+00 -6.006642905752679e-01 1.995084919865730e+00
3139 1.902515767998011e+00 -6.006642905882684e-01 1.995084919864057e+00
3140 1.853091350944194e+00 6.162375855624713e-01 1.952868740290561e+00
3141 1.853091350957200e+00 6.162375856032123e-01 1.952868740315758e+00
3142 1.853091350964244e+00 6.162375855942778e-01 1.952868740319624e+00
3143 1.788799476368385e+00 -6.080732836870557e-01 1.889327045534935e+00
3144 1.886540782724555e+00 6.104660845919554e-01 1.982852734148456e+00
3145 1.788799476368389e+00 6.080732836870705e-01 1.889327045534944e+00
3146 1.788799476368365e+00 6.080732836870617e-01 1.889327045534918e+00
3147 1.886540782724510e+00 6.104660845919374e-01 1.982852734148409e+00
3148 1.886540782724543e+00 6.104660845919465e-01 1.982852734148442e+00
3149 1.788799476368329e+00 6.080732836870679e-01 1.889327045534886e+00
3150 1.886540782724516e+00 6.104660845919594e-01 1.982852734148421e+00
3151 1.943707094719745e+00 -5.795716530462062e-01 2.028275270045608e+00
3152 1.943707094719762e+00 -5.795716530462112e-01 2.028275270045625e+00
3153 1.943707094719752e+00 -5.795716530462285e-01 2.028275270045621e+00
3154 1.899423430701927e+00 6.092235113929713e-01 1.994733730584976e+00
3155 1.899423430705995e+00 6.092235114470268e-01 1.994733730605360e+00
3156 1.899423430701912e+00 6.092235113929733e-01 1.994733730584964e+00
3157 1.899423430701736e+00 6.092235114209251e-01 1.994733730593333e+00
3158 1.899423430706221e+00 6.092235114190960e-01 1.994733730597045e+00
3159 1.899423430701705e+00 6.092235114209168e-01 1.994733730593301e+00
3160 1.899423430706200e+00 6.092235114190925e-01 1.994733730597024e+00
3161 1.899423430705946e+00 6.092235114470165e-01 1.994733730605310e+00
3162 1.943707094719726e+00 -5.795716530462041e-01 2.028275270045588e+00
3163 1.788799476368402e+00 6.080732836870809e-01 1.889327045534959e+00
3164 1.745202407437918e+00 -5.970857180117921e-01 1.844516955080858e+00
3165 1.745202407436721e+00 -5.970857180146421e-01 1.844516955080648e+00
3166 1.745202407437932e+00 -5.970857180118128e-01 1.844516955080879e+00
3167 1.745202407436726e+00 -5.970857180146557e-01 1.844516955080657e+00
3168 1.692347609862158e+00 -5.641761822251715e-01 1.783910086634506e+00
3169 2.115618449245015e+00 -2.840799592096639e-01 2.134606016577871e+00
3170 2.115618449270690e+00 -2.840799592554296e-01 2.134606016609409e+00
3171 2.115618449244972e+00 -2.840799592096576e-01 2.134606016577828e+00
3172 2.115618449270665e+00 -2.840799592554399e-01 2.134606016609385e+00
3173 1.692347609862159e+00 -5.641761822251781e-01 1.783910086634508e+00
3174 1.692347609862134e+00 -5.641761822251643e-01 1.783910086634481e+00
3175 2.121638933309041e+00 -2.850323019611968e-01 2.140699693206412e+00
3176 2.121638933280509e+00 -2.850323018989284e-01 2.140699693169842e+00
3177 2.121638933280528e+00 -2.850323018989220e-01 2.140699693169860e+00
3178 2.121638933309044e+00 -2.850323019611907e-01 2.140699693206414e+00
3179 2.121638933293448e+00 -2.850323019298810e-01 2.140699693186788e+00
3180 2.121638933296036e+00 -2.850323019302353e-01 2.140699693189399e+00
3181 1.882520538199532e+00 -5.980779907770621e-01 1.975241974998249e+00
3182 1.882520538235538e+00 -5.980779906766024e-01 1.975241975002147e+00
3183 1.692347609862138e+00 -5.641761822251523e-01 1.783910086634480e+00
3184 2.121638933293430e+00 -2.850323019298691e-01 2.140699693186768e+00
3185 2.115618449245021e+00 2.840799592096670e-01 2.134606016577878e+00
3186 2.115618449270679e+00 2.840799592554322e-01 2.134606016609399e+00
3187 1.882520538209514e+00 -5.980779907308273e-01 1.975241974993763e+00
3188 1.882520538225532e+00 -5.980779907228496e-01 1.975241975006614e+00
3189 2.121638933296015e+00 -2.850323019302363e-01 2.140699693189379e+00
3190 1.882520538199580e+00 -5.980779907770702e-01 1.975241974998297e+00
3191 1.882520538235578e+00 -5.980779906766236e-01 1.975241975002192e+00
3192 1.882520538209550e+00 -5.980779907308235e-01 1.975241974993796e+00
3193 1.882520538217732e+00 -5.980779907261079e-01 1.975241975000166e+00
3194 2.121638933280486e+00 2.850323018989336e-01 2.140699693169821e+00
3195 2.121638933293485e+00 2.850323019298764e-01 2.140699693186824e+00
3196 2.121638933296031e+00 2.850323019302378e-01 2.140699693189395e+00
3197 2.121638933293522e+00 2.850323019298625e-01 2.140699693186859e+00
3198 2.121051663195546e+00 -2.841981585851638e-01 2.140006717580061e+00
3199 2.121051663207738e+00 -2.841981586035237e-01 2.140006717594584e+00
3200 2.121051663205570e+00 -2.841981586017857e-01 2.140006717592205e+00
3201 1.918002591700742e+00 -5.926739719822685e-01 2.007485088073135e+00
3202 1.918002591713685e+00 -5.926739719549150e-01 2.007485088077425e+00
3203 1.918002591705025e+00 -5.926739719728581e-01 2.007485088074449e+00
3204 1.918002591709469e+00 -5.926739719643349e-01 2.007485088076178e+00
3205 2.121638933309013e+00 2.850323019611957e-01 2.140699693206383e+00
3206 1.918002591700782e+00 -5.926739719822763e-01 2.007485088073175e+00
3207 1.918002591713714e+00 -5.926739719549157e-01 2.007485088077454e+00
3208 1.918002591707225e+00 -5.926739719686077e-01 2.007485088075295e+00
3209 1.918002591707292e+00 -5.926739719685925e-01 2.007485088075355e+00
3210 2.121638933295998e+00 2.850323019302320e-01 2.140699693189362e+00
3211 2.121051663217797e+00 -2.841981586200941e-01 2.140006717606754e+00
3212 1.918002591705001e+00 -5.926739719728606e-01 2.007485088074426e+00
3213 2.121051663195551e+00 -2.841981585851823e-01 2.140006717580070e+00
3214 2.121638933309006e+00 2.850323019611966e-01 2.140699693206377e+00
3215 1.918002591709476e+00 -5.926739719643385e-01 2.007485088076186e+00
3216 1.918002591707251e+00 -5.926739719685863e-01 2.007485088075314e+00
3217 1.918002591707275e+00 -5.926739719686130e-01 2.007485088075345e+00
3218 2.121051663217774e+00 -2.841981586201283e-01 2.140006717606737e+00
3219 2.121638933280480e+00 2.850323018989230e-01 2.140699693169813e+00
3220 2.121051663207712e+00 -2.841981586035232e-01 2.140006717594559e+00
3221 2.115618449270647e+00 2.840799592554253e-01 2.134606016609366e+00
3222 2.115618449245034e+00 2.840799592096493e-01 2.134606016577888e+00
3223 1.745202407436743e+00 5.970857180146485e-01 1.844516955080671e+00
3224 1.745202407437953e+00 5.970857180118062e-01 1.844516955080896e+00
3225 1.746958639275954e+00 -5.927949154168926e-01 1.844795462669239e+00
3226 1.746958639278083e+00 -5.927949154144226e-01 1.844795462670462e+00
3227 1.746958639275946e+00 -5.927949154168822e-01 1.844795462669229e+00
3228 1.746958639278041e+00 -5.927949154144049e-01 1.844795462670416e+00
3229 1.745202407436736e+00 5.970857180146441e-01 1.844516955080663e+00
3230 1.745202407437926e+00 5.970857180117906e-01 1.844516955080865e+00
3231 1.943707094719714e+00 5.795716530461991e-01 2.028275270045576e+00
3232 1.989966468658166e+00 -5.242478783354075e-01 2.057863548518956e+00
3233 1.989966468652156e+00 -5.242478783473132e-01 2.057863548516177e+00
3234 1.943707094719744e+00 5.795716530462158e-01 2.028275270045609e+00
3235 1.989966468652187e+00 -5.242478783473115e-01 2.057863548516206e+00
3236 1.882520538225597e+00 -5.980779907228464e-01 1.975241975006675e+00
3237 2.121051663205569e+00 -2.841981586017644e-01 2.140006717592201e+00
3238 1.948690260926033e+00 -5.650505629973868e-01 2.028959307569187e+00
3239 1.948690260934720e+00 -5.650505629883416e-01 2.028959307575011e+00
3240 1.948690260934717e+00 -5.650505629883465e-01 2.028959307575010e+00
3241 1.948690260926011e+00 -5.650505629973841e-01 2.028959307569166e+00
3242 2.121051663206733e+00 -2.841981586026520e-01 2.140006717593472e+00
3243 1.882520538217722e+00 -5.980779907261191e-01 1.975241975000160e+00
3244 1.882520538217355e+00 -5.980779907275469e-01 1.975241975000243e+00
3245 2.121051663206621e+00 -2.841981586026461e-01 2.140006717593360e+00
3246 1.882520538217421e+00 -5.980779907275490e-01 1.975241975000307e+00
3247 2.121051663206690e+00 -2.841981586026599e-01 2.140006717593431e+00
3248 2.121051663206609e+00 -2.841981586026337e-01 2.140006717593347e+00
3249 1.943707094719738e+00 5.795716530462121e-01 2.028275270045603e+00
3250 1.943707094719773e+00 5.795716530462198e-01 2.028275270045638e+00
3251 2.121051663217703e+00 2.841981586200663e-01 2.140006717606657e+00
3252 2.121051663195515e+00 2.841981585851665e-01 2.140006717580031e+00
3253 2.121051663217742e+00 2.841981586201173e-01 2.140006717606703e+00
3254 2.121051663195527e+00 2.841981585851875e-01 2.140006717580047e+00
3255 2.121051663205570e+00 2.841981586017907e-01 2.140006717592205e+00
3256 2.121051663207719e+00 2.841981586035388e-01 2.140006717594567e+00
3257 2.121051663207688e+00 2.841981586035214e-01 2.140006717594534e+00
3258 2.121051663206618e+00 2.841981586026308e-01 2.140006717593355e+00
3259 2.096436357542458e+00 6.375999246414313e-02 2.097405716084733e+00
3260 2.096436357542524e+00 6.375999246414862e-02 2.097405716084800e+00
3261 2.096436357547138e+00 6.375999246465287e-02 2.097405716089427e+00
3262 2.096436357545512e+00 6.375999245608241e-02 2.097405716087542e+00
3263 2.096436357540965e+00 6.375999245559359e-02 2.097405716082982e+00
3264 2.096436357547163e+00 6.375999246464627e-02 2.097405716089452e+00
3265 2.096436357540935e+00 6.375999245558397e-02 2.097405716082952e+00
3266 1.902515768013538e+00 6.006642905632487e-01 1.995084919871331e+00
3267 1.902515767997982e+00 6.006642905882622e-01 1.995084919864027e+00
3268 1.902515768003890e+00 6.006642905752876e-01 1.995084919865755e+00
3269 1.902515768001048e+00 6.006642905818362e-01 1.995084919865016e+00
3270 1.902515768000826e+00 6.006642905816855e-01 1.995084919864759e+00
3271 1.902515767988374e+00 6.006642906002956e-01 1.995084919858488e+00
3272 1.902515768013545e+00 6.006642905632493e-01 1.995084919871337e+00
3273 1.902515767988375e+00 6.006642906002945e-01 1.995084919858488e+00
3274 2.121051663206685e+00 2.841981586026421e-01 2.140006717593423e+00
3275 1.902515767998005e+00 6.006642905882547e-01 1.995084919864047e+00
3276 1.942939505620709e+00 5.860454580847806e-01 2.029399714556855e+00
3277 1.942939505624628e+00 5.860454581115182e-01 2.029399714568329e+00
3278 2.096436357545555e+00 6.375999245609791e-02 2.097405716087585e+00
3279 1.942939505620689e+00 5.860454580847703e-01 2.029399714556833e+00
3280 1.942939505624655e+00 5.860454581115261e-01 2.029399714568357e+00
3281 1.942939505622693e+00 5.860454581003768e-01 2.029399714563259e+00
3282 2.096436357545552e+00 -6.375999245608924e-02 2.097405716087582e+00
3283 2.096436357540884e+00 -6.375999245558198e-02 2.097405716082900e+00
3284 2.096436357542478e+00 -6.375999246413996e-02 2.097405716084754e+00
3285 1.921674750590354e+00 -5.788635320574734e-01 2.006967073920884e+00
3286 1.942939505622615e+00 5.860454580959096e-01 2.029399714561893e+00
3287 1.942939505622724e+00 5.860454581003905e-01 2.029399714563292e+00
3288 1.912225734886902e+00 -5.821397201571394e-01 1.998873161295729e+00
3289 1.912225734899050e+00 -5.821397201360945e-01 1.998873161301222e+00
3290 1.912225734893276e+00 -5.821397201467677e-01 1.998873161298807e+00
3291 1.912225734886936e+00 -5.821397201571452e-01 1.998873161295765e+00
3292 2.096436357545538e+00 -6.375999245609811e-02 2.097405716087568e+00
3293 2.096436357540880e+00 -6.375999245558577e-02 2.097405716082897e+00
3294 2.096436357547106e+00 -6.375999246464001e-02 2.097405716089395e+00
3295 1.912225734892691e+00 -5.821397201464561e-01 1.998873161298157e+00
3296 1.912225734899046e+00 -5.821397201360820e-01 1.998873161301214e+00
3297 2.096436357542435e+00 -6.375999246413956e-02 2.097405716084711e+00
3298 2.096436357547136e+00 -6.375999246464886e-02 2.097405716089425e+00
3299 1.921674750590370e+00 -5.788635320574831e-01 2.006967073920901e+00
3300 1.921674750596327e+00 -5.788635320411778e-01 2.006967073921902e+00
3301 1.921674750593164e+00 -5.788635320492538e-01 2.006967073921203e+00
3302 1.912225734893295e+00 -5.821397201467685e-01 1.998873161298826e+00
3303 1.942939505622666e+00 5.860454580959330e-01 2.029399714561950e+00
3304 1.921674750596345e+00 -5.788635320411851e-01 2.006967073921922e+00
3305 1.942939505622653e+00 5.860454580981350e-01 2.029399714562573e+00
3306 1.942939505622677e+00 5.860454580981455e-01 2.029399714562599e+00
3307 1.942939505622686e+00 5.860454580981491e-01 2.029399714562609e+00
3308 1.921674750593196e+00 -5.788635320492528e-01 2.006967073921234e+00
3309 1.921674750593476e+00 -5.788635320493843e-01 2.006967073921540e+00
3310 1.921674750593529e+00 -5.788635320493954e-01 2.006967073921593e+00
3311 1.912225734892732e+00 -5.821397201464671e-01 1.998873161298199e+00
3312 2.096436357544028e+00 -6.375999245999631e-02 2.097405716086177e+00
3313 2.096436357544019e+00 -6.375999246022850e-02 2.097405716086175e+00
3314 1.942939505622678e+00 5.860454580981560e-01 2.029399714562603e+00
3315 1.692347609862074e+00 5.641761822251611e-01 1.783910086634423e+00
3316 1.989966468658197e+00 -5.242478783354076e-01 2.057863548518985e+00
3317 2.069692803060844e+00 -3.896850249221773e-01 2.106058574135689e+00
3318 2.069692803071554e+00 -3.896850248925037e-01 2.106058574140724e+00
3319 1.692347609862083e+00 5.641761822251595e-01 1.783910086634431e+00
3320 1.692347609862107e+00 5.641761822251661e-01 1.783910086634455e+00
3321 2.121051663205619e+00 2.841981586017636e-01 2.140006717592250e+00
3322 2.121051663206716e+00 2.841981586026533e-01 2.140006717593455e+00
3323 1.692347609862112e+00 5.641761822251596e-01 1.783910086634458e+00
3324 2.069692803060871e+00 -3.896850249221946e-01 2.106058574135719e+00
3325 2.069692803071573e+00 -3.896850248925244e-01 2.106058574140746e+00
3326 2.013486320050877e+00 -4.803319224562066e-01 2.069986936374841e+00
3327 2.013486320043333e+00 -4.803319224671411e-01 2.069986936370040e+00
3328 2.054197311318394e+00 -4.076128807147892e-01 2.094248040312400e+00
3329 2.054197311326911e+00 -4.076128806861459e-01 2.094248040315180e+00
3330 2.121051663206653e+00 2.841981586026435e-01 2.140006717593391e+00
3331 1.746958639275929e+00 5.927949154168917e-01 1.844795462669215e+00
3332 1.746958639278056e+00 5.927949154144210e-01 1.844795462670435e+00
3333 2.096436357544003e+00 -6.375999246023711e-02 2.097405716086160e+00
3334 2.096436357543968e+00 -6.375999246000141e-02 2.097405716086117e+00
3335 1.746958639278041e+00 5.927949154144193e-01 1.844795462670421e+00
3336 1.972834915725998e+00 -5.364687837932860e-01 2.044474592821405e+00
3337 1.972834915727627e+00 -5.364687837861469e-01 2.044474592821104e+00
3338 1.972834915731176e+00 -5.364687837782317e-01 2.044474592822453e+00
3339 2.096436357544014e+00 6.375999246000763e-02 2.097405716086164e+00
3340 2.096436357544001e+00 6.375999246023659e-02 2.097405716086158e+00
3341 2.096436357544040e+00 6.375999245999564e-02 2.097405716086189e+00
3342 1.903909947345951e+00 -5.847582455901430e-01 1.991686544963470e+00
3343 1.903909947371089e+00 -5.847582455410961e-01 1.991686544973100e+00
3344 1.903909947392000e+00 -5.847582454993896e-01 1.991686544980844e+00
3345 1.903909947370036e+00 -5.847582455446811e-01 1.991686544973146e+00
3346 1.903909947392019e+00 -5.847582454993888e-01 1.991686544980862e+00
3347 1.903909947345992e+00 -5.847582455901399e-01 1.991686544963508e+00
3348 2.096436357544014e+00 6.375999246023700e-02 2.097405716086171e+00
3349 1.903909947371074e+00 -5.847582455410925e-01 1.991686544973084e+00
3350 1.903909947366896e+00 -5.847582455484348e-01 1.991686544971246e+00
3351 1.903909947367940e+00 -5.847582455448426e-01 1.991686544971189e+00
3352 1.903909947369990e+00 -5.847582455446682e-01 1.991686544973098e+00
3353 1.903909947367962e+00 -5.847582455448546e-01 1.991686544971215e+00
3354 1.691166329337821e+00 -5.515074744344646e-01 1.778820971273680e+00
3355 1.691166329361560e+00 -5.515074744418329e-01 1.778820971298535e+00
3356 1.691166329360755e+00 -5.515074744480467e-01 1.778820971299696e+00
3357 1.691166329337840e+00 -5.515074744344621e-01 1.778820971273698e+00
3358 1.903909947366882e+00 -5.847582455484260e-01 1.991686544971230e+00
3359 1.691166329361566e+00 -5.515074744418278e-01 1.778820971298539e+00
3360 1.691166329360749e+00 -5.515074744480430e-01 1.778820971299689e+00
3361 1.902515768003876e+00 6.006642905752687e-01 1.995084919865736e+00
3362 1.902515768000834e+00 6.006642905816891e-01 1.995084919864768e+00
3363 1.902515768001058e+00 6.006642905818399e-01 1.995084919865027e+00
3364 1.691166329338645e+00 -5.515074744282571e-01 1.778820971272539e+00
3365 1.923411205106952e+00 -5.748330328141948e-01 2.007471962331067e+00
3366 1.923411205111349e+00 -5.748330328104011e-01 2.007471962334193e+00
3367 1.923411205110291e+00 -5.748330328139573e-01 2.007471962334198e+00
3368 1.923411205107996e+00 -5.748330328106289e-01 2.007471962331046e+00
3369 1.691166329338629e+00 -5.515074744282524e-01 1.778820971272523e+00
3370 1.923411205109133e+00 -5.748330328123371e-01 2.007471962332624e+00
3371 1.923411205109178e+00 -5.748330328122836e-01 2.007471962332652e+00
3372 1.923411205107988e+00 -5.748330328106434e-01 2.007471962331043e+00
3373 1.918002591700788e+00 5.926739719822689e-01 2.007485088073179e+00
3374 1.918002591705040e+00 5.926739719728732e-01 2.007485088074468e+00
3375 1.918002591709490e+00 5.926739719643384e-01 2.007485088076200e+00
3376 1.918002591713728e+00 5.926739719549176e-01 2.007485088077468e+00
3377 1.882520538199558e+00 5.980779907770644e-01 1.975241974998275e+00
3378 1.882520538235567e+00 5.980779906766177e-01 1.975241975002179e+00
3379 1.882520538199560e+00 5.980779907770595e-01 1.975241974998274e+00
3380 1.882520538235528e+00 5.980779906766066e-01 1.975241975002138e+00
3381 1.882520538225562e+00 5.980779907228413e-01 1.975241975006640e+00
3382 1.882520538209568e+00 5.980779907308397e-01 1.975241974993818e+00
3383 1.882520538217397e+00 5.980779907275486e-01 1.975241975000283e+00
3384 1.882520538209499e+00 5.980779907308198e-01 1.975241974993746e+00
3385 1.918002591700776e+00 5.926739719822750e-01 2.007485088073170e+00
3386 1.918002591705021e+00 5.926739719728629e-01 2.007485088074446e+00
3387 1.918002591713694e+00 5.926739719549159e-01 2.007485088077434e+00
3388 1.918002591709458e+00 5.926739719643255e-01 2.007485088076165e+00
3389 1.882520538225543e+00 5.980779907228340e-01 1.975241975006619e+00
3390 1.882520538217722e+00 5.980779907261198e-01 1.975241975000160e+00
3391 1.882520538217403e+00 5.980779907275453e-01 1.975241975000287e+00
3392 1.918002591707286e+00 5.926739719686188e-01 2.007485088075357e+00
3393 1.918002591707242e+00 5.926739719685900e-01 2.007485088075307e+00
3394 1.882520538217743e+00 5.980779907261233e-01 1.975241975000182e+00
3395 1.746958639275921e+00 5.927949154168902e-01 1.844795462669208e+00
3396 1.989966468652279e+00 5.242478783473477e-01 2.057863548516305e+00
3397 1.989966468658279e+00 5.242478783354444e-01 2.057863548519074e+00
3398 1.989966468652222e+00 5.242478783473329e-01 2.057863548516246e+00
3399 1.989966468658233e+00 5.242478783354239e-01 2.057863548519024e+00
3400 1.948690260934711e+00 5.650505629883522e-01 2.028959307575005e+00
3401 1.948690260926015e+00 5.650505629973951e-01 2.028959307569172e+00
3402 2.069692803060853e+00 3.896850249221807e-01 2.106058574135699e+00
3403 2.069692803071585e+00 3.896850248925202e-01 2.106058574140757e+00
3404 1.948690260926042e+00 5.650505629973994e-01 2.028959307569199e+00
3405 1.948690260934733e+00 5.650505629883567e-01 2.028959307575028e+00
3406 1.918002591707233e+00 5.926739719686048e-01 2.007485088075303e+00
3407 2.093821317890450e+00 -1.476503098635722e-01 2.099020801529921e+00
3408 2.080647511315454e+00 -1.172418847149506e-01 2.083948110168462e+00
3409 2.080647511315130e+00 -1.172418847146443e-01 2.083948110168122e+00
3410 2.093821317890416e+00 -1.476503098635776e-01 2.099020801529887e+00
3411 2.080647511326874e+00 -1.172418847373526e-01 2.083948110181125e+00
3412 2.080647511303730e+00 -1.172418846922423e-01 2.083948110155479e+00
3413 1.918002591707260e+00 5.926739719686005e-01 2.007485088075327e+00
3414 2.093821317890459e+00 -1.476503098635779e-01 2.099020801529930e+00
3415 2.093821317890424e+00 -1.476503098635722e-01 2.099020801529895e+00
3416 2.013486320050853e+00 -4.803319224562090e-01 2.069986936374818e+00
3417 2.013486320043373e+00 -4.803319224671467e-01 2.069986936370080e+00
3418 2.054197311326912e+00 -4.076128806861554e-01 2.094248040315181e+00
3419 2.054197311318386e+00 -4.076128807147973e-01 2.094248040312395e+00
3420 1.707392296211200e+00 -5.646659570749716e-01 1.798342597015582e+00
3421 1.707392296206228e+00 -5.646659570704656e-01 1.798342597009447e+00
3422 1.707392296193950e+00 -5.646659570798733e-01 1.798342597000743e+00
3423 1.707392296211210e+00 -5.646659570749668e-01 1.798342597015590e+00
3424 1.707392296206195e+00 -5.646659570704516e-01 1.798342597009411e+00
3425 1.895024518597908e+00 -5.704348534955930e-01 1.979018405212486e+00
3426 1.707392296193984e+00 -5.646659570798774e-01 1.798342597000777e+00
3427 1.707392296198973e+00 -5.646659570844136e-01 1.798342597006938e+00
3428 1.895024518597897e+00 -5.704348534955936e-01 1.979018405212476e+00
3429 1.983065402194299e+00 -5.228018623514545e-01 2.050821829574229e+00
3430 1.972834915725986e+00 -5.364687837932758e-01 2.044474592821391e+00
3431 1.972834915729559e+00 -5.364687837853693e-01 2.044474592822765e+00
3432 1.972834915727625e+00 -5.364687837861351e-01 2.044474592821100e+00
3433 1.895024518597907e+00 -5.704348534955898e-01 1.979018405212484e+00
3434 1.983065402194267e+00 -5.228018623514388e-01 2.050821829574194e+00
3435 1.983065402194297e+00 -5.228018623514359e-01 2.050821829574221e+00
3436 1.691166329349681e+00 -5.515074744381464e-01 1.778820971286098e+00
3437 1.691166329349741e+00 -5.515074744381675e-01 1.778820971286162e+00
3438 1.972834915731194e+00 -5.364687837782287e-01 2.044474592822468e+00
3439 1.707392296198958e+00 -5.646659570844096e-01 1.798342597006923e+00
3440 1.895024518597909e+00 -5.704348534955886e-01 1.979018405212486e+00
3441 2.071983248398617e+00 -3.815665837233496e-01 2.106824064666718e+00
3442 2.071983248398604e+00 -3.815665837233406e-01 2.106824064666704e+00
3443 2.071983248404322e+00 -3.815665836883022e-01 2.106824064665982e+00
3444 1.983065402194276e+00 -5.228018623514352e-01 2.050821829574201e+00
3445 2.071983248404337e+00 -3.815665836883091e-01 2.106824064665997e+00
3446 2.071983248402022e+00 -3.815665837059192e-01 2.106824064666910e+00
3447 2.071983248400967e+00 -3.815665837057391e-01 2.106824064665840e+00
3448 2.071983248402015e+00 -3.815665837059259e-01 2.106824064666905e+00
3449 1.923411205106924e+00 -5.748330328141986e-01 2.007471962331041e+00
3450 1.923411205111323e+00 -5.748330328103927e-01 2.007471962334166e+00
3451 1.691166329349719e+00 -5.515074744381477e-01 1.778820971286134e+00
3452 1.923411205110364e+00 -5.748330328139590e-01 2.007471962334269e+00
3453 1.947753956059118e+00 -5.583694936568380e-01 2.026208766339377e+00
3454 1.947753956063830e+00 -5.583694936416411e-01 2.026208766339718e+00
3455 1.947753956065549e+00 -5.583694936339917e-01 2.026208766339263e+00
3456 1.947753956060865e+00 -5.583694936491919e-01 2.026208766338949e+00
3457 2.071983248400957e+00 -3.815665837057425e-01 2.106824064665831e+00
3458 1.947753956065583e+00 -5.583694936339960e-01 2.026208766339296e+00
3459 1.923411205109129e+00 -5.748330328123323e-01 2.007471962332619e+00
3460 1.923411205109160e+00 -5.748330328122772e-01 2.007471962332633e+00
3461 1.972834915729549e+00 -5.364687837853573e-01 2.044474592822752e+00
3462 1.982836685407876e+00 -5.273246791394661e-01 2.051758425894441e+00
3463 1.913959544879583e+00 -5.768126645749105e-01 1.998988241448576e+00
3464 1.913959544873980e+00 -5.768126645722219e-01 1.998988241442435e+00
3465 1.913959544872520e+00 -5.768126645771627e-01 1.998988241442463e+00
3466 1.913959544873966e+00 -5.768126645722079e-01 1.998988241442418e+00
3467 1.913959544872516e+00 -5.768126645771523e-01 1.998988241442456e+00
3468 1.913959544879560e+00 -5.768126645748972e-01 1.998988241448550e+00
3469 1.913959544878080e+00 -5.768126645798337e-01 1.998988241448557e+00
3470 1.913959544878080e+00 -5.768126645798308e-01 1.998988241448556e+00
3471 1.982836685407840e+00 -5.273246791394488e-01 2.051758425894401e+00
3472 1.982836685404298e+00 -5.273246791271642e-01 2.051758425887821e+00
3473 1.982836685401421e+00 -5.273246791186373e-01 2.051758425882849e+00
3474 1.982836685404965e+00 -5.273246791309011e-01 2.051758425889426e+00
3475 1.982836685404647e+00 -5.273246791290398e-01 2.051758425888640e+00
3476 1.982836685404657e+00 -5.273246791290486e-01 2.051758425888652e+00
3477 1.982836685401421e+00 -5.273246791186265e-01 2.051758425882847e+00
3478 1.982836685404287e+00 -5.273246791271645e-01 2.051758425887810e+00
3479 1.982836685405005e+00 -5.273246791309131e-01 2.051758425889467e+00
3480 1.982836685404612e+00 -5.273246791290365e-01 2.051758425888607e+00
3481 1.691166329349621e+00 -5.515074744381187e-01 1.778820971286032e+00
3482 2.069692803060811e+00 3.896850249221711e-01 2.106058574135655e+00
3483 2.069692803071537e+00 3.896850248925017e-01 2.106058574140707e+00
3484 2.093821317890447e+00 1.476503098635761e-01 2.099020801529917e+00
3485 2.093821317890401e+00 1.476503098635660e-01 2.099020801529871e+00
3486 2.096693498611282e+00 -2.083210870020982e-01 2.107017157597098e+00
3487 2.080647511303734e+00 -1.172418846922412e-01 2.083948110155484e+00
3488 2.080647511326950e+00 -1.172418847373530e-01 2.083948110181200e+00
3489 2.080647511315172e+00 -1.172418847146404e-01 2.083948110168164e+00
3490 2.080647511315503e+00 -1.172418847149461e-01 2.083948110168511e+00
3491 2.093821317890386e+00 1.476503098635671e-01 2.099020801529856e+00
3492 2.096693498611311e+00 -2.083210870021041e-01 2.107017157597128e+00
3493 2.096693498611232e+00 -2.083210870020877e-01 2.107017157597047e+00
3494 2.093821317890480e+00 1.476503098635750e-01 2.099020801529951e+00
3495 2.089517467835044e+00 -1.725364733740049e-01 2.096628742298481e+00
3496 2.089517467783825e+00 -1.725364733592318e-01 2.096628742246220e+00
3497 2.089148901959455e+00 -2.894073385466664e-01 2.109099272714081e+00
3498 2.089148901931416e+00 -2.894073385057419e-01 2.109099272680691e+00
3499 2.089517467783818e+00 -1.725364733592264e-01 2.096628742246213e+00
3500 2.089517467835026e+00 -1.725364733739963e-01 2.096628742298463e+00
3501 2.096693498611284e+00 -2.083210870020960e-01 2.107017157597099e+00
3502 1.947753956059161e+00 -5.583694936568511e-01 2.026208766339422e+00
3503 1.947753956063868e+00 -5.583694936416531e-01 2.026208766339758e+00
3504 1.982836685404632e+00 -5.273246791290408e-01 2.051758425888626e+00
3505 2.094530462550275e+00 -1.900334358562494e-01 2.103133511048312e+00
3506 2.094530462546921e+00 -1.900334358367571e-01 2.103133511043210e+00
3507 1.947753956060877e+00 -5.583694936492023e-01 2.026208766338963e+00
3508 1.921674750590397e+00 5.788635320574844e-01 2.006967073920928e+00
3509 1.921674750596362e+00 5.788635320411868e-01 2.006967073921939e+00
3510 1.921674750593499e+00 5.788635320493885e-01 2.006967073921563e+00
3511 1.921674750593178e+00 5.788635320492561e-01 2.006967073921217e+00
3512 1.912225734886935e+00 5.821397201571323e-01 1.998873161295760e+00
3513 1.912225734893298e+00 5.821397201467668e-01 1.998873161298828e+00
3514 1.912225734892722e+00 5.821397201464562e-01 1.998873161298186e+00
3515 1.912225734899075e+00 5.821397201360903e-01 1.998873161301245e+00
3516 1.921674750593180e+00 5.788635320492574e-01 2.006967073921220e+00
3517 1.912225734886910e+00 5.821397201571266e-01 1.998873161295734e+00
3518 1.912225734892722e+00 5.821397201464668e-01 1.998873161298190e+00
3519 1.912225734893314e+00 5.821397201467857e-01 1.998873161298848e+00
3520 1.912225734899056e+00 5.821397201360924e-01 1.998873161301228e+00
3521 1.921674750596306e+00 5.788635320411779e-01 2.006967073921883e+00
3522 1.921674750593495e+00 5.788635320493886e-01 2.006967073921559e+00
3523 1.947753956062344e+00 -5.583694936454179e-01 2.026208766339330e+00
3524 1.947753956062368e+00 -5.583694936454319e-01 2.026208766339358e+00
3525 1.913959544876034e+00 -5.768126645760554e-01 1.998988241445508e+00
3526 1.913959544876035e+00 -5.768126645759952e-01 1.998988241445491e+00
3527 1.913959544876024e+00 -5.768126645759998e-01 1.998988241445482e+00
3528 1.913959544876043e+00 -5.768126645760385e-01 1.998988241445512e+00
3529 2.094530462550303e+00 -1.900334358562568e-01 2.103133511048340e+00
3530 2.094530462546963e+00 -1.900334358367599e-01 2.103133511043253e+00
3531 2.094530462548705e+00 -1.900334358465491e-01 2.103133511045872e+00
3532 2.094530462548530e+00 -1.900334358464605e-01 2.103133511045690e+00
3533 1.947753956062378e+00 -5.583694936454225e-01 2.026208766339364e+00
3534 1.947753956062363e+00 -5.583694936454214e-01 2.026208766339350e+00
3535 2.074414512190291e+00 -8.105760131537609e-02 2.075997568186602e+00
3536 2.074414512199484e+00 -8.105760127764990e-02 2.075997568194315e+00
3537 2.094530462548700e+00 -1.900334358465522e-01 2.103133511045868e+00
3538 2.094530462548532e+00 -1.900334358464568e-01 2.103133511045691e+00
3539 2.074414512190283e+00 -8.105760131537254e-02 2.075997568186594e+00
3540 2.074414512199477e+00 -8.105760127764652e-02 2.075997568194307e+00
3541 2.074414512198903e+00 -8.105760129132379e-02 2.075997568194268e+00
3542 2.074414512190797e+00 -8.105760130170794e-02 2.075997568186574e+00
3543 1.963903476282713e+00 -5.433465226674759e-01 2.037680619687531e+00
3544 1.963903476272084e+00 -5.433465226775871e-01 2.037680619679983e+00
3545 1.963903476279274e+00 -5.433465226718563e-01 2.037680619685385e+00
3546 1.963903476282700e+00 -5.433465226674778e-01 2.037680619687519e+00
3547 1.963903476279279e+00 -5.433465226718683e-01 2.037680619685393e+00
3548 1.963903476272069e+00 -5.433465226775783e-01 2.037680619679967e+00
3549 1.963903476275520e+00 -5.433465226731886e-01 2.037680619682122e+00
3550 1.963903476277352e+00 -5.433465226725176e-01 2.037680619683709e+00
3551 1.963903476277395e+00 -5.433465226725197e-01 2.037680619683750e+00
3552 1.963903476275488e+00 -5.433465226731801e-01 2.037680619682089e+00
3553 2.074414512198900e+00 -8.105760129131268e-02 2.075997568194265e+00
3554 2.074414512194904e+00 -8.105760129643969e-02 2.075997568190472e+00
3555 2.074414512194902e+00 -8.105760129658668e-02 2.075997568190476e+00
3556 2.070948988943035e+00 -3.768716504396931e-01 2.104961271783716e+00
3557 2.070948988942996e+00 -3.768716504396854e-01 2.104961271783676e+00
3558 2.070948988961475e+00 -3.768716504485621e-01 2.104961271803446e+00
3559 2.070948988951701e+00 -3.768716504459610e-01 2.104961271793364e+00
3560 2.070948988952195e+00 -3.768716504440399e-01 2.104961271793506e+00
3561 2.070948988952283e+00 -3.768716504442208e-01 2.104961271793625e+00
3562 2.070948988952789e+00 -3.768716504423023e-01 2.104961271793779e+00
3563 2.070948988961490e+00 -3.768716504485721e-01 2.104961271803462e+00
3564 2.070948988952777e+00 -3.768716504422853e-01 2.104961271793764e+00
3565 2.074414512194853e+00 -8.105760129658179e-02 2.075997568190426e+00
3566 2.070948988952305e+00 -3.768716504442284e-01 2.104961271793648e+00
3567 2.070948988951701e+00 -3.768716504459708e-01 2.104961271793365e+00
3568 2.070948988952210e+00 -3.768716504440338e-01 2.104961271793520e+00
3569 2.013486320043329e+00 4.803319224671327e-01 2.069986936370034e+00
3570 2.013486320050840e+00 4.803319224561995e-01 2.069986936374803e+00
3571 1.972834915731164e+00 5.364687837782118e-01 2.044474592822435e+00
3572 1.972834915729599e+00 5.364687837853862e-01 2.044474592822807e+00
3573 1.972834915725977e+00 5.364687837932605e-01 2.044474592821379e+00
3574 2.080647511303770e+00 1.172418846922354e-01 2.083948110155519e+00
3575 2.080647511303739e+00 1.172418846922407e-01 2.083948110155489e+00
3576 2.080647511326915e+00 1.172418847373541e-01 2.083948110181166e+00
3577 2.080647511315167e+00 1.172418847146367e-01 2.083948110168158e+00
3578 2.080647511315484e+00 1.172418847149417e-01 2.083948110168492e+00
3579 2.080647511315179e+00 1.172418847146398e-01 2.083948110168170e+00
3580 2.080647511315505e+00 1.172418847149526e-01 2.083948110168513e+00
3581 1.921674750590362e+00 5.788635320574800e-01 2.006967073920892e+00
3582 2.080647511326911e+00 1.172418847373506e-01 2.083948110181161e+00
3583 1.907394928715886e+00 -5.705959608462492e-01 1.990913148438458e+00
3584 1.907394928658966e+00 -5.705959609115421e-01 1.990913148402639e+00
3585 1.907394928683135e+00 -5.705959608958321e-01 1.990913148421292e+00
3586 1.907394928715922e+00 -5.705959608462525e-01 1.990913148438493e+00
3587 1.907394928659002e+00 -5.705959609115394e-01 1.990913148402673e+00
3588 1.907394928687929e+00 -5.705959608796732e-01 1.990913148421253e+00
3589 1.907394928686932e+00 -5.705959608781299e-01 1.990913148419856e+00
3590 1.907394928691742e+00 -5.705959608619563e-01 1.990913148419828e+00
3591 1.907394928683159e+00 -5.705959608958469e-01 1.990913148421318e+00
3592 1.907394928691763e+00 -5.705959608619477e-01 1.990913148419846e+00
3593 1.907394928687965e+00 -5.705959608796851e-01 1.990913148421291e+00
3594 2.074414512190829e+00 -8.105760130170191e-02 2.075997568186605e+00
3595 2.074414512194841e+00 -8.105760129643164e-02 2.075997568190409e+00
3596 1.907394928686983e+00 -5.705959608781334e-01 1.990913148419906e+00
3597 1.903909947392010e+00 5.847582454993958e-01 1.991686544980856e+00
3598 1.903909947391989e+00 5.847582454993905e-01 1.991686544980834e+00
3599 1.903909947345956e+00 5.847582455901450e-01 1.991686544963475e+00
3600 1.903909947366893e+00 5.847582455484355e-01 1.991686544971244e+00
3601 1.903909947371088e+00 5.847582455410980e-01 1.991686544973099e+00
3602 1.903909947345978e+00 5.847582455901494e-01 1.991686544963498e+00
3603 1.903909947366877e+00 5.847582455484324e-01 1.991686544971228e+00
3604 1.903909947371068e+00 5.847582455410906e-01 1.991686544973078e+00
3605 1.903909947367951e+00 5.847582455448441e-01 1.991686544971200e+00
3606 1.903909947370026e+00 5.847582455446745e-01 1.991686544973134e+00
3607 1.903909947370025e+00 5.847582455446877e-01 1.991686544973138e+00
3608 1.903909947367951e+00 5.847582455448541e-01 1.991686544971203e+00
3609 2.095353756827024e+00 -1.654552969861003e-01 2.101876024305402e+00
3610 2.095353756827031e+00 -1.654552969861069e-01 2.101876024305410e+00
3611 2.095353756828893e+00 -1.654552969787368e-01 2.101876024306685e+00
3612 2.095353756828326e+00 -1.654552969836439e-01 2.101876024306506e+00
3613 2.095353756827570e+00 -1.654552969812008e-01 2.101876024305561e+00
3614 2.086252765014144e+00 -1.418286525645547e-01 2.091068140022567e+00
3615 2.086252765012119e+00 -1.418286525795729e-01 2.091068140021565e+00
3616 2.086252765004931e+00 -1.418286525549466e-01 2.091068140012724e+00
3617 2.086252765004904e+00 -1.418286525550020e-01 2.091068140012701e+00
3618 2.086252764997663e+00 -1.418286525303958e-01 2.091068140003808e+00
3619 2.086252764995702e+00 -1.418286525453910e-01 2.091068140002868e+00
3620 2.086252764995652e+00 -1.418286525453965e-01 2.091068140002818e+00
3621 2.086252765014177e+00 -1.418286525645494e-01 2.091068140022600e+00
3622 2.095353756827581e+00 -1.654552969812024e-01 2.101876024305572e+00
3623 2.095353756828346e+00 -1.654552969836415e-01 2.101876024306526e+00
3624 2.095353756828008e+00 -1.654552969824296e-01 2.101876024306093e+00
3625 2.095353756827948e+00 -1.654552969824287e-01 2.101876024306034e+00
3626 2.095353756827983e+00 -1.654552969824252e-01 2.101876024306069e+00
3627 2.086252764997717e+00 -1.418286525303922e-01 2.091068140003860e+00
3628 2.095353756828926e+00 -1.654552969787446e-01 2.101876024306719e+00
3629 2.086252765012149e+00 -1.418286525795810e-01 2.091068140021596e+00
3630 2.086252765004926e+00 -1.418286525549533e-01 2.091068140012719e+00
3631 2.086252765004887e+00 -1.418286525550118e-01 2.091068140012684e+00
3632 2.095353756827983e+00 -1.654552969824138e-01 2.101876024306067e+00
3633 2.013486320050877e+00 4.803319224562161e-01 2.069986936374843e+00
3634 2.013486320043320e+00 4.803319224671314e-01 2.069986936370025e+00
3635 2.089148901959457e+00 -2.894073385466692e-01 2.109099272714082e+00
3636 2.089148901931423e+00 -2.894073385057380e-01 2.109099272680697e+00
3637 1.963903476277378e+00 -5.433465226725210e-01 2.037680619683735e+00
3638 1.963903476277409e+00 -5.433465226725402e-01 2.037680619683770e+00
3639 1.947887729638976e+00 -5.482367935567689e-01 2.023568676642207e+00
3640 1.947887729641181e+00 -5.482367935429698e-01 2.023568676640590e+00
3641 1.947887729640152e+00 -5.482367935498901e-01 2.023568676641474e+00
3642 1.947887729638961e+00 -5.482367935567614e-01 2.023568676642190e+00
3643 1.947887729639946e+00 -5.482367935498379e-01 2.023568676641262e+00
3644 1.947887729640176e+00 -5.482367935498906e-01 2.023568676641498e+00
3645 1.947887729639967e+00 -5.482367935498369e-01 2.023568676641283e+00
3646 1.955018533801633e+00 -5.410444781885233e-01 2.028503535832802e+00
3647 1.955018533800372e+00 -5.410444781917872e-01 2.028503535832457e+00
3648 1.955018533779625e+00 -5.410444781593975e-01 2.028503535803822e+00
3649 1.955018533779618e+00 -5.410444781593933e-01 2.028503535803815e+00
3650 2.074414512199462e+00 8.105760127765323e-02 2.075997568194293e+00
3651 2.074414512190276e+00 8.105760131537683e-02 2.075997568186587e+00
3652 2.074414512199439e+00 8.105760127764271e-02 2.075997568194270e+00
3653 1.955018533822388e+00 -5.410444782209196e-01 2.028503535861446e+00
3654 2.074414512190250e+00 8.105760131536828e-02 2.075997568186561e+00
3655 2.074414512190814e+00 8.105760130171083e-02 2.075997568186591e+00
3656 2.074414512198929e+00 8.105760129131633e-02 2.075997568194294e+00
3657 2.015021395865143e+00 -4.679511405270242e-01 2.068644361826086e+00
3658 2.015021395836373e+00 -4.679511405283042e-01 2.068644361798350e+00
3659 2.015021395850655e+00 -4.679511405273609e-01 2.068644361812050e+00
3660 2.015021395850786e+00 -4.679511405279677e-01 2.068644361812314e+00
3661 2.015021395850715e+00 -4.679511405273577e-01 2.068644361812106e+00
3662 2.015021395850776e+00 -4.679511405279651e-01 2.068644361812304e+00
3663 2.074414512190793e+00 8.105760130170597e-02 2.075997568186570e+00
3664 2.074414512194877e+00 8.105760129658673e-02 2.075997568190451e+00
3665 1.955018533822395e+00 -5.410444782209093e-01 2.028503535861450e+00
3666 2.074414512194865e+00 8.105760129643917e-02 2.075997568190433e+00
3667 2.015021395865164e+00 -4.679511405270313e-01 2.068644361826108e+00
3668 2.015021395836333e+00 -4.679511405282953e-01 2.068644361798310e+00
3669 2.074414512198865e+00 8.105760129131150e-02 2.075997568194230e+00
3670 2.054197311326972e+00 4.076128806861681e-01 2.094248040315243e+00
3671 2.054197311326941e+00 4.076128806861647e-01 2.094248040315212e+00
3672 2.054197311318460e+00 4.076128807148118e-01 2.094248040312469e+00
3673 1.983065402194268e+00 5.228018623514310e-01 2.050821829574193e+00
3674 2.054197311318374e+00 4.076128807147906e-01 2.094248040312381e+00
3675 1.983065402194288e+00 5.228018623514444e-01 2.050821829574215e+00
3676 1.983065402194256e+00 5.228018623514302e-01 2.050821829574181e+00
3677 2.089517467835042e+00 1.725364733739962e-01 2.096628742298479e+00
3678 2.089517467835054e+00 1.725364733740042e-01 2.096628742298491e+00
3679 2.089517467783828e+00 1.725364733592274e-01 2.096628742246224e+00
3680 2.089517467783846e+00 1.725364733592343e-01 2.096628742246242e+00
3681 1.972834915726011e+00 5.364687837932829e-01 2.044474592821418e+00
3682 1.972834915731178e+00 5.364687837782256e-01 2.044474592822453e+00
3683 2.022025076191425e+00 -4.529811865459028e-01 2.072143181373206e+00
3684 2.022025076191381e+00 -4.529811865458899e-01 2.072143181373161e+00
3685 2.096693498611280e+00 2.083210870020934e-01 2.107017157597095e+00
3686 1.972834915727605e+00 5.364687837861499e-01 2.044474592821084e+00
3687 1.972834915729591e+00 5.364687837853765e-01 2.044474592822798e+00
3688 2.096693498611321e+00 2.083210870020924e-01 2.107017157597136e+00
3689 1.947887729641168e+00 -5.482367935429621e-01 2.023568676640576e+00
3690 1.972834915727648e+00 5.364687837861465e-01 2.044474592821124e+00
3691 2.096693498611268e+00 2.083210870020892e-01 2.107017157597082e+00
3692 1.955018533801643e+00 -5.410444781885183e-01 2.028503535832810e+00
3693 1.955018533800376e+00 -5.410444781917931e-01 2.028503535832462e+00
3694 2.071983248398609e+00 3.815665837233526e-01 2.106824064666711e+00
3695 2.096693498611261e+00 2.083210870020810e-01 2.107017157597075e+00
3696 2.071983248398642e+00 3.815665837233513e-01 2.106824064666744e+00
3697 2.071983248404325e+00 3.815665836883023e-01 2.106824064665984e+00
3698 2.071983248404349e+00 3.815665836883058e-01 2.106824064666009e+00
3699 2.022025076191364e+00 -4.529811865458889e-01 2.072143181373143e+00
3700 2.056370586136965e+00 -3.740349433375237e-01 2.090110553623130e+00
3701 2.022025076191384e+00 -4.529811865458793e-01 2.072143181373161e+00
3702 2.074414512194844e+00 8.105760129643325e-02 2.075997568190412e+00
3703 2.074414512194843e+00 8.105760129658190e-02 2.075997568190417e+00
3704 1.983065402194231e+00 5.228018623514257e-01 2.050821829574155e+00
3705 2.071983248402058e+00 3.815665837059197e-01 2.106824064666946e+00
3706 2.071983248400972e+00 3.815665837057485e-01 2.106824064665847e+00
3707 1.895024518597902e+00 5.704348534955983e-01 1.979018405212482e+00
3708 2.071983248402000e+00 3.815665837059246e-01 2.106824064666890e+00
3709 2.036423605564500e+00 -4.159005248852743e-01 2.078459609398307e+00
3710 2.036423605564611e+00 -4.159005249206058e-01 2.078459609405486e+00
3711 2.036423605564554e+00 -4.159005249205991e-01 2.078459609405429e+00
3712 1.895024518597887e+00 5.704348534955863e-01 1.979018405212464e+00
3713 2.071983248400966e+00 3.815665837057439e-01 2.106824064665840e+00
3714 2.094530462550316e+00 1.900334358562554e-01 2.103133511048353e+00
3715 2.094530462546943e+00 1.900334358367627e-01 2.103133511043233e+00
3716 2.092297951868408e+00 -2.062743076385627e-01 2.102441392615856e+00
3717 2.092297951877753e+00 -2.062743076622885e-01 2.102441392627485e+00
3718 2.094530462546948e+00 1.900334358367630e-01 2.103133511043238e+00
3719 2.094530462550323e+00 1.900334358562604e-01 2.103133511048361e+00
3720 2.092297951877755e+00 -2.062743076622890e-01 2.102441392627487e+00
3721 2.092297951868408e+00 -2.062743076385650e-01 2.102441392615857e+00
3722 2.036423605564460e+00 -4.159005248852731e-01 2.078459609398267e+00
3723 2.036423605564736e+00 -4.159005249025533e-01 2.078459609401996e+00
3724 2.036423605564314e+00 -4.159005249033130e-01 2.078459609401735e+00
3725 1.895024518597909e+00 5.704348534955914e-01 1.979018405212486e+00
3726 2.086252765012148e+00 1.418286525795672e-01 2.091068140021594e+00
3727 2.092297951870758e+00 -2.062743076500169e-01 2.102441392619319e+00
3728 2.092297951875408e+00 -2.062743076508259e-01 2.102441392624026e+00
3729 2.086252764997704e+00 1.418286525303822e-01 2.091068140003847e+00
3730 2.086252765014144e+00 1.418286525645573e-01 2.091068140022568e+00
3731 2.086252764995698e+00 1.418286525454028e-01 2.091068140002865e+00
3732 2.086252765014127e+00 1.418286525645588e-01 2.091068140022550e+00
3733 2.092297951875383e+00 -2.062743076508278e-01 2.102441392624002e+00
3734 2.086252765004937e+00 1.418286525550099e-01 2.091068140012733e+00
3735 2.086252765004937e+00 1.418286525549511e-01 2.091068140012730e+00
3736 1.895024518597923e+00 5.704348534955916e-01 1.979018405212500e+00
3737 2.092297951870749e+00 -2.062743076500199e-01 2.102441392619311e+00
3738 2.092297951872977e+00 -2.062743076504164e-01 2.102441392621567e+00
3739 2.092297951873149e+00 -2.062743076504379e-01 2.102441392621741e+00
3740 2.092297951872996e+00 -2.062743076504160e-01 2.102441392621585e+00
3741 2.090935722901513e+00 -1.811939932483418e-01 2.098771893392646e+00
3742 2.090935722894802e+00 -1.811939932719128e-01 2.098771893387996e+00
3743 2.092297951873156e+00 -2.062743076504290e-01 2.102441392621746e+00
3744 2.090935722901530e+00 -1.811939932483480e-01 2.098771893392663e+00
3745 2.090935722894799e+00 -1.811939932719215e-01 2.098771893387993e+00
3746 1.923411205111335e+00 5.748330328103899e-01 2.007471962334176e+00
3747 1.923411205106929e+00 5.748330328142021e-01 2.007471962331046e+00
3748 2.090935722898490e+00 -1.811939932550487e-01 2.098771893390214e+00
3749 1.923411205106952e+00 5.748330328142028e-01 2.007471962331068e+00
3750 1.923411205111368e+00 5.748330328104101e-01 2.007471962334214e+00
3751 1.923411205107974e+00 5.748330328106311e-01 2.007471962331025e+00
3752 1.923411205110293e+00 5.748330328139561e-01 2.007471962334200e+00
3753 1.982836685401416e+00 5.273246791186379e-01 2.051758425882845e+00
3754 1.982836685407856e+00 5.273246791394588e-01 2.051758425894419e+00
3755 1.982836685404294e+00 5.273246791271661e-01 2.051758425887817e+00
3756 1.982836685404973e+00 5.273246791309049e-01 2.051758425889435e+00
3757 1.982836685407844e+00 5.273246791394545e-01 2.051758425894407e+00
3758 1.923411205108003e+00 5.748330328106339e-01 2.007471962331054e+00
3759 1.923411205109155e+00 5.748330328122782e-01 2.007471962332628e+00
3760 1.923411205109122e+00 5.748330328123264e-01 2.007471962332611e+00
3761 1.923411205110300e+00 5.748330328139556e-01 2.007471962334205e+00
3762 1.982836685401417e+00 5.273246791186333e-01 2.051758425882845e+00
3763 2.090935722898461e+00 -1.811939932550466e-01 2.098771893390184e+00
3764 2.090935722897873e+00 -1.811939932652089e-01 2.098771893390476e+00
3765 1.982836685404294e+00 5.273246791271718e-01 2.051758425887819e+00
3766 2.090935722898191e+00 -1.811939932601331e-01 2.098771893390354e+00
3767 2.090935722897860e+00 -1.811939932652024e-01 2.098771893390462e+00
3768 1.982836685404962e+00 5.273246791309065e-01 2.051758425889425e+00
3769 1.982836685404631e+00 5.273246791290416e-01 2.051758425888625e+00
3770 2.090935722898147e+00 -1.811939932601232e-01 2.098771893390310e+00
3771 1.913959544872519e+00 5.768126645771521e-01 1.998988241442459e+00
3772 1.913959544872534e+00 5.768126645771656e-01 1.998988241442477e+00
3773 1.913959544879573e+00 5.768126645749013e-01 1.998988241448563e+00
3774 1.913959544878120e+00 5.768126645798399e-01 1.998988241448597e+00
3775 1.913959544876028e+00 5.768126645760461e-01 1.998988241445499e+00
3776 1.913959544876031e+00 5.768126645759997e-01 1.998988241445489e+00
3777 1.913959544878129e+00 5.768126645798345e-01 1.998988241448604e+00
3778 1.947753956060850e+00 5.583694936491908e-01 2.026208766338934e+00
3779 1.947753956059135e+00 5.583694936568451e-01 2.026208766339395e+00
3780 1.947753956065562e+00 5.583694936340000e-01 2.026208766339278e+00
3781 1.947753956063838e+00 5.583694936416413e-01 2.026208766339726e+00
3782 1.947753956065607e+00 5.583694936340063e-01 2.026208766339323e+00
3783 1.947753956062343e+00 5.583694936454110e-01 2.026208766339328e+00
3784 1.947753956062373e+00 5.583694936454259e-01 2.026208766339360e+00
3785 1.913959544876070e+00 5.768126645760586e-01 1.998988241445543e+00
3786 1.947753956060887e+00 5.583694936491949e-01 2.026208766338971e+00
3787 1.947753956063856e+00 5.583694936416461e-01 2.026208766339744e+00
3788 1.913959544879590e+00 5.768126645749050e-01 1.998988241448580e+00
3789 1.947753956059213e+00 5.583694936568577e-01 2.026208766339473e+00
3790 1.913959544876058e+00 5.768126645759861e-01 1.998988241445511e+00
3791 1.947753956062354e+00 5.583694936454159e-01 2.026208766339339e+00
3792 2.056370586137012e+00 -3.740349433375272e-01 2.090110553623178e+00
3793 1.923411205109156e+00 5.748330328122853e-01 2.007471962332632e+00
3794 1.923411205109128e+00 5.748330328123298e-01 2.007471962332617e+00
3795 2.056370586137004e+00 -3.740349433375227e-01 2.090110553623169e+00
3796 2.056370586136972e+00 -3.740349433375307e-01 2.090110553623139e+00
3797 1.982836685404643e+00 5.273246791290451e-01 2.051758425888638e+00
3798 1.982836685404626e+00 5.273246791290428e-01 2.051758425888621e+00
3799 1.982836685404641e+00 5.273246791290386e-01 2.051758425888634e+00
3800 2.094530462548541e+00 1.900334358464618e-01 2.103133511045701e+00
3801 2.094530462548742e+00 1.900334358465590e-01 2.103133511045910e+00
3802 2.090935722898136e+00 -1.811939932601172e-01 2.098771893390298e+00
3803 2.090935722898170e+00 -1.811939932601426e-01 2.098771893390334e+00
3804 2.094530462548722e+00 1.900334358465476e-01 2.103133511045888e+00
3805 1.947753956062387e+00 5.583694936454247e-01 2.026208766339374e+00
3806 2.094530462548548e+00 1.900334358464547e-01 2.103133511045707e+00
3807 2.095353756827004e+00 1.654552969861078e-01 2.101876024305382e+00
3808 2.095353756828889e+00 1.654552969787432e-01 2.101876024306682e+00
3809 2.086252765012164e+00 1.418286525795664e-01 2.091068140021610e+00
3810 2.086252764997727e+00 1.418286525303842e-01 2.091068140003870e+00
3811 1.913959544874016e+00 5.768126645722309e-01 1.998988241442472e+00
3812 2.086252764995739e+00 1.418286525453925e-01 2.091068140002905e+00
3813 1.913959544874012e+00 5.768126645722265e-01 1.998988241442467e+00
3814 2.095353756827014e+00 1.654552969861074e-01 2.101876024305392e+00
3815 2.095353756828883e+00 1.654552969787432e-01 2.101876024306676e+00
3816 2.095353756827612e+00 1.654552969812077e-01 2.101876024305603e+00
3817 2.095353756828318e+00 1.654552969836381e-01 2.101876024306498e+00
3818 2.095353756827605e+00 1.654552969812026e-01 2.101876024305596e+00
3819 2.095353756828332e+00 1.654552969836369e-01 2.101876024306512e+00
3820 2.036423605564718e+00 -4.159005249025560e-01 2.078459609401979e+00
3821 2.036423605564313e+00 -4.159005249033238e-01 2.078459609401735e+00
3822 2.086252765004908e+00 1.418286525549528e-01 2.091068140012701e+00
3823 2.086252765004883e+00 1.418286525550034e-01 2.091068140012680e+00
3824 2.095353756827957e+00 1.654552969824191e-01 2.101876024306042e+00
3825 2.095353756828023e+00 1.654552969824264e-01 2.101876024306109e+00
3826 1.949716109822816e+00 -5.442757174261996e-01 2.024260103218561e+00
3827 1.949716109825728e+00 -5.442757174215438e-01 2.024260103220114e+00
3828 1.949716109822828e+00 -5.442757174262061e-01 2.024260103218575e+00
3829 1.949716109825705e+00 -5.442757174215310e-01 2.024260103220088e+00
3830 1.949716109823586e+00 -5.442757174235443e-01 2.024260103218588e+00
3831 1.949716109824941e+00 -5.442757174241654e-01 2.024260103220061e+00
3832 1.949716109823649e+00 -5.442757174235898e-01 2.024260103218662e+00
3833 2.021552523839176e+00 -4.558689022178755e-01 2.072315386868001e+00
3834 2.021552523831004e+00 -4.558689022008037e-01 2.072315386856274e+00
3835 1.984380600368885e+00 -5.050603443575208e-01 2.047645554914940e+00
3836 1.949716109824946e+00 -5.442757174241726e-01 2.024260103220068e+00
3837 1.949716109824316e+00 -5.442757174238160e-01 2.024260103219365e+00
3838 1.949716109824242e+00 -5.442757174239031e-01 2.024260103219317e+00
3839 1.949716109824224e+00 -5.442757174239048e-01 2.024260103219301e+00
3840 2.021552523839164e+00 -4.558689022178728e-01 2.072315386867989e+00
3841 2.021552523831051e+00 -4.558689022007947e-01 2.072315386856318e+00
3842 2.021552523834577e+00 -4.558689022077148e-01 2.072315386861280e+00
3843 2.021552523835651e+00 -4.558689022109754e-01 2.072315386863045e+00
3844 1.984380600366713e+00 -5.050603443778976e-01 2.047645554917862e+00
3845 1.984380600368931e+00 -5.050603443575274e-01 2.047645554914987e+00
3846 1.984380600367139e+00 -5.050603443713789e-01 2.047645554916667e+00
3847 1.984380600367103e+00 -5.050603443713657e-01 2.047645554916628e+00
3848 1.984380600368444e+00 -5.050603443640513e-01 2.047645554916123e+00
3849 1.984380600366706e+00 -5.050603443778970e-01 2.047645554917855e+00
3850 1.984380600368435e+00 -5.050603443640421e-01 2.047645554916113e+00
3851 2.021552523835596e+00 -4.558689022109618e-01 2.072315386862988e+00
3852 1.984380600367813e+00 -5.050603443677079e-01 2.047645554916414e+00
3853 1.984380600367794e+00 -5.050603443677106e-01 2.047645554916397e+00
3854 2.021552523834554e+00 -4.558689022077090e-01 2.072315386861256e+00
3855 2.021552523835073e+00 -4.558689022093341e-01 2.072315386862120e+00
3856 2.021552523835099e+00 -4.558689022093323e-01 2.072315386862144e+00
3857 2.021552523835058e+00 -4.558689022093278e-01 2.072315386862103e+00
3858 2.021552523835072e+00 -4.558689022093276e-01 2.072315386862118e+00
3859 1.984380600367792e+00 -5.050603443677046e-01 2.047645554916393e+00
3860 1.984380600367801e+00 -5.050603443677089e-01 2.047645554916403e+00
3861 2.089148901959500e+00 2.894073385466674e-01 2.109099272714125e+00
3862 2.089148901959479e+00 2.894073385466793e-01 2.109099272714106e+00
3863 2.089148901931465e+00 2.894073385057366e-01 2.109099272680738e+00
3864 2.089148901931443e+00 2.894073385057485e-01 2.109099272680719e+00
3865 2.082559841167083e+00 -2.902147409504596e-01 2.102684019986552e+00
3866 2.082559841167083e+00 -2.902147409504679e-01 2.102684019986554e+00
3867 2.082559841167138e+00 -2.902147409504702e-01 2.102684019986608e+00
3868 2.082559841167137e+00 -2.902147409504781e-01 2.102684019986608e+00
3869 2.095353756827990e+00 1.654552969824241e-01 2.101876024306075e+00
3870 1.963903476282689e+00 5.433465226674703e-01 2.037680619687507e+00
3871 1.963903476272056e+00 5.433465226775792e-01 2.037680619679954e+00
3872 1.963903476272060e+00 5.433465226775818e-01 2.037680619679959e+00
3873 1.963903476279253e+00 5.433465226718516e-01 2.037680619685363e+00
3874 1.963903476282664e+00 5.433465226674576e-01 2.037680619687479e+00
3875 1.746132395152321e+00 -5.789691826487960e-01 1.839615083613253e+00
3876 1.746132395083121e+00 -5.789691826947334e-01 1.839615083562028e+00
3877 1.746132395113201e+00 -5.789691826734706e-01 1.839615083583887e+00
3878 1.746132395122197e+00 -5.789691826700492e-01 1.839615083591349e+00
3879 1.963903476279246e+00 5.433465226718588e-01 2.037680619685359e+00
3880 1.963903476275485e+00 5.433465226731863e-01 2.037680619682088e+00
3881 1.746132395152317e+00 -5.789691826488076e-01 1.839615083613253e+00
3882 1.963903476275515e+00 5.433465226731798e-01 2.037680619682115e+00
3883 1.746132395083110e+00 -5.789691826947325e-01 1.839615083562017e+00
3884 1.750739590844633e+00 -5.815531778038809e-01 1.844801673233366e+00
3885 1.750739590844648e+00 -5.815531778038771e-01 1.844801673233379e+00
3886 1.750739590785918e+00 -5.815531778336929e-01 1.844801673187042e+00
3887 1.949716109824324e+00 -5.442757174238388e-01 2.024260103219378e+00
3888 1.963903476277363e+00 5.433465226725156e-01 2.037680619683719e+00
3889 1.982644196494168e+00 -4.982443018894280e-01 2.044290927010461e+00
3890 1.750739590785912e+00 -5.815531778336828e-01 1.844801673187033e+00
3891 1.750739590819208e+00 -5.815531778157119e-01 1.844801673212966e+00
3892 1.750739590819243e+00 -5.815531778157129e-01 1.844801673213000e+00
3893 1.750739590811315e+00 -5.815531778218475e-01 1.844801673207411e+00
3894 1.982644196494516e+00 -4.982443019016500e-01 2.044290927013777e+00
3895 1.982644196494198e+00 -4.982443018894269e-01 2.044290927010490e+00
3896 1.982644196494421e+00 -4.982443018955436e-01 2.044290927012197e+00
3897 1.982644196494522e+00 -4.982443019016434e-01 2.044290927013781e+00
3898 1.982644196494274e+00 -4.982443018955321e-01 2.044290927012051e+00
3899 1.982644196494261e+00 -4.982443018955270e-01 2.044290927012037e+00
3900 1.750739590811349e+00 -5.815531778218528e-01 1.844801673207445e+00
3901 1.963903476277401e+00 5.433465226725356e-01 2.037680619683761e+00
3902 2.014054742891504e+00 -4.616470854168703e-01 2.066285202685644e+00
3903 2.014054742850312e+00 -4.616470854266372e-01 2.066285202647676e+00
3904 2.014054742850326e+00 -4.616470854266304e-01 2.066285202647688e+00
3905 1.982644196494416e+00 -4.982443018955414e-01 2.044290927012192e+00
3906 2.014054742891505e+00 -4.616470854168609e-01 2.066285202685642e+00
3907 2.014054742869278e+00 -4.616470854230126e-01 2.066285202665352e+00
3908 2.014054742872553e+00 -4.616470854204689e-01 2.066285202667976e+00
3909 1.963903476277361e+00 5.433465226725201e-01 2.037680619683718e+00
3910 1.963903476277393e+00 5.433465226725325e-01 2.037680619683753e+00
3911 2.095353756827941e+00 1.654552969824170e-01 2.101876024306026e+00
3912 1.762665411550375e+00 -5.751866374258231e-01 1.854138350002307e+00
3913 1.910700865786358e+00 -5.435871278336302e-01 1.986520768595977e+00
3914 2.015021395836349e+00 4.679511405282942e-01 2.068644361798325e+00
3915 2.015021395850704e+00 4.679511405273499e-01 2.068644361812094e+00
3916 2.015021395865153e+00 4.679511405270343e-01 2.068644361826097e+00
3917 2.015021395850815e+00 4.679511405279676e-01 2.068644361812342e+00
3918 1.746132395113222e+00 -5.789691826734791e-01 1.839615083583910e+00
3919 1.746132395122227e+00 -5.789691826700583e-01 1.839615083591380e+00
3920 1.910700865786407e+00 -5.435871278336316e-01 1.986520768596025e+00
3921 1.910700865786351e+00 -5.435871278336191e-01 1.986520768595968e+00
3922 1.910700865786368e+00 -5.435871278336288e-01 1.986520768595987e+00
3923 2.014054742869257e+00 -4.616470854230207e-01 2.066285202665334e+00
3924 2.014054742872572e+00 -4.616470854204771e-01 2.066285202667996e+00
3925 1.933577474748671e+00 -5.414907346441757e-01 2.007967645795354e+00
3926 1.933577474686061e+00 -5.414907345704518e-01 2.007967645715182e+00
3927 1.955018533822370e+00 5.410444782209022e-01 2.028503535861423e+00
3928 1.947887729641181e+00 5.482367935429746e-01 2.023568676640592e+00
3929 1.947887729638978e+00 5.482367935567763e-01 2.023568676642210e+00
3930 1.955018533822333e+00 5.410444782208927e-01 2.028503535861385e+00
3931 1.947887729638985e+00 5.482367935567709e-01 2.023568676642216e+00
3932 1.947887729641165e+00 5.482367935429615e-01 2.023568676640572e+00
3933 1.933577474748654e+00 -5.414907346441511e-01 2.007967645795331e+00
3934 1.933577474686075e+00 -5.414907345704476e-01 2.007967645715195e+00
3935 1.955018533779613e+00 5.410444781593868e-01 2.028503535803808e+00
3936 2.055045170822418e+00 -3.756138607511137e-01 2.089089856015987e+00
3937 2.055045170831594e+00 -3.756138607661401e-01 2.089089856027715e+00
3938 1.947887729640184e+00 5.482367935498909e-01 2.023568676641506e+00
3939 1.947887729639963e+00 5.482367935498413e-01 2.023568676641279e+00
3940 1.947887729640215e+00 5.482367935499014e-01 2.023568676641539e+00
3941 1.955018533779595e+00 5.410444781593847e-01 2.028503535803790e+00
3942 1.955018533801628e+00 5.410444781885138e-01 2.028503535832795e+00
3943 1.955018533800366e+00 5.410444781917896e-01 2.028503535832451e+00
3944 1.955018533801602e+00 5.410444781885103e-01 2.028503535832768e+00
3945 1.933577474716872e+00 -5.414907346097660e-01 2.007967645755454e+00
3946 1.933577474717867e+00 -5.414907346048552e-01 2.007967645755088e+00
3947 1.929108067175760e+00 -5.430817567810676e-01 2.004094740622560e+00
3948 1.929108067199715e+00 -5.430817567489591e-01 2.004094740636919e+00
3949 2.014054742870750e+00 -4.616470854216443e-01 2.066285202666482e+00
3950 2.055045170822416e+00 -3.756138607511057e-01 2.089089856015984e+00
3951 2.055045170831583e+00 -3.756138607661394e-01 2.089089856027705e+00
3952 2.055045170826513e+00 -3.756138607571281e-01 2.089089856021097e+00
3953 2.055045170827546e+00 -3.756138607601232e-01 2.089089856022651e+00
3954 1.929108067175781e+00 -5.430817567810717e-01 2.004094740622581e+00
3955 2.014054742870762e+00 -4.616470854216507e-01 2.066285202666495e+00
3956 2.014054742871100e+00 -4.616470854218613e-01 2.066285202666871e+00
3957 2.014054742871084e+00 -4.616470854218679e-01 2.066285202666857e+00
3958 1.929108067199731e+00 -5.430817567489628e-01 2.004094740636935e+00
3959 1.907394928715870e+00 5.705959608462394e-01 1.990913148438441e+00
3960 1.907394928658963e+00 5.705959609115282e-01 1.990913148402632e+00
3961 1.907394928715898e+00 5.705959608462607e-01 1.990913148438473e+00
3962 1.907394928659005e+00 5.705959609115466e-01 1.990913148402677e+00
3963 1.907394928683143e+00 5.705959608958368e-01 1.990913148421301e+00
3964 1.907394928691729e+00 5.705959608619474e-01 1.990913148419814e+00
3965 1.907394928691748e+00 5.705959608619587e-01 1.990913148419835e+00
3966 1.907394928683160e+00 5.705959608958536e-01 1.990913148421322e+00
3967 1.929108067188403e+00 -5.430817567653936e-01 2.004094740630483e+00
3968 1.929108067186995e+00 -5.430817567646276e-01 2.004094740628920e+00
3969 1.907394928687944e+00 5.705959608796722e-01 1.990913148421267e+00
3970 2.080802993609761e+00 -2.859078651422958e-01 2.100353400160451e+00
3971 2.055045170826497e+00 -3.756138607571295e-01 2.089089856021082e+00
3972 2.055045170827539e+00 -3.756138607601235e-01 2.089089856022644e+00
3973 2.080802993811927e+00 -2.859078649073384e-01 2.100353400328752e+00
3974 2.080802993809818e+00 -2.859078649430740e-01 2.100353400331527e+00
3975 2.080802993809861e+00 -2.859078649430711e-01 2.100353400331569e+00
3976 2.055045170827005e+00 -3.756138607586177e-01 2.089089856021848e+00
3977 2.055045170827030e+00 -3.756138607586306e-01 2.089089856021876e+00
3978 2.080802993609759e+00 -2.859078651422915e-01 2.100353400160448e+00
3979 2.080802994055461e+00 -2.859078647330959e-01 2.100353400546301e+00
3980 2.080802993855438e+00 -2.859078649323414e-01 2.100353400375262e+00
3981 2.080802993811869e+00 -2.859078649073247e-01 2.100353400328693e+00
3982 1.907394928686970e+00 5.705959608781322e-01 1.990913148419892e+00
3983 2.080802994055465e+00 -2.859078647330934e-01 2.100353400546304e+00
3984 2.080802993855385e+00 -2.859078649323449e-01 2.100353400375210e+00
3985 2.080802993853311e+00 -2.859078649680363e-01 2.100353400378013e+00
3986 2.080802993853292e+00 -2.859078649680467e-01 2.100353400377996e+00
3987 2.055045170827023e+00 -3.756138607586322e-01 2.089089856021869e+00
3988 1.762665411550414e+00 -5.751866374258312e-01 1.854138350002347e+00
3989 1.762665411549868e+00 -5.751866374292329e-01 1.854138350002883e+00
3990 1.707392296211222e+00 5.646659570749817e-01 1.798342597015606e+00
3991 1.707392296206219e+00 5.646659570704547e-01 1.798342597009434e+00
3992 1.762665411549863e+00 -5.751866374292279e-01 1.854138350002877e+00
3993 1.707392296193993e+00 5.646659570798995e-01 1.798342597000793e+00
3994 1.707392296211214e+00 5.646659570749812e-01 1.798342597015598e+00
3995 1.707392296206215e+00 5.646659570704574e-01 1.798342597009432e+00
3996 1.707392296193968e+00 5.646659570798895e-01 1.798342597000765e+00
3997 2.015021395836319e+00 4.679511405282873e-01 2.068644361798294e+00
3998 2.015021395850674e+00 4.679511405273644e-01 2.068644361812068e+00
3999 1.955018533800347e+00 5.410444781917886e-01 2.028503535832434e+00
4000 2.092297951877785e+00 2.062743076622884e-01 2.102441392627517e+00
4001 2.092297951868434e+00 2.062743076385670e-01 2.102441392615883e+00
4002 2.015021395865122e+00 4.679511405270207e-01 2.068644361826064e+00
4003 2.015021395850810e+00 4.679511405279721e-01 2.068644361812338e+00
4004 1.933577474716887e+00 -5.414907346097646e-01 2.007967645755468e+00
4005 1.933577474717874e+00 -5.414907346048543e-01 2.007967645755095e+00
4006 1.947887729639943e+00 5.482367935498421e-01 2.023568676641260e+00
4007 1.929108067186997e+00 -5.430817567646308e-01 2.004094740628922e+00
4008 1.929108067188431e+00 -5.430817567653959e-01 2.004094740630511e+00
4009 2.073085600608688e+00 -1.870388881365512e-01 2.081506054069130e+00
4010 2.073085600608695e+00 -1.870388881365503e-01 2.081506054069137e+00
4011 2.073085600635246e+00 -1.870388881496685e-01 2.081506054096760e+00
4012 2.073085600673648e+00 -1.870388881655571e-01 2.081506054136434e+00
4013 2.073085600647074e+00 -1.870388881524486e-01 2.081506054108790e+00
4014 1.951064818274070e+00 -5.354769886019191e-01 2.023212675530926e+00
4015 1.951064818274004e+00 -5.354769886018995e-01 2.023212675530857e+00
4016 1.951064818238088e+00 -5.354769886255173e-01 2.023212675502473e+00
4017 1.951064818228888e+00 -5.354769886301790e-01 2.023212675494836e+00
4018 1.951064818192992e+00 -5.354769886537968e-01 2.023212675466470e+00
4019 1.951064818192937e+00 -5.354769886537761e-01 2.023212675466412e+00
4020 2.073085600647099e+00 -1.870388881524492e-01 2.081506054108815e+00
4021 2.055045170826967e+00 -3.756138607586131e-01 2.089089856021810e+00
4022 2.073085600673624e+00 -1.870388881655561e-01 2.081506054136411e+00
4023 2.070948988961505e+00 3.768716504485654e-01 2.104961271803475e+00
4024 2.070948988943035e+00 3.768716504396922e-01 2.104961271783715e+00
4025 2.070948988961468e+00 3.768716504485559e-01 2.104961271803437e+00
4026 2.070948988943013e+00 3.768716504397071e-01 2.104961271783697e+00
4027 2.070371427153219e+00 -2.946153897462593e-01 2.091228364920435e+00
4028 2.070371427158419e+00 -2.946153897408944e-01 2.091228364924828e+00
4029 2.070371427171381e+00 -2.946153897695787e-01 2.091228364941701e+00
4030 2.070371427171393e+00 -2.946153897695808e-01 2.091228364941714e+00
4031 2.070371427153237e+00 -2.946153897462624e-01 2.091228364920453e+00
4032 2.070371427158432e+00 -2.946153897408972e-01 2.091228364924841e+00
4033 2.080494231395926e+00 -2.745711421700751e-01 2.098534145298643e+00
4034 2.080494231398744e+00 -2.745711421833762e-01 2.098534145303177e+00
4035 2.070948988951668e+00 3.768716504459591e-01 2.104961271793331e+00
4036 2.070948988952793e+00 3.768716504422764e-01 2.104961271793778e+00
4037 2.090935722901535e+00 1.811939932483374e-01 2.098771893392668e+00
4038 2.070371427140253e+00 -2.946153897175727e-01 2.091228364903557e+00
4039 2.090935722901509e+00 1.811939932483528e-01 2.098771893392643e+00
4040 2.090935722894785e+00 1.811939932719032e-01 2.098771893387978e+00
4041 2.090935722894804e+00 1.811939932719178e-01 2.098771893387998e+00
4042 2.070948988952807e+00 3.768716504422980e-01 2.104961271793796e+00
4043 2.080494231395908e+00 -2.745711421700781e-01 2.098534145298625e+00
4044 2.080494231398711e+00 -2.745711421833771e-01 2.098534145303144e+00
4045 2.070371427140218e+00 -2.946153897175753e-01 2.091228364903523e+00
4046 2.080494231397392e+00 -2.745711421767358e-01 2.098534145300967e+00
4047 2.080494231397280e+00 -2.745711421767133e-01 2.098534145300853e+00
4048 2.080494231397381e+00 -2.745711421767336e-01 2.098534145300956e+00
4049 2.080494231397278e+00 -2.745711421767094e-01 2.098534145300850e+00
4050 2.090935722898465e+00 1.811939932550419e-01 2.098771893390188e+00
4051 2.090935722898518e+00 1.811939932550484e-01 2.098771893390242e+00
4052 2.070948988951693e+00 3.768716504459626e-01 2.104961271793357e+00
4053 2.070948988952219e+00 3.768716504440390e-01 2.104961271793529e+00
4054 2.090935722897871e+00 1.811939932651995e-01 2.098771893390474e+00
4055 2.070948988952319e+00 3.768716504442251e-01 2.104961271793661e+00
4056 2.090935722897881e+00 1.811939932652100e-01 2.098771893390484e+00
4057 1.907394928687973e+00 5.705959608796721e-01 1.990913148421295e+00
4058 1.907394928686986e+00 5.705959608781366e-01 1.990913148419909e+00
4059 1.707392296198939e+00 5.646659570844019e-01 1.798342597006902e+00
4060 2.073085600635240e+00 -1.870388881496683e-01 2.081506054096753e+00
4061 1.984394112266866e+00 -4.935158031513067e-01 2.044841764234945e+00
4062 1.984394112265059e+00 -4.935158031563995e-01 2.044841764234420e+00
4063 2.022025076191422e+00 4.529811865459010e-01 2.072143181373203e+00
4064 2.022025076191410e+00 4.529811865458956e-01 2.072143181373190e+00
4065 2.022025076191369e+00 4.529811865458913e-01 2.072143181373149e+00
4066 1.984394112265057e+00 -4.935158031564058e-01 2.044841764234420e+00
4067 1.984394112266885e+00 -4.935158031513168e-01 2.044841764234966e+00
4068 2.022025076191412e+00 4.529811865458955e-01 2.072143181373191e+00
4069 2.019615895440004e+00 -4.335409180102392e-01 2.065624867371395e+00
4070 2.019615895441973e+00 -4.335409180215073e-01 2.065624867375685e+00
4071 2.019615895439974e+00 -4.335409180102370e-01 2.065624867371365e+00
4072 2.019615895441990e+00 -4.335409180215134e-01 2.065624867375703e+00
4073 2.019615895440920e+00 -4.335409180158752e-01 2.065624867373473e+00
4074 2.019615895441027e+00 -4.335409180158772e-01 2.065624867373578e+00
4075 2.070948988952181e+00 3.768716504440308e-01 2.104961271793490e+00
4076 2.070948988952289e+00 3.768716504442175e-01 2.104961271793631e+00
4077 2.053721310753235e+00 -3.576877476688454e-01 2.084637078024470e+00
4078 2.079912055905894e+00 -2.904550072025682e-01 2.100094824409538e+00
4079 2.079912055915584e+00 -2.904550072184581e-01 2.100094824421332e+00
4080 2.079912055915621e+00 -2.904550072184633e-01 2.100094824421370e+00
4081 1.951064818228893e+00 -5.354769886301798e-01 2.023212675494841e+00
4082 2.053721310750495e+00 -3.576877476575353e-01 2.084637078019829e+00
4083 2.053721310753180e+00 -3.576877476688355e-01 2.084637078024414e+00
4084 2.053721310750489e+00 -3.576877476575402e-01 2.084637078019825e+00
4085 2.079912055905942e+00 -2.904550072025778e-01 2.100094824409587e+00
4086 2.079912055910767e+00 -2.904550072091356e-01 2.100094824415272e+00
4087 1.951064818238122e+00 -5.354769886255133e-01 2.023212675502505e+00
4088 1.951064818234026e+00 -5.354769886277406e-01 2.023212675499145e+00
4089 2.092297951877763e+00 2.062743076622966e-01 2.102441392627495e+00
4090 2.092297951868431e+00 2.062743076385681e-01 2.102441392615881e+00
4091 2.092297951870778e+00 2.062743076500220e-01 2.102441392619339e+00
4092 2.092297951875417e+00 2.062743076508318e-01 2.102441392624035e+00
4093 1.951064818233966e+00 -5.354769886277333e-01 2.023212675499085e+00
4094 1.951064818233045e+00 -5.354769886279641e-01 2.023212675498257e+00
4095 2.053721310751915e+00 -3.576877476631836e-01 2.084637078022198e+00
4096 2.053721310751801e+00 -3.576877476631784e-01 2.084637078022084e+00
4097 2.092297951870742e+00 2.062743076500180e-01 2.102441392619303e+00
4098 2.092297951873150e+00 2.062743076504294e-01 2.102441392621741e+00
4099 2.092297951872987e+00 2.062743076504181e-01 2.102441392621577e+00
4100 2.092297951875397e+00 2.062743076508334e-01 2.102441392624016e+00
4101 2.079912055910692e+00 -2.904550072118821e-01 2.100094824415578e+00
4102 1.951064818232987e+00 -5.354769886279501e-01 2.023212675498199e+00
4103 2.079912055910824e+00 -2.904550072091552e-01 2.100094824415331e+00
4104 1.949716109822817e+00 5.442757174262004e-01 2.024260103218562e+00
4105 1.949716109825720e+00 5.442757174215287e-01 2.024260103220102e+00
4106 1.949716109824954e+00 5.442757174241464e-01 2.024260103220068e+00
4107 2.079912055910726e+00 -2.904550072118952e-01 2.100094824415613e+00
4108 1.949716109823633e+00 5.442757174235410e-01 2.024260103218633e+00
4109 2.079912055910787e+00 -2.904550072105302e-01 2.100094824415485e+00
4110 2.079912055910731e+00 -2.904550072104948e-01 2.100094824415425e+00
4111 1.949716109824309e+00 5.442757174238460e-01 2.024260103219366e+00
4112 1.949716109824231e+00 5.442757174239399e-01 2.024260103219317e+00
4113 1.949716109824271e+00 5.442757174238317e-01 2.024260103219326e+00
4114 1.949716109824210e+00 5.442757174238763e-01 2.024260103219279e+00
4115 1.984380600366725e+00 5.050603443778980e-01 2.047645554917873e+00
4116 1.984380600368888e+00 5.050603443575232e-01 2.047645554914944e+00
4117 1.984380600367159e+00 5.050603443713797e-01 2.047645554916686e+00
4118 1.984380600368454e+00 5.050603443640515e-01 2.047645554916134e+00
4119 1.984380600367140e+00 5.050603443713594e-01 2.047645554916663e+00
4120 1.984380600368847e+00 5.050603443575158e-01 2.047645554914902e+00
4121 1.984380600367789e+00 5.050603443677094e-01 2.047645554916391e+00
4122 1.984380600367813e+00 5.050603443677119e-01 2.047645554916415e+00
4123 1.984380600367803e+00 5.050603443677105e-01 2.047645554916405e+00
4124 1.984380600366668e+00 5.050603443778825e-01 2.047645554917814e+00
4125 1.984380600368497e+00 5.050603443640562e-01 2.047645554916176e+00
4126 1.984380600367815e+00 5.050603443677177e-01 2.047645554916418e+00
4127 1.707392296198953e+00 5.646659570844105e-01 1.798342597006918e+00
4128 1.714428661023592e+00 -5.549623133177780e-01 1.802012431406112e+00
4129 1.691166329338598e+00 5.515074744282424e-01 1.778820971272490e+00
4130 1.691166329337775e+00 5.515074744344531e-01 1.778820971273633e+00
4131 1.691166329361536e+00 5.515074744418250e-01 1.778820971298509e+00
4132 2.090935722898140e+00 1.811939932601125e-01 2.098771893390302e+00
4133 2.090935722898167e+00 1.811939932601269e-01 2.098771893390330e+00
4134 1.982644196494497e+00 4.982443019016385e-01 2.044290927013756e+00
4135 1.691166329360708e+00 5.515074744480264e-01 1.778820971299645e+00
4136 1.691166329338618e+00 5.515074744282464e-01 1.778820971272510e+00
4137 1.691166329337790e+00 5.515074744344584e-01 1.778820971273649e+00
4138 1.691166329360725e+00 5.515074744480357e-01 1.778820971299664e+00
4139 2.092297951873191e+00 2.062743076504394e-01 2.102441392621782e+00
4140 2.092297951872988e+00 2.062743076504154e-01 2.102441392621578e+00
4141 2.053721310751796e+00 -3.576877476631785e-01 2.084637078022079e+00
4142 2.053721310751902e+00 -3.576877476631841e-01 2.084637078022185e+00
4143 1.984394112266582e+00 -4.935158031533162e-01 2.044841764235155e+00
4144 1.984394112265341e+00 -4.935158031543992e-01 2.044841764234211e+00
4145 1.984394112265323e+00 -4.935158031543829e-01 2.044841764234190e+00
4146 2.079912055910687e+00 -2.904550072104861e-01 2.100094824415380e+00
4147 1.984394112265902e+00 -4.935158031538467e-01 2.044841764234623e+00
4148 1.984394112266553e+00 -4.935158031533096e-01 2.044841764235125e+00
4149 1.984394112265973e+00 -4.935158031538527e-01 2.044841764234693e+00
4150 2.021878517110601e+00 -4.373339196024162e-01 2.068635708670856e+00
4151 2.021878517110111e+00 -4.373339195894652e-01 2.068635708667639e+00
4152 2.021878517109969e+00 -4.373339195835972e-01 2.068635708666260e+00
4153 2.021878517109990e+00 -4.373339195836103e-01 2.068635708666283e+00
4154 2.021878517110629e+00 -4.373339196024365e-01 2.068635708670888e+00
4155 2.021878517110128e+00 -4.373339195894645e-01 2.068635708667655e+00
4156 2.021878517110301e+00 -4.373339195930195e-01 2.068635708668576e+00
4157 2.021878517110351e+00 -4.373339195930250e-01 2.068635708668626e+00
4158 2.021878517110455e+00 -4.373339195965701e-01 2.068635708669477e+00
4159 1.984394112265948e+00 -4.935158031538636e-01 2.044841764234671e+00
4160 2.021878517110468e+00 -4.373339195965636e-01 2.068635708669488e+00
4161 2.021878517110296e+00 -4.373339195930179e-01 2.068635708668572e+00
4162 2.080255138071381e+00 -2.609707904057061e-01 2.096560801149673e+00
4163 2.080255138070220e+00 -2.609707904115481e-01 2.096560801149248e+00
4164 2.080255138071385e+00 -2.609707904057057e-01 2.096560801149677e+00
4165 2.080255138070951e+00 -2.609707904094174e-01 2.096560801149708e+00
4166 2.080255138070639e+00 -2.609707904078252e-01 2.096560801149200e+00
4167 2.080255138070251e+00 -2.609707904115482e-01 2.096560801149279e+00
4168 2.080255138070765e+00 -2.609707904086138e-01 2.096560801149424e+00
4169 2.080255138070981e+00 -2.609707904094181e-01 2.096560801149738e+00
4170 2.080255138070655e+00 -2.609707904078229e-01 2.096560801149216e+00
4171 2.080255138070805e+00 -2.609707904086343e-01 2.096560801149466e+00
4172 2.080255138070790e+00 -2.609707904086168e-01 2.096560801149449e+00
4173 2.080255138070823e+00 -2.609707904086301e-01 2.096560801149483e+00
4174 2.027644933570381e+00 -4.222458184793534e-01 2.071143526619276e+00
4175 2.027644933569695e+00 -4.222458184670882e-01 2.071143526616105e+00
4176 2.027644933571036e+00 -4.222458184742851e-01 2.071143526618884e+00
4177 2.027644933569759e+00 -4.222458184670992e-01 2.071143526616170e+00
4178 2.027644933570366e+00 -4.222458184793574e-01 2.071143526619263e+00
4179 2.027644933571038e+00 -4.222458184742963e-01 2.071143526618889e+00
4180 2.027644933569138e+00 -4.222458184721629e-01 2.071143526616593e+00
4181 2.080381367481225e+00 -2.723310018114065e-01 2.098130312614223e+00
4182 2.080381367479827e+00 -2.723310018170667e-01 2.098130312613571e+00
4183 2.080381367480536e+00 -2.723310018306052e-01 2.098130312616031e+00
4184 2.080381367481890e+00 -2.723310018249415e-01 2.098130312616639e+00
4185 2.027644933570038e+00 -4.222458184732575e-01 2.071143526617698e+00
4186 2.027644933570086e+00 -4.222458184731874e-01 2.071143526617731e+00
4187 2.027644933570093e+00 -4.222458184731906e-01 2.071143526617738e+00
4188 2.027644933570038e+00 -4.222458184732674e-01 2.071143526617699e+00
4189 2.080381367480835e+00 -2.723310018209956e-01 2.098130312615080e+00
4190 2.027644933569154e+00 -4.222458184721669e-01 2.071143526616610e+00
4191 2.080381367481208e+00 -2.723310018114057e-01 2.098130312614205e+00
4192 2.080381367481894e+00 -2.723310018249442e-01 2.098130312616644e+00
4193 2.080381367480863e+00 -2.723310018210042e-01 2.098130312615110e+00
4194 2.080381367480487e+00 -2.723310018305978e-01 2.098130312615981e+00
4195 2.080381367479814e+00 -2.723310018170727e-01 2.098130312613559e+00
4196 2.082559841167054e+00 2.902147409504630e-01 2.102684019986524e+00
4197 2.090935722898131e+00 1.811939932601076e-01 2.098771893390293e+00
4198 1.691166329361562e+00 5.515074744418254e-01 1.778820971298534e+00
4199 1.691166329349643e+00 5.515074744381351e-01 1.778820971286059e+00
4200 2.056370586137011e+00 3.740349433375258e-01 2.090110553623176e+00
4201 2.056370586137004e+00 3.740349433375177e-01 2.090110553623168e+00
4202 1.691166329349698e+00 5.515074744381487e-01 1.778820971286115e+00
4203 2.056370586137016e+00 3.740349433375303e-01 2.090110553623182e+00
4204 1.691166329349681e+00 5.515074744381480e-01 1.778820971286099e+00
4205 1.691166329349727e+00 5.515074744381608e-01 1.778820971286146e+00
4206 1.949716109822799e+00 5.442757174261885e-01 2.024260103218542e+00
4207 1.949716109825705e+00 5.442757174215278e-01 2.024260103220088e+00
4208 1.949716109824933e+00 5.442757174241666e-01 2.024260103220053e+00
4209 1.949716109823627e+00 5.442757174235727e-01 2.024260103218636e+00
4210 1.982644196494160e+00 4.982443018894231e-01 2.044290927010452e+00
4211 1.982644196494270e+00 4.982443018955232e-01 2.044290927012045e+00
4212 1.982644196494417e+00 4.982443018955369e-01 2.044290927012191e+00
4213 1.982644196494397e+00 4.982443018955360e-01 2.044290927012171e+00
4214 1.982644196494504e+00 4.982443019016357e-01 2.044290927013762e+00
4215 1.982644196494159e+00 4.982443018894231e-01 2.044290927010451e+00
4216 2.036423605564583e+00 4.159005249206127e-01 2.078459609405459e+00
4217 2.036423605564571e+00 4.159005249206056e-01 2.078459609405446e+00
4218 2.036423605564309e+00 4.159005249033234e-01 2.078459609401732e+00
4219 2.036423605564309e+00 4.159005249033185e-01 2.078459609401730e+00
4220 2.036423605564722e+00 4.159005249025483e-01 2.078459609401981e+00
4221 2.036423605564708e+00 4.159005249025473e-01 2.078459609401968e+00
4222 2.036423605564449e+00 4.159005248852749e-01 2.078459609398258e+00
4223 2.036423605564449e+00 4.159005248852760e-01 2.078459609398258e+00
4224 2.055379975349316e+00 -3.586667967039603e-01 2.086439242854878e+00
4225 2.055379975347791e+00 -3.586667966858810e-01 2.086439242850267e+00
4226 2.055379975349347e+00 -3.586667967039654e-01 2.086439242854909e+00
4227 2.055379975349355e+00 -3.586667966984070e-01 2.086439242853962e+00
4228 2.055379975347730e+00 -3.586667966914284e-01 2.086439242851161e+00
4229 2.055379975347706e+00 -3.586667966914239e-01 2.086439242851136e+00
4230 2.055379975349313e+00 -3.586667966983940e-01 2.086439242853918e+00
4231 2.055379975347762e+00 -3.586667966858715e-01 2.086439242850237e+00
4232 2.021552523830993e+00 4.558689022007984e-01 2.072315386856262e+00
4233 2.021552523835598e+00 4.558689022109627e-01 2.072315386862990e+00
4234 2.021552523839166e+00 4.558689022178762e-01 2.072315386867991e+00
4235 2.021552523830985e+00 4.558689022007916e-01 2.072315386856253e+00
4236 2.021552523835045e+00 4.558689022093226e-01 2.072315386862090e+00
4237 2.021552523835082e+00 4.558689022093368e-01 2.072315386862129e+00
4238 2.021552523834536e+00 4.558689022077032e-01 2.072315386861237e+00
4239 2.021552523839150e+00 4.558689022178699e-01 2.072315386867975e+00
4240 2.021552523835600e+00 4.558689022109586e-01 2.072315386862991e+00
4241 2.021552523834528e+00 4.558689022077020e-01 2.072315386861229e+00
4242 2.055379975348557e+00 -3.586667966949126e-01 2.086439242852575e+00
4243 2.055379975348528e+00 -3.586667966949130e-01 2.086439242852546e+00
4244 2.080381367480863e+00 -2.723310018210033e-01 2.098130312615109e+00
4245 2.080381367480829e+00 -2.723310018209999e-01 2.098130312615075e+00
4246 1.714428661023593e+00 -5.549623133177775e-01 1.802012431406113e+00
4247 1.714428661022764e+00 -5.549623133168584e-01 1.802012431405041e+00
4248 1.714428661022771e+00 -5.549623133168685e-01 1.802012431405051e+00
4249 2.090935722898196e+00 1.811939932601256e-01 2.098771893390359e+00
4250 2.082559841167150e+00 2.902147409504754e-01 2.102684019986620e+00
4251 2.019615895440917e+00 -4.335409180158756e-01 2.065624867373470e+00
4252 2.019615895441057e+00 -4.335409180158798e-01 2.065624867373608e+00
4253 2.079912055910738e+00 -2.904550072105305e-01 2.100094824415437e+00
4254 2.082559841167106e+00 2.902147409504610e-01 2.102684019986576e+00
4255 1.984394112265989e+00 -4.935158031538493e-01 2.044841764234708e+00
4256 2.021878517110319e+00 -4.373339195930219e-01 2.068635708668594e+00
4257 1.982644196494220e+00 4.982443018955111e-01 2.044290927011994e+00
4258 1.933577474686058e+00 5.414907345704447e-01 2.007967645715178e+00
4259 1.933577474748635e+00 5.414907346441573e-01 2.007967645795314e+00
4260 1.933577474748673e+00 5.414907346441797e-01 2.007967645795357e+00
4261 1.933577474686075e+00 5.414907345704456e-01 2.007967645715194e+00
4262 2.014054742850326e+00 4.616470854266483e-01 2.066285202647692e+00
4263 2.014054742891516e+00 4.616470854168822e-01 2.066285202685658e+00
4264 2.014054742872594e+00 4.616470854204848e-01 2.066285202668020e+00
4265 2.014054742891504e+00 4.616470854168636e-01 2.066285202685643e+00
4266 2.014054742850289e+00 4.616470854266275e-01 2.066285202647651e+00
4267 1.933577474716877e+00 5.414907346097548e-01 2.007967645755456e+00
4268 1.933577474717858e+00 5.414907346048481e-01 2.007967645755077e+00
4269 1.933577474717892e+00 5.414907346048519e-01 2.007967645755111e+00
4270 2.014054742872553e+00 4.616470854204826e-01 2.066285202667979e+00
4271 2.014054742869302e+00 4.616470854230120e-01 2.066285202665376e+00
4272 2.014054742869243e+00 4.616470854230117e-01 2.066285202665318e+00
4273 2.014054742870746e+00 4.616470854216371e-01 2.066285202666476e+00
4274 2.014054742871091e+00 4.616470854218664e-01 2.066285202666863e+00
4275 2.014054742871080e+00 4.616470854218657e-01 2.066285202666853e+00
4276 2.014054742870761e+00 4.616470854216380e-01 2.066285202666490e+00
4277 2.021552523835080e+00 4.558689022093296e-01 2.072315386862126e+00
4278 2.055379975348561e+00 -3.586667966949136e-01 2.086439242852578e+00
4279 2.055379975348601e+00 -3.586667966949157e-01 2.086439242852618e+00
4280 2.054299107424358e+00 -3.488887766545861e-01 2.083715000003611e+00
4281 2.054299107425095e+00 -3.488887766492229e-01 2.083715000003440e+00
4282 1.910700865786392e+00 5.435871278336341e-01 1.986520768596012e+00
4283 1.910700865786382e+00 5.435871278336238e-01 1.986520768595998e+00
4284 1.910700865786358e+00 5.435871278336244e-01 1.986520768595976e+00
4285 2.073085600635256e+00 1.870388881496678e-01 2.081506054096770e+00
4286 2.073085600673642e+00 1.870388881655551e-01 2.081506054136428e+00
4287 2.073085600647080e+00 1.870388881524482e-01 2.081506054108796e+00
4288 2.073085600635264e+00 1.870388881496682e-01 2.081506054096778e+00
4289 2.073085600673649e+00 1.870388881655501e-01 2.081506054136434e+00
4290 1.933577474716870e+00 5.414907346097609e-01 2.007967645755450e+00
4291 2.021552523835072e+00 4.558689022093409e-01 2.072315386862120e+00
4292 2.056370586136976e+00 3.740349433375312e-01 2.090110553623143e+00
4293 2.073085600608700e+00 1.870388881365522e-01 2.081506054069142e+00
4294 1.929108067199707e+00 5.430817567489643e-01 2.004094740636912e+00
4295 1.929108067175756e+00 5.430817567810737e-01 2.004094740622558e+00
4296 1.951064818274049e+00 5.354769886019062e-01 2.023212675530903e+00
4297 1.951064818274017e+00 5.354769886019026e-01 2.023212675530871e+00
4298 1.951064818238134e+00 5.354769886255134e-01 2.023212675502516e+00
4299 1.951064818192965e+00 5.354769886537840e-01 2.023212675466441e+00
4300 1.951064818192941e+00 5.354769886537751e-01 2.023212675466415e+00
4301 1.951064818238122e+00 5.354769886255070e-01 2.023212675502503e+00
4302 1.951064818233008e+00 5.354769886279388e-01 2.023212675498215e+00
4303 1.951064818228875e+00 5.354769886301709e-01 2.023212675494821e+00
4304 1.951064818228887e+00 5.354769886301726e-01 2.023212675494833e+00
4305 1.951064818233967e+00 5.354769886277320e-01 2.023212675499086e+00
4306 2.073085600608711e+00 1.870388881365536e-01 2.081506054069153e+00
4307 2.082559841167108e+00 2.902147409504616e-01 2.102684019986577e+00
4308 1.929108067199753e+00 5.430817567489750e-01 2.004094740636959e+00
4309 1.929108067175763e+00 5.430817567810632e-01 2.004094740622562e+00
4310 1.929108067186987e+00 5.430817567646229e-01 2.004094740628911e+00
4311 1.929108067188453e+00 5.430817567654019e-01 2.004094740630533e+00
4312 1.929108067187048e+00 5.430817567646340e-01 2.004094740628972e+00
4313 2.080494231395917e+00 2.745711421700752e-01 2.098534145298634e+00
4314 2.080494231398715e+00 2.745711421833745e-01 2.098534145303148e+00
4315 2.080494231397228e+00 2.745711421767075e-01 2.098534145300801e+00
4316 2.080494231397349e+00 2.745711421767308e-01 2.098534145300924e+00
4317 2.020955657929314e+00 -4.272930404480666e-01 2.065633344456818e+00
4318 2.020955657930321e+00 -4.272930404428307e-01 2.065633344456720e+00
4319 2.020955657929285e+00 -4.272930404480677e-01 2.065633344456790e+00
4320 2.020955657929389e+00 -4.272930404462359e-01 2.065633344456512e+00
4321 2.020955657930323e+00 -4.272930404428365e-01 2.065633344456724e+00
4322 2.020955657929429e+00 -4.272930404462230e-01 2.065633344456549e+00
4323 2.020955657929828e+00 -4.272930404454429e-01 2.065633344456778e+00
4324 2.020955657929817e+00 -4.272930404454623e-01 2.065633344456772e+00
4325 2.020955657930239e+00 -4.272930404446850e-01 2.065633344457024e+00
4326 2.020955657930224e+00 -4.272930404446766e-01 2.065633344457007e+00
4327 2.080494231395891e+00 2.745711421700712e-01 2.098534145298608e+00
4328 2.080494231398735e+00 2.745711421833713e-01 2.098534145303168e+00
4329 2.080494231397238e+00 2.745711421767111e-01 2.098534145300811e+00
4330 2.080494231397354e+00 2.745711421767312e-01 2.098534145300929e+00
4331 2.070371427153198e+00 2.946153897462582e-01 2.091228364920415e+00
4332 2.070371427171398e+00 2.946153897695862e-01 2.091228364941719e+00
4333 2.070371427171402e+00 2.946153897695821e-01 2.091228364941723e+00
4334 2.070371427140199e+00 2.946153897175658e-01 2.091228364903502e+00
4335 2.070371427158403e+00 2.946153897409017e-01 2.091228364924812e+00
4336 2.070371427158419e+00 2.946153897408940e-01 2.091228364924827e+00
4337 2.070371427140202e+00 2.946153897175670e-01 2.091228364903505e+00
4338 2.080802993609741e+00 2.859078651422937e-01 2.100353400160431e+00
4339 2.080802994055444e+00 2.859078647330953e-01 2.100353400546284e+00
4340 2.080802993853272e+00 2.859078649680371e-01 2.100353400377975e+00
4341 2.080802993855393e+00 2.859078649323376e-01 2.100353400375217e+00
4342 2.080802993809794e+00 2.859078649430620e-01 2.100353400331501e+00
4343 2.055045170822409e+00 3.756138607511121e-01 2.089089856015978e+00
4344 2.055045170822410e+00 3.756138607511217e-01 2.089089856015980e+00
4345 2.055045170827508e+00 3.756138607601203e-01 2.089089856022614e+00
4346 2.055045170831579e+00 3.756138607661417e-01 2.089089856027701e+00
4347 2.055045170831608e+00 3.756138607661370e-01 2.089089856027728e+00
4348 2.055045170827519e+00 3.756138607601176e-01 2.089089856022624e+00
4349 2.055045170827011e+00 3.756138607586340e-01 2.089089856021857e+00
4350 2.055045170826981e+00 3.756138607586268e-01 2.089089856021827e+00
4351 2.055045170826480e+00 3.756138607571238e-01 2.089089856021064e+00
4352 2.055045170826482e+00 3.756138607571274e-01 2.089089856021066e+00
4353 2.080802993609751e+00 2.859078651422943e-01 2.100353400160441e+00
4354 2.080802994055467e+00 2.859078647330991e-01 2.100353400546307e+00
4355 2.080802993853293e+00 2.859078649680251e-01 2.100353400377994e+00
4356 2.080802993811920e+00 2.859078649073507e-01 2.100353400328747e+00
4357 2.080802993809824e+00 2.859078649430509e-01 2.100353400331530e+00
4358 2.080802993855389e+00 2.859078649323422e-01 2.100353400375213e+00
4359 2.080802993811942e+00 2.859078649073443e-01 2.100353400328768e+00
4360 2.055045170826951e+00 3.756138607586114e-01 2.089089856021794e+00
4361 2.055045170826987e+00 3.756138607586303e-01 2.089089856021833e+00
4362 1.947187745945180e+00 -5.051164605710770e-01 2.011636835191412e+00
4363 1.767220777230423e+00 -5.724743918518396e-01 1.857631880863653e+00
4364 1.767220777223009e+00 -5.724743918518149e-01 1.857631880856593e+00
4365 1.767220777325465e+00 -5.724743917618919e-01 1.857631880926350e+00
4366 1.767220777332885e+00 -5.724743917619196e-01 1.857631880933417e+00
4367 1.767220777325487e+00 -5.724743917619001e-01 1.857631880926374e+00
4368 1.767220777223006e+00 -5.724743918518097e-01 1.857631880856588e+00
4369 1.947187745945198e+00 -5.051164605710712e-01 2.011636835191429e+00
4370 1.767220777230445e+00 -5.724743918518476e-01 1.857631880863676e+00
4371 2.054373756017559e+00 -1.805957525816618e-01 2.062296379103699e+00
4372 1.947187745945182e+00 -5.051164605710752e-01 2.011636835191414e+00
4373 1.767220777332918e+00 -5.724743917619337e-01 1.857631880933453e+00
4374 1.910700865786370e+00 5.435871278336323e-01 1.986520768595989e+00
4375 2.073085600647015e+00 1.870388881524545e-01 2.081506054108731e+00
4376 2.054299107424353e+00 -3.488887766545823e-01 2.083715000003606e+00
4377 2.054299107425097e+00 -3.488887766492188e-01 2.083715000003441e+00
4378 2.054299107424605e+00 -3.488887766526976e-01 2.083715000003538e+00
4379 2.054299107424892e+00 -3.488887766511191e-01 2.083715000003557e+00
4380 2.054299107424603e+00 -3.488887766527025e-01 2.083715000003537e+00
4381 2.054299107424865e+00 -3.488887766511122e-01 2.083715000003529e+00
4382 2.054299107424735e+00 -3.488887766518988e-01 2.083715000003533e+00
4383 2.054299107424712e+00 -3.488887766519064e-01 2.083715000003511e+00
4384 1.951064818233006e+00 5.354769886279502e-01 2.023212675498216e+00
4385 1.929108067188441e+00 5.430817567654002e-01 2.004094740630521e+00
4386 1.750739590785909e+00 5.815531778336955e-01 1.844801673187034e+00
4387 1.750739590844624e+00 5.815531778038834e-01 1.844801673233358e+00
4388 2.070371427153207e+00 2.946153897462591e-01 2.091228364920423e+00
4389 1.746132395083129e+00 5.789691826947336e-01 1.839615083562035e+00
4390 1.750739590785920e+00 5.815531778336920e-01 1.844801673187044e+00
4391 1.750739590844616e+00 5.815531778038763e-01 1.844801673233348e+00
4392 1.750739590811343e+00 5.815531778218537e-01 1.844801673207438e+00
4393 1.750739590819223e+00 5.815531778157133e-01 1.844801673212981e+00
4394 1.746132395152326e+00 5.789691826488024e-01 1.839615083613259e+00
4395 1.750739590811354e+00 5.815531778218620e-01 1.844801673207452e+00
4396 1.746132395152341e+00 5.789691826488130e-01 1.839615083613277e+00
4397 1.746132395113227e+00 5.789691826734769e-01 1.839615083583913e+00
4398 1.746132395122237e+00 5.789691826700603e-01 1.839615083591391e+00
4399 1.746132395113219e+00 5.789691826734822e-01 1.839615083583907e+00
4400 1.984394112265040e+00 4.935158031563955e-01 2.044841764234401e+00
4401 1.984394112266870e+00 4.935158031513109e-01 2.044841764234950e+00
4402 1.984394112266570e+00 4.935158031533091e-01 2.044841764235141e+00
4403 1.984394112265070e+00 4.935158031564014e-01 2.044841764234432e+00
4404 1.984394112265330e+00 4.935158031544056e-01 2.044841764234202e+00
4405 1.984394112266868e+00 4.935158031513052e-01 2.044841764234946e+00
4406 1.984394112266596e+00 4.935158031533209e-01 2.044841764235169e+00
4407 1.984394112265349e+00 4.935158031543987e-01 2.044841764234219e+00
4408 1.746132395122226e+00 5.789691826700615e-01 1.839615083591380e+00
4409 1.750739590819220e+00 5.815531778157137e-01 1.844801673212978e+00
4410 1.984394112265932e+00 4.935158031538622e-01 2.044841764234655e+00
4411 1.984394112266001e+00 4.935158031538456e-01 2.044841764234719e+00
4412 2.079912055915616e+00 2.904550072184617e-01 2.100094824421365e+00
4413 2.079912055905935e+00 2.904550072025772e-01 2.100094824409580e+00
4414 2.079912055915582e+00 2.904550072184648e-01 2.100094824421331e+00
4415 2.079912055905869e+00 2.904550072025686e-01 2.100094824409513e+00
4416 2.079912055910772e+00 2.904550072091421e-01 2.100094824415278e+00
4417 2.079912055910796e+00 2.904550072091419e-01 2.100094824415302e+00
4418 2.079912055910689e+00 2.904550072118813e-01 2.100094824415575e+00
4419 2.079912055910722e+00 2.904550072118853e-01 2.100094824415608e+00
4420 2.079912055910743e+00 2.904550072105019e-01 2.100094824415438e+00
4421 2.079912055910758e+00 2.904550072105448e-01 2.100094824415458e+00
4422 2.079912055910773e+00 2.904550072105402e-01 2.100094824415472e+00
4423 1.752696831310522e+00 -5.669709583898581e-01 1.842118956566990e+00
4424 1.989093941400073e+00 -4.524764863265942e-01 2.039909232880948e+00
4425 1.989093941400054e+00 -4.524764863265707e-01 2.039909232880924e+00
4426 1.989093941375942e+00 -4.524764863223389e-01 2.039909232856474e+00
4427 1.989093941351605e+00 -4.524764863175883e-01 2.039909232831690e+00
4428 1.989093941351584e+00 -4.524764863175813e-01 2.039909232831668e+00
4429 1.754477981686977e+00 -5.785580151867840e-01 1.847409636534702e+00
4430 1.754477981546494e+00 -5.785580154264188e-01 1.847409636476333e+00
4431 1.754477981546521e+00 -5.785580154264369e-01 1.847409636476364e+00
4432 1.754477981686970e+00 -5.785580151867872e-01 1.847409636534697e+00
4433 1.754477981715298e+00 -5.785580151930455e-01 1.847409636563559e+00
4434 1.754477981715306e+00 -5.785580151930574e-01 1.847409636563571e+00
4435 1.754477981574821e+00 -5.785580154326940e-01 1.847409636505201e+00
4436 1.754477981574822e+00 -5.785580154326933e-01 1.847409636505200e+00
4437 1.964820270227890e+00 -4.951326121813637e-01 2.026246529409474e+00
4438 1.964820270243344e+00 -4.951326120254025e-01 2.026246529386349e+00
4439 1.964820270259799e+00 -4.951326119934903e-01 2.026246529394507e+00
4440 1.964820270227856e+00 -4.951326121813628e-01 2.026246529409441e+00
4441 1.964820270211418e+00 -4.951326122132771e-01 2.026246529401300e+00
4442 1.964820270233325e+00 -4.951326121005222e-01 2.026246529394990e+00
4443 1.964820270237863e+00 -4.951326121062291e-01 2.026246529400785e+00
4444 1.964820270237868e+00 -4.951326121062355e-01 2.026246529400792e+00
4445 1.964820270233333e+00 -4.951326121005339e-01 2.026246529395001e+00
4446 1.964820270211417e+00 -4.951326122132843e-01 2.026246529401301e+00
4447 2.019615895439987e+00 4.335409180102370e-01 2.065624867371378e+00
4448 2.019615895441978e+00 4.335409180215073e-01 2.065624867375690e+00
4449 2.019615895439998e+00 4.335409180102462e-01 2.065624867371390e+00
4450 2.019615895441947e+00 4.335409180215080e-01 2.065624867375659e+00
4451 2.019615895441063e+00 4.335409180158774e-01 2.065624867373614e+00
4452 2.019615895440950e+00 4.335409180158774e-01 2.065624867373502e+00
4453 2.019615895441046e+00 4.335409180158745e-01 2.065624867373595e+00
4454 2.019615895440917e+00 4.335409180158756e-01 2.065624867373470e+00
4455 2.053721310750504e+00 3.576877476575255e-01 2.084637078019836e+00
4456 2.053721310751908e+00 3.576877476631786e-01 2.084637078022189e+00
4457 2.053721310751801e+00 3.576877476631785e-01 2.084637078022084e+00
4458 2.053721310753240e+00 3.576877476688328e-01 2.084637078024473e+00
4459 2.021878517110617e+00 4.373339196024235e-01 2.068635708670873e+00
4460 2.021878517110466e+00 4.373339195965693e-01 2.068635708669488e+00
4461 2.021878517110134e+00 4.373339195894688e-01 2.068635708667662e+00
4462 2.021878517110344e+00 4.373339195930260e-01 2.068635708668620e+00
4463 2.021878517110297e+00 4.373339195930140e-01 2.068635708668572e+00
4464 2.021878517110119e+00 4.373339195894612e-01 2.068635708667646e+00
4465 2.021878517110002e+00 4.373339195836129e-01 2.068635708666295e+00
4466 2.021878517109983e+00 4.373339195836066e-01 2.068635708666276e+00
4467 2.053721310750470e+00 3.576877476575206e-01 2.084637078019802e+00
4468 2.053721310753209e+00 3.576877476688284e-01 2.084637078024441e+00
4469 2.079912055910740e+00 2.904550072105000e-01 2.100094824415434e+00
4470 2.053721310751798e+00 3.576877476631823e-01 2.084637078022082e+00
4471 2.053721310751899e+00 3.576877476631842e-01 2.084637078022182e+00
4472 2.080381367481217e+00 2.723310018114056e-01 2.098130312614215e+00
4473 2.080381367480522e+00 2.723310018306025e-01 2.098130312616018e+00
4474 2.080381367479815e+00 2.723310018170617e-01 2.098130312613558e+00
4475 2.080381367481908e+00 2.723310018249328e-01 2.098130312616656e+00
4476 2.080381367480498e+00 2.723310018305989e-01 2.098130312615992e+00
4477 2.080381367479827e+00 2.723310018170719e-01 2.098130312613572e+00
4478 2.080381367481889e+00 2.723310018249368e-01 2.098130312616637e+00
4479 2.080255138071379e+00 2.609707904057030e-01 2.096560801149670e+00
4480 2.080255138070224e+00 2.609707904115405e-01 2.096560801149252e+00
4481 2.080255138070622e+00 2.609707904078222e-01 2.096560801149183e+00
4482 2.080381367481205e+00 2.723310018114031e-01 2.098130312614202e+00
4483 2.080255138070974e+00 2.609707904094257e-01 2.096560801149732e+00
4484 2.080381367480869e+00 2.723310018209901e-01 2.098130312615115e+00
4485 2.080381367480853e+00 2.723310018209971e-01 2.098130312615099e+00
4486 2.080255138070223e+00 2.609707904115450e-01 2.096560801149251e+00
4487 2.080255138071373e+00 2.609707904057038e-01 2.096560801149665e+00
4488 2.080255138070959e+00 2.609707904094375e-01 2.096560801149719e+00
4489 2.080255138070639e+00 2.609707904078173e-01 2.096560801149200e+00
4490 2.055379975349283e+00 3.586667967039507e-01 2.086439242854844e+00
4491 2.055379975347768e+00 3.586667966858746e-01 2.086439242850244e+00
4492 2.055379975349300e+00 3.586667967039513e-01 2.086439242854860e+00
4493 2.055379975347770e+00 3.586667966858708e-01 2.086439242850245e+00
4494 2.055379975347722e+00 3.586667966914219e-01 2.086439242851152e+00
4495 2.055379975349344e+00 3.586667966984020e-01 2.086439242853950e+00
4496 2.055379975349365e+00 3.586667966983968e-01 2.086439242853969e+00
4497 2.055379975348537e+00 3.586667966949125e-01 2.086439242852555e+00
4498 2.055379975348532e+00 3.586667966949081e-01 2.086439242852549e+00
4499 2.080255138070845e+00 2.609707904086329e-01 2.096560801149505e+00
4500 2.055379975347762e+00 3.586667966914185e-01 2.086439242851191e+00
4501 2.080255138070776e+00 2.609707904086172e-01 2.096560801149435e+00
4502 2.080255138070809e+00 2.609707904086251e-01 2.096560801149469e+00
4503 2.080255138070796e+00 2.609707904086299e-01 2.096560801149456e+00
4504 2.080381367480853e+00 2.723310018209998e-01 2.098130312615099e+00
4505 2.080381367480824e+00 2.723310018209985e-01 2.098130312615070e+00
4506 1.752696831306880e+00 -5.669709583905156e-01 1.842118956563728e+00
4507 2.054373756017587e+00 -1.805957525816645e-01 2.062296379103727e+00
4508 1.947187745945197e+00 -5.051164605710707e-01 2.011636835191428e+00
4509 1.752696831310482e+00 -5.669709583898508e-01 1.842118956566950e+00
4510 1.752696831306857e+00 -5.669709583905151e-01 1.842118956563706e+00
4511 2.020955657929806e+00 -4.272930404454491e-01 2.065633344456757e+00
4512 1.762665411549858e+00 5.751866374292391e-01 1.854138350002875e+00
4513 1.762665411550369e+00 5.751866374258252e-01 1.854138350002302e+00
4514 2.054299107424675e+00 -3.488887766519097e-01 2.083715000003476e+00
4515 2.020955657929827e+00 -4.272930404454269e-01 2.065633344456774e+00
4516 1.951064818233979e+00 5.354769886277221e-01 2.023212675499094e+00
4517 1.964820270259781e+00 -4.951326119934890e-01 2.026246529394489e+00
4518 2.021878517110588e+00 4.373339196024164e-01 2.068635708670843e+00
4519 2.021878517110492e+00 4.373339195965659e-01 2.068635708669512e+00
4520 2.027644933569748e+00 4.222458184670892e-01 2.071143526616157e+00
4521 2.027644933570362e+00 4.222458184793583e-01 2.071143526619259e+00
4522 2.027644933571029e+00 4.222458184742985e-01 2.071143526618881e+00
4523 2.027644933570386e+00 4.222458184793540e-01 2.071143526619282e+00
4524 2.027644933569773e+00 4.222458184670956e-01 2.071143526616183e+00
4525 2.027644933569109e+00 4.222458184721593e-01 2.071143526616564e+00
4526 2.027644933571031e+00 4.222458184742924e-01 2.071143526618881e+00
4527 2.027644933569116e+00 4.222458184721612e-01 2.071143526616572e+00
4528 2.027644933570090e+00 4.222458184731763e-01 2.071143526617732e+00
4529 2.027644933570077e+00 4.222458184732630e-01 2.071143526617738e+00
4530 2.027644933570070e+00 4.222458184731803e-01 2.071143526617714e+00
4531 2.027644933570058e+00 4.222458184732744e-01 2.071143526617721e+00
4532 2.021878517110272e+00 4.373339195930037e-01 2.068635708668544e+00
4533 2.021878517110347e+00 4.373339195930286e-01 2.068635708668623e+00
4534 1.746132395083132e+00 5.789691826947440e-01 1.839615083562041e+00
4535 1.762665411549882e+00 5.751866374292502e-01 1.854138350002901e+00
4536 1.762665411550392e+00 5.751866374258381e-01 1.854138350002328e+00
4537 2.054299107424749e+00 -3.488887766519101e-01 2.083715000003548e+00
4538 1.984394112265933e+00 4.935158031538613e-01 2.044841764234656e+00
4539 1.984394112266011e+00 4.935158031538500e-01 2.044841764234730e+00
4540 1.989093941375747e+00 -4.524764863218343e-01 2.039909232856172e+00
4541 1.989093941375939e+00 -4.524764863223396e-01 2.039909232856471e+00
4542 1.989093941375710e+00 -4.524764863218315e-01 2.039909232856135e+00
4543 1.754477981631051e+00 -5.785580153093948e-01 1.847409636519988e+00
4544 1.754477981630792e+00 -5.785580153100777e-01 1.847409636519955e+00
4545 1.754477981630783e+00 -5.785580153100667e-01 1.847409636519943e+00
4546 1.964820270243318e+00 -4.951326120253964e-01 2.026246529386322e+00
4547 1.754477981631030e+00 -5.785580153093988e-01 1.847409636519969e+00
4548 2.055379975348543e+00 3.586667966949052e-01 2.086439242852559e+00
4549 1.950806746462389e+00 -5.152863460664205e-01 2.017713304829419e+00
4550 1.950806746368129e+00 -5.152863461106292e-01 2.017713304749574e+00
4551 1.950806746368135e+00 -5.152863461106293e-01 2.017713304749580e+00
4552 1.950806746413467e+00 -5.152863460907621e-01 2.017713304788336e+00
4553 1.950806746462382e+00 -5.152863460664141e-01 2.017713304829411e+00
4554 1.950806746416146e+00 -5.152863460893615e-01 2.017713304790568e+00
4555 1.950806746417056e+00 -5.152863460862827e-01 2.017713304790661e+00
4556 1.950806746417060e+00 -5.152863460862669e-01 2.017713304790661e+00
4557 1.950806746413451e+00 -5.152863460907693e-01 2.017713304788322e+00
4558 1.950806746414403e+00 -5.152863460876926e-01 2.017713304788457e+00
4559 1.950806746414380e+00 -5.152863460877067e-01 2.017713304788438e+00
4560 2.054299107424352e+00 3.488887766545874e-01 2.083715000003605e+00
4561 2.054299107425080e+00 3.488887766492215e-01 2.083715000003425e+00
4562 2.054299107424586e+00 3.488887766526998e-01 2.083715000003520e+00
4563 2.054299107424862e+00 3.488887766511128e-01 2.083715000003526e+00
4564 2.054299107424855e+00 3.488887766511075e-01 2.083715000003518e+00
4565 2.054299107424603e+00 3.488887766527053e-01 2.083715000003538e+00
4566 2.054299107424351e+00 3.488887766545821e-01 2.083715000003603e+00
4567 2.054299107425111e+00 3.488887766492283e-01 2.083715000003456e+00
4568 2.054299107424740e+00 3.488887766519034e-01 2.083715000003538e+00
4569 2.054299107424712e+00 3.488887766519147e-01 2.083715000003513e+00
4570 2.054373756017591e+00 -1.805957525816620e-01 2.062296379103731e+00
4571 2.053691802672777e+00 -2.559252016661485e-01 2.069576702906471e+00
4572 1.947187745945205e+00 5.051164605710721e-01 2.011636835191436e+00
4573 1.947187745945181e+00 5.051164605710650e-01 2.011636835191410e+00
4574 1.947187745945204e+00 5.051164605710776e-01 2.011636835191436e+00
4575 2.032448473861982e+00 -3.435605157144672e-01 2.061281307066527e+00
4576 2.032448473861995e+00 -3.435605157144670e-01 2.061281307066540e+00
4577 2.032448473861992e+00 -3.435605157144637e-01 2.061281307066536e+00
4578 2.055379975348509e+00 3.586667966949111e-01 2.086439242852527e+00
4579 1.950806746416146e+00 -5.152863460893542e-01 2.017713304790567e+00
4580 2.058732794590961e+00 -3.045512735010596e-01 2.081137236636601e+00
4581 2.058732794609441e+00 -3.045512735299016e-01 2.081137236659103e+00
4582 2.058732794590953e+00 -3.045512735010476e-01 2.081137236636591e+00
4583 2.058732794609432e+00 -3.045512735298953e-01 2.081137236659093e+00
4584 2.058732794598976e+00 -3.045512735130349e-01 2.081137236646281e+00
4585 2.058732794601404e+00 -3.045512735179039e-01 2.081137236649396e+00
4586 2.058732794599000e+00 -3.045512735130370e-01 2.081137236646306e+00
4587 2.058732794600268e+00 -3.045512735156083e-01 2.081137236647936e+00
4588 2.058732794601446e+00 -3.045512735179182e-01 2.081137236649439e+00
4589 2.058732794600161e+00 -3.045512735153482e-01 2.081137236647792e+00
4590 1.931416049660896e+00 -5.340475482947418e-01 2.003889902346764e+00
4591 1.931416049663401e+00 -5.340475482867137e-01 2.003889902347039e+00
4592 1.931416049670947e+00 -5.340475483041176e-01 2.003889902358951e+00
4593 1.931416049673469e+00 -5.340475482961023e-01 2.003889902359245e+00
4594 1.931416049673463e+00 -5.340475482961008e-01 2.003889902359239e+00
4595 1.931416049670959e+00 -5.340475483041208e-01 2.003889902358963e+00
4596 2.054299107424739e+00 3.488887766519090e-01 2.083715000003538e+00
4597 2.054299107424706e+00 3.488887766519062e-01 2.083715000003505e+00
4598 1.931416049660898e+00 -5.340475482947424e-01 2.003889902346767e+00
4599 1.931416049663414e+00 -5.340475482867205e-01 2.003889902347053e+00
4600 2.020955657929290e+00 4.272930404480623e-01 2.065633344456794e+00
4601 2.020955657929302e+00 4.272930404480708e-01 2.065633344456807e+00
4602 2.020955657930330e+00 4.272930404428305e-01 2.065633344456729e+00
4603 2.020955657930252e+00 4.272930404446841e-01 2.065633344457036e+00
4604 2.020955657929401e+00 4.272930404462340e-01 2.065633344456524e+00
4605 2.020955657929404e+00 4.272930404462369e-01 2.065633344456527e+00
4606 2.020955657930216e+00 4.272930404446737e-01 2.065633344456999e+00
4607 2.020955657929843e+00 4.272930404454393e-01 2.065633344456792e+00
4608 2.020955657929778e+00 4.272930404454576e-01 2.065633344456733e+00
4609 2.020955657929802e+00 4.272930404454465e-01 2.065633344456753e+00
4610 1.931416049667231e+00 -5.340475482954501e-01 2.003889902353059e+00
4611 1.931416049667107e+00 -5.340475482953922e-01 2.003889902352924e+00
4612 1.931416049667215e+00 -5.340475482954532e-01 2.003889902353045e+00
4613 1.931416049667130e+00 -5.340475482953939e-01 2.003889902352947e+00
4614 2.020955657930326e+00 4.272930404428330e-01 2.065633344456726e+00
4615 2.053691802672768e+00 -2.559252016661455e-01 2.069576702906461e+00
4616 2.054373756017568e+00 -1.805957525816684e-01 2.062296379103709e+00
4617 1.994746618712285e+00 -4.285442024984016e-01 2.040260818218858e+00
4618 2.054373756017544e+00 1.805957525816567e-01 2.062296379103684e+00
4619 2.054373756017567e+00 1.805957525816648e-01 2.062296379103708e+00
4620 1.714428661022757e+00 5.549623133168632e-01 1.802012431405035e+00
4621 1.714428661023581e+00 5.549623133177810e-01 1.802012431406102e+00
4622 1.714428661022769e+00 5.549623133168632e-01 1.802012431405047e+00
4623 1.714428661023577e+00 5.549623133177616e-01 1.802012431406093e+00
4624 1.947187745945199e+00 5.051164605710819e-01 2.011636835191433e+00
4625 2.058732794590953e+00 3.045512735010443e-01 2.081137236636590e+00
4626 2.058732794609444e+00 3.045512735298910e-01 2.081137236659103e+00
4627 2.058732794609448e+00 3.045512735298938e-01 2.081137236659108e+00
4628 2.058732794590953e+00 3.045512735010460e-01 2.081137236636591e+00
4629 1.767220777223007e+00 5.724743918518140e-01 1.857631880856590e+00
4630 1.767220777230436e+00 5.724743918518466e-01 1.857631880863668e+00
4631 1.767220777332910e+00 5.724743917619267e-01 1.857631880933443e+00
4632 1.767220777325475e+00 5.724743917618933e-01 1.857631880926360e+00
4633 1.767220777222996e+00 5.724743918518078e-01 1.857631880856577e+00
4634 1.767220777230433e+00 5.724743918518447e-01 1.857631880863665e+00
4635 1.767220777325466e+00 5.724743917618910e-01 1.857631880926350e+00
4636 1.767220777332906e+00 5.724743917619283e-01 1.857631880933440e+00
4637 2.020955657929818e+00 4.272930404454460e-01 2.065633344456769e+00
4638 1.989093941351610e+00 4.524764863175893e-01 2.039909232831695e+00
4639 1.989093941400082e+00 4.524764863265950e-01 2.039909232880956e+00
4640 1.989093941351602e+00 4.524764863175798e-01 2.039909232831684e+00
4641 1.989093941375746e+00 4.524764863218372e-01 2.039909232856172e+00
4642 1.989093941375948e+00 4.524764863223383e-01 2.039909232856480e+00
4643 1.754477981546488e+00 5.785580154264225e-01 1.847409636476328e+00
4644 1.754477981715286e+00 5.785580151930437e-01 1.847409636563547e+00
4645 1.754477981546515e+00 5.785580154264274e-01 1.847409636476355e+00
4646 1.754477981630784e+00 5.785580153100698e-01 1.847409636519946e+00
4647 1.754477981631058e+00 5.785580153094003e-01 1.847409636519996e+00
4648 1.754477981715317e+00 5.785580151930468e-01 1.847409636563577e+00
4649 1.754477981574823e+00 5.785580154326866e-01 1.847409636505200e+00
4650 1.754477981686970e+00 5.785580151867836e-01 1.847409636534695e+00
4651 1.754477981574855e+00 5.785580154326969e-01 1.847409636505233e+00
4652 1.989093941375931e+00 4.524764863223392e-01 2.039909232856464e+00
4653 1.989093941375734e+00 4.524764863218337e-01 2.039909232856159e+00
4654 1.950806746368122e+00 5.152863461106343e-01 2.017713304749569e+00
4655 1.950806746462380e+00 5.152863460664218e-01 2.017713304829410e+00
4656 1.950806746368139e+00 5.152863461106358e-01 2.017713304749586e+00
4657 1.950806746462396e+00 5.152863460664224e-01 2.017713304829426e+00
4658 1.931416049660868e+00 5.340475482947435e-01 2.003889902346737e+00
4659 1.931416049663393e+00 5.340475482867171e-01 2.003889902347033e+00
4660 1.931416049673448e+00 5.340475482960948e-01 2.003889902359222e+00
4661 1.931416049670939e+00 5.340475483041167e-01 2.003889902358943e+00
4662 1.950806746414391e+00 5.152863460876944e-01 2.017713304788445e+00
4663 1.950806746413475e+00 5.152863460907754e-01 2.017713304788346e+00
4664 1.950806746416154e+00 5.152863460893551e-01 2.017713304790574e+00
4665 1.950806746414356e+00 5.152863460876981e-01 2.017713304788413e+00
4666 1.950806746417049e+00 5.152863460862743e-01 2.017713304790652e+00
4667 1.950806746417069e+00 5.152863460862831e-01 2.017713304790674e+00
4668 1.950806746413454e+00 5.152863460907640e-01 2.017713304788323e+00
4669 1.950806746416145e+00 5.152863460893451e-01 2.017713304790562e+00
4670 1.754477981687006e+00 5.785580151867917e-01 1.847409636534732e+00
4671 1.931416049670945e+00 5.340475483041236e-01 2.003889902358951e+00
4672 1.931416049660905e+00 5.340475482947488e-01 2.003889902346775e+00
4673 1.931416049673467e+00 5.340475482961038e-01 2.003889902359244e+00
4674 1.964820270227889e+00 4.951326121813626e-01 2.026246529409473e+00
4675 1.964820270211405e+00 4.951326122132706e-01 2.026246529401285e+00
4676 1.964820270211433e+00 4.951326122132822e-01 2.026246529401316e+00
4677 1.964820270227892e+00 4.951326121813627e-01 2.026246529409476e+00
4678 1.964820270233363e+00 4.951326121005306e-01 2.026246529395029e+00
4679 1.964820270237877e+00 4.951326121062334e-01 2.026246529400800e+00
4680 1.964820270259794e+00 4.951326119934813e-01 2.026246529394501e+00
4681 1.964820270243329e+00 4.951326120254014e-01 2.026246529386335e+00
4682 1.964820270243332e+00 4.951326120254061e-01 2.026246529386338e+00
4683 1.964820270237866e+00 4.951326121062286e-01 2.026246529400788e+00
4684 1.964820270259790e+00 4.951326119934951e-01 2.026246529394499e+00
4685 1.964820270233357e+00 4.951326121005331e-01 2.026246529395024e+00
4686 1.931416049667217e+00 5.340475482954449e-01 2.003889902353044e+00
4687 1.931416049667103e+00 5.340475482953845e-01 2.003889902352918e+00
4688 1.994746618712281e+00 -4.285442024984042e-01 2.040260818218854e+00
4689 2.053691802672776e+00 -2.559252016661396e-01 2.069576702906469e+00
4690 2.032448473862043e+00 -3.435605157144597e-01 2.061281307066585e+00
4691 1.994746618712325e+00 -4.285442024984116e-01 2.040260818218900e+00
4692 1.703632708468341e+00 -5.383263670118470e-01 1.786661602761796e+00
4693 1.703632708446035e+00 -5.383263670569259e-01 1.786661602754109e+00
4694 1.703632708463023e+00 -5.383263670306880e-01 1.786661602762402e+00
4695 2.053691802672790e+00 -2.559252016661513e-01 2.069576702906484e+00
4696 1.995715350132616e+00 -4.355535512086232e-01 2.042691032614916e+00
4697 1.995715350074583e+00 -4.355535512154156e-01 2.042691032559667e+00
4698 1.703632708463037e+00 -5.383263670306864e-01 1.786661602762415e+00
4699 1.703632708451347e+00 -5.383263670380738e-01 1.786661602753494e+00
4700 2.054373756017577e+00 1.805957525816529e-01 2.062296379103716e+00
4701 2.058732794600169e+00 -3.045512735153559e-01 2.081137236647802e+00
4702 2.058732794600234e+00 -3.045512735155992e-01 2.081137236647901e+00
4703 1.752696831310514e+00 5.669709583898543e-01 1.842118956566982e+00
4704 1.989093941400057e+00 4.524764863265915e-01 2.039909232880932e+00
4705 1.754477981631015e+00 5.785580153093932e-01 1.847409636519953e+00
4706 2.032448473862015e+00 3.435605157144699e-01 2.061281307066560e+00
4707 1.931416049663398e+00 5.340475482867089e-01 2.003889902347035e+00
4708 2.032448473861996e+00 3.435605157144703e-01 2.061281307066541e+00
4709 1.754477981630781e+00 5.785580153100672e-01 1.847409636519941e+00
4710 2.032448473861990e+00 3.435605157144698e-01 2.061281307066536e+00
4711 2.026154287791723e+00 -3.634594326901367e-01 2.058495556747262e+00
4712 2.026154287766677e+00 -3.634594326767649e-01 2.058495556720248e+00
4713 2.026154287779188e+00 -3.634594326837016e-01 2.058495556733788e+00
4714 2.026154287766671e+00 -3.634594326767565e-01 2.058495556720241e+00
4715 2.026154287791758e+00 -3.634594326901344e-01 2.058495556747296e+00
4716 2.026154287779168e+00 -3.634594326837006e-01 2.058495556733768e+00
4717 2.026154287779246e+00 -3.634594326831977e-01 2.058495556733756e+00
4718 2.026154287779248e+00 -3.634594326831984e-01 2.058495556733758e+00
4719 2.058732794601409e+00 3.045512735179070e-01 2.081137236649401e+00
4720 2.058732794598962e+00 3.045512735130329e-01 2.081137236646267e+00
4721 2.060284871871301e+00 -1.922054683597888e-01 2.069230942966287e+00
4722 2.060284871866203e+00 -1.922054683975395e-01 2.069230942964718e+00
4723 2.060284871847094e+00 -1.922054683695267e-01 2.069230942943089e+00
4724 2.060284871866234e+00 -1.922054683975378e-01 2.069230942964748e+00
4725 2.060284871868480e+00 -1.922054683814265e-01 2.069230942965488e+00
4726 2.060284871869065e+00 -1.922054683758734e-01 2.069230942965554e+00
4727 2.060284871890449e+00 -1.922054683877921e-01 2.069230942987953e+00
4728 2.060284871871335e+00 -1.922054683597675e-01 2.069230942966319e+00
4729 2.058732794601437e+00 3.045512735179097e-01 2.081137236649429e+00
4730 2.060284871868471e+00 -1.922054683814289e-01 2.069230942965479e+00
4731 2.060284871869045e+00 -1.922054683758879e-01 2.069230942965536e+00
4732 2.058732794600161e+00 3.045512735153429e-01 2.081137236647792e+00
4733 2.058732794598995e+00 3.045512735130374e-01 2.081137236646300e+00
4734 2.060284871847078e+00 -1.922054683695328e-01 2.069230942943074e+00
4735 2.060284871890474e+00 -1.922054683877890e-01 2.069230942987978e+00
4736 2.026154287791728e+00 3.634594326901320e-01 2.058495556747266e+00
4737 2.026154287766637e+00 3.634594326767520e-01 2.058495556720207e+00
4738 2.058732794600163e+00 3.045512735153399e-01 2.081137236647793e+00
4739 2.026154287791770e+00 3.634594326901356e-01 2.058495556747308e+00
4740 2.026154287766647e+00 3.634594326767555e-01 2.058495556720218e+00
4741 2.058732794600250e+00 3.045512735156016e-01 2.081137236647918e+00
4742 2.026154287779153e+00 3.634594326836941e-01 2.058495556733752e+00
4743 2.026154287779210e+00 3.634594326831965e-01 2.058495556733721e+00
4744 2.026154287779207e+00 3.634594326837074e-01 2.058495556733808e+00
4745 2.026154287779256e+00 3.634594326832077e-01 2.058495556733768e+00
4746 1.752696831306903e+00 5.669709583905195e-01 1.842118956563751e+00
4747 1.752696831310523e+00 5.669709583898559e-01 1.842118956566991e+00
4748 1.752696831306877e+00 5.669709583905127e-01 1.842118956563725e+00
4749 1.994746618712302e+00 4.285442024984032e-01 2.040260818218876e+00
4750 1.994746618712304e+00 -4.285442024984064e-01 2.040260818218878e+00
4751 1.931416049667237e+00 5.340475482954534e-01 2.003889902353066e+00
4752 1.931416049667118e+00 5.340475482953972e-01 2.003889902352936e+00
4753 1.994746618712288e+00 4.285442024984000e-01 2.040260818218861e+00
4754 2.054373756017569e+00 1.805957525816665e-01 2.062296379103710e+00
4755 1.703632708468325e+00 -5.383263670118457e-01 1.786661602761781e+00
4756 1.703632708446023e+00 -5.383263670569270e-01 1.786661602754098e+00
4757 2.032448473862030e+00 3.435605157144661e-01 2.061281307066574e+00
4758 2.053691802672750e+00 2.559252016661430e-01 2.069576702906443e+00
4759 2.053691802672774e+00 2.559252016661469e-01 2.069576702906468e+00
4760 1.703632708451355e+00 -5.383263670380865e-01 1.786661602753505e+00
4761 2.053691802672770e+00 2.559252016661424e-01 2.069576702906463e+00
4762 1.716385523188861e+00 -5.496892437611895e-01 1.802259007168239e+00
4763 1.716385523192294e+00 -5.496892437703231e-01 1.802259007174295e+00
4764 1.716385523191922e+00 -5.496892437660186e-01 1.802259007172627e+00
4765 1.716385523191901e+00 -5.496892437660220e-01 1.802259007172608e+00
4766 1.716385523192304e+00 -5.496892437703267e-01 1.802259007174306e+00
4767 2.053691802672742e+00 2.559252016661336e-01 2.069576702906434e+00
4768 1.758193427772666e+00 -5.633702637211042e-01 1.846247595396724e+00
4769 1.758193427836840e+00 -5.633702637184468e-01 1.846247595457026e+00
4770 1.758193427772674e+00 -5.633702637211088e-01 1.846247595396733e+00
4771 1.716385523188500e+00 -5.496892437568903e-01 1.802259007166585e+00
4772 1.716385523188876e+00 -5.496892437611952e-01 1.802259007168255e+00
4773 1.995715350132636e+00 -4.355535512086179e-01 2.042691032614934e+00
4774 1.995715350074616e+00 -4.355535512154157e-01 2.042691032559699e+00
4775 1.995715350103829e+00 -4.355535512126266e-01 2.042691032587645e+00
4776 1.758193427836858e+00 -5.633702637184524e-01 1.846247595457044e+00
4777 1.758193427809827e+00 -5.633702637167234e-01 1.846247595430776e+00
4778 1.995715350103379e+00 -4.355535512114019e-01 2.042691032586944e+00
4779 1.995715350103833e+00 -4.355535512126226e-01 2.042691032587649e+00
4780 1.995715350102779e+00 -4.355535512129646e-01 2.042691032586692e+00
4781 1.995715350104441e+00 -4.355535512110756e-01 2.042691032587912e+00
4782 1.995715350102810e+00 -4.355535512129645e-01 2.042691032586721e+00
4783 1.716385523188460e+00 -5.496892437568904e-01 1.802259007166547e+00
4784 1.758193427809839e+00 -5.633702637167342e-01 1.846247595430790e+00
4785 1.758193427799707e+00 -5.633702637228334e-01 1.846247595423002e+00
4786 2.060284871871332e+00 1.922054683597785e-01 2.069230942966317e+00
4787 2.060284871866229e+00 1.922054683975420e-01 2.069230942964743e+00
4788 2.060284871869031e+00 1.922054683758731e-01 2.069230942965520e+00
4789 2.060284871847086e+00 1.922054683695352e-01 2.069230942943082e+00
4790 2.060284871868476e+00 1.922054683814220e-01 2.069230942965484e+00
4791 2.060284871890480e+00 1.922054683877785e-01 2.069230942987982e+00
4792 2.060284871868517e+00 1.922054683814325e-01 2.069230942965525e+00
4793 2.060284871890449e+00 1.922054683877694e-01 2.069230942987951e+00
4794 1.995715350104446e+00 -4.355535512110693e-01 2.042691032587916e+00
4795 2.060284871847083e+00 1.922054683695275e-01 2.069230942943078e+00
4796 2.060284871871330e+00 1.922054683597754e-01 2.069230942966315e+00
4797 2.060284871866227e+00 1.922054683975461e-01 2.069230942964742e+00
4798 2.060284871869078e+00 1.922054683758897e-01 2.069230942965569e+00
4799 1.758193427799678e+00 -5.633702637228368e-01 1.846247595422976e+00
4800 2.058732794600218e+00 3.045512735155927e-01 2.081137236647884e+00
4801 1.994746618712293e+00 4.285442024984054e-01 2.040260818218866e+00
4802 1.974996933347805e+00 -4.372740685440295e-01 2.022825127823531e+00
4803 1.994746618712329e+00 4.285442024984025e-01 2.040260818218901e+00
4804 1.995715350103404e+00 -4.355535512114080e-01 2.042691032586970e+00
4805 2.051003449806982e+00 -2.624072469497513e-01 2.067721624003552e+00
4806 2.051003449847972e+00 -2.624072469647147e-01 2.067721624046110e+00
4807 2.040261772896873e+00 -2.773546608812829e-01 2.059027369865895e+00
4808 2.040261772898562e+00 -2.773546608612660e-01 2.059027369864872e+00
4809 2.040261772896856e+00 -2.773546608812760e-01 2.059027369865877e+00
4810 2.040261772898541e+00 -2.773546608709773e-01 2.059027369866159e+00
4811 2.040261772896864e+00 -2.773546608715758e-01 2.059027369864578e+00
4812 2.040261772898514e+00 -2.773546608612610e-01 2.059027369864824e+00
4813 2.040261772898524e+00 -2.773546608709741e-01 2.059027369866142e+00
4814 2.040261772896840e+00 -2.773546608715706e-01 2.059027369864553e+00
4815 2.051003449847932e+00 -2.624072469647130e-01 2.067721624046070e+00
4816 2.051003449806965e+00 -2.624072469497477e-01 2.067721624003535e+00
4817 2.031800270981333e+00 -3.496625422788660e-01 2.061668313437624e+00
4818 2.031800271023640e+00 -3.496625422840379e-01 2.061668313480196e+00
4819 1.703632708468328e+00 5.383263670118414e-01 1.786661602761781e+00
4820 1.703632708451323e+00 5.383263670380775e-01 1.786661602753472e+00
4821 1.703632708446034e+00 5.383263670569246e-01 1.786661602754108e+00
4822 1.703632708468357e+00 5.383263670118519e-01 1.786661602761812e+00
4823 1.703632708446041e+00 5.383263670569223e-01 1.786661602754114e+00
4824 1.921088088061842e+00 -5.130656150382893e-01 1.988420420189785e+00
4825 1.921088088011417e+00 -5.130656150852584e-01 1.988420420153187e+00
4826 1.921088088061840e+00 -5.130656150382945e-01 1.988420420189785e+00
4827 1.921088088062008e+00 -5.130656148454860e-01 1.988420420140197e+00
4828 1.921088088011610e+00 -5.130656148924421e-01 1.988420420103622e+00
4829 1.921088088011645e+00 -5.130656148924351e-01 1.988420420103653e+00
4830 1.703632708451363e+00 5.383263670380766e-01 1.786661602753510e+00
4831 1.703632708463016e+00 5.383263670306885e-01 1.786661602762395e+00
4832 1.921088088011460e+00 -5.130656150852513e-01 1.988420420153227e+00
4833 1.703632708463045e+00 5.383263670306897e-01 1.786661602762424e+00
4834 1.758193427772653e+00 5.633702637211040e-01 1.846247595396711e+00
4835 1.758193427836825e+00 5.633702637184471e-01 1.846247595457011e+00
4836 1.758193427772657e+00 5.633702637211042e-01 1.846247595396715e+00
4837 1.758193427836833e+00 5.633702637184450e-01 1.846247595457019e+00
4838 1.758193427809820e+00 5.633702637167267e-01 1.846247595430770e+00
4839 1.758193427799725e+00 5.633702637228486e-01 1.846247595423024e+00
4840 1.758193427799693e+00 5.633702637228425e-01 1.846247595422992e+00
4841 1.758193427809783e+00 5.633702637167111e-01 1.846247595430730e+00
4842 1.921088088031830e+00 -5.130656149635581e-01 1.988420420141507e+00
4843 1.921088088062030e+00 -5.130656148454904e-01 1.988420420140219e+00
4844 2.031800271023621e+00 -3.496625422840274e-01 2.061668313480175e+00
4845 2.031800270981321e+00 -3.496625422788524e-01 2.061668313437610e+00
4846 1.995715350132631e+00 4.355535512086157e-01 2.042691032614929e+00
4847 1.995715350074589e+00 4.355535512154124e-01 2.042691032559671e+00
4848 1.995715350132618e+00 4.355535512086106e-01 2.042691032614916e+00
4849 1.995715350074596e+00 4.355535512154078e-01 2.042691032559678e+00
4850 2.031800271002111e+00 -3.496625422815296e-01 2.061668313458553e+00
4851 2.031800271002745e+00 -3.496625422823789e-01 2.061668313459322e+00
4852 2.031800271002075e+00 -3.496625422815172e-01 2.061668313458516e+00
4853 2.031800271002857e+00 -3.496625422813743e-01 2.061668313459262e+00
4854 2.031800271002222e+00 -3.496625422805150e-01 2.061668313458491e+00
4855 2.031800271002225e+00 -3.496625422805211e-01 2.061668313458494e+00
4856 1.995715350104402e+00 4.355535512110679e-01 2.042691032587872e+00
4857 1.995715350102784e+00 4.355535512129720e-01 2.042691032586697e+00
4858 2.031800271002729e+00 -3.496625422823880e-01 2.061668313459307e+00
4859 1.995715350104434e+00 4.355535512110458e-01 2.042691032587900e+00
4860 1.995715350102765e+00 4.355535512129660e-01 2.042691032586677e+00
4861 1.995715350103854e+00 4.355535512126334e-01 2.042691032587670e+00
4862 1.995715350103812e+00 4.355535512126315e-01 2.042691032587629e+00
4863 1.995715350103431e+00 4.355535512114123e-01 2.042691032586997e+00
4864 1.995715350103420e+00 4.355535512114295e-01 2.042691032586990e+00
4865 2.031800271002859e+00 -3.496625422813964e-01 2.061668313459268e+00
4866 1.737955999685504e+00 -5.550248974589139e-01 1.824429689969476e+00
4867 1.737955999674222e+00 -5.550248974301025e-01 1.824429689949963e+00
4868 1.921088088041631e+00 -5.130656149671863e-01 1.988420420151912e+00
4869 1.921088088031808e+00 -5.130656149635431e-01 1.988420420141482e+00
4870 1.921088088041599e+00 -5.130656149671740e-01 1.988420420151878e+00
4871 1.974996933396753e+00 -4.372740684785000e-01 2.022825127857155e+00
4872 2.040261772896858e+00 2.773546608715718e-01 2.059027369864571e+00
4873 2.040261772896819e+00 2.773546608812749e-01 2.059027369865840e+00
4874 2.040261772896828e+00 2.773546608812749e-01 2.059027369865849e+00
4875 2.040261772898543e+00 2.773546608709766e-01 2.059027369866161e+00
4876 1.974996933369454e+00 -4.372740685101345e-01 2.022825127837340e+00
4877 1.974996933375095e+00 -4.372740685124074e-01 2.022825127843339e+00
4878 2.040261772898530e+00 2.773546608612555e-01 2.059027369864838e+00
4879 1.974996933347824e+00 -4.372740685440363e-01 2.022825127823551e+00
4880 1.974996933396755e+00 -4.372740684784991e-01 2.022825127857157e+00
4881 1.974996933375064e+00 -4.372740685123906e-01 2.022825127843306e+00
4882 2.040261772898545e+00 2.773546608612600e-01 2.059027369864854e+00
4883 1.974996933369472e+00 -4.372740685101275e-01 2.022825127837356e+00
4884 1.716385523188851e+00 5.496892437611899e-01 1.802259007168230e+00
4885 1.716385523191887e+00 5.496892437660196e-01 1.802259007172595e+00
4886 1.716385523188460e+00 5.496892437568900e-01 1.802259007166547e+00
4887 1.716385523188470e+00 5.496892437568877e-01 1.802259007166555e+00
4888 1.716385523192276e+00 5.496892437703191e-01 1.802259007174276e+00
4889 1.716385523188840e+00 5.496892437611912e-01 1.802259007168220e+00
4890 1.716385523191885e+00 5.496892437660132e-01 1.802259007172591e+00
4891 1.716385523192257e+00 5.496892437703135e-01 1.802259007174257e+00
4892 1.921088088011443e+00 5.130656150852573e-01 1.988420420153212e+00
4893 1.921088088062013e+00 5.130656148454855e-01 1.988420420140202e+00
4894 1.921088088061824e+00 5.130656150382972e-01 1.988420420189769e+00
4895 1.921088088011641e+00 5.130656148924359e-01 1.988420420103649e+00
4896 1.921088088011437e+00 5.130656150852517e-01 1.988420420153205e+00
4897 1.921088088061837e+00 5.130656150383046e-01 1.988420420189784e+00
4898 1.882830135451864e+00 -5.293922280250895e-01 1.955838809835578e+00
4899 1.882830135498239e+00 -5.293922279255904e-01 1.955838809853291e+00
4900 1.882830135506821e+00 -5.293922277486569e-01 1.955838809813662e+00
4901 1.882830135460409e+00 -5.293922278481480e-01 1.955838809795912e+00
4902 1.882830135460408e+00 -5.293922278481440e-01 1.955838809795909e+00
4903 1.882830135506795e+00 -5.293922277486612e-01 1.955838809813637e+00
4904 1.882830135451832e+00 -5.293922280250909e-01 1.955838809835549e+00
4905 1.882830135498259e+00 -5.293922279255893e-01 1.955838809853309e+00
4906 1.921088088062007e+00 5.130656148454829e-01 1.988420420140195e+00
4907 1.921088088041639e+00 5.130656149671917e-01 1.988420420151921e+00
4908 1.921088088011642e+00 5.130656148924400e-01 1.988420420103652e+00
4909 1.921088088041653e+00 5.130656149671882e-01 1.988420420151933e+00
4910 1.921088088031857e+00 5.130656149635602e-01 1.988420420141533e+00
4911 2.051003449827832e+00 -2.624072469604661e-01 2.067721624025593e+00
4912 2.051003449827086e+00 -2.624072469540012e-01 2.067721624024033e+00
4913 2.051003449847955e+00 2.624072469647163e-01 2.067721624046094e+00
4914 2.031800271023646e+00 3.496625422840345e-01 2.061668313480201e+00
4915 2.031800270981331e+00 3.496625422788612e-01 2.061668313437621e+00
4916 2.051003449806952e+00 2.624072469497530e-01 2.067721624003523e+00
4917 2.051003449847935e+00 2.624072469647117e-01 2.067721624046073e+00
4918 2.051003449806934e+00 2.624072469497473e-01 2.067721624003505e+00
4919 1.921088088031867e+00 5.130656149635651e-01 1.988420420141544e+00
4920 2.051003449827121e+00 -2.624072469540033e-01 2.067721624024068e+00
4921 2.051003449827872e+00 -2.624072469604753e-01 2.067721624025635e+00
4922 2.031800270981308e+00 3.496625422788626e-01 2.061668313437599e+00
4923 2.031800271023633e+00 3.496625422840391e-01 2.061668313480189e+00
4924 2.051003449827208e+00 -2.624072469570877e-01 2.067721624024546e+00
4925 2.051003449827685e+00 -2.624072469573832e-01 2.067721624025057e+00
4926 2.051003449827093e+00 2.624072469540024e-01 2.067721624024040e+00
4927 2.031800271002057e+00 3.496625422815214e-01 2.061668313458498e+00
4928 2.031800271002860e+00 3.496625422813636e-01 2.061668313459263e+00
4929 2.031800271002717e+00 3.496625422823769e-01 2.061668313459294e+00
4930 2.031800271002723e+00 3.496625422823816e-01 2.061668313459300e+00
4931 2.051003449827707e+00 -2.624072469573908e-01 2.067721624025080e+00
4932 2.051003449827256e+00 -2.624072469570872e-01 2.067721624024593e+00
4933 2.031800271002088e+00 3.496625422815056e-01 2.061668313458526e+00
4934 2.031800271002855e+00 3.496625422813788e-01 2.061668313459260e+00
4935 2.031800271002242e+00 3.496625422805273e-01 2.061668313458513e+00
4936 2.031800271002231e+00 3.496625422805233e-01 2.061668313458501e+00
4937 2.051003449827846e+00 2.624072469604760e-01 2.067721624025609e+00
4938 2.051003449827086e+00 2.624072469540037e-01 2.067721624024033e+00
4939 2.051003449827200e+00 2.624072469570874e-01 2.067721624024538e+00
4940 2.051003449827840e+00 2.624072469604692e-01 2.067721624025602e+00
4941 1.703053552409206e+00 -5.340503437969215e-01 1.784825249732653e+00
4942 1.703053552437308e+00 -5.340503437020427e-01 1.784825249731078e+00
4943 1.703053552409211e+00 -5.340503437969131e-01 1.784825249732655e+00
4944 1.737955999674210e+00 -5.550248974301007e-01 1.824429689949951e+00
4945 1.703053552437290e+00 -5.340503437020361e-01 1.784825249731058e+00
4946 1.882830135451862e+00 5.293922280250958e-01 1.955838809835578e+00
4947 1.882830135451864e+00 5.293922280250851e-01 1.955838809835578e+00
4948 1.882830135498237e+00 5.293922279255879e-01 1.955838809853288e+00
4949 1.882830135460412e+00 5.293922278481551e-01 1.955838809795917e+00
4950 1.882830135506810e+00 5.293922277486617e-01 1.955838809813653e+00
4951 1.882830135506835e+00 5.293922277486560e-01 1.955838809813675e+00
4952 2.040261772896836e+00 2.773546608715706e-01 2.059027369864549e+00
4953 2.040261772898529e+00 2.773546608709711e-01 2.059027369866147e+00
4954 1.974996933347822e+00 4.372740685440346e-01 2.022825127823549e+00
4955 1.974996933396773e+00 4.372740684785010e-01 2.022825127857175e+00
4956 1.733720618359198e+00 -5.589137458306759e-01 1.821584957613088e+00
4957 1.733720618330916e+00 -5.589137458907082e-01 1.821584957604590e+00
4958 1.733720618344583e+00 -5.589137458537882e-01 1.821584957606270e+00
4959 1.733720618345504e+00 -5.589137458675846e-01 1.821584957611379e+00
4960 1.733720618359196e+00 -5.589137458306723e-01 1.821584957613085e+00
4961 1.733720618344603e+00 -5.589137458537897e-01 1.821584957606290e+00
4962 1.733720618345502e+00 -5.589137458675824e-01 1.821584957611377e+00
4963 1.733720618330891e+00 -5.589137458907041e-01 1.821584957604566e+00
4964 1.974996933347804e+00 4.372740685440304e-01 2.022825127823530e+00
4965 1.974996933396743e+00 4.372740684785025e-01 2.022825127857147e+00
4966 1.882830135478040e+00 -5.293922278863984e-01 1.955838809823237e+00
4967 1.882830135480611e+00 -5.293922278873378e-01 1.955838809825967e+00
4968 1.974996933375109e+00 4.372740685124007e-01 2.022825127843352e+00
4969 2.051003449827665e+00 2.624072469573817e-01 2.067721624025036e+00
4970 1.733720618345036e+00 -5.589137458606748e-01 1.821584957608814e+00
4971 1.882830135478073e+00 -5.293922278864085e-01 1.955838809823273e+00
4972 1.882830135480637e+00 -5.293922278873473e-01 1.955838809825995e+00
4973 1.974996933369471e+00 4.372740685101262e-01 2.022825127837355e+00
4974 1.974996933375129e+00 4.372740685124095e-01 2.022825127843373e+00
4975 1.974996933369535e+00 4.372740685101374e-01 2.022825127837420e+00
4976 2.051003449827697e+00 2.624072469573937e-01 2.067721624025070e+00
4977 2.051003449827233e+00 2.624072469570882e-01 2.067721624024571e+00
4978 2.044481324650590e+00 -1.845360683697278e-01 2.052792597262175e+00
4979 2.044481324619542e+00 -1.845360683663114e-01 2.052792597230946e+00
4980 2.044481324618595e+00 -1.845360683796892e-01 2.052792597231205e+00
4981 2.044481324649624e+00 -1.845360683830723e-01 2.052792597262413e+00
4982 2.044481324618585e+00 -1.845360683796840e-01 2.052792597231194e+00
4983 2.044481324650571e+00 -1.845360683697201e-01 2.052792597262156e+00
4984 2.044481324619538e+00 -1.845360683663144e-01 2.052792597230942e+00
4985 2.044481324649654e+00 -1.845360683830891e-01 2.052792597262444e+00
4986 2.044481324619544e+00 1.845360683663160e-01 2.052792597230948e+00
4987 2.044481324618606e+00 1.845360683796826e-01 2.052792597231216e+00
4988 2.044481324650600e+00 1.845360683697290e-01 2.052792597262186e+00
4989 2.044481324649637e+00 1.845360683830757e-01 2.052792597262426e+00
4990 2.044481324634662e+00 -1.845360683739142e-01 2.052792597246689e+00
4991 2.044481324634555e+00 -1.845360683755009e-01 2.052792597246725e+00
4992 2.044481324634586e+00 -1.845360683755009e-01 2.052792597246755e+00
4993 2.044481324619555e+00 1.845360683663090e-01 2.052792597230959e+00
4994 2.044481324618606e+00 1.845360683796864e-01 2.052792597231215e+00
4995 2.044481324650593e+00 1.845360683697245e-01 2.052792597262178e+00
4996 2.044481324649633e+00 1.845360683830786e-01 2.052792597262422e+00
4997 2.044481324634544e+00 1.845360683754889e-01 2.052792597246712e+00
4998 2.044481324634642e+00 1.845360683739026e-01 2.052792597246668e+00
4999 2.044481324634556e+00 1.845360683754919e-01 2.052792597246725e+00
5000 2.044481324634645e+00 -1.845360683739089e-01 2.052792597246671e+00
5001 2.044481324634659e+00 1.845360683739110e-01 2.052792597246685e+00
5002 1.949445775658422e+00 -4.534375718146664e-01 2.001485564216153e+00
5003 1.949445775658421e+00 -4.534375718146689e-01 2.001485564216152e+00
5004 1.949445775658424e+00 4.534375718146700e-01 2.001485564216154e+00
5005 1.949445775658443e+00 -4.534375718146745e-01 2.001485564216174e+00
5006 1.949445775658479e+00 -4.534375718146824e-01 2.001485564216211e+00
5007 1.737955999685483e+00 -5.550248974589080e-01 1.824429689969454e+00
5008 1.737955999680266e+00 -5.550248974441525e-01 1.824429689959995e+00
5009 1.737955999680278e+00 -5.550248974441541e-01 1.824429689960007e+00
5010 1.737955999679426e+00 -5.550248974448662e-01 1.824429689959412e+00
5011 1.737955999679418e+00 -5.550248974448642e-01 1.824429689959404e+00
5012 1.703053552423606e+00 -5.340503437486390e-01 1.784825249731946e+00
5013 1.703053552422914e+00 -5.340503437503215e-01 1.784825249731788e+00
5014 1.733720618345057e+00 -5.589137458606994e-01 1.821584957608841e+00
5015 1.703053552423604e+00 -5.340503437486402e-01 1.784825249731945e+00
5016 1.703053552422915e+00 -5.340503437503195e-01 1.784825249731789e+00
5017 1.703053552423219e+00 -5.340503437494802e-01 1.784825249731828e+00
5018 1.882830135498220e+00 5.293922279255940e-01 1.955838809853274e+00
5019 1.703053552423313e+00 -5.340503437494876e-01 1.784825249731920e+00
5020 1.733720618345038e+00 -5.589137458606848e-01 1.821584957608819e+00
5021 1.882830135460425e+00 5.293922278481655e-01 1.955838809795932e+00
5022 1.882830135480610e+00 5.293922278873421e-01 1.955838809825967e+00
5023 1.733720618330917e+00 5.589137458907150e-01 1.821584957604593e+00
5024 1.733720618359208e+00 5.589137458306781e-01 1.821584957613098e+00
5025 1.733720618330891e+00 5.589137458907002e-01 1.821584957604564e+00
5026 1.733720618344587e+00 5.589137458537941e-01 1.821584957606275e+00
5027 1.733720618359178e+00 5.589137458306637e-01 1.821584957613066e+00
5028 1.703053552437320e+00 5.340503437020427e-01 1.784825249731090e+00
5029 1.703053552409206e+00 5.340503437969160e-01 1.784825249732651e+00
5030 1.737955999674210e+00 5.550248974301003e-01 1.824429689949951e+00
5031 1.882830135480650e+00 5.293922278873453e-01 1.955838809826006e+00
5032 1.882830135478030e+00 5.293922278863996e-01 1.955838809823229e+00
5033 1.733720618345511e+00 5.589137458675891e-01 1.821584957611388e+00
5034 1.882830135478041e+00 5.293922278863932e-01 1.955838809823237e+00
5035 1.737955999674224e+00 5.550248974301013e-01 1.824429689949965e+00
5036 1.737955999685485e+00 5.550248974589194e-01 1.824429689969459e+00
5037 1.737955999685493e+00 5.550248974589121e-01 1.824429689969465e+00
5038 1.733720618344590e+00 5.589137458537882e-01 1.821584957606276e+00
5039 1.703053552437313e+00 5.340503437020412e-01 1.784825249731082e+00
5040 1.703053552409200e+00 5.340503437969141e-01 1.784825249732645e+00
5041 1.733720618345541e+00 5.589137458675950e-01 1.821584957611418e+00
5042 1.737955999679408e+00 5.550248974448558e-01 1.824429689959392e+00
5043 1.737955999680259e+00 5.550248974441455e-01 1.824429689959986e+00
5044 1.733720618345082e+00 5.589137458607041e-01 1.821584957608867e+00
5045 1.733720618345052e+00 5.589137458606848e-01 1.821584957608832e+00
5046 1.703053552422904e+00 5.340503437503156e-01 1.784825249731778e+00
5047 1.703053552423604e+00 5.340503437486395e-01 1.784825249731944e+00
5048 1.703053552423216e+00 5.340503437494746e-01 1.784825249731824e+00
5049 1.703053552423321e+00 5.340503437494860e-01 1.784825249731927e+00
5050 1.737955999680277e+00 5.550248974441520e-01 1.824429689960006e+00
5051 1.703053552423594e+00 5.340503437486395e-01 1.784825249731935e+00
5052 1.703053552422897e+00 5.340503437503082e-01 1.784825249731769e+00
5053 1.703053552423199e+00 5.340503437494725e-01 1.784825249731807e+00
5054 1.703053552423296e+00 5.340503437494832e-01 1.784825249731902e+00
5055 1.726331639020241e+00 -5.433612828084061e-01 1.809823862020144e+00
5056 1.726331639020260e+00 -5.433612828084046e-01 1.809823862020161e+00
5057 1.726331639020245e+00 -5.433612828084048e-01 1.809823862020147e+00
5058 1.712776670712638e+00 -5.284800767620346e-01 1.792455052510906e+00
5059 1.712776670712232e+00 -5.284800767622996e-01 1.792455052510596e+00
5060 1.712776670712228e+00 -5.284800767623085e-01 1.792455052510595e+00
5061 1.712776670712620e+00 -5.284800767620402e-01 1.792455052510890e+00
5062 1.949445775658415e+00 4.534375718146688e-01 2.001485564216146e+00
5063 1.949445775658419e+00 4.534375718146665e-01 2.001485564216149e+00
5064 1.949445775658420e+00 4.534375718146720e-01 2.001485564216151e+00
5065 1.703053552423234e+00 -5.340503437494779e-01 1.784825249731842e+00
5066 1.703053552423322e+00 -5.340503437494849e-01 1.784825249731928e+00
5067 1.726331639020251e+00 5.433612828083928e-01 1.809823862020150e+00
5068 2.020363199631222e+00 -2.771704931212334e-01 2.039286870619526e+00
5069 2.020363199544605e+00 -2.771704934686883e-01 2.039286870580936e+00
5070 2.020363199566903e+00 -2.771704932997079e-01 2.039286870580060e+00
5071 2.020363199608902e+00 -2.771704932902132e-01 2.039286870620379e+00
5072 2.020363199608918e+00 -2.771704932902143e-01 2.039286870620395e+00
5073 1.737955999679381e+00 5.550248974448438e-01 1.824429689959363e+00
5074 1.733720618345049e+00 5.589137458606815e-01 1.821584957608828e+00
5075 1.733720618345059e+00 5.589137458606980e-01 1.821584957608843e+00
5076 1.726331639020252e+00 5.433612828084031e-01 1.809823862020153e+00
5077 1.726331639020229e+00 5.433612828084017e-01 1.809823862020131e+00
5078 2.034003617394506e+00 -2.216432954783365e-01 2.046044101676314e+00
5079 2.034003618020816e+00 -2.216432955274627e-01 2.046044102304259e+00
5080 2.034003617394541e+00 -2.216432954783348e-01 2.046044101676348e+00
5081 2.034003618020854e+00 -2.216432955274630e-01 2.046044102304297e+00
5082 2.034003617781758e+00 -2.216432954572604e-01 2.046044102059004e+00
5083 2.034003617633607e+00 -2.216432955485447e-01 2.046044101921613e+00
5084 2.020363199631221e+00 2.771704931212349e-01 2.039286870619524e+00
5085 2.034003617701865e+00 -2.216432955240490e-01 2.046044101986816e+00
5086 2.034003617781768e+00 -2.216432954572629e-01 2.046044102059014e+00
5087 2.034003617633596e+00 -2.216432955485420e-01 2.046044101921602e+00
5088 2.034003617713509e+00 -2.216432954817442e-01 2.046044101993808e+00
5089 2.034003617701870e+00 -2.216432955240534e-01 2.046044101986821e+00
5090 2.020363199631215e+00 2.771704931212322e-01 2.039286870619518e+00
5091 2.020363199544613e+00 2.771704934686886e-01 2.039286870580944e+00
5092 2.020363199608910e+00 2.771704932902174e-01 2.039286870620387e+00
5093 2.020363199544592e+00 2.771704934686776e-01 2.039286870580923e+00
5094 2.034003618020829e+00 2.216432955274638e-01 2.046044102304273e+00
5095 2.034003617713497e+00 -2.216432954817599e-01 2.046044101993799e+00
5096 2.020363199566912e+00 2.771704932997083e-01 2.039286870580070e+00
5097 2.020363199566920e+00 2.771704932997128e-01 2.039286870580078e+00
5098 2.034003617394529e+00 2.216432954783428e-01 2.046044101676337e+00
5099 2.034003618020828e+00 2.216432955274601e-01 2.046044102304271e+00
5100 2.034003617394518e+00 2.216432954783319e-01 2.046044101676324e+00
5101 2.034003617781747e+00 2.216432954572658e-01 2.046044102058993e+00
5102 2.034003617781795e+00 2.216432954572624e-01 2.046044102059041e+00
5103 2.034003617633601e+00 2.216432955485440e-01 2.046044101921607e+00
5104 2.034003617633613e+00 2.216432955485406e-01 2.046044101921619e+00
5105 2.034003617713504e+00 2.216432954817476e-01 2.046044101993804e+00
5106 2.034003617701879e+00 2.216432955240553e-01 2.046044101986830e+00
5107 2.034003617701889e+00 2.216432955240551e-01 2.046044101986840e+00
5108 2.034003617713512e+00 2.216432954817532e-01 2.046044101993813e+00
5109 1.733720618345070e+00 -5.589137458606910e-01 1.821584957608851e+00
5110 1.726331639020278e+00 5.433612828084078e-01 1.809823862020179e+00
5111 2.020363199631216e+00 -2.771704931212389e-01 2.039286870619520e+00
5112 2.020363199544618e+00 -2.771704934686933e-01 2.039286870580950e+00
5113 2.020363199566922e+00 -2.771704932997082e-01 2.039286870580079e+00
5114 1.712776670712233e+00 5.284800767623117e-01 1.792455052510600e+00
5115 1.712776670712623e+00 5.284800767620410e-01 1.792455052510893e+00
5116 1.708414765967837e+00 -5.234840792126739e-01 1.786817448360655e+00
5117 1.712776670712614e+00 5.284800767620328e-01 1.792455052510882e+00
5118 1.708414765984771e+00 -5.234840791824775e-01 1.786817448367999e+00
5119 1.712776670712217e+00 5.284800767623034e-01 1.792455052510583e+00
5120 1.708414765967829e+00 -5.234840792126680e-01 1.786817448360645e+00
5121 1.708414765973703e+00 -5.234840791992442e-01 1.786817448362329e+00
5122 1.708414765984757e+00 -5.234840791824700e-01 1.786817448367984e+00
5123 2.020363199608942e+00 2.771704932902208e-01 2.039286870620419e+00
5124 1.708414765978852e+00 -5.234840791958993e-01 1.786817448366272e+00
5125 1.708414765978865e+00 -5.234840791958920e-01 1.786817448366282e+00
5126 1.708414765973704e+00 -5.234840791992361e-01 1.786817448362327e+00
5127 1.708414765984727e+00 5.234840791824618e-01 1.786817448367952e+00
5128 1.708414765967818e+00 5.234840792126647e-01 1.786817448360634e+00
5129 1.708414765984750e+00 5.234840791824693e-01 1.786817448367976e+00
5130 1.708414765973696e+00 5.234840791992390e-01 1.786817448362320e+00
5131 1.708414765978850e+00 5.234840791958937e-01 1.786817448366269e+00
5132 1.708414765967813e+00 5.234840792126623e-01 1.786817448360629e+00
5133 1.979669223244879e+00 -4.181971618798863e-01 2.023358371536633e+00
5134 1.979669223229007e+00 -4.181971618277965e-01 2.023358371510338e+00
5135 1.979669223229032e+00 -4.181971618278062e-01 2.023358371510363e+00
5136 1.979669223244875e+00 -4.181971618798884e-01 2.023358371536629e+00
5137 1.979669223224307e+00 -4.181971618487035e-01 2.023358371510060e+00
5138 1.979669223236500e+00 -4.181971618542618e-01 2.023358371523139e+00
5139 1.979669223249543e+00 -4.181971618589611e-01 2.023358371536871e+00
5140 1.979669223249586e+00 -4.181971618589787e-01 2.023358371536917e+00
5141 1.979669223224312e+00 -4.181971618487260e-01 2.023358371510070e+00
5142 2.020583357915056e+00 -1.916006847117144e-01 2.029647242420535e+00
5143 2.020583357911974e+00 -1.916006846990638e-01 2.029647242416273e+00
5144 2.020583357915067e+00 -1.916006847117133e-01 2.029647242420546e+00
5145 1.979669223236523e+00 -4.181971618542539e-01 2.023358371523159e+00
5146 2.020583357911967e+00 -1.916006846990337e-01 2.029647242416263e+00
5147 2.020583357915090e+00 1.916006847117070e-01 2.029647242420568e+00
5148 2.020583357911971e+00 1.916006846990346e-01 2.029647242416267e+00
5149 1.979669223237372e+00 -4.181971618534389e-01 2.023358371523822e+00
5150 1.979669223249535e+00 4.181971618589728e-01 2.023358371536866e+00
5151 2.020583357912002e+00 1.916006846990369e-01 2.029647242416298e+00
5152 1.979669223229012e+00 4.181971618277978e-01 2.023358371510342e+00
5153 1.979669223244874e+00 4.181971618798886e-01 2.023358371536629e+00
5154 1.979669223249570e+00 4.181971618589761e-01 2.023358371536901e+00
5155 1.979669223224331e+00 4.181971618487158e-01 2.023358371510086e+00
5156 1.979669223244874e+00 4.181971618798829e-01 2.023358371536628e+00
5157 1.979669223224320e+00 4.181971618487170e-01 2.023358371510075e+00
5158 1.979669223236473e+00 4.181971618542463e-01 2.023358371523109e+00
5159 1.979669223237349e+00 4.181971618534328e-01 2.023358371523798e+00
5160 2.020583357915095e+00 1.916006847117137e-01 2.029647242420574e+00
5161 2.020583357913040e+00 -1.916006847049749e-01 2.029647242417892e+00
5162 2.020583357914041e+00 -1.916006847057433e-01 2.029647242418961e+00
5163 1.979669223237370e+00 -4.181971618534251e-01 2.023358371523817e+00
5164 1.979669223236495e+00 4.181971618542553e-01 2.023358371523132e+00
5165 1.979669223229028e+00 4.181971618278028e-01 2.023358371510359e+00
5166 2.020583357914054e+00 1.916006847057425e-01 2.029647242418974e+00
5167 2.020583357913075e+00 1.916006847049927e-01 2.029647242417927e+00
5168 2.020583357914021e+00 1.916006847057531e-01 2.029647242418942e+00
5169 2.020583357913005e+00 -1.916006847049921e-01 2.029647242417859e+00
5170 2.020583357914021e+00 -1.916006847057697e-01 2.029647242418943e+00
5171 2.020583357913044e+00 1.916006847049995e-01 2.029647242417898e+00
5172 1.979669223237372e+00 4.181971618534397e-01 2.023358371523822e+00
5173 1.726331639020246e+00 -5.433612828084041e-01 1.809823862020148e+00
5174 1.717141871442200e+00 -5.173788677380111e-01 1.793392622780045e+00
5175 1.717141871442447e+00 -5.173788677378451e-01 1.793392622780233e+00
5176 1.708414765973673e+00 5.234840791992308e-01 1.786817448362296e+00
5177 1.708414765978840e+00 5.234840791958905e-01 1.786817448366258e+00
5178 1.756795969059153e+00 5.424400333222484e-01 1.838633532450969e+00
5179 1.756795969067156e+00 5.424400333345158e-01 1.838633532462235e+00
5180 1.719616209044498e+00 -5.396972490515326e-01 1.802318791735347e+00
5181 1.719616209037172e+00 -5.396972490138052e-01 1.802318791717060e+00
5182 1.719616209038357e+00 -5.396972490295707e-01 1.802318791722912e+00
5183 1.756795968998042e+00 -5.424400333755635e-01 1.838633532408308e+00
5184 1.756795969067160e+00 -5.424400333345210e-01 1.838633532462240e+00
5185 1.756795969059154e+00 -5.424400333222527e-01 1.838633532450972e+00
5186 1.756795969128259e+00 -5.424400332812135e-01 1.838633532504894e+00
5187 1.756795969128248e+00 -5.424400332812064e-01 1.838633532504881e+00
5188 1.719616209044524e+00 -5.396972490515276e-01 1.802318791735371e+00
5189 1.756795969059139e+00 -5.424400333222564e-01 1.838633532450958e+00
5190 1.719616209037190e+00 -5.396972490138030e-01 1.802318791717076e+00
5191 1.719616209038363e+00 -5.396972490295743e-01 1.802318791722919e+00
5192 1.756795969128286e+00 5.424400332812103e-01 1.838633532504919e+00
5193 1.756795968998064e+00 5.424400333755621e-01 1.838633532408328e+00
5194 1.719616209043326e+00 -5.396972490357576e-01 1.802318791729505e+00
5195 1.719616209043311e+00 -5.396972490357572e-01 1.802318791729491e+00
5196 1.719616209040831e+00 -5.396972490326590e-01 1.802318791726197e+00
5197 1.719616209040845e+00 -5.396972490326651e-01 1.802318791726212e+00
5198 1.756795969128256e+00 5.424400332812145e-01 1.838633532504891e+00
5199 1.719616209040873e+00 -5.396972490326755e-01 1.802318791726242e+00
5200 1.708745682619848e+00 -5.208202962064798e-01 1.786355392639599e+00
5201 1.708745682600097e+00 -5.208202962773747e-01 1.786355392641376e+00
5202 1.719616209044515e+00 5.396972490515350e-01 1.802318791735364e+00
5203 1.719616209044498e+00 5.396972490515286e-01 1.802318791735346e+00
5204 1.719616209038362e+00 5.396972490295738e-01 1.802318791722918e+00
5205 1.719616209037178e+00 5.396972490138093e-01 1.802318791717068e+00
5206 1.719616209037181e+00 5.396972490138083e-01 1.802318791717070e+00
5207 1.719616209040824e+00 5.396972490326600e-01 1.802318791726191e+00
5208 1.719616209040844e+00 5.396972490326745e-01 1.802318791726214e+00
5209 1.719616209043337e+00 5.396972490357663e-01 1.802318791729518e+00
5210 1.719616209038350e+00 5.396972490295645e-01 1.802318791722903e+00
5211 1.708745682600082e+00 5.208202962773675e-01 1.786355392641360e+00
5212 1.708745682619831e+00 5.208202962064776e-01 1.786355392639582e+00
5213 1.708745682619831e+00 -5.208202962064716e-01 1.786355392639580e+00
5214 1.708745682600088e+00 -5.208202962773666e-01 1.786355392641364e+00
5215 1.719616209040833e+00 5.396972490326553e-01 1.802318791726198e+00
5216 1.719616209040859e+00 5.396972490326766e-01 1.802318791726229e+00
5217 1.708745682600080e+00 5.208202962773734e-01 1.786355392641360e+00
5218 1.708745682619825e+00 5.208202962064727e-01 1.786355392639575e+00
5219 1.719616209043313e+00 5.396972490357582e-01 1.802318791729493e+00
5220 1.708745682609893e+00 -5.208202962424395e-01 1.786355392640560e+00
5221 1.708745682609983e+00 -5.208202962419185e-01 1.786355392640494e+00
5222 1.708745682609944e+00 -5.208202962419157e-01 1.786355392640457e+00
5223 1.708745682610019e+00 -5.208202962414019e-01 1.786355392640379e+00
5224 1.708745682609886e+00 5.208202962424404e-01 1.786355392640554e+00
5225 1.708745682609876e+00 -5.208202962424363e-01 1.786355392640544e+00
5226 1.708745682609947e+00 5.208202962419228e-01 1.786355392640462e+00
5227 1.708745682610015e+00 5.208202962414024e-01 1.786355392640375e+00
5228 1.708745682610002e+00 5.208202962419285e-01 1.786355392640516e+00
5229 1.708745682609975e+00 -5.208202962419236e-01 1.786355392640489e+00
5230 1.708745682609898e+00 5.208202962424384e-01 1.786355392640565e+00
5231 1.708745682610002e+00 -5.208202962414026e-01 1.786355392640363e+00
5232 1.708745682610024e+00 5.208202962414004e-01 1.786355392640383e+00
5233 1.813102455005789e+00 5.190996155154304e-01 1.885949342685611e+00
5234 1.813102455006112e+00 5.190996155197425e-01 1.885949342687108e+00
5235 1.756795968998064e+00 5.424400333755717e-01 1.838633532408332e+00
5236 1.721855705902655e+00 5.287559793494214e-01 1.801213468095133e+00
5237 1.721855705902686e+00 5.287559793494271e-01 1.801213468095164e+00
5238 1.813102455005777e+00 -5.190996155154343e-01 1.885949342685600e+00
5239 1.813102455006098e+00 -5.190996155197430e-01 1.885949342687095e+00
5240 1.721855705902648e+00 5.287559793494135e-01 1.801213468095124e+00
5241 1.717141871442202e+00 5.173788677380127e-01 1.793392622780047e+00
5242 1.717141871442446e+00 5.173788677378472e-01 1.793392622780233e+00
5243 1.717141871442213e+00 5.173788677380143e-01 1.793392622780057e+00
5244 1.717141871442455e+00 5.173788677378426e-01 1.793392622780240e+00
5245 1.756795968998040e+00 -5.424400333755596e-01 1.838633532408305e+00
5246 1.721855705902611e+00 -5.287559793494153e-01 1.801213468095089e+00
5247 1.721855705902641e+00 -5.287559793494179e-01 1.801213468095119e+00
5248 1.721855705902625e+00 -5.287559793494094e-01 1.801213468095101e+00
5249 1.756795969067146e+00 -5.424400333345267e-01 1.838633532462229e+00
5250 1.722498004130425e+00 -5.245022558495321e-01 1.800583791614416e+00
5251 1.721855705902639e+00 -5.287559793494193e-01 1.801213468095117e+00
5252 1.722498004130414e+00 -5.245022558495218e-01 1.800583791614402e+00
5253 1.722498004130408e+00 -5.245022558495316e-01 1.800583791614399e+00
5254 1.719616209040873e+00 -5.396972490326785e-01 1.802318791726243e+00
5255 1.714776001719290e+00 -5.264683795071486e-01 1.793774147069044e+00
5256 1.736382570972522e+00 -5.338277076264449e-01 1.816589236510789e+00
5257 1.736382570965284e+00 -5.338277076123958e-01 1.816589236499742e+00
5258 1.736382570960962e+00 -5.338277076263785e-01 1.816589236499720e+00
5259 1.736382570953719e+00 -5.338277076123331e-01 1.816589236488669e+00
5260 1.714776001739656e+00 -5.264683794633875e-01 1.793774147075670e+00
5261 1.714776001719311e+00 -5.264683795071535e-01 1.793774147069066e+00
5262 1.714776001718741e+00 -5.264683794843917e-01 1.793774147061840e+00
5263 1.714776001740218e+00 -5.264683794861488e-01 1.793774147082887e+00
5264 1.714776001729315e+00 -5.264683794851737e-01 1.793774147072178e+00
5265 1.714776001739667e+00 -5.264683794633906e-01 1.793774147075681e+00
5266 1.714776001739683e+00 5.264683794633951e-01 1.793774147075697e+00
5267 1.714776001718765e+00 5.264683794843961e-01 1.793774147061865e+00
5268 1.714776001718753e+00 5.264683794843925e-01 1.793774147061852e+00
5269 1.714776001739673e+00 5.264683794633882e-01 1.793774147075686e+00
5270 1.714776001718767e+00 -5.264683794844029e-01 1.793774147061869e+00
5271 1.714776001740252e+00 -5.264683794861584e-01 1.793774147082923e+00
5272 1.714776001729663e+00 -5.264683794853701e-01 1.793774147072568e+00
5273 1.714776001719307e+00 5.264683795071529e-01 1.793774147069062e+00
5274 1.714776001719309e+00 5.264683795071575e-01 1.793774147069065e+00
5275 1.714776001740231e+00 5.264683794861499e-01 1.793774147082901e+00
5276 1.714776001740226e+00 5.264683794861508e-01 1.793774147082895e+00
5277 1.714776001729665e+00 5.264683794853597e-01 1.793774147072568e+00
5278 1.714776001729644e+00 -5.264683794853668e-01 1.793774147072550e+00
5279 1.714776001729315e+00 5.264683794851781e-01 1.793774147072180e+00
5280 1.714776001729641e+00 5.264683794853601e-01 1.793774147072544e+00
5281 1.714776001729317e+00 5.264683794851859e-01 1.793774147072183e+00
5282 1.742953626246844e+00 -5.406468076370694e-01 1.824879808057281e+00
5283 1.742953626221977e+00 -5.406468076186783e-01 1.824879808028081e+00
5284 1.742953626238135e+00 -5.406468076273840e-01 1.824879808046094e+00
5285 1.742953626230733e+00 -5.406468076283584e-01 1.824879808039312e+00
5286 1.742953626234101e+00 -5.406468076280944e-01 1.824879808042450e+00
5287 1.742953626234759e+00 -5.406468076276618e-01 1.824879808042951e+00
5288 1.742953626230712e+00 -5.406468076283629e-01 1.824879808039293e+00
5289 1.742953626234758e+00 -5.406468076276566e-01 1.824879808042948e+00
5290 1.742953626234098e+00 -5.406468076280938e-01 1.824879808042448e+00
5291 1.742953626246877e+00 -5.406468076370733e-01 1.824879808057313e+00
5292 1.742953626221973e+00 -5.406468076186761e-01 1.824879808028077e+00
5293 1.742953626238113e+00 -5.406468076273848e-01 1.824879808046073e+00
5294 1.813102455006125e+00 5.190996155197469e-01 1.885949342687122e+00
5295 1.813102455005804e+00 5.190996155154248e-01 1.885949342685624e+00
5296 1.813102455006123e+00 -5.190996155197334e-01 1.885949342687115e+00
5297 1.813102455005809e+00 -5.190996155154357e-01 1.885949342685631e+00
5298 1.895349111238152e+00 -4.455480328564885e-01 1.947013431657198e+00
5299 1.895349111238924e+00 -4.455480328613997e-01 1.947013431659073e+00
5300 1.756795969059169e+00 5.424400333222531e-01 1.838633532450986e+00
5301 1.756795969067166e+00 5.424400333345277e-01 1.838633532462248e+00
5302 1.708745682609986e+00 5.208202962419263e-01 1.786355392640500e+00
5303 1.708745682609938e+00 5.208202962419171e-01 1.786355392640451e+00
5304 1.717141871442454e+00 -5.173788677378488e-01 1.793392622780241e+00
5305 1.717141871442214e+00 -5.173788677380160e-01 1.793392622780059e+00
5306 1.721855705902632e+00 5.287559793494033e-01 1.801213468095106e+00
5307 1.895349111238158e+00 4.455480328564887e-01 1.947013431657204e+00
5308 1.895349111238930e+00 4.455480328614011e-01 1.947013431659079e+00
5309 1.722498004130433e+00 5.245022558495284e-01 1.800583791614422e+00
5310 1.722498004130408e+00 5.245022558495167e-01 1.800583791614395e+00
5311 1.708745682609914e+00 -5.208202962419110e-01 1.786355392640427e+00
5312 1.722498004130389e+00 5.245022558495178e-01 1.800583791614377e+00
5313 1.722498004130428e+00 5.245022558495360e-01 1.800583791614419e+00
5314 1.714776001729313e+00 -5.264683794851789e-01 1.793774147072178e+00
5315 1.722498004130388e+00 -5.245022558495215e-01 1.800583791614377e+00
5316 1.736382570972509e+00 -5.338277076264381e-01 1.816589236510774e+00
5317 1.736382570960964e+00 -5.338277076263774e-01 1.816589236499722e+00
5318 1.736382570953721e+00 -5.338277076123306e-01 1.816589236488670e+00
5319 1.736382570965270e+00 -5.338277076123950e-01 1.816589236499728e+00
5320 1.742953626246839e+00 5.406468076370603e-01 1.824879808057273e+00
5321 1.742953626221984e+00 5.406468076186765e-01 1.824879808028088e+00
5322 1.736382570960951e+00 5.338277076263753e-01 1.816589236499708e+00
5323 1.736382570965273e+00 5.338277076123914e-01 1.816589236499730e+00
5324 1.736382570953705e+00 5.338277076123260e-01 1.816589236488654e+00
5325 1.736382570953706e+00 5.338277076123301e-01 1.816589236488656e+00
5326 1.742953626246853e+00 5.406468076370700e-01 1.824879808057289e+00
5327 1.742953626221983e+00 5.406468076186810e-01 1.824879808028088e+00
5328 1.742953626230718e+00 5.406468076283590e-01 1.824879808039298e+00
5329 1.742953626238127e+00 5.406468076273852e-01 1.824879808046086e+00
5330 1.742953626238128e+00 5.406468076273876e-01 1.824879808046088e+00
5331 1.736382570960948e+00 5.338277076263684e-01 1.816589236499703e+00
5332 1.736382570965267e+00 5.338277076123864e-01 1.816589236499723e+00
5333 1.742953626230730e+00 5.406468076283629e-01 1.824879808039311e+00
5334 1.742953626234744e+00 5.406468076276563e-01 1.824879808042936e+00
5335 1.742953626234080e+00 5.406468076280924e-01 1.824879808042430e+00
5336 1.742953626234764e+00 5.406468076276638e-01 1.824879808042956e+00
5337 1.742953626234120e+00 5.406468076280992e-01 1.824879808042470e+00
5338 1.736382570972497e+00 5.338277076264343e-01 1.816589236510762e+00
5339 1.736382570972500e+00 5.338277076264363e-01 1.816589236510765e+00
5340 1.728338482143933e+00 -5.231176728908431e-01 1.805770198156544e+00
5341 1.728338482150207e+00 -5.231176729178886e-01 1.805770198170385e+00
5342 1.742821803476357e+00 -5.361491158341173e-01 1.823426366235359e+00
5343 1.742821803510122e+00 -5.361491158649214e-01 1.823426366276689e+00
5344 1.728338482150206e+00 -5.231176729178936e-01 1.805770198170385e+00
5345 1.728338482102600e+00 -5.231176729787816e-01 1.805770198142459e+00
5346 1.728338482096351e+00 -5.231176729517332e-01 1.805770198128642e+00
5347 1.728338482143937e+00 -5.231176728908412e-01 1.805770198156547e+00
5348 1.742821803502379e+00 -5.361491158481730e-01 1.823426366264364e+00
5349 1.742821803476389e+00 -5.361491158341332e-01 1.823426366235394e+00
5350 1.742821803484091e+00 -5.361491158508706e-01 1.823426366247677e+00
5351 1.742821803510115e+00 -5.361491158649273e-01 1.823426366276685e+00
5352 1.728338482102607e+00 -5.231176729787838e-01 1.805770198142466e+00
5353 1.742821803493644e+00 -5.361491158493134e-01 1.823426366256351e+00
5354 1.742821803484113e+00 -5.361491158508762e-01 1.823426366247700e+00
5355 1.728338482096349e+00 -5.231176729517433e-01 1.805770198128643e+00
5356 1.895349111238173e+00 4.455480328564967e-01 1.947013431657220e+00
5357 1.895349111238938e+00 4.455480328614091e-01 1.947013431659089e+00
5358 1.742821803502403e+00 -5.361491158481739e-01 1.823426366264387e+00
5359 1.976086043671317e+00 -1.918113818388710e-01 1.985373430414413e+00
5360 1.976086043716495e+00 -1.918113817001468e-01 1.985373430445977e+00
5361 1.976086043671325e+00 -1.918113818388714e-01 1.985373430414421e+00
5362 1.976086043716523e+00 -1.918113817001420e-01 1.985373430446005e+00
5363 1.976086043788933e+00 -1.918113820887216e-01 1.985373430555618e+00
5364 1.976086043788922e+00 -1.918113820887184e-01 1.985373430555606e+00
5365 1.732004726273036e+00 -5.250812736805315e-01 1.809848257673031e+00
5366 1.732004726277971e+00 -5.250812736802729e-01 1.809848257677678e+00
5367 1.976086043758183e+00 -1.918113819115370e-01 1.985373430507894e+00
5368 1.976086043747271e+00 -1.918113818773354e-01 1.985373430493728e+00
5369 1.976086043834111e+00 -1.918113819499974e-01 1.985373430587182e+00
5370 1.976086043834109e+00 -1.918113819499958e-01 1.985373430587179e+00
5371 1.976086043747250e+00 -1.918113818773229e-01 1.985373430493706e+00
5372 1.732004726275900e+00 -5.250812736672605e-01 1.809848257671921e+00
5373 1.976086043758189e+00 -1.918113819115437e-01 1.985373430507900e+00
5374 1.732004726270963e+00 -5.250812736675072e-01 1.809848257667268e+00
5375 1.732004726273056e+00 -5.250812736805328e-01 1.809848257673050e+00
5376 1.742821803492846e+00 -5.361491158497369e-01 1.823426366255712e+00
5377 1.742821803492866e+00 -5.361491158497347e-01 1.823426366255731e+00
5378 1.732004726277982e+00 -5.250812736802741e-01 1.809848257677689e+00
5379 1.732004726275901e+00 -5.250812736672503e-01 1.809848257671919e+00
5380 1.732004726270981e+00 -5.250812736675150e-01 1.809848257667287e+00
5381 1.742821803493632e+00 -5.361491158493117e-01 1.823426366256339e+00
5382 1.728338482102606e+00 5.231176729787843e-01 1.805770198142465e+00
5383 1.728338482143939e+00 5.231176728908452e-01 1.805770198156551e+00
5384 1.976086043788958e+00 1.918113820887202e-01 1.985373430555643e+00
5385 1.976086043671344e+00 1.918113818388861e-01 1.985373430414442e+00
5386 1.976086043716516e+00 1.918113817001510e-01 1.985373430445998e+00
5387 1.976086043716518e+00 1.918113817001439e-01 1.985373430446000e+00
5388 1.976086043671312e+00 1.918113818388685e-01 1.985373430414408e+00
5389 1.976086043747303e+00 1.918113818773115e-01 1.985373430493758e+00
5390 1.976086043788914e+00 1.918113820887217e-01 1.985373430555599e+00
5391 1.976086043834090e+00 1.918113819499992e-01 1.985373430587161e+00
5392 1.976086043834153e+00 1.918113819499983e-01 1.985373430587224e+00
5393 1.976086043747278e+00 1.918113818773331e-01 1.985373430493735e+00
5394 1.976086043758232e+00 1.918113819115526e-01 1.985373430507944e+00
5395 1.976086043758216e+00 1.918113819115402e-01 1.985373430507926e+00
5396 1.728338482102584e+00 5.231176729787728e-01 1.805770198142441e+00
5397 1.728338482150193e+00 5.231176729178908e-01 1.805770198170371e+00
5398 1.728338482150171e+00 5.231176729178821e-01 1.805770198170348e+00
5399 1.728338482143931e+00 5.231176728908414e-01 1.805770198156542e+00
5400 1.742821803510127e+00 5.361491158649203e-01 1.823426366276694e+00
5401 1.742821803502393e+00 5.361491158481755e-01 1.823426366264378e+00
5402 1.724061148526035e+00 -5.141827124112375e-01 1.799102750150610e+00
5403 1.724061148563561e+00 -5.141827122599134e-01 1.799102750143323e+00
5404 1.724061148563554e+00 -5.141827122599106e-01 1.799102750143315e+00
5405 1.742821803510108e+00 5.361491158649173e-01 1.823426366276675e+00
5406 1.742821803476350e+00 5.361491158341186e-01 1.823426366235353e+00
5407 1.724061148526045e+00 -5.141827124112389e-01 1.799102750150620e+00
5408 1.728338482096333e+00 5.231176729517332e-01 1.805770198128625e+00
5409 1.724061148545969e+00 -5.141827123331948e-01 1.799102750147408e+00
5410 1.724061148543620e+00 -5.141827123379564e-01 1.799102750146518e+00
5411 1.724061148543597e+00 -5.141827123379468e-01 1.799102750146493e+00
5412 1.742821803502382e+00 5.361491158481699e-01 1.823426366264366e+00
5413 1.742821803484101e+00 5.361491158508753e-01 1.823426366247688e+00
5414 1.742821803476371e+00 5.361491158341234e-01 1.823426366235375e+00
5415 1.728338482096347e+00 5.231176729517344e-01 1.805770198128638e+00
5416 1.733455486873617e+00 -5.318907287010068e-01 1.813222455257582e+00
5417 1.733455486911110e+00 -5.318907287553644e-01 1.813222455309371e+00
5418 1.733455486911128e+00 -5.318907287553671e-01 1.813222455309389e+00
5419 1.724061148544888e+00 -5.141827123355689e-01 1.799102750147051e+00
5420 1.724061148544707e+00 -5.141827123355913e-01 1.799102750146884e+00
5421 1.733455486873628e+00 -5.318907287010055e-01 1.813222455257593e+00
5422 1.742821803484100e+00 5.361491158508729e-01 1.823426366247687e+00
5423 1.742821803493642e+00 5.361491158493137e-01 1.823426366256349e+00
5424 1.742821803492837e+00 5.361491158497352e-01 1.823426366255703e+00
5425 1.733455486894441e+00 -5.318907287354135e-01 1.813222455287584e+00
5426 1.733455486890266e+00 -5.318907287209488e-01 1.813222455279349e+00
5427 1.733455486911116e+00 5.318907287553634e-01 1.813222455309377e+00
5428 1.732004726275903e+00 5.250812736672588e-01 1.809848257671923e+00
5429 1.732004726270964e+00 5.250812736675132e-01 1.809848257667271e+00
5430 1.732004726273026e+00 5.250812736805305e-01 1.809848257673021e+00
5431 1.732004726277975e+00 5.250812736802812e-01 1.809848257677685e+00
5432 1.733455486911100e+00 5.318907287553603e-01 1.813222455309361e+00
5433 1.733455486873608e+00 5.318907287010011e-01 1.813222455257573e+00
5434 1.732004726275920e+00 5.250812736672642e-01 1.809848257671941e+00
5435 1.732004726270979e+00 5.250812736675169e-01 1.809848257667286e+00
5436 1.732004726273025e+00 5.250812736805278e-01 1.809848257673019e+00
5437 1.732004726277997e+00 5.250812736802841e-01 1.809848257677706e+00
5438 1.742821803492831e+00 5.361491158497331e-01 1.823426366255697e+00
5439 1.733455486890308e+00 -5.318907287209559e-01 1.813222455279392e+00
5440 1.733455486894460e+00 -5.318907287354177e-01 1.813222455287602e+00
5441 1.733455486890269e+00 5.318907287209507e-01 1.813222455279352e+00
5442 1.733455486873613e+00 5.318907287010005e-01 1.813222455257577e+00
5443 1.733455486894422e+00 5.318907287354089e-01 1.813222455287564e+00
5444 1.733455486890295e+00 5.318907287209550e-01 1.813222455279379e+00
5445 1.733455486892338e+00 -5.318907287281600e-01 1.813222455283446e+00
5446 1.733455486892403e+00 -5.318907287282182e-01 1.813222455283525e+00
5447 1.733455486894460e+00 5.318907287354087e-01 1.813222455287600e+00
5448 1.733455486892357e+00 -5.318907287281665e-01 1.813222455283465e+00
5449 1.733455486892432e+00 -5.318907287282170e-01 1.813222455283552e+00
5450 1.733455486892340e+00 5.318907287281545e-01 1.813222455283446e+00
5451 1.733455486892406e+00 5.318907287282060e-01 1.813222455283524e+00
5452 1.733455486892414e+00 5.318907287282181e-01 1.813222455283535e+00
5453 1.742821803493640e+00 5.361491158493111e-01 1.823426366256346e+00
5454 1.895349111238932e+00 -4.455480328613994e-01 1.947013431659082e+00
5455 1.895349111238162e+00 -4.455480328564891e-01 1.947013431657209e+00
5456 1.891844581566722e+00 6.655231130099537e-02 1.893014825864517e+00
5457 1.891844581566740e+00 6.655231130099892e-02 1.893014825864536e+00
5458 1.895955632569494e+00 7.518990700196571e-02 1.897445989425510e+00
5459 1.895955632570796e+00 7.518990699820370e-02 1.897445989426662e+00
5460 1.895955632570828e+00 -7.518990699819827e-02 1.897445989426695e+00
5461 1.895955632569528e+00 -7.518990700196226e-02 1.897445989425544e+00
5462 1.891844581566696e+00 -6.655231130100450e-02 1.893014825864492e+00
5463 1.895955632569507e+00 7.518990700196082e-02 1.897445989425523e+00
5464 1.895955632570807e+00 7.518990699819827e-02 1.897445989426673e+00
5465 1.895955632570790e+00 -7.518990699819433e-02 1.897445989426656e+00
5466 1.895955632569505e+00 -7.518990700195904e-02 1.897445989425521e+00
5467 1.891844581566713e+00 -6.655231130099830e-02 1.893014825864509e+00
5468 1.891844581566714e+00 -6.655231130100342e-02 1.893014825864510e+00
5469 1.724061148563556e+00 5.141827122599136e-01 1.799102750143318e+00
5470 1.724061148526028e+00 5.141827124112350e-01 1.799102750150603e+00
5471 1.724061148563555e+00 5.141827122599127e-01 1.799102750143317e+00
5472 1.724061148526026e+00 5.141827124112351e-01 1.799102750150601e+00
5473 1.724061148546008e+00 -5.141827123332029e-01 1.799102750147448e+00
5474 1.724061148543606e+00 5.141827123379509e-01 1.799102750146503e+00
5475 1.724061148545996e+00 5.141827123332030e-01 1.799102750147436e+00
5476 1.724061148544924e+00 5.141827123355704e-01 1.799102750147085e+00
5477 1.724061148544702e+00 5.141827123355872e-01 1.799102750146878e+00
5478 1.733455486892327e+00 5.318907287281555e-01 1.813222455283434e+00
5479 1.724061148546003e+00 5.141827123332008e-01 1.799102750147443e+00
5480 1.724061148543621e+00 5.141827123379594e-01 1.799102750146520e+00
5481 1.724061148544897e+00 5.141827123355672e-01 1.799102750147058e+00
5482 1.724061148544727e+00 -5.141827123355931e-01 1.799102750146903e+00
5483 1.724061148544695e+00 5.141827123355867e-01 1.799102750146870e+00
5484 1.891844581566722e+00 6.655231130099556e-02 1.893014825864517e+00
5485 1.891844581566751e+00 6.655231130099679e-02 1.893014825864546e+00
5486 1.891844581566728e+00 -6.655231130099759e-02 1.893014825864523e+00
5487 1.763602147704033e+00 5.148961511938910e-01 1.837229049928331e+00
5488 1.763602147704042e+00 5.148961511938935e-01 1.837229049928341e+00
5489 1.763602147704008e+00 5.148961511938834e-01 1.837229049928305e+00
5490 1.724061148544901e+00 -5.141827123355747e-01 1.799102750147065e+00
5491 1.763602147704005e+00 -5.148961511938797e-01 1.837229049928302e+00
5492 1.760649774059773e+00 5.109947882447010e-01 1.833303930206330e+00
5493 1.763602147704060e+00 -5.148961511938948e-01 1.837229049928359e+00
5494 1.735532224908125e+00 5.018750980451916e-01 1.806640727353509e+00
5495 1.735532224907375e+00 5.018750980458819e-01 1.806640727352981e+00
5496 1.760649774059769e+00 5.109947882446971e-01 1.833303930206325e+00
5497 1.763602147704022e+00 -5.148961511938843e-01 1.837229049928319e+00
5498 1.760649774059776e+00 -5.109947882447053e-01 1.833303930206334e+00
5499 1.760649774057963e+00 5.109947882432350e-01 1.833303930204183e+00
5500 1.735532224908104e+00 -5.018750980451863e-01 1.806640727353488e+00
5501 1.735532224907357e+00 -5.018750980458730e-01 1.806640727352961e+00
5502 1.735532224907354e+00 -5.018750980458733e-01 1.806640727352958e+00
5503 1.735532224908106e+00 -5.018750980451867e-01 1.806640727353490e+00
5504 1.760649774057988e+00 5.109947882432377e-01 1.833303930204208e+00
5505 1.763602147704029e+00 -5.148961511938870e-01 1.837229049928326e+00
5506 1.735532224907332e+00 5.018750980458735e-01 1.806640727352937e+00
5507 1.760649774057988e+00 -5.109947882432377e-01 1.833303930204208e+00
5508 1.760649774059797e+00 -5.109947882447029e-01 1.833303930206354e+00
5509 1.760649774057982e+00 -5.109947882432334e-01 1.833303930204201e+00
5510 1.763602147704003e+00 5.148961511938753e-01 1.837229049928299e+00
5511 1.895177597339081e+00 6.608358072727150e-02 1.896329392562818e+00
5512 1.895177597356502e+00 6.608358075821366e-02 1.896329392581308e+00
5513 1.895177597339091e+00 6.608358072726946e-02 1.896329392562829e+00
5514 1.895177597356496e+00 6.608358075821856e-02 1.896329392581302e+00
5515 1.898003685041498e+00 -8.507922204932528e-02 1.899909593232168e+00
5516 1.898003685063987e+00 -8.507922211354149e-02 1.899909593257511e+00
5517 1.898003685063989e+00 8.507922211354985e-02 1.899909593257513e+00
5518 1.898003685064009e+00 8.507922211354992e-02 1.899909593257533e+00
5519 1.898003685041494e+00 8.507922204933135e-02 1.899909593232165e+00
5520 1.781086216624393e+00 -5.174215874844199e-01 1.854721868702769e+00
5521 1.898003685041500e+00 -8.507922204933172e-02 1.899909593232171e+00
5522 1.898003685063987e+00 -8.507922211354192e-02 1.899909593257510e+00
5523 1.898003685054242e+00 -8.507922207535534e-02 1.899909593246066e+00
5524 1.898003685051252e+00 -8.507922208752274e-02 1.899909593243624e+00
5525 1.781086216611672e+00 -5.174215874802458e-01 1.854721868689388e+00
5526 1.781086216586205e+00 -5.174215874809251e-01 1.854721868665122e+00
5527 1.781086216586181e+00 -5.174215874809128e-01 1.854721868665095e+00
5528 1.898003685041519e+00 8.507922204933172e-02 1.899909593232189e+00
5529 1.898003685054259e+00 -8.507922207535690e-02 1.899909593246082e+00
5530 1.781086216624395e+00 -5.174215874844255e-01 1.854721868702772e+00
5531 1.781086216606713e+00 -5.174215874819882e-01 1.854721868685113e+00
5532 1.781086216606717e+00 -5.174215874819943e-01 1.854721868685117e+00
5533 1.737679680211012e+00 -5.255150810484698e-01 1.815405401398713e+00
5534 1.781086216611683e+00 -5.174215874802524e-01 1.854721868689401e+00
5535 1.781086216603867e+00 -5.174215874833297e-01 1.854721868682753e+00
5536 1.737679680202293e+00 -5.255150810367206e-01 1.815405401386967e+00
5537 1.737679680211020e+00 -5.255150810484759e-01 1.815405401398723e+00
5538 1.898003685051262e+00 -8.507922208752297e-02 1.899909593243633e+00
5539 1.737679680207109e+00 -5.255150810458513e-01 1.815405401394220e+00
5540 1.737679680202304e+00 -5.255150810367177e-01 1.815405401386976e+00
5541 1.737679680207129e+00 -5.255150810458468e-01 1.815405401394237e+00
5542 1.898003685054207e+00 8.507922207535819e-02 1.899909593246031e+00
5543 1.898003685051225e+00 8.507922208752508e-02 1.899909593243597e+00
5544 1.737679680206190e+00 -5.255150810393420e-01 1.815405401391455e+00
5545 1.781086216603854e+00 -5.174215874833306e-01 1.854721868682742e+00
5546 1.898003685054231e+00 8.507922207535623e-02 1.899909593246054e+00
5547 1.781086216624382e+00 5.174215874844165e-01 1.854721868702758e+00
5548 1.737679680206165e+00 -5.255150810393409e-01 1.815405401391432e+00
5549 1.781086216598935e+00 -5.174215874850940e-01 1.854721868678510e+00
5550 1.737679680211022e+00 5.255150810484773e-01 1.815405401398725e+00
5551 1.737679680202298e+00 5.255150810367178e-01 1.815405401386971e+00
5552 1.737679680211004e+00 5.255150810484687e-01 1.815405401398706e+00
5553 1.737679680207132e+00 5.255150810458534e-01 1.815405401394242e+00
5554 1.781086216624393e+00 5.174215874844258e-01 1.854721868702770e+00
5555 1.781086216586183e+00 5.174215874809144e-01 1.854721868665099e+00
5556 1.781086216586212e+00 5.174215874809255e-01 1.854721868665129e+00
5557 1.781086216611661e+00 5.174215874802420e-01 1.854721868689377e+00
5558 1.781086216611660e+00 5.174215874802469e-01 1.854721868689377e+00
5559 1.737679680206710e+00 -5.255150810426181e-01 1.815405401392902e+00
5560 1.737679680202320e+00 5.255150810367246e-01 1.815405401386994e+00
5561 1.781086216598917e+00 5.174215874850908e-01 1.854721868678492e+00
5562 1.781086216598931e+00 -5.174215874850878e-01 1.854721868678504e+00
5563 1.737679680206624e+00 -5.255150810425777e-01 1.815405401392808e+00
5564 1.781086216598924e+00 5.174215874850914e-01 1.854721868678499e+00
5565 1.737679680207120e+00 5.255150810458495e-01 1.815405401394230e+00
5566 1.781086216603852e+00 5.174215874833312e-01 1.854721868682740e+00
5567 1.781086216606717e+00 5.174215874819929e-01 1.854721868685118e+00
5568 1.737679680206178e+00 5.255150810393436e-01 1.815405401391445e+00
5569 1.895177597356503e+00 -6.608358075821852e-02 1.896329392581309e+00
5570 1.895177597339082e+00 -6.608358072727127e-02 1.896329392562820e+00
5571 1.895177597356504e+00 -6.608358075821609e-02 1.896329392581310e+00
5572 1.895177597349147e+00 -6.608358074128265e-02 1.896329392573367e+00
5573 1.895177597339084e+00 -6.608358072727094e-02 1.896329392562822e+00
5574 1.895177597346398e+00 -6.608358074420895e-02 1.896329392570722e+00
5575 1.895177597347877e+00 -6.608358074270466e-02 1.896329392572148e+00
5576 1.895177597347751e+00 -6.608358074278529e-02 1.896329392572025e+00
5577 1.895177597347740e+00 -6.608358074278929e-02 1.896329392572013e+00
5578 1.895177597346430e+00 -6.608358074421009e-02 1.896329392570754e+00
5579 1.737679680206176e+00 5.255150810393366e-01 1.815405401391441e+00
5580 1.781086216603861e+00 5.174215874833354e-01 1.854721868682750e+00
5581 1.781086216606710e+00 5.174215874819932e-01 1.854721868685111e+00
5582 1.895177597349206e+00 -6.608358074127695e-02 1.896329392573426e+00
5583 1.895177597347876e+00 -6.608358074269877e-02 1.896329392572146e+00
5584 1.898003685051268e+00 8.507922208752267e-02 1.899909593243639e+00
5585 1.735532224908113e+00 5.018750980451934e-01 1.806640727353498e+00
5586 1.880756508503644e+00 9.035611957433654e-02 1.882925721483285e+00
5587 1.880756508512365e+00 9.035611965865797e-02 1.882925721496042e+00
5588 1.880756508503600e+00 9.035611957432851e-02 1.882925721483240e+00
5589 1.880756508509878e+00 9.035611961637587e-02 1.882925721491529e+00
5590 1.880756508506137e+00 9.035611961660325e-02 1.882925721487803e+00
5591 1.880756508512340e+00 9.035611965865392e-02 1.882925721496017e+00
5592 1.728533398513559e+00 4.877416794488254e-01 1.796028857131308e+00
5593 1.728533398498404e+00 4.877416794706682e-01 1.796028857122655e+00
5594 1.728533398498393e+00 4.877416794706639e-01 1.796028857122643e+00
5595 1.728533398504469e+00 4.877416794606193e-01 1.796028857125764e+00
5596 1.728533398513562e+00 4.877416794488136e-01 1.796028857131308e+00
5597 1.728533398507493e+00 4.877416794588612e-01 1.796028857128196e+00
5598 1.761685927599966e+00 -5.119072049884452e-01 1.834553431771022e+00
5599 1.761685927599956e+00 -5.119072049884398e-01 1.834553431771011e+00
5600 1.761685927580069e+00 -5.119072049753178e-01 1.834553431748253e+00
5601 1.761685927588010e+00 -5.119072049826784e-01 1.834553431757932e+00
5602 1.761685927592033e+00 -5.119072049810952e-01 1.834553431761353e+00
5603 1.761685927592030e+00 -5.119072049810908e-01 1.834553431761350e+00
5604 1.761685927587997e+00 -5.119072049826724e-01 1.834553431757918e+00
5605 1.761685927580053e+00 -5.119072049753209e-01 1.834553431748238e+00
5606 1.895177597349167e+00 6.608358074128806e-02 1.896329392573387e+00
5607 1.895177597346409e+00 6.608358074421125e-02 1.896329392570733e+00
5608 1.736924534312591e+00 -5.048274250255893e-01 1.808800035093702e+00
5609 1.736924534316442e+00 -5.048274250279012e-01 1.808800035098045e+00
5610 1.736924534306925e+00 -5.048274250402724e-01 1.808800035092359e+00
5611 1.736924534310786e+00 -5.048274250425923e-01 1.808800035096714e+00
5612 1.736924534310794e+00 -5.048274250425877e-01 1.808800035096720e+00
5613 1.736924534312561e+00 -5.048274250255853e-01 1.808800035093672e+00
5614 1.895177597349160e+00 6.608358074128406e-02 1.896329392573380e+00
5615 1.895177597346445e+00 6.608358074421036e-02 1.896329392570769e+00
5616 1.736924534306939e+00 -5.048274250402812e-01 1.808800035092375e+00
5617 1.895177597347749e+00 6.608358074279153e-02 1.896329392572022e+00
5618 1.741623200510711e+00 -5.193306960565349e-01 1.817403572249085e+00
5619 1.741623200532528e+00 -5.193306960886208e-01 1.817403572279162e+00
5620 1.741623200508128e+00 -5.193306961103437e-01 1.817403572261987e+00
5621 1.736924534316446e+00 -5.048274250279058e-01 1.808800035098051e+00
5622 1.741623200486329e+00 -5.193306960782659e-01 1.817403572231930e+00
5623 1.741623200510716e+00 -5.193306960565414e-01 1.817403572249092e+00
5624 1.741623200532530e+00 -5.193306960886215e-01 1.817403572279164e+00
5625 1.741623200508134e+00 -5.193306961103460e-01 1.817403572261993e+00
5626 1.741623200486333e+00 -5.193306960782654e-01 1.817403572231934e+00
5627 1.737162229670383e+00 -4.829917065727116e-01 1.803056738100995e+00
5628 1.737162229670571e+00 -4.829917065725777e-01 1.803056738101140e+00
5629 1.737679680206692e+00 5.255150810426101e-01 1.815405401392882e+00
5630 1.737679680206629e+00 5.255150810425844e-01 1.815405401392815e+00
5631 1.737162229670385e+00 -4.829917065727153e-01 1.803056738100997e+00
5632 1.737162229670559e+00 -4.829917065725847e-01 1.803056738101130e+00
5633 1.895177597347743e+00 6.608358074278642e-02 1.896329392572016e+00
5634 1.895177597347851e+00 6.608358074270208e-02 1.896329392572121e+00
5635 1.728533398498390e+00 -4.877416794706674e-01 1.796028857122641e+00
5636 1.737679680206716e+00 5.255150810426098e-01 1.815405401392905e+00
5637 1.737679680206616e+00 5.255150810425820e-01 1.815405401392802e+00
5638 1.728533398513550e+00 -4.877416794488149e-01 1.796028857131297e+00
5639 1.728533398507486e+00 -4.877416794588665e-01 1.796028857128190e+00
5640 1.728533398498404e+00 -4.877416794706610e-01 1.796028857122653e+00
5641 1.728533398504459e+00 -4.877416794606209e-01 1.796028857125754e+00
5642 1.895177597347843e+00 6.608358074269449e-02 1.896329392572113e+00
5643 1.728533398513548e+00 -4.877416794488157e-01 1.796028857131296e+00
5644 1.728533398507531e+00 -4.877416794588716e-01 1.796028857128236e+00
5645 1.725048642717699e+00 -4.909842402922351e-01 1.793560242634052e+00
5646 1.725048642701154e+00 -4.909842402787306e-01 1.793560242614442e+00
5647 1.725048642701150e+00 -4.909842402787266e-01 1.793560242614437e+00
5648 1.725048642701480e+00 -4.909842402829098e-01 1.793560242615899e+00
5649 1.741623200508140e+00 5.193306961103501e-01 1.817403572261999e+00
5650 1.725048642717699e+00 -4.909842402922385e-01 1.793560242634053e+00
5651 1.725048642717345e+00 -4.909842402880453e-01 1.793560242632565e+00
5652 1.741623200508129e+00 5.193306961103425e-01 1.817403572261987e+00
5653 1.741623200532534e+00 5.193306960886216e-01 1.817403572279168e+00
5654 1.741623200486322e+00 5.193306960782643e-01 1.817403572231923e+00
5655 1.741623200510729e+00 5.193306960565411e-01 1.817403572249105e+00
5656 1.741623200486323e+00 5.193306960782675e-01 1.817403572231925e+00
5657 1.736924534310816e+00 5.048274250425986e-01 1.808800035096745e+00
5658 1.736924534306948e+00 5.048274250402801e-01 1.808800035092383e+00
5659 1.736924534316446e+00 5.048274250278989e-01 1.808800035098048e+00
5660 1.736924534312597e+00 5.048274250255917e-01 1.808800035093708e+00
5661 1.736924534306933e+00 5.048274250402784e-01 1.808800035092369e+00
5662 1.736924534316437e+00 5.048274250278967e-01 1.808800035098039e+00
5663 1.741623200532521e+00 5.193306960886198e-01 1.817403572279154e+00
5664 1.725048642717345e+00 -4.909842402880451e-01 1.793560242632564e+00
5665 1.736924534310803e+00 5.048274250425937e-01 1.808800035096731e+00
5666 1.741623200510716e+00 5.193306960565421e-01 1.817403572249092e+00
5667 1.736924534312567e+00 5.048274250255813e-01 1.808800035093677e+00
5668 1.725048642701495e+00 -4.909842402829125e-01 1.793560242615915e+00
5669 1.728533398504488e+00 -4.877416794606269e-01 1.796028857125784e+00
5670 1.737679680206676e+00 -5.255150810426052e-01 1.815405401392865e+00
5671 1.737679680206608e+00 -5.255150810425752e-01 1.815405401392792e+00
5672 1.737676991641511e+00 -4.913518646267364e-01 1.805809508822141e+00
5673 1.880756508509873e+00 9.035611961637846e-02 1.882925721491524e+00
5674 1.880756508506125e+00 9.035611961660317e-02 1.882925721487791e+00
5675 1.741623200509318e+00 -5.193306960834994e-01 1.817403572255456e+00
5676 1.880756508503625e+00 -9.035611957433051e-02 1.882925721483266e+00
5677 1.880756508506069e+00 -9.035611961660517e-02 1.882925721487736e+00
5678 1.741623200509319e+00 -5.193306960835007e-01 1.817403572255457e+00
5679 1.741623200509526e+00 -5.193306960833833e-01 1.817403572255622e+00
5680 1.880756508503616e+00 -9.035611957432632e-02 1.882925721483257e+00
5681 1.880756508512339e+00 -9.035611965865610e-02 1.882925721496017e+00
5682 1.880756508506147e+00 -9.035611961660994e-02 1.882925721487813e+00
5683 1.880756508509865e+00 -9.035611961637802e-02 1.882925721491516e+00
5684 1.880756508512329e+00 -9.035611965864805e-02 1.882925721496006e+00
5685 1.728533398504481e+00 4.877416794606230e-01 1.796028857125776e+00
5686 1.741623200509533e+00 -5.193306960833826e-01 1.817403572255629e+00
5687 1.737676991641475e+00 4.913518646267195e-01 1.805809508822102e+00
5688 1.728533398507495e+00 4.877416794588581e-01 1.796028857128197e+00
5689 1.725048642709452e+00 -4.909842402854898e-01 1.793560242624274e+00
5690 1.880756508509891e+00 -9.035611961638379e-02 1.882925721491542e+00
5691 1.725048642709418e+00 -4.909842402854820e-01 1.793560242624238e+00
5692 1.737162229670396e+00 4.829917065727138e-01 1.803056738101007e+00
5693 1.737162229670378e+00 4.829917065727170e-01 1.803056738100990e+00
5694 1.737162229670579e+00 4.829917065725847e-01 1.803056738101149e+00
5695 1.737162229670582e+00 4.829917065725855e-01 1.803056738101152e+00
5696 1.761685927580052e+00 5.119072049753256e-01 1.834553431748238e+00
5697 1.761685927599935e+00 5.119072049884412e-01 1.834553431770991e+00
5698 1.761685927580064e+00 5.119072049753249e-01 1.834553431748249e+00
5699 1.761685927599950e+00 5.119072049884412e-01 1.834553431771005e+00
5700 1.761685927592014e+00 5.119072049810982e-01 1.834553431761336e+00
5701 1.725048642709404e+00 -4.909842402854812e-01 1.793560242624224e+00
5702 1.761685927592026e+00 5.119072049810909e-01 1.834553431761345e+00
5703 1.761685927588007e+00 5.119072049826789e-01 1.834553431757930e+00
5704 1.761685927588009e+00 5.119072049826823e-01 1.834553431757933e+00
5705 1.741623200509339e+00 5.193306960835052e-01 1.817403572255478e+00
5706 1.741623200509517e+00 5.193306960833807e-01 1.817403572255613e+00
5707 1.741623200509346e+00 5.193306960835087e-01 1.817403572255485e+00
5708 1.741623200509533e+00 5.193306960833792e-01 1.817403572255627e+00
5709 1.899726127872956e+00 8.990173782557287e-02 1.901852171801802e+00
5710 1.899726127872972e+00 8.990173782557243e-02 1.901852171801819e+00
5711 1.899726127880851e+00 8.990173784538516e-02 1.901852171810624e+00
5712 1.899726127891547e+00 8.990173785168498e-02 1.901852171821607e+00
5713 1.899726127891553e+00 8.990173785169567e-02 1.901852171821613e+00
5714 1.899726127883659e+00 8.990173783187715e-02 1.901852171812792e+00
5715 1.899726127883677e+00 8.990173783187703e-02 1.901852171812809e+00
5716 1.725048642701144e+00 4.909842402787307e-01 1.793560242614432e+00
5717 1.725048642717683e+00 4.909842402922317e-01 1.793560242634036e+00
5718 1.725048642717350e+00 4.909842402880459e-01 1.793560242632569e+00
5719 1.899726127882152e+00 8.990173783869596e-02 1.901852171811609e+00
5720 1.725048642717710e+00 4.909842402922367e-01 1.793560242634063e+00
5721 1.725048642701143e+00 4.909842402787262e-01 1.793560242614430e+00
5722 1.725048642701484e+00 4.909842402829127e-01 1.793560242615904e+00
5723 1.725048642717354e+00 4.909842402880546e-01 1.793560242632576e+00
5724 1.725048642701488e+00 4.909842402829144e-01 1.793560242615909e+00
5725 1.725048642709398e+00 4.909842402854759e-01 1.793560242624218e+00
5726 1.725048642709418e+00 4.909842402854878e-01 1.793560242624240e+00
5727 1.899726127880854e+00 8.990173784538262e-02 1.901852171810628e+00
5728 1.725048642709422e+00 4.909842402854837e-01 1.793560242624243e+00
5729 1.725048642709409e+00 4.909842402854824e-01 1.793560242624230e+00
5730 1.740846996946763e+00 -4.851016123677168e-01 1.807172332983305e+00
5731 1.737676991641483e+00 -4.913518646267328e-01 1.805809508822113e+00
5732 1.740846996946766e+00 -4.851016123677159e-01 1.807172332983308e+00
5733 1.737676991641487e+00 -4.913518646267279e-01 1.805809508822115e+00
5734 1.740846996946753e+00 -4.851016123677179e-01 1.807172332983296e+00
5735 1.725048642709376e+00 -4.909842402854739e-01 1.793560242624196e+00
5736 1.737676991641516e+00 -4.913518646267383e-01 1.805809508822147e+00
5737 1.740846996946778e+00 -4.851016123677210e-01 1.807172332983320e+00
5738 1.740846996946767e+00 4.851016123677174e-01 1.807172332983309e+00
5739 1.740846996946770e+00 4.851016123677199e-01 1.807172332983313e+00
5740 1.729533472189372e+00 4.858907928918694e-01 1.796489881418906e+00
5741 1.729533472189379e+00 4.858907928918708e-01 1.796489881418913e+00
5742 1.737676991641491e+00 4.913518646267301e-01 1.805809508822121e+00
5743 1.764656978132026e+00 -5.014850663722819e-01 1.834530327431101e+00
5744 1.729533472202840e+00 4.858907928313827e-01 1.796489881415513e+00
5745 1.737676991641489e+00 4.913518646267360e-01 1.805809508822120e+00
5746 1.764656978122866e+00 -5.014850663573154e-01 1.834530327418199e+00
5747 1.737676991641500e+00 4.913518646267374e-01 1.805809508822131e+00
5748 1.764656978107195e+00 -5.014850663757761e-01 1.834530327408171e+00
5749 1.764656978132025e+00 -5.014850663722878e-01 1.834530327431102e+00
5750 1.764656978122862e+00 -5.014850663573177e-01 1.834530327418196e+00
5751 1.729533472202825e+00 4.858907928313791e-01 1.796489881415497e+00
5752 1.764656978107179e+00 -5.014850663757705e-01 1.834530327408154e+00
5753 1.899726127882399e+00 8.990173783856444e-02 1.901852171811849e+00
5754 1.899726127882116e+00 8.990173783869081e-02 1.901852171811573e+00
5755 1.764656978098025e+00 -5.014850663607984e-01 1.834530327395257e+00
5756 1.882294812141869e+00 9.248607572210332e-02 1.884565582307675e+00
5757 1.882294812137906e+00 9.248607561866234e-02 1.884565582298641e+00
5758 1.882294812137906e+00 9.248607561866400e-02 1.884565582298642e+00
5759 1.882294812141873e+00 9.248607572210818e-02 1.884565582307680e+00
5760 1.899726127872959e+00 -8.990173782557626e-02 1.901852171801806e+00
5761 1.764656978098028e+00 -5.014850663608001e-01 1.834530327395260e+00
5762 1.882294812135466e+00 9.248607566886415e-02 1.884565582298668e+00
5763 1.882294812135459e+00 9.248607566886242e-02 1.884565582298660e+00
5764 1.764656978107184e+00 5.014850663757731e-01 1.834530327408160e+00
5765 1.764656978122868e+00 5.014850663573205e-01 1.834530327418203e+00
5766 1.764656978107167e+00 5.014850663757690e-01 1.834530327408143e+00
5767 1.764656978098010e+00 5.014850663608056e-01 1.834530327395244e+00
5768 1.764656978098006e+00 5.014850663608015e-01 1.834530327395240e+00
5769 1.764656978132040e+00 5.014850663722925e-01 1.834530327431118e+00
5770 1.764656978132026e+00 5.014850663722892e-01 1.834530327431104e+00
5771 1.899726127882380e+00 8.990173783856656e-02 1.901852171811830e+00
5772 1.899726127872958e+00 -8.990173782557240e-02 1.901852171801804e+00
5773 1.899726127891578e+00 -8.990173785169731e-02 1.901852171821639e+00
5774 1.899726127883664e+00 -8.990173783187766e-02 1.901852171812797e+00
5775 1.882294812144275e+00 9.248607567190674e-02 1.884565582307616e+00
5776 1.899726127891557e+00 -8.990173785169013e-02 1.901852171821617e+00
5777 1.899726127883652e+00 -8.990173783188000e-02 1.901852171812785e+00
5778 1.733321892219516e+00 -4.974572225677991e-01 1.803293783700347e+00
5779 1.733321892201128e+00 -4.974572225555739e-01 1.803293783679299e+00
5780 1.733321892201032e+00 -4.974572225582186e-01 1.803293783679937e+00
5781 1.733321892201003e+00 -4.974572225582115e-01 1.803293783679907e+00
5782 1.733321892201112e+00 -4.974572225555706e-01 1.803293783679284e+00
5783 1.899726127880852e+00 -8.990173784538356e-02 1.901852171810626e+00
5784 1.733321892219412e+00 -4.974572225704375e-01 1.803293783700974e+00
5785 1.733321892219475e+00 -4.974572225677970e-01 1.803293783700307e+00
5786 1.882294812144282e+00 9.248607567190459e-02 1.884565582307622e+00
5787 1.899726127880861e+00 -8.990173784538524e-02 1.901852171810634e+00
5788 1.733321892219416e+00 -4.974572225704474e-01 1.803293783700981e+00
5789 1.729533472189364e+00 -4.858907928918640e-01 1.796489881418897e+00
5790 1.729533472202830e+00 -4.858907928313763e-01 1.796489881415501e+00
5791 1.729533472189399e+00 -4.858907928918717e-01 1.796489881418932e+00
5792 1.729533472202855e+00 -4.858907928313840e-01 1.796489881415527e+00
5793 1.733321892201113e+00 4.974572225555733e-01 1.803293783679285e+00
5794 1.733321892219497e+00 4.974572225677967e-01 1.803293783700328e+00
5795 1.733321892201016e+00 4.974572225582147e-01 1.803293783679920e+00
5796 1.733321892210238e+00 4.974572225630075e-01 1.803293783690106e+00
5797 1.733321892219385e+00 4.974572225704353e-01 1.803293783700948e+00
5798 1.733321892219505e+00 4.974572225678031e-01 1.803293783700337e+00
5799 1.733321892219401e+00 4.974572225704429e-01 1.803293783700966e+00
5800 1.899726127882380e+00 -8.990173783856183e-02 1.901852171811830e+00
5801 1.899726127882157e+00 -8.990173783869149e-02 1.901852171811614e+00
5802 1.729533472196129e+00 -4.858907928620300e-01 1.796489881417340e+00
5803 1.733321892201125e+00 4.974572225555782e-01 1.803293783679298e+00
5804 1.733321892210276e+00 4.974572225630048e-01 1.803293783690143e+00
5805 1.733321892201025e+00 4.974572225582164e-01 1.803293783679929e+00
5806 1.729533472196129e+00 -4.858907928620266e-01 1.796489881417340e+00
5807 1.729533472196095e+00 -4.858907928616211e-01 1.796489881417197e+00
5808 1.729533472196063e+00 -4.858907928612120e-01 1.796489881417056e+00
5809 1.729533472196121e+00 -4.858907928616205e-01 1.796489881417222e+00
5810 1.729533472196073e+00 -4.858907928612066e-01 1.796489881417064e+00
5811 1.899726127882366e+00 -8.990173783856203e-02 1.901852171811816e+00
5812 1.899726127882120e+00 -8.990173783869851e-02 1.901852171811577e+00
5813 1.740846996946771e+00 4.851016123677155e-01 1.807172332983313e+00
5814 1.740846996946770e+00 4.851016123677099e-01 1.807172332983310e+00
5815 1.744940689417977e+00 4.896815289378635e-01 1.812348203124722e+00
5816 1.744940689419984e+00 4.896815289279796e-01 1.812348203123983e+00
5817 1.744940689420990e+00 4.896815289361761e-01 1.812348203127167e+00
5818 1.744940689423007e+00 4.896815289262886e-01 1.812348203126437e+00
5819 1.882294812139854e+00 9.248607567037419e-02 1.884565582303124e+00
5820 1.882294812139873e+00 9.248607567039654e-02 1.884565582303145e+00
5821 1.764656978122872e+00 5.014850663573216e-01 1.834530327418207e+00
5822 1.882294812139903e+00 9.248607567038036e-02 1.884565582303174e+00
5823 1.882294812139877e+00 9.248607567039641e-02 1.884565582303149e+00
5824 1.729533472196109e+00 -4.858907928616185e-01 1.796489881417210e+00
5825 1.729533472196136e+00 -4.858907928616239e-01 1.796489881417237e+00
5826 1.744940689420986e+00 -4.896815289361665e-01 1.812348203127160e+00
5827 1.744940689422995e+00 -4.896815289262766e-01 1.812348203126423e+00
5828 1.744940689420983e+00 -4.896815289361725e-01 1.812348203127159e+00
5829 1.744940689417972e+00 -4.896815289378523e-01 1.812348203124714e+00
5830 1.744940689423003e+00 -4.896815289262875e-01 1.812348203126433e+00
5831 1.744940689417978e+00 -4.896815289378618e-01 1.812348203124722e+00
5832 1.744940689419982e+00 -4.896815289279736e-01 1.812348203123981e+00
5833 1.733321892210262e+00 -4.974572225630097e-01 1.803293783690130e+00
5834 1.733321892210273e+00 -4.974572225630070e-01 1.803293783690140e+00
5835 1.882294812137896e+00 -9.248607561866747e-02 1.884565582298632e+00
5836 1.882294812141864e+00 -9.248607572210783e-02 1.884565582307671e+00
5837 1.729533472196125e+00 4.858907928620266e-01 1.796489881417336e+00
5838 1.729533472196063e+00 4.858907928612104e-01 1.796489881417055e+00
5839 1.729533472196087e+00 4.858907928612164e-01 1.796489881417080e+00
5840 1.882294812137905e+00 -9.248607561866611e-02 1.884565582298640e+00
5841 1.882294812141863e+00 -9.248607572210751e-02 1.884565582307669e+00
5842 1.733321892210288e+00 -4.974572225630027e-01 1.803293783690154e+00
5843 1.729533472196141e+00 4.858907928620267e-01 1.796489881417351e+00
5844 1.729533472196071e+00 4.858907928616135e-01 1.796489881417172e+00
5845 1.744940689419992e+00 -4.896815289279799e-01 1.812348203123991e+00
5846 1.733321892210260e+00 4.974572225629974e-01 1.803293783690125e+00
5847 1.733321892210278e+00 4.974572225630218e-01 1.803293783690149e+00
5848 1.729533472196110e+00 4.858907928616234e-01 1.796489881417212e+00
5849 1.729533472196077e+00 4.858907928616162e-01 1.796489881417178e+00
5850 1.882294812135447e+00 -9.248607566886513e-02 1.884565582298649e+00
5851 1.882294812144301e+00 -9.248607567191204e-02 1.884565582307642e+00
5852 1.882294812144270e+00 -9.248607567190970e-02 1.884565582307611e+00
5853 1.882294812135441e+00 -9.248607566886467e-02 1.884565582298643e+00
5854 1.882294812139840e+00 -9.248607567037608e-02 1.884565582303111e+00
5855 1.882294812139867e+00 -9.248607567039337e-02 1.884565582303138e+00
5856 1.733321892210252e+00 -4.974572225630042e-01 1.803293783690119e+00
5857 1.882294812139857e+00 -9.248607567038780e-02 1.884565582303129e+00
5858 1.882294812139867e+00 -9.248607567037642e-02 1.884565582303138e+00
5859 1.775369625142891e+00 -4.996745875485942e-01 1.844345954348551e+00
5860 1.775369625142900e+00 4.996745875485924e-01 1.844345954348559e+00
5861 1.775369625093648e+00 4.996745875529758e-01 1.844345954302337e+00
5862 1.775369625142885e+00 4.996745875485926e-01 1.844345954348545e+00
5863 1.775369625103543e+00 4.996745875451251e-01 1.844345954309735e+00
5864 1.775369625103564e+00 4.996745875451434e-01 1.844345954309760e+00
5865 1.775369625142889e+00 -4.996745875485922e-01 1.844345954348549e+00
5866 1.775369625132990e+00 -4.996745875564303e-01 1.844345954341144e+00
5867 1.775369625093644e+00 -4.996745875529733e-01 1.844345954302332e+00
5868 1.775369625103548e+00 -4.996745875451212e-01 1.844345954309739e+00
5869 1.775369625103566e+00 -4.996745875451300e-01 1.844345954309758e+00
5870 1.775369625133000e+00 4.996745875564385e-01 1.844345954341155e+00
5871 1.775369625093650e+00 4.996745875529630e-01 1.844345954302335e+00
5872 1.775369625118718e+00 -4.996745875517114e-01 1.844345954326126e+00
5873 1.775369625117784e+00 -4.996745875498438e-01 1.844345954324722e+00
5874 1.775369625132986e+00 4.996745875564341e-01 1.844345954341140e+00
5875 1.775369625132988e+00 -4.996745875564362e-01 1.844345954341142e+00
5876 1.775369625117800e+00 4.996745875498512e-01 1.844345954324739e+00
5877 1.775369625093653e+00 -4.996745875529786e-01 1.844345954302342e+00
5878 1.775369625118743e+00 -4.996745875517190e-01 1.844345954326153e+00
5879 1.775369625117805e+00 -4.996745875498401e-01 1.844345954324740e+00
5880 1.729533472196114e+00 4.858907928616213e-01 1.796489881417215e+00
5881 1.744940689417985e+00 4.896815289378644e-01 1.812348203124730e+00
5882 1.744940689421007e+00 4.896815289361743e-01 1.812348203127183e+00
5883 1.744940689419993e+00 4.896815289279791e-01 1.812348203123993e+00
5884 1.744940689423021e+00 4.896815289262914e-01 1.812348203126452e+00
5885 1.775479734327702e+00 -4.852966940476516e-01 1.840608912360784e+00
5886 1.775479734287847e+00 -4.852966940082160e-01 1.840608912311941e+00
5887 1.775479734320452e+00 -4.852966939131821e-01 1.840608912318336e+00
5888 1.775479734327717e+00 -4.852966940476601e-01 1.840608912360800e+00
5889 1.775479734287851e+00 -4.852966940082187e-01 1.840608912311946e+00
5890 1.775479734320470e+00 -4.852966939131862e-01 1.840608912318354e+00
5891 1.775479734360315e+00 -4.852966939526270e-01 1.840608912367189e+00
5892 1.743035926966332e+00 4.952467242247762e-01 1.812027472349895e+00
5893 1.743035926947625e+00 4.952467241694860e-01 1.812027472316790e+00
5894 1.743035926947617e+00 4.952467241694847e-01 1.812027472316781e+00
5895 1.775369625118767e+00 4.996745875517292e-01 1.844345954326178e+00
5896 1.775369625117760e+00 4.996745875498392e-01 1.844345954324697e+00
5897 1.743035926966347e+00 4.952467242247792e-01 1.812027472349911e+00
5898 1.743035926956928e+00 4.952467242014659e-01 1.812027472334478e+00
5899 1.775479734360314e+00 -4.852966939526233e-01 1.840608912367186e+00
5900 1.743035926957029e+00 4.952467241928067e-01 1.812027472332210e+00
5901 1.775479734320447e+00 4.852966939131859e-01 1.840608912318332e+00
5902 1.775479734360315e+00 4.852966939526230e-01 1.840608912367187e+00
5903 1.743035926956918e+00 4.952467242014555e-01 1.812027472334466e+00
5904 1.743035926957015e+00 4.952467241927998e-01 1.812027472332194e+00
5905 1.942008388864325e+00 2.052408744997487e-01 1.952823698899835e+00
5906 1.942008388936337e+00 2.052408744012609e-01 1.952823698961097e+00
5907 1.942008388936347e+00 2.052408744012643e-01 1.952823698961107e+00
5908 1.942008388864316e+00 2.052408744997548e-01 1.952823698899826e+00
5909 1.942008388904658e+00 2.052408747199442e-01 1.952823698963087e+00
5910 1.942008388976655e+00 2.052408746214456e-01 1.952823699024333e+00
5911 1.942008388931292e+00 2.052408745516644e-01 1.952823698971887e+00
5912 1.942008388904678e+00 2.052408747199479e-01 1.952823698963108e+00
5913 1.775479734320460e+00 4.852966939131866e-01 1.840608912318345e+00
5914 1.775479734360321e+00 4.852966939526254e-01 1.840608912367194e+00
5915 1.775479734327712e+00 4.852966940476590e-01 1.840608912360796e+00
5916 1.775479734287842e+00 4.852966940082151e-01 1.840608912311936e+00
5917 1.942008388976663e+00 2.052408746214648e-01 1.952823699024343e+00
5918 1.942008388931316e+00 2.052408745516547e-01 1.952823698971911e+00
5919 1.775369625118731e+00 4.996745875517118e-01 1.844345954326140e+00
5920 1.743035926966332e+00 -4.952467242247789e-01 1.812027472349896e+00
5921 1.743035926966330e+00 -4.952467242247764e-01 1.812027472349893e+00
5922 1.942008388936340e+00 -2.052408744012635e-01 1.952823698961101e+00
5923 1.942008388904659e+00 -2.052408747199488e-01 1.952823698963089e+00
5924 1.942008388936355e+00 -2.052408744012608e-01 1.952823698961115e+00
5925 1.942008388904669e+00 -2.052408747199531e-01 1.952823698963099e+00
5926 1.942008388864326e+00 -2.052408744997542e-01 1.952823698899836e+00
5927 1.942008388931280e+00 -2.052408745516559e-01 1.952823698971875e+00
5928 1.942008388864349e+00 -2.052408744997513e-01 1.952823698899860e+00
5929 1.942008388976666e+00 -2.052408746214455e-01 1.952823699024344e+00
5930 1.743035926947617e+00 -4.952467241694813e-01 1.812027472316781e+00
5931 1.942008388909700e+00 2.052408745695495e-01 1.952823698952294e+00
5932 1.743035926947611e+00 -4.952467241694829e-01 1.812027472316776e+00
5933 1.775479734327703e+00 4.852966940476560e-01 1.840608912360786e+00
5934 1.942008388976689e+00 -2.052408746214535e-01 1.952823699024368e+00
5935 1.775479734287841e+00 4.852966940082095e-01 1.840608912311934e+00
5936 1.942008388909733e+00 2.052408745695558e-01 1.952823698952328e+00
5937 1.743035926956936e+00 -4.952467242014673e-01 1.812027472334487e+00
5938 1.743035926957035e+00 -4.952467241928042e-01 1.812027472332214e+00
5939 1.942008388931326e+00 -2.052408745516621e-01 1.952823698971921e+00
5940 1.942008388909682e+00 -2.052408745695501e-01 1.952823698952276e+00
5941 1.942008388909723e+00 -2.052408745695471e-01 1.952823698952317e+00
5942 1.743035926956915e+00 -4.952467242014595e-01 1.812027472334464e+00
5943 1.743035926957012e+00 -4.952467241927963e-01 1.812027472332190e+00
5944 1.750668974835288e+00 4.906681910586165e-01 1.818130119976998e+00
5945 1.743035926956958e+00 -4.952467241971232e-01 1.812027472333321e+00
5946 1.743035926956982e+00 -4.952467241971383e-01 1.812027472333348e+00
5947 1.750668974834193e+00 4.906681910561783e-01 1.818130119975286e+00
5948 1.750668974835273e+00 4.906681910586060e-01 1.818130119976981e+00
5949 1.750668974831608e+00 4.906681910501682e-01 1.818130119971174e+00
5950 1.750668974835303e+00 -4.906681910586137e-01 1.818130119977012e+00
5951 1.750668974834193e+00 -4.906681910561778e-01 1.818130119975286e+00
5952 1.750668974831602e+00 -4.906681910501636e-01 1.818130119971168e+00
5953 1.750668974835280e+00 -4.906681910586140e-01 1.818130119976990e+00
5954 1.750668974831591e+00 -4.906681910501607e-01 1.818130119971156e+00
5955 1.750668974833465e+00 4.906681910544022e-01 1.818130119974106e+00
5956 1.750668974833464e+00 -4.906681910544024e-01 1.818130119974104e+00
5957 1.750668974833410e+00 -4.906681910543708e-01 1.818130119974044e+00
5958 1.750668974832680e+00 -4.906681910526001e-01 1.818130119972864e+00
5959 1.750668974832708e+00 4.906681910526044e-01 1.818130119972891e+00
5960 1.743035926956999e+00 -4.952467241971387e-01 1.812027472333364e+00
5961 1.743035926956969e+00 -4.952467241971230e-01 1.812027472333331e+00
5962 1.750668974832700e+00 -4.906681910526106e-01 1.818130119972885e+00
5963 1.750668974833421e+00 -4.906681910543810e-01 1.818130119974057e+00
5964 1.750668974831594e+00 4.906681910501656e-01 1.818130119971161e+00
5965 1.750668974832695e+00 4.906681910526056e-01 1.818130119972879e+00
5966 1.886377812407404e+00 -1.459213794919321e-01 1.892013292801024e+00
5967 1.886377812409582e+00 -1.459213794902599e-01 1.892013292803066e+00
5968 1.886377812407437e+00 -1.459213794919346e-01 1.892013292801057e+00
5969 1.886377812409615e+00 -1.459213794902634e-01 1.892013292803099e+00
5970 1.927922173147432e+00 2.483695376549091e-01 1.943854761279358e+00
5971 1.927922173141330e+00 2.483695377208901e-01 1.943854761281737e+00
5972 1.927922173021795e+00 2.483695379387132e-01 1.943854761191013e+00
5973 1.927922173027900e+00 2.483695378727342e-01 1.943854761188637e+00
5974 1.750668974834201e+00 -4.906681910561800e-01 1.818130119975294e+00
5975 1.886377812407426e+00 1.459213794919395e-01 1.892013292801046e+00
5976 1.886377812407417e+00 1.459213794919365e-01 1.892013292801037e+00
5977 1.886377812409608e+00 1.459213794902640e-01 1.892013292803092e+00
5978 1.886377812409579e+00 1.459213794902574e-01 1.892013292803063e+00
5979 1.743035926956986e+00 4.952467241971401e-01 1.812027472333353e+00
5980 1.743035926956964e+00 4.952467241971210e-01 1.812027472333325e+00
5981 1.750668974833511e+00 -4.906681910544183e-01 1.818130119974154e+00
5982 1.872504013698292e+00 -4.319973662163912e-01 1.921690143008001e+00
5983 1.872504013718893e+00 -4.319973658936483e-01 1.921690142955523e+00
5984 1.872504013604053e+00 -4.319973661275311e-01 1.921690142896199e+00
5985 1.872504013813147e+00 -4.319973659825153e-01 1.921690143067341e+00
5986 1.872504013698301e+00 -4.319973662163907e-01 1.921690143008009e+00
5987 1.743035926956972e+00 4.952467241971373e-01 1.812027472333338e+00
5988 1.743035926956969e+00 4.952467241971201e-01 1.812027472333331e+00
5989 1.872504013718902e+00 -4.319973658936471e-01 1.921690142955530e+00
5990 1.872504013604069e+00 -4.319973661275285e-01 1.921690142896214e+00
5991 1.872504013813141e+00 -4.319973659825081e-01 1.921690143067333e+00
5992 1.872504013604060e+00 4.319973661275295e-01 1.921690142896206e+00
5993 1.884124479134687e+00 1.467396850416575e-01 1.889830042104496e+00
5994 1.884124479090823e+00 1.467396850539257e-01 1.889830042061717e+00
5995 1.884124479165550e+00 1.467396850521844e-01 1.889830042136083e+00
5996 1.872504013604061e+00 4.319973661275337e-01 1.921690142896207e+00
5997 1.872504013698297e+00 4.319973662163935e-01 1.921690143008007e+00
5998 1.872504013718900e+00 4.319973658936503e-01 1.921690142955529e+00
5999 1.872504013813139e+00 4.319973659825133e-01 1.921690143067333e+00
6000 1.884124479134718e+00 1.467396850416578e-01 1.889830042104526e+00
6001 1.884124479121696e+00 1.467396850644466e-01 1.889830042093313e+00
6002 1.884124479165537e+00 1.467396850521815e-01 1.889830042136070e+00
6003 1.884124479121693e+00 1.467396850644454e-01 1.889830042093311e+00
6004 1.750668974833421e+00 4.906681910543760e-01 1.818130119974056e+00
6005 1.750668974834185e+00 4.906681910561760e-01 1.818130119975277e+00
6006 1.872504013709083e+00 -4.319973660546935e-01 1.921690142982166e+00
6007 1.750668974833491e+00 4.906681910544124e-01 1.818130119974133e+00
6008 1.872504013708127e+00 -4.319973660553540e-01 1.921690142981383e+00
6009 1.872504013718891e+00 4.319973658936510e-01 1.921690142955521e+00
6010 1.872504013698301e+00 4.319973662163937e-01 1.921690143008011e+00
6011 1.872504013813145e+00 4.319973659825164e-01 1.921690143067339e+00
6012 1.872504013709098e+00 4.319973660546956e-01 1.921690142982181e+00
6013 1.872504013708121e+00 4.319973660553487e-01 1.921690142981376e+00
6014 1.872504013709104e+00 4.319973660546996e-01 1.921690142982188e+00
6015 1.872504013708139e+00 4.319973660553587e-01 1.921690142981396e+00
6016 1.880339583566892e+00 -4.160361799918285e-01 1.925814906108764e+00
6017 1.880339583575813e+00 -4.160361798569056e-01 1.925814906088327e+00
6018 1.880339583566915e+00 -4.160361799918273e-01 1.925814906108785e+00
6019 1.880339583575818e+00 -4.160361798569007e-01 1.925814906088330e+00
6020 1.880339583606884e+00 -4.160361799223028e-01 1.925814906132792e+00
6021 1.880339583566617e+00 -4.160361799202960e-01 1.925814906093042e+00
6022 1.880339583535801e+00 -4.160361799264444e-01 1.925814906064281e+00
6023 1.880339583606929e+00 -4.160361799223097e-01 1.925814906132836e+00
6024 1.880339583566903e+00 4.160361799918202e-01 1.925814906108773e+00
6025 1.880339583566899e+00 4.160361799918229e-01 1.925814906108769e+00
6026 1.880339583575807e+00 4.160361798568955e-01 1.925814906088318e+00
6027 1.880339583575798e+00 4.160361798568976e-01 1.925814906088310e+00
6028 1.880339583535792e+00 4.160361799264191e-01 1.925814906064268e+00
6029 1.880339583535787e+00 4.160361799264265e-01 1.925814906064264e+00
6030 1.880339583606905e+00 4.160361799223030e-01 1.925814906132812e+00
6031 1.880339583606893e+00 4.160361799222962e-01 1.925814906132799e+00
6032 1.880339583566612e+00 4.160361799203081e-01 1.925814906093039e+00
6033 1.880339583566610e+00 4.160361799202985e-01 1.925814906093035e+00
6034 1.880339583535784e+00 -4.160361799264154e-01 1.925814906064259e+00
6035 1.880339583566603e+00 -4.160361799203038e-01 1.925814906093030e+00
6036 1.880339583576094e+00 -4.160361799284073e-01 1.925814906104047e+00
6037 1.880339583576094e+00 4.160361799284060e-01 1.925814906104047e+00
6038 1.880339583576097e+00 4.160361799284192e-01 1.925814906104053e+00
6039 1.880339583576096e+00 -4.160361799284109e-01 1.925814906104050e+00
6040 1.927922173141317e+00 2.483695377208933e-01 1.943854761281724e+00
6041 1.927922173147456e+00 2.483695376549122e-01 1.943854761279382e+00
6042 1.927922173027917e+00 2.483695378727373e-01 1.943854761188655e+00
6043 1.927922173021788e+00 2.483695379387158e-01 1.943854761191007e+00
6044 1.750668974833425e+00 4.906681910543717e-01 1.818130119974058e+00
6045 1.872504013709074e+00 -4.319973660546870e-01 1.921690142982156e+00
6046 1.872504013708114e+00 -4.319973660553448e-01 1.921690142981368e+00
6047 1.911523088070818e+00 2.689271507593542e-01 1.930347722210520e+00
6048 1.927922173141320e+00 -2.483695377208908e-01 1.943854761281727e+00
6049 1.927922173147429e+00 -2.483695376549128e-01 1.943854761279355e+00
6050 1.927922173141315e+00 -2.483695377208900e-01 1.943854761281722e+00
6051 1.927922173027890e+00 -2.483695378727342e-01 1.943854761188628e+00
6052 1.927922173021787e+00 -2.483695379387149e-01 1.943854761191005e+00
6053 1.927922173021779e+00 -2.483695379387094e-01 1.943854761190997e+00
6054 1.884124479090803e+00 1.467396850539211e-01 1.889830042061697e+00
6055 1.927922173147431e+00 -2.483695376549123e-01 1.943854761279357e+00
6056 1.927922173027875e+00 -2.483695378727330e-01 1.943854761188613e+00
6057 1.884124479165572e+00 -1.467396850521820e-01 1.889830042136105e+00
6058 1.884124479134698e+00 -1.467396850416570e-01 1.889830042104507e+00
6059 1.884124479090832e+00 -1.467396850539203e-01 1.889830042061725e+00
6060 1.884124479165553e+00 -1.467396850521865e-01 1.889830042136087e+00
6061 1.884124479090822e+00 -1.467396850539258e-01 1.889830042061716e+00
6062 1.884124479121695e+00 -1.467396850644460e-01 1.889830042093313e+00
6063 1.863974804643954e+00 1.498994557979194e-01 1.869992491748557e+00
6064 1.884124479121675e+00 -1.467396850644493e-01 1.889830042093293e+00
6065 1.863974804644364e+00 1.498994557975303e-01 1.869992491748935e+00
6066 1.863974804643951e+00 1.498994557979183e-01 1.869992491748554e+00
6067 1.863974804644379e+00 1.498994557975283e-01 1.869992491748950e+00
6068 1.788941565078512e+00 -4.586098247109065e-01 1.846790430608445e+00
6069 1.788941565089430e+00 -4.586098247344688e-01 1.846790430624872e+00
6070 1.911523088070839e+00 2.689271507593565e-01 1.930347722210541e+00
6071 1.911523088068521e+00 2.689271507669959e-01 1.930347722209310e+00
6072 1.911523088068533e+00 -2.689271507669947e-01 1.930347722209321e+00
6073 1.911523088070824e+00 -2.689271507593524e-01 1.930347722210525e+00
6074 1.754375013415184e+00 -4.544431566352740e-01 1.812277647135824e+00
6075 1.754375013401877e+00 -4.544431566814827e-01 1.812277647134530e+00
6076 1.754375013417872e+00 -4.544431566603878e-01 1.812277647144724e+00
6077 1.754375013408487e+00 -4.544431566583192e-01 1.812277647135120e+00
6078 1.754375013408607e+00 -4.544431566584290e-01 1.812277647135264e+00
6079 1.754375013415179e+00 -4.544431566352690e-01 1.812277647135818e+00
6080 1.911523088068550e+00 -2.689271507669859e-01 1.930347722209336e+00
6081 1.911523088070839e+00 -2.689271507593402e-01 1.930347722210539e+00
6082 1.754375013401885e+00 -4.544431566814806e-01 1.812277647134536e+00
6083 1.754375013417868e+00 -4.544431566603838e-01 1.812277647144719e+00
6084 1.754375013399218e+00 -4.544431566563765e-01 1.812277647125660e+00
6085 1.911523088068533e+00 2.689271507669950e-01 1.930347722209321e+00
6086 1.884124479134672e+00 -1.467396850416576e-01 1.889830042104481e+00
6087 1.754375013399224e+00 -4.544431566563733e-01 1.812277647125665e+00
6088 1.863974804643948e+00 -1.498994557979208e-01 1.869992491748552e+00
6089 1.863974804644378e+00 -1.498994557975316e-01 1.869992491748949e+00
6090 1.863974804643956e+00 -1.498994557979152e-01 1.869992491748560e+00
6091 1.852748334957863e+00 1.560321402651186e-01 1.859306973440601e+00
6092 1.852748334978317e+00 1.560321402423613e-01 1.859306973459073e+00
6093 1.852748334968631e+00 1.560321402534203e-01 1.859306973450349e+00
6094 1.852748334967525e+00 1.560321402540488e-01 1.859306973449300e+00
6095 1.852748334978285e+00 1.560321402423527e-01 1.859306973459041e+00
6096 1.852748334957833e+00 1.560321402651131e-01 1.859306973440570e+00
6097 1.863974804644378e+00 -1.498994557975271e-01 1.869992491748949e+00
6098 1.852748334968640e+00 1.560321402534197e-01 1.859306973450358e+00
6099 1.852748334967542e+00 1.560321402540537e-01 1.859306973449317e+00
6100 1.865691121966930e+00 -1.528118747655851e-01 1.871938789505575e+00
6101 1.865691121966975e+00 -1.528118747655878e-01 1.871938789505620e+00
6102 1.865691121966990e+00 -1.528118747655942e-01 1.871938789505635e+00
6103 1.862541718544138e+00 1.636296059522759e-01 1.869715566940985e+00
6104 1.862541718542268e+00 1.636296059513549e-01 1.869715566939042e+00
6105 1.862541718544132e+00 1.636296059522762e-01 1.869715566940979e+00
6106 1.862541718542252e+00 1.636296059513487e-01 1.869715566939024e+00
6107 1.865691121966979e+00 1.528118747655876e-01 1.871938789505623e+00
6108 1.852748334978287e+00 -1.560321402423541e-01 1.859306973459042e+00
6109 1.876811360064300e+00 1.473723243027076e-01 1.882588506083257e+00
6110 1.852748334967529e+00 -1.560321402540460e-01 1.859306973449304e+00
6111 1.852748334978305e+00 -1.560321402423596e-01 1.859306973459061e+00
6112 1.852748334957845e+00 -1.560321402651123e-01 1.859306973440582e+00
6113 1.852748334957847e+00 -1.560321402651172e-01 1.859306973440585e+00
6114 1.876811360064283e+00 1.473723243027148e-01 1.882588506083240e+00
6115 1.876811360105260e+00 1.473723242928761e-01 1.882588506123322e+00
6116 1.876811360134995e+00 1.473723243017823e-01 1.882588506153663e+00
6117 1.876811360134967e+00 1.473723243017859e-01 1.882588506153635e+00
6118 1.876811360094020e+00 1.473723243116132e-01 1.882588506113583e+00
6119 1.865691121966981e+00 1.528118747655884e-01 1.871938789505625e+00
6120 1.865691121967004e+00 1.528118747655889e-01 1.871938789505648e+00
6121 1.754375013415179e+00 4.544431566352696e-01 1.812277647135818e+00
6122 1.754375013417872e+00 4.544431566603914e-01 1.812277647144725e+00
6123 1.865691121967005e+00 1.528118747655917e-01 1.871938789505650e+00
6124 1.754375013401902e+00 4.544431566814848e-01 1.812277647134555e+00
6125 1.876811360105246e+00 1.473723242928787e-01 1.882588506123309e+00
6126 1.876811360093996e+00 1.473723243116123e-01 1.882588506113559e+00
6127 1.754375013415218e+00 4.544431566352791e-01 1.812277647135858e+00
6128 1.754375013399210e+00 4.544431566563812e-01 1.812277647125654e+00
6129 1.754375013417875e+00 4.544431566603869e-01 1.812277647144726e+00
6130 1.754375013401890e+00 4.544431566814864e-01 1.812277647134543e+00
6131 1.876811360099636e+00 1.473723243022474e-01 1.882588506118449e+00
6132 1.876811360099593e+00 1.473723243022421e-01 1.882588506118406e+00
6133 1.754375013399199e+00 4.544431566563705e-01 1.812277647125640e+00
6134 1.852748334967546e+00 -1.560321402540532e-01 1.859306973449321e+00
6135 1.852748334968628e+00 -1.560321402534182e-01 1.859306973450346e+00
6136 1.876811360134949e+00 -1.473723243017784e-01 1.882588506153617e+00
6137 1.876811360064266e+00 -1.473723243027069e-01 1.882588506083223e+00
6138 1.876811360105243e+00 -1.473723242928775e-01 1.882588506123305e+00
6139 1.876746957946717e+00 1.716492708046737e-01 1.884580222842751e+00
6140 1.876746957964839e+00 1.716492708004115e-01 1.884580222860409e+00
6141 1.852748334968612e+00 -1.560321402534253e-01 1.859306973450331e+00
6142 1.876811360064293e+00 -1.473723243027130e-01 1.882588506083251e+00
6143 1.876811360134981e+00 -1.473723243017849e-01 1.882588506153649e+00
6144 1.876811360093984e+00 -1.473723243116083e-01 1.882588506113547e+00
6145 1.876811360099609e+00 -1.473723243022445e-01 1.882588506118421e+00
6146 1.876811360099630e+00 -1.473723243022526e-01 1.882588506118443e+00
6147 1.754375013408596e+00 4.544431566584285e-01 1.812277647135253e+00
6148 1.754375013408476e+00 4.544431566583303e-01 1.812277647135112e+00
6149 1.876811360105242e+00 -1.473723242928788e-01 1.882588506123304e+00
6150 1.876746957999483e+00 1.716492708397580e-01 1.884580222898492e+00
6151 1.876746957981342e+00 1.716492708440141e-01 1.884580222880815e+00
6152 1.754375013408631e+00 4.544431566584364e-01 1.812277647135288e+00
6153 1.876811360093998e+00 -1.473723243116137e-01 1.882588506113561e+00
6154 1.876746957999501e+00 1.716492708397598e-01 1.884580222898511e+00
6155 1.863307807244977e+00 1.552993143643209e-01 1.869768397845603e+00
6156 1.863307807264167e+00 1.552993143524059e-01 1.869768397863737e+00
6157 1.863307807255462e+00 1.552993143573919e-01 1.869768397855476e+00
6158 1.863307807253719e+00 1.552993143593260e-01 1.869768397853900e+00
6159 1.863307807264162e+00 1.552993143524026e-01 1.869768397863732e+00
6160 1.863307807244986e+00 1.552993143643172e-01 1.869768397845612e+00
6161 1.863307807255449e+00 1.552993143573957e-01 1.869768397855464e+00
6162 1.863307807253694e+00 1.552993143593292e-01 1.869768397853875e+00
6163 1.876811360099603e+00 -1.473723243022486e-01 1.882588506118416e+00
6164 1.876811360099626e+00 -1.473723243022504e-01 1.882588506118439e+00
6165 1.755523102597645e+00 4.371448749761252e-01 1.809131561128696e+00
6166 1.754375013408479e+00 4.544431566583270e-01 1.812277647135114e+00
6167 1.788941565084157e+00 -4.586098247223327e-01 1.846790430616750e+00
6168 1.788941565083788e+00 -4.586098247230449e-01 1.846790430616569e+00
6169 1.788941565089447e+00 -4.586098247344740e-01 1.846790430624890e+00
6170 1.788941565078516e+00 -4.586098247109092e-01 1.846790430608449e+00
6171 1.788941565078511e+00 4.586098247109046e-01 1.846790430608444e+00
6172 1.788941565089438e+00 4.586098247344639e-01 1.846790430624879e+00
6173 1.788941565084127e+00 4.586098247223279e-01 1.846790430616720e+00
6174 1.788941565089392e+00 4.586098247344579e-01 1.846790430624832e+00
6175 1.788941565084130e+00 4.586098247223245e-01 1.846790430616722e+00
6176 1.788941565078547e+00 4.586098247109122e-01 1.846790430608480e+00
6177 1.788941565083780e+00 4.586098247230405e-01 1.846790430616561e+00
6178 1.788941565083788e+00 4.586098247230478e-01 1.846790430616570e+00
6179 1.876811360099648e+00 1.473723243022499e-01 1.882588506118461e+00
6180 1.876811360099638e+00 1.473723243022489e-01 1.882588506118451e+00
6181 1.780283281604965e+00 -4.617281883151481e-01 1.839185005008177e+00
6182 1.780283281604960e+00 -4.617281883151536e-01 1.839185005008175e+00
6183 1.780283281607020e+00 -4.617281882898046e-01 1.839185005003804e+00
6184 1.780283281607219e+00 -4.617281882847948e-01 1.839185005002740e+00
6185 1.780283281609329e+00 -4.617281882594402e-01 1.839185004998417e+00
6186 1.865691121966944e+00 -1.528118747655854e-01 1.871938789505588e+00
6187 1.876746957946716e+00 1.716492708046724e-01 1.884580222842750e+00
6188 1.876746957964831e+00 1.716492708004093e-01 1.884580222860401e+00
6189 1.890972721256271e+00 1.795915164111240e-01 1.899481757033268e+00
6190 1.890972721137002e+00 1.795915163433227e-01 1.899481756908123e+00
6191 1.890972721184319e+00 1.795915163842953e-01 1.899481756959102e+00
6192 1.890972721137010e+00 1.795915163433226e-01 1.899481756908131e+00
6193 1.890972721256301e+00 1.795915164111294e-01 1.899481757033299e+00
6194 1.755523102612161e+00 -4.371448749607370e-01 1.809131561139064e+00
6195 1.780283281609313e+00 -4.617281882594515e-01 1.839185004998404e+00
6196 1.890972721208968e+00 1.795915163701375e-01 1.899481756982303e+00
6197 1.862541718542248e+00 -1.636296059513562e-01 1.869715566939022e+00
6198 1.862541718544130e+00 -1.636296059522759e-01 1.869715566940977e+00
6199 1.862541718542257e+00 -1.636296059513529e-01 1.869715566939030e+00
6200 1.755523102612131e+00 -4.371448749607346e-01 1.809131561139035e+00
6201 1.755523102597633e+00 -4.371448749761163e-01 1.809131561128683e+00
6202 1.755523102597586e+00 -4.371448749761113e-01 1.809131561128635e+00
6203 1.862541718544153e+00 -1.636296059522776e-01 1.869715566941000e+00
6204 1.780283281609294e+00 4.617281882594443e-01 1.839185004998384e+00
6205 1.780283281604949e+00 4.617281883151563e-01 1.839185005008165e+00
6206 1.755523102603885e+00 -4.371448749688469e-01 1.809131561132993e+00
6207 1.755523102605881e+00 -4.371448749680150e-01 1.809131561134729e+00
6208 1.855690896584290e+00 1.562197870277418e-01 1.862254903477179e+00
6209 1.855690896565693e+00 1.562197870874480e-01 1.862254903463657e+00
6210 1.755523102605874e+00 -4.371448749680094e-01 1.809131561134721e+00
6211 1.755523102603879e+00 -4.371448749688442e-01 1.809131561132986e+00
6212 1.876746957981359e+00 -1.716492708440194e-01 1.884580222880832e+00
6213 1.876746957964827e+00 -1.716492708004087e-01 1.884580222860397e+00
6214 1.876746957946711e+00 -1.716492708046716e-01 1.884580222842745e+00
6215 1.876746957981380e+00 -1.716492708440178e-01 1.884580222880854e+00
6216 1.876746957964842e+00 -1.716492708004099e-01 1.884580222860412e+00
6217 1.876746957999476e+00 -1.716492708397551e-01 1.884580222898486e+00
6218 1.876746957999484e+00 -1.716492708397543e-01 1.884580222898494e+00
6219 1.876746957946748e+00 -1.716492708046703e-01 1.884580222842781e+00
6220 1.780283281609276e+00 4.617281882594376e-01 1.839185004998365e+00
6221 1.855690896584302e+00 1.562197870277412e-01 1.862254903477191e+00
6222 1.780283281604959e+00 4.617281883151522e-01 1.839185005008173e+00
6223 1.780283281606994e+00 4.617281882897972e-01 1.839185005003778e+00
6224 1.780283281607019e+00 4.617281882897954e-01 1.839185005003802e+00
6225 1.855690896565674e+00 1.562197870874411e-01 1.862254903463637e+00
6226 1.863307807253687e+00 -1.552993143593263e-01 1.869768397853868e+00
6227 1.890972721137018e+00 -1.795915163433226e-01 1.899481756908140e+00
6228 1.890972721256288e+00 -1.795915164111257e-01 1.899481757033286e+00
6229 1.863307807264172e+00 -1.552993143524015e-01 1.869768397863742e+00
6230 1.863307807244987e+00 -1.552993143643137e-01 1.869768397845612e+00
6231 1.863307807264171e+00 -1.552993143524046e-01 1.869768397863741e+00
6232 1.863307807244974e+00 -1.552993143643178e-01 1.869768397845599e+00
6233 1.890972721256281e+00 -1.795915164111233e-01 1.899481757033279e+00
6234 1.863307807253693e+00 -1.552993143593326e-01 1.869768397853875e+00
6235 1.890972721136996e+00 -1.795915163433165e-01 1.899481756908116e+00
6236 1.863307807255440e+00 -1.552993143573942e-01 1.869768397855455e+00
6237 1.780283281607234e+00 4.617281882848042e-01 1.839185005002757e+00
6238 1.780283281607228e+00 4.617281882847971e-01 1.839185005002749e+00
6239 1.890972721184300e+00 -1.795915163842977e-01 1.899481756959084e+00
6240 1.855690896565686e+00 -1.562197870874365e-01 1.862254903463649e+00
6241 1.890972721208982e+00 -1.795915163701436e-01 1.899481756982317e+00
6242 1.863307807255436e+00 -1.552993143574012e-01 1.869768397855451e+00
6243 1.855690896574673e+00 1.562197870582314e-01 1.862254903470154e+00
6244 1.855690896574651e+00 1.562197870582360e-01 1.862254903470133e+00
6245 1.855690896575312e+00 1.562197870569429e-01 1.862254903470683e+00
6246 1.855690896565684e+00 -1.562197870874417e-01 1.862254903463648e+00
6247 1.855690896584276e+00 -1.562197870277350e-01 1.862254903477165e+00
6248 1.855690896574963e+00 1.562197870575872e-01 1.862254903470390e+00
6249 1.855690896574668e+00 -1.562197870582428e-01 1.862254903470150e+00
6250 1.855690896584283e+00 -1.562197870277388e-01 1.862254903477172e+00
6251 1.855690896575015e+00 1.562197870575922e-01 1.862254903470441e+00
6252 1.855690896575318e+00 -1.562197870569418e-01 1.862254903470689e+00
6253 1.855690896575297e+00 1.562197870569386e-01 1.862254903470667e+00
6254 1.754375013408455e+00 -4.544431566583192e-01 1.812277647135089e+00
6255 1.754375013408597e+00 -4.544431566584278e-01 1.812277647135254e+00
6256 1.788941565084168e+00 -4.586098247223305e-01 1.846790430616760e+00
6257 1.788941565083790e+00 -4.586098247230354e-01 1.846790430616570e+00
6258 1.876746957981333e+00 1.716492708440127e-01 1.884580222880806e+00
6259 1.864824894158986e+00 1.538443912704988e-01 1.871160063329822e+00
6260 1.864824894154199e+00 1.538443912976533e-01 1.871160063327284e+00
6261 1.755523102605892e+00 4.371448749680161e-01 1.809131561134739e+00
6262 1.755523102597635e+00 4.371448749761201e-01 1.809131561128685e+00
6263 1.755523102612154e+00 4.371448749607418e-01 1.809131561139059e+00
6264 1.755523102605850e+00 4.371448749680104e-01 1.809131561134698e+00
6265 1.755523102603893e+00 4.371448749688506e-01 1.809131561133001e+00
6266 1.755523102603876e+00 4.371448749688453e-01 1.809131561132984e+00
6267 1.755523102612156e+00 4.371448749607359e-01 1.809131561139059e+00
6268 1.864824894154187e+00 1.538443912976457e-01 1.871160063327272e+00
6269 1.780283281607023e+00 -4.617281882897966e-01 1.839185005003806e+00
6270 1.780283281607238e+00 -4.617281882847930e-01 1.839185005002757e+00
6271 1.855690896574974e+00 1.562197870575960e-01 1.862254903470401e+00
6272 1.780283281607132e+00 -4.617281882873128e-01 1.839185005003288e+00
6273 1.780283281607141e+00 -4.617281882872927e-01 1.839185005003291e+00
6274 1.780283281607110e+00 -4.617281882873059e-01 1.839185005003265e+00
6275 1.890972721184298e+00 1.795915163843000e-01 1.899481756959082e+00
6276 1.890972721208972e+00 1.795915163701415e-01 1.899481756982306e+00
6277 1.780283281607138e+00 -4.617281882872868e-01 1.839185005003287e+00
6278 1.890972721196622e+00 1.795915163771966e-01 1.899481756970679e+00
6279 1.890972721196691e+00 1.795915163772496e-01 1.899481756970753e+00
6280 1.890972721196625e+00 1.795915163772014e-01 1.899481756970682e+00
6281 1.780283281607131e+00 4.617281882873105e-01 1.839185005003287e+00
6282 1.780283281607135e+00 4.617281882872872e-01 1.839185005003284e+00
6283 1.780283281607095e+00 4.617281882873136e-01 1.839185005003252e+00
6284 1.890972721184293e+00 -1.795915163842983e-01 1.899481756959077e+00
6285 1.890972721208966e+00 -1.795915163701418e-01 1.899481756982301e+00
6286 1.780283281607113e+00 4.617281882872828e-01 1.839185005003261e+00
6287 1.890972721196672e+00 -1.795915163772456e-01 1.899481756970733e+00
6288 1.890972721196606e+00 -1.795915163771970e-01 1.899481756970663e+00
6289 1.890972721196675e+00 1.795915163772481e-01 1.899481756970737e+00
6290 1.855690896574642e+00 -1.562197870582351e-01 1.862254903470124e+00
6291 1.855690896575283e+00 -1.562197870569383e-01 1.862254903470653e+00
6292 1.855690896574950e+00 -1.562197870575844e-01 1.862254903470375e+00
6293 1.855690896574994e+00 -1.562197870575900e-01 1.862254903470420e+00
6294 1.855690896575004e+00 -1.562197870575922e-01 1.862254903470430e+00
6295 1.855690896574954e+00 -1.562197870575852e-01 1.862254903470379e+00
6296 1.890972721196604e+00 -1.795915163771984e-01 1.899481756970662e+00
6297 1.890972721196660e+00 -1.795915163772434e-01 1.899481756970721e+00
6298 1.762920725870296e+00 4.394533761627530e-01 1.816867842063339e+00
6299 1.762920725870273e+00 4.394533761627420e-01 1.816867842063314e+00
6300 1.764460151964848e+00 -4.327849263328969e-01 1.816761519939473e+00
6301 1.764460151965018e+00 -4.327849263327890e-01 1.816761519939613e+00
6302 1.764460151965008e+00 -4.327849263327841e-01 1.816761519939602e+00
6303 1.764460151964847e+00 -4.327849263328982e-01 1.816761519939472e+00
6304 1.762920725870257e+00 -4.394533761627417e-01 1.816867842063298e+00
6305 1.762920725870279e+00 -4.394533761627456e-01 1.816867842063321e+00
6306 1.898289552648822e+00 2.390479205816070e-01 1.913281770683570e+00
6307 1.898289552648754e+00 2.390479205816148e-01 1.913281770683503e+00
6308 1.762920725870254e+00 -4.394533761627452e-01 1.816867842063296e+00
6309 1.764460151964858e+00 4.327849263329029e-01 1.816761519939484e+00
6310 1.764460151965008e+00 4.327849263327868e-01 1.816761519939602e+00
6311 1.764460151964997e+00 4.327849263327845e-01 1.816761519939591e+00
6312 1.764460151964844e+00 4.327849263329007e-01 1.816761519939470e+00
6313 1.898289552648826e+00 -2.390479205816140e-01 1.913281770683574e+00
6314 1.898289552648791e+00 2.390479205816143e-01 1.913281770683540e+00
6315 1.762920725870237e+00 -4.394533761627409e-01 1.816867842063278e+00
6316 1.898289552648818e+00 -2.390479205816097e-01 1.913281770683566e+00
6317 1.898289552648809e+00 -2.390479205816105e-01 1.913281770683557e+00
6318 1.898289552648797e+00 -2.390479205816108e-01 1.913281770683545e+00
6319 1.864824894154172e+00 -1.538443912976526e-01 1.871160063327256e+00
6320 1.864824894158991e+00 -1.538443912705091e-01 1.871160063329828e+00
6321 1.855690896574953e+00 1.562197870575872e-01 1.862254903470379e+00
6322 1.864824894158976e+00 1.538443912704976e-01 1.871160063329812e+00
6323 1.864824894156048e+00 1.538443912833737e-01 1.871160063327953e+00
6324 1.864824894156035e+00 1.538443912833689e-01 1.871160063327940e+00
6325 1.864824894157118e+00 1.538443912847681e-01 1.871160063329134e+00
6326 1.864824894156547e+00 1.538443912840683e-01 1.871160063328507e+00
6327 1.864824894156615e+00 1.538443912840644e-01 1.871160063328574e+00
6328 1.864824894156634e+00 1.538443912840682e-01 1.871160063328594e+00
6329 1.864824894157113e+00 1.538443912847701e-01 1.871160063329129e+00
6330 1.762920725870283e+00 4.394533761627468e-01 1.816867842063325e+00
6331 1.898289552648783e+00 2.390479205816163e-01 1.913281770683532e+00
6332 1.762920725870286e+00 4.394533761627515e-01 1.816867842063328e+00
6333 1.833056510802879e+00 -4.125447032964741e-01 1.878906411723267e+00
6334 1.833056510802880e+00 -4.125447032964711e-01 1.878906411723267e+00
6335 1.833056510802857e+00 -4.125447032964662e-01 1.878906411723243e+00
6336 1.893526449573445e+00 2.164698642219351e-01 1.905859810518728e+00
6337 1.893526449575094e+00 2.164698641514480e-01 1.905859810512359e+00
6338 1.893526449575096e+00 2.164698641514515e-01 1.905859810512362e+00
6339 1.893526449573449e+00 2.164698642219366e-01 1.905859810518731e+00
6340 1.781694335841970e+00 4.378282784698189e-01 1.834701149451649e+00
6341 1.781694335842515e+00 4.378282784709069e-01 1.834701149452439e+00
6342 1.893526449575685e+00 2.164698641860240e-01 1.905859810516874e+00
6343 1.893526449572858e+00 2.164698641873557e-01 1.905859810514217e+00
6344 1.781694335842506e+00 -4.378282784709053e-01 1.834701149452429e+00
6345 1.806925565545290e+00 4.313480515087079e-01 1.857697806684802e+00
6346 1.806925565458573e+00 4.313480515385924e-01 1.857697806607394e+00
6347 1.781694335842497e+00 -4.378282784709079e-01 1.834701149452421e+00
6348 1.781694335841957e+00 -4.378282784698209e-01 1.834701149451637e+00
6349 1.781694335842504e+00 4.378282784709049e-01 1.834701149452427e+00
6350 1.781694335841981e+00 4.378282784698282e-01 1.834701149451663e+00
6351 1.781694335841976e+00 -4.378282784698242e-01 1.834701149451657e+00
6352 1.893526449573459e+00 -2.164698642219349e-01 1.905859810518741e+00
6353 1.757330213796925e+00 4.357895429878180e-01 1.810558479061385e+00
6354 1.757330213805043e+00 4.357895429304912e-01 1.810558479055467e+00
6355 1.806925565545267e+00 4.313480515087122e-01 1.857697806684781e+00
6356 1.806925565458568e+00 4.313480515385946e-01 1.857697806607389e+00
6357 1.893526449573441e+00 -2.164698642219320e-01 1.905859810518723e+00
6358 1.893526449575093e+00 -2.164698641514503e-01 1.905859810512359e+00
6359 1.806925565458566e+00 -4.313480515385936e-01 1.857697806607388e+00
6360 1.806925565545261e+00 -4.313480515087070e-01 1.857697806684774e+00
6361 1.806925565545269e+00 -4.313480515087016e-01 1.857697806684780e+00
6362 1.806925565406394e+00 4.313480514774620e-01 1.857697806542447e+00
6363 1.893526449575057e+00 -2.164698641514395e-01 1.905859810512321e+00
6364 1.806925565493086e+00 4.313480514475738e-01 1.857697806619830e+00
6365 1.806925565458562e+00 -4.313480515385852e-01 1.857697806607382e+00
6366 1.806925565493072e+00 -4.313480514475737e-01 1.857697806619816e+00
6367 1.806925565406365e+00 -4.313480514774625e-01 1.857697806542419e+00
6368 1.806925565493079e+00 4.313480514475698e-01 1.857697806619822e+00
6369 1.757330213796940e+00 4.357895429878316e-01 1.810558479061403e+00
6370 1.757330213805038e+00 4.357895429304989e-01 1.810558479055464e+00
6371 1.864824894154163e+00 -1.538443912976457e-01 1.871160063327248e+00
6372 1.864824894158988e+00 -1.538443912704971e-01 1.871160063329824e+00
6373 1.806925565406373e+00 4.313480514774604e-01 1.857697806542427e+00
6374 1.893526449575685e+00 -2.164698641860317e-01 1.905859810516874e+00
6375 1.806925565493055e+00 -4.313480514475694e-01 1.857697806619798e+00
6376 1.806925565406372e+00 -4.313480514774551e-01 1.857697806542424e+00
6377 1.893526449572831e+00 -2.164698641873651e-01 1.905859810514191e+00
6378 1.864824894156029e+00 -1.538443912833749e-01 1.871160063327933e+00
6379 1.864824894157135e+00 -1.538443912847666e-01 1.871160063329150e+00
6380 1.864824894156041e+00 -1.538443912833706e-01 1.871160063327946e+00
6381 1.864824894156604e+00 -1.538443912840544e-01 1.871160063328563e+00
6382 1.864824894156561e+00 -1.538443912840544e-01 1.871160063328520e+00
6383 1.893526449575655e+00 -2.164698641860177e-01 1.905859810516844e+00
6384 1.757330213796941e+00 -4.357895429878262e-01 1.810558479061402e+00
6385 1.757330213805048e+00 -4.357895429304991e-01 1.810558479055473e+00
6386 1.757330213796916e+00 -4.357895429878197e-01 1.810558479061377e+00
6387 1.757330213801088e+00 4.357895429595112e-01 1.810558479058612e+00
6388 1.893526449572832e+00 -2.164698641873553e-01 1.905859810514191e+00
6389 1.757330213801013e+00 4.357895429591588e-01 1.810558479058455e+00
6390 1.757330213800979e+00 4.357895429591551e-01 1.810558479058421e+00
6391 1.864824894157133e+00 -1.538443912847703e-01 1.871160063329149e+00
6392 1.864824894156549e+00 -1.538443912840742e-01 1.871160063328509e+00
6393 1.864824894156631e+00 -1.538443912840661e-01 1.871160063328590e+00
6394 1.757330213805041e+00 -4.357895429304943e-01 1.810558479055465e+00
6395 1.757330213800903e+00 4.357895429588096e-01 1.810558479058264e+00
6396 1.757330213800982e+00 4.357895429591618e-01 1.810558479058426e+00
6397 1.757330213800896e+00 4.357895429588076e-01 1.810558479058257e+00
6398 1.757330213801094e+00 -4.357895429595182e-01 1.810558479058620e+00
6399 1.757330213801086e+00 -4.357895429595120e-01 1.810558479058611e+00
6400 1.757330213800887e+00 -4.357895429588089e-01 1.810558479058249e+00
6401 1.757330213800961e+00 -4.357895429591578e-01 1.810558479058404e+00
6402 1.757330213800998e+00 -4.357895429591631e-01 1.810558479058442e+00
6403 1.757330213800971e+00 -4.357895429591561e-01 1.810558479058413e+00
6404 1.757330213800995e+00 -4.357895429591611e-01 1.810558479058439e+00
6405 1.863721767419465e+00 1.611297020651035e-01 1.870674105032922e+00
6406 1.863721767419445e+00 -1.611297020650987e-01 1.870674105032901e+00
6407 1.863721767419475e+00 1.611297020651013e-01 1.870674105032931e+00
6408 1.863721767414188e+00 1.611297020752021e-01 1.870674105028534e+00
6409 1.863721767419455e+00 -1.611297020651049e-01 1.870674105032912e+00
6410 1.863721767414198e+00 -1.611297020752103e-01 1.870674105028545e+00
6411 1.863721767414204e+00 1.611297020752137e-01 1.870674105028552e+00
6412 1.863721767414185e+00 -1.611297020752105e-01 1.870674105028532e+00
6413 1.863721767416887e+00 1.611297020701796e-01 1.870674105030791e+00
6414 1.863721767416208e+00 1.611297020715366e-01 1.870674105030231e+00
6415 1.757330213800911e+00 -4.357895429588141e-01 1.810558479058273e+00
6416 1.863721767417418e+00 1.611297020687798e-01 1.870674105031199e+00
6417 1.863721767416811e+00 1.611297020701446e-01 1.870674105030712e+00
6418 1.863721767416851e+00 1.611297020701705e-01 1.870674105030755e+00
6419 1.863721767416239e+00 -1.611297020715370e-01 1.870674105030262e+00
6420 1.863721767417431e+00 -1.611297020687746e-01 1.870674105031212e+00
6421 1.863721767416222e+00 -1.611297020715415e-01 1.870674105030245e+00
6422 1.863721767416224e+00 1.611297020715357e-01 1.870674105030247e+00
6423 1.863721767417436e+00 1.611297020687711e-01 1.870674105031217e+00
6424 1.863721767416788e+00 1.611297020701421e-01 1.870674105030689e+00
6425 1.833056510802895e+00 4.125447032964775e-01 1.878906411723283e+00
6426 1.833056510802898e+00 4.125447032964729e-01 1.878906411723285e+00
6427 1.864824894156524e+00 1.538443912840692e-01 1.871160063328484e+00
6428 1.833056510802860e+00 -4.125447032964704e-01 1.878906411723247e+00
6429 1.893526449575710e+00 2.164698641860305e-01 1.905859810516900e+00
6430 1.893526449572885e+00 2.164698641873603e-01 1.905859810514244e+00
6431 1.833056510802875e+00 4.125447032964752e-01 1.878906411723263e+00
6432 1.833056510802890e+00 4.125447032964794e-01 1.878906411723279e+00
6433 1.764945987069981e+00 -4.423031343450501e-01 1.819523673911907e+00
6434 1.764945987058244e+00 -4.423031342938718e-01 1.819523673888082e+00
6435 1.764945987069951e+00 -4.423031343450428e-01 1.819523673911876e+00
6436 1.764945987058264e+00 -4.423031342938708e-01 1.819523673888101e+00
6437 1.767985304936701e+00 -4.377525367667483e-01 1.821372922253387e+00
6438 1.767985304940124e+00 -4.377525367648906e-01 1.821372922256263e+00
6439 1.767985304940863e+00 -4.377525367605189e-01 1.821372922255930e+00
6440 1.767985304936709e+00 -4.377525367667465e-01 1.821372922253394e+00
6441 1.767985304944264e+00 -4.377525367586557e-01 1.821372922258783e+00
6442 1.767985304940876e+00 -4.377525367605218e-01 1.821372922255943e+00
6443 1.767985304940145e+00 -4.377525367648993e-01 1.821372922256286e+00
6444 1.757330213801064e+00 4.357895429595091e-01 1.810558479058589e+00
6445 1.767985304944267e+00 -4.377525367586569e-01 1.821372922258786e+00
6446 1.757330213801004e+00 4.357895429591612e-01 1.810558479058447e+00
6447 1.863721767417433e+00 -1.611297020687766e-01 1.870674105031214e+00
6448 1.863721767416797e+00 -1.611297020701383e-01 1.870674105030697e+00
6449 1.863721767416849e+00 -1.611297020701798e-01 1.870674105030753e+00
6450 1.863721767416875e+00 -1.611297020701732e-01 1.870674105030778e+00
6451 1.863721767416834e+00 -1.611297020701389e-01 1.870674105030735e+00
6452 1.760281245176416e+00 4.229147356228189e-01 1.810372043455917e+00
6453 1.760281245176414e+00 -4.229147356228209e-01 1.810372043455915e+00
6454 1.760281245191226e+00 -4.229147356328274e-01 1.810372043472655e+00
6455 1.760281245189780e+00 -4.229147356294951e-01 1.810372043470470e+00
6456 1.767985304936729e+00 4.377525367667554e-01 1.821372922253416e+00
6457 1.760281245191224e+00 4.229147356328231e-01 1.810372043472652e+00
6458 1.760281245176401e+00 4.229147356228087e-01 1.810372043455900e+00
6459 1.760281245177844e+00 4.229147356261374e-01 1.810372043458081e+00
6460 1.760281245191223e+00 4.229147356328177e-01 1.810372043472650e+00
6461 1.760281245189772e+00 4.229147356294972e-01 1.810372043470464e+00
6462 1.767985304936740e+00 4.377525367667525e-01 1.821372922253426e+00
6463 1.767985304944245e+00 4.377525367586514e-01 1.821372922258764e+00
6464 1.767985304940849e+00 4.377525367605159e-01 1.821372922255916e+00
6465 1.767985304940102e+00 4.377525367648875e-01 1.821372922256241e+00
6466 1.767985304940122e+00 4.377525367648847e-01 1.821372922256260e+00
6467 1.767985304944263e+00 4.377525367586513e-01 1.821372922258781e+00
6468 1.760281245177854e+00 -4.229147356261390e-01 1.810372043458091e+00
6469 1.760281245191227e+00 -4.229147356328192e-01 1.810372043472654e+00
6470 1.767985304940858e+00 4.377525367605170e-01 1.821372922255925e+00
6471 1.760281245177834e+00 4.229147356261374e-01 1.810372043458071e+00
6472 1.760281245176400e+00 -4.229147356228118e-01 1.810372043455900e+00
6473 1.760281245189783e+00 -4.229147356294934e-01 1.810372043470473e+00
6474 1.760281245189783e+00 4.229147356295015e-01 1.810372043470475e+00
6475 1.760281245177862e+00 -4.229147356261408e-01 1.810372043458099e+00
6476 1.760281245183808e+00 -4.229147356278136e-01 1.810372043464271e+00
6477 1.760281245183845e+00 -4.229147356278271e-01 1.810372043464311e+00
6478 1.760281245183822e+00 -4.229147356278172e-01 1.810372043464286e+00
6479 1.760281245183823e+00 4.229147356278240e-01 1.810372043464288e+00
6480 1.760281245183816e+00 4.229147356278165e-01 1.810372043464280e+00
6481 1.760281245183804e+00 4.229147356278159e-01 1.810372043464268e+00
6482 1.760281245183815e+00 4.229147356278234e-01 1.810372043464280e+00
6483 1.770556476283858e+00 -4.341947341779755e-01 1.823018185015880e+00
6484 1.779270126012317e+00 -4.409417300029512e-01 1.833093502955559e+00
6485 1.779270126011852e+00 -4.409417300193079e-01 1.833093502959042e+00
6486 1.779270126015293e+00 -4.409417300136925e-01 1.833093502961031e+00
6487 1.779270126008887e+00 -4.409417300085636e-01 1.833093502953580e+00
6488 1.779270126012298e+00 -4.409417300029462e-01 1.833093502955540e+00
6489 1.760281245183813e+00 -4.229147356278179e-01 1.810372043464277e+00
6490 1.770556476288204e+00 -4.341947341741058e-01 1.823018185019180e+00
6491 1.779270126011842e+00 -4.409417300192990e-01 1.833093502959031e+00
6492 1.779270126008888e+00 -4.409417300085588e-01 1.833093502953580e+00
6493 1.770556476283854e+00 -4.341947341779771e-01 1.823018185015876e+00
6494 1.770556476285427e+00 -4.341947341496407e-01 1.823018185010656e+00
6495 1.779270126015283e+00 -4.409417300136889e-01 1.833093502961021e+00
6496 1.770556476288212e+00 -4.341947341741150e-01 1.823018185019189e+00
6497 1.770556476283871e+00 4.341947341779792e-01 1.823018185015894e+00
6498 1.770556476288221e+00 4.341947341741136e-01 1.823018185019198e+00
6499 1.770556476281099e+00 4.341947341535127e-01 1.823018185007374e+00
6500 1.770556476283871e+00 4.341947341779809e-01 1.823018185015895e+00
6501 1.770556476288209e+00 4.341947341741080e-01 1.823018185019185e+00
6502 1.779270126011858e+00 4.409417300193046e-01 1.833093502959047e+00
6503 1.779270126012321e+00 4.409417300029503e-01 1.833093502955562e+00
6504 1.779270126008891e+00 4.409417300085616e-01 1.833093502953584e+00
6505 1.779270126015282e+00 4.409417300136910e-01 1.833093502961020e+00
6506 1.770556476285430e+00 -4.341947341496477e-01 1.823018185010659e+00
6507 1.770556476281088e+00 4.341947341535121e-01 1.823018185007364e+00
6508 1.770556476285445e+00 4.341947341496463e-01 1.823018185010675e+00
6509 1.764945987058212e+00 4.423031342938682e-01 1.819523673888049e+00
6510 1.779270126015282e+00 4.409417300136949e-01 1.833093502961021e+00
6511 1.770556476281065e+00 -4.341947341535091e-01 1.823018185007340e+00
6512 1.764945987069952e+00 4.423031343450446e-01 1.819523673911877e+00
6513 1.779270126012295e+00 4.409417300029431e-01 1.833093502955536e+00
6514 1.779270126008889e+00 4.409417300085604e-01 1.833093502953581e+00
6515 1.779270126011861e+00 4.409417300193023e-01 1.833093502959049e+00
6516 1.770556476285449e+00 4.341947341496508e-01 1.823018185010679e+00
6517 1.764945987069997e+00 4.423031343450539e-01 1.819523673911924e+00
6518 1.770556476281103e+00 -4.341947341535147e-01 1.823018185007379e+00
6519 1.764945987058263e+00 4.423031342938754e-01 1.819523673888101e+00
6520 1.786938124817633e+00 -4.439477953605446e-01 1.841259760851860e+00
6521 1.786938124832104e+00 -4.439477950534317e-01 1.841259760791855e+00
6522 1.786938124832094e+00 4.439477950534296e-01 1.841259760791845e+00
6523 1.786938124817615e+00 4.439477953605439e-01 1.841259760851842e+00
6524 1.786938124832090e+00 4.439477950534265e-01 1.841259760791841e+00
6525 1.786938124817616e+00 4.439477953605355e-01 1.841259760851840e+00
6526 1.786938124817609e+00 -4.439477953605409e-01 1.841259760851836e+00
6527 1.786938124832089e+00 -4.439477950534251e-01 1.841259760791839e+00
6528 1.786938124824434e+00 -4.439477952226538e-01 1.841259760825213e+00
6529 1.786938124825279e+00 -4.439477951913154e-01 1.841259760818476e+00
6530 1.764945987064465e+00 -4.423031343169882e-01 1.819523673899736e+00
6531 1.764945987064446e+00 4.423031343169881e-01 1.819523673899716e+00
6532 1.764945987063794e+00 4.423031343219438e-01 1.819523673900289e+00
6533 1.764945987063780e+00 -4.423031343219368e-01 1.819523673900274e+00
6534 1.764945987064443e+00 -4.423031343169836e-01 1.819523673899712e+00
6535 1.764945987063809e+00 -4.423031343219444e-01 1.819523673900304e+00
6536 1.786938124824438e+00 4.439477952226502e-01 1.841259760825216e+00
6537 1.764945987064417e+00 4.423031343169754e-01 1.819523673899685e+00
6538 1.764945987063784e+00 4.423031343219348e-01 1.819523673900278e+00
6539 1.786938124824432e+00 4.439477952226563e-01 1.841259760825212e+00
6540 1.786938124825266e+00 4.439477951913136e-01 1.841259760818464e+00
6541 1.764945987064109e+00 4.423031343194577e-01 1.819523673899990e+00
6542 1.764945987064126e+00 4.423031343194686e-01 1.819523673900010e+00
6543 1.764945987064090e+00 -4.423031343194553e-01 1.819523673899972e+00
6544 1.764945987064120e+00 -4.423031343194607e-01 1.819523673900002e+00
6545 1.764945987064142e+00 -4.423031343194653e-01 1.819523673900024e+00
6546 1.786938124825281e+00 -4.439477951913169e-01 1.841259760818479e+00
6547 1.786938124824444e+00 -4.439477952226553e-01 1.841259760825223e+00
6548 1.764945987064148e+00 -4.423031343194688e-01 1.819523673900030e+00
6549 1.786938124824604e+00 4.439477952071458e-01 1.841259760821638e+00
6550 1.786938124825120e+00 -4.439477952068234e-01 1.841259760822062e+00
6551 1.786938124824578e+00 -4.439477952071418e-01 1.841259760821612e+00
6552 1.786938124825134e+00 -4.439477952068334e-01 1.841259760822078e+00
6553 1.786938124825260e+00 4.439477951913121e-01 1.841259760818457e+00
6554 1.786938124825139e+00 4.439477952068282e-01 1.841259760822081e+00
6555 1.786938124825156e+00 4.439477952068320e-01 1.841259760822099e+00
6556 1.786938124824532e+00 4.439477952071271e-01 1.841259760821564e+00
6557 1.780481048054077e+00 -4.178463733117735e-01 1.828854382986668e+00
6558 1.858157109586624e+00 2.068393636659014e-01 1.869633751906782e+00
6559 1.858157109586299e+00 2.068393636647561e-01 1.869633751906333e+00
6560 1.782458697827129e+00 4.085313785439286e-01 1.828676268975618e+00
6561 1.782458697828333e+00 4.085313785441936e-01 1.828676268976851e+00
6562 1.782458697828313e+00 4.085313785441905e-01 1.828676268976830e+00
6563 1.794793533019177e+00 4.139755682742282e-01 1.841917369833791e+00
6564 1.794793533019167e+00 4.139755682742314e-01 1.841917369833782e+00
6565 1.794793533020232e+00 4.139755682720754e-01 1.841917369834335e+00
6566 1.794793533019183e+00 -4.139755682742343e-01 1.841917369833798e+00
6567 1.794793533020237e+00 -4.139755682720818e-01 1.841917369834341e+00
6568 1.794793533020226e+00 4.139755682720793e-01 1.841917369834330e+00
6569 1.794793533020240e+00 -4.139755682720794e-01 1.841917369834344e+00
6570 1.858157109586300e+00 2.068393636647574e-01 1.869633751906334e+00
6571 1.782458697827090e+00 4.085313785439264e-01 1.828676268975580e+00
6572 1.794793533019189e+00 -4.139755682742314e-01 1.841917369833804e+00
6573 1.782458697827094e+00 -4.085313785439253e-01 1.828676268975583e+00
6574 1.782458697827082e+00 -4.085313785439174e-01 1.828676268975570e+00
6575 1.887278693643786e+00 -2.844848122123975e-01 1.908599611196995e+00
6576 1.887278693506995e+00 -2.844848123785477e-01 1.908599611086497e+00
6577 1.782458697828310e+00 -4.085313785441929e-01 1.828676268976828e+00
6578 1.887278693528223e+00 -2.844848124260474e-01 1.908599611114568e+00
6579 1.764945987064100e+00 4.423031343194550e-01 1.819523673899981e+00
6580 1.764945987064094e+00 4.423031343194514e-01 1.819523673899974e+00
6581 1.887278693643822e+00 -2.844848122124077e-01 1.908599611197031e+00
6582 1.786938124824559e+00 -4.439477952071391e-01 1.841259760821593e+00
6583 1.887278693507052e+00 -2.844848123785609e-01 1.908599611086555e+00
6584 1.887278693528272e+00 -2.844848124260534e-01 1.908599611114617e+00
6585 1.782458697828323e+00 -4.085313785441959e-01 1.828676268976842e+00
6586 1.887278693622535e+00 -2.844848121649041e-01 1.908599611168902e+00
6587 1.780481048054065e+00 4.178463733117765e-01 1.828854382986657e+00
6588 1.780481048054079e+00 4.178463733117784e-01 1.828854382986671e+00
6589 1.887278693622583e+00 -2.844848121649057e-01 1.908599611168949e+00
6590 1.887278693643804e+00 2.844848122124051e-01 1.908599611197014e+00
6591 1.887278693622563e+00 2.844848121649056e-01 1.908599611168930e+00
6592 1.823165571055702e+00 4.086598192313984e-01 1.868404545952804e+00
6593 1.823165571102318e+00 4.086598190972337e-01 1.868404545968946e+00
6594 1.823165571090133e+00 4.086598190817837e-01 1.868404545953678e+00
6595 1.823165571043543e+00 4.086598192159442e-01 1.868404545937559e+00
6596 1.823165571055694e+00 4.086598192313936e-01 1.868404545952795e+00
6597 1.823165571043527e+00 4.086598192159394e-01 1.868404545937542e+00
6598 1.823165571090127e+00 4.086598190817837e-01 1.868404545953671e+00
6599 1.780481048054087e+00 4.178463733117810e-01 1.828854382986680e+00
6600 1.887278693528254e+00 2.844848124260493e-01 1.908599611114599e+00
6601 1.780481048054068e+00 4.178463733117769e-01 1.828854382986660e+00
6602 1.887278693622565e+00 2.844848121649133e-01 1.908599611168932e+00
6603 1.887278693643821e+00 2.844848122124043e-01 1.908599611197030e+00
6604 1.887278693528251e+00 2.844848124260486e-01 1.908599611114596e+00
6605 1.822179906885691e+00 4.092460369320961e-01 1.867571131658062e+00
6606 1.887278693507007e+00 2.844848123785498e-01 1.908599611086509e+00
6607 1.822179906885697e+00 4.092460369320954e-01 1.867571131658067e+00
6608 1.822179906889573e+00 4.092460369606681e-01 1.867571131668111e+00
6609 1.823165571055714e+00 -4.086598192314002e-01 1.868404545952816e+00
6610 1.823165571043558e+00 -4.086598192159491e-01 1.868404545937575e+00
6611 1.823165571090157e+00 -4.086598190817891e-01 1.868404545953702e+00
6612 1.823165571102316e+00 -4.086598190972396e-01 1.868404545968946e+00
6613 1.822179906889580e+00 4.092460369606663e-01 1.867571131668117e+00
6614 1.822179906816419e+00 -4.092460369771007e-01 1.867571131600335e+00
6615 1.822179906885713e+00 -4.092460369321013e-01 1.867571131658083e+00
6616 1.822179906812514e+00 4.092460369485251e-01 1.867571131590263e+00
6617 1.823165571055717e+00 -4.086598192313984e-01 1.868404545952819e+00
6618 1.823165571043563e+00 -4.086598192159515e-01 1.868404545937580e+00
6619 1.822179906885688e+00 -4.092460369320983e-01 1.867571131658059e+00
6620 1.822179906816403e+00 -4.092460369770989e-01 1.867571131600319e+00
6621 1.823165571102316e+00 -4.086598190972355e-01 1.868404545968945e+00
6622 1.823165571090158e+00 -4.086598190817866e-01 1.868404545953702e+00
6623 1.887278693507020e+00 2.844848123785611e-01 1.908599611086523e+00
6624 1.822179906812531e+00 -4.092460369485300e-01 1.867571131590281e+00
6625 1.822179906889610e+00 -4.092460369606750e-01 1.867571131668148e+00
6626 1.822179906816403e+00 4.092460369770967e-01 1.867571131600319e+00
6627 1.822179906816397e+00 4.092460369770982e-01 1.867571131600313e+00
6628 1.822179906812514e+00 -4.092460369485231e-01 1.867571131590263e+00
6629 1.822179906889585e+00 -4.092460369606716e-01 1.867571131668123e+00
6630 1.822179906812507e+00 4.092460369485229e-01 1.867571131590256e+00
6631 1.858157109586616e+00 2.068393636659035e-01 1.869633751906775e+00
6632 1.782622697242187e+00 4.159718750052266e-01 1.830512573439028e+00
6633 1.782622697248494e+00 4.159718750150955e-01 1.830512573447413e+00
6634 1.780481048054082e+00 -4.178463733117824e-01 1.828854382986675e+00
6635 1.782161569979344e+00 4.040559890383068e-01 1.827391885663545e+00
6636 1.782161569979371e+00 -4.040559890383112e-01 1.827391885663571e+00
6637 1.782161569979360e+00 -4.040559890383060e-01 1.827391885663559e+00
6638 1.858157109586613e+00 -2.068393636659016e-01 1.869633751906772e+00
6639 1.858157109586278e+00 -2.068393636647524e-01 1.869633751906312e+00
6640 1.858157109586623e+00 -2.068393636659018e-01 1.869633751906781e+00
6641 1.780481048054089e+00 -4.178463733117797e-01 1.828854382986682e+00
6642 1.782161569979372e+00 4.040559890383101e-01 1.827391885663572e+00
6643 1.782161569979371e+00 4.040559890383094e-01 1.827391885663572e+00
6644 1.823165571102316e+00 4.086598190972343e-01 1.868404545968945e+00
6645 1.858157109586283e+00 -2.068393636647584e-01 1.869633751906318e+00
6646 1.780481048054075e+00 -4.178463733117763e-01 1.828854382986667e+00
6647 1.782161569979370e+00 -4.040559890383082e-01 1.827391885663570e+00
6648 1.855022626589879e+00 -2.056520481060183e-01 1.866387341912341e+00
6649 1.855022626556196e+00 -2.056520480995456e-01 1.866387341878150e+00
6650 1.772229119176432e+00 4.403128144831487e-01 1.826108273201494e+00
6651 1.772229119177483e+00 4.403128144902132e-01 1.826108273204218e+00
6652 1.889912733992378e+00 2.995860157465982e-01 1.913510366561276e+00
6653 1.889912733852837e+00 2.995860156645274e-01 1.913510366410605e+00
6654 1.889912733860430e+00 -2.995860154695813e-01 1.913510366387584e+00
6655 1.889912733992362e+00 -2.995860157465945e-01 1.913510366561259e+00
6656 1.889912733860434e+00 -2.995860154695864e-01 1.913510366387588e+00
6657 1.889912733999961e+00 -2.995860155516467e-01 1.913510366538242e+00
6658 1.889912733992387e+00 -2.995860157466042e-01 1.913510366561285e+00
6659 1.889912733992373e+00 2.995860157465957e-01 1.913510366561270e+00
6660 1.855022626556189e+00 -2.056520480995423e-01 1.866387341878142e+00
6661 1.855022626589890e+00 -2.056520481060173e-01 1.866387341912352e+00
6662 1.855022626572975e+00 -2.056520480987627e-01 1.866387341894740e+00
6663 1.889912733860454e+00 2.995860154695864e-01 1.913510366387609e+00
6664 1.889912733999996e+00 2.995860155516555e-01 1.913510366538278e+00
6665 1.889912733925827e+00 2.995860156086912e-01 1.913510366473954e+00
6666 1.889912733999987e+00 -2.995860155516522e-01 1.913510366538269e+00
6667 1.889912733852838e+00 -2.995860156645258e-01 1.913510366410606e+00
6668 1.889912733860446e+00 2.995860154695854e-01 1.913510366387600e+00
6669 1.889912733999989e+00 2.995860155516513e-01 1.913510366538271e+00
6670 1.889912733927011e+00 2.995860156074889e-01 1.913510366474935e+00
6671 1.889912733852832e+00 -2.995860156645264e-01 1.913510366410601e+00
6672 1.855022626573090e+00 -2.056520481067909e-01 1.866387341895740e+00
6673 1.772229119176640e+00 4.403128144852770e-01 1.826108273202209e+00
6674 1.772229119176440e+00 4.403128144831513e-01 1.826108273201502e+00
6675 1.855022626572956e+00 -2.056520480987638e-01 1.866387341894722e+00
6676 1.889912733927007e+00 2.995860156074937e-01 1.913510366474931e+00
6677 1.772229119177503e+00 4.403128144902237e-01 1.826108273204240e+00
6678 1.772229119176653e+00 4.403128144852799e-01 1.826108273202223e+00
6679 1.889912733927039e+00 -2.995860156074980e-01 1.913510366474964e+00
6680 1.839026310072389e+00 3.987414857106932e-01 1.881757832869372e+00
6681 1.839026310131453e+00 3.987414856634801e-01 1.881757832917091e+00
6682 1.839026310131442e+00 3.987414856634739e-01 1.881757832917079e+00
6683 1.839026310072349e+00 3.987414857106781e-01 1.881757832869330e+00
6684 1.889912733927016e+00 -2.995860156074903e-01 1.913510366474940e+00
6685 1.889912733925812e+00 -2.995860156086927e-01 1.913510366473939e+00
6686 1.772229119177297e+00 4.403128144881015e-01 1.826108273203529e+00
6687 1.839026310131475e+00 -3.987414856634847e-01 1.881757832917113e+00
6688 1.839026310072386e+00 -3.987414857106951e-01 1.881757832869371e+00
6689 1.839026310101534e+00 -3.987414856973363e-01 1.881757832895026e+00
6690 1.839026310101547e+00 3.987414856973283e-01 1.881757832895036e+00
6691 1.772229119177313e+00 4.403128144881012e-01 1.826108273203543e+00
6692 1.839026310131465e+00 -3.987414856634769e-01 1.881757832917101e+00
6693 1.839026310096923e+00 -3.987414856957404e-01 1.881757832890181e+00
6694 1.839026310101510e+00 -3.987414856973442e-01 1.881757832895004e+00
6695 1.839026310101551e+00 3.987414856973568e-01 1.881757832895047e+00
6696 1.839026310106898e+00 3.987414856784173e-01 1.881757832896259e+00
6697 1.839026310072384e+00 -3.987414857106891e-01 1.881757832869367e+00
6698 1.839026310106917e+00 3.987414856783961e-01 1.881757832896273e+00
6699 1.839026310096876e+00 3.987414856957432e-01 1.881757832890136e+00
6700 1.839026310096895e+00 3.987414856957026e-01 1.881757832890146e+00
6701 1.839026310106930e+00 -3.987414856784375e-01 1.881757832896295e+00
6702 1.839026310102305e+00 -3.987414856768334e-01 1.881757832891434e+00
6703 1.839026310102306e+00 -3.987414856768654e-01 1.881757832891442e+00
6704 1.889912733925819e+00 -2.995860156086914e-01 1.913510366473946e+00
6705 1.839026310102314e+00 3.987414856768521e-01 1.881757832891448e+00
6706 1.839026310106888e+00 -3.987414856784038e-01 1.881757832896247e+00
6707 1.839026310102314e+00 3.987414856768754e-01 1.881757832891452e+00
6708 1.782161569979363e+00 4.040559890383069e-01 1.827391885663563e+00
6709 1.782161569979348e+00 -4.040559890383075e-01 1.827391885663549e+00
6710 1.889912733852817e+00 2.995860156645220e-01 1.913510366410585e+00
6711 1.782622697242210e+00 4.159718750052330e-01 1.830512573439051e+00
6712 1.782622697248493e+00 4.159718750150924e-01 1.830512573447411e+00
6713 1.889912733925813e+00 2.995860156086878e-01 1.913510366473939e+00
6714 1.854713587018745e+00 -2.112768532231007e-01 1.866708439628373e+00
6715 1.782622697245299e+00 4.159718750093885e-01 1.830512573443004e+00
6716 1.782622697245377e+00 4.159718750109351e-01 1.830512573443432e+00
6717 1.782622697245331e+00 4.159718750093917e-01 1.830512573443036e+00
6718 1.782622697245393e+00 4.159718750109367e-01 1.830512573443448e+00
6719 1.839026310096904e+00 -3.987414856957277e-01 1.881757832890160e+00
6720 1.855022626589873e+00 2.056520481060166e-01 1.866387341912335e+00
6721 1.855022626589863e+00 2.056520481060129e-01 1.866387341912325e+00
6722 1.855022626556195e+00 2.056520480995444e-01 1.866387341878149e+00
6723 1.855022626573102e+00 2.056520481067969e-01 1.866387341895752e+00
6724 1.855022626573078e+00 2.056520481067932e-01 1.866387341895728e+00
6725 1.855022626556186e+00 2.056520480995363e-01 1.866387341878138e+00
6726 1.855022626572971e+00 2.056520480987656e-01 1.866387341894737e+00
6727 1.855022626572959e+00 2.056520480987616e-01 1.866387341894725e+00
6728 1.772229119177002e+00 4.403128144867055e-01 1.826108273202905e+00
6729 1.772229119176961e+00 4.403128144866765e-01 1.826108273202859e+00
6730 1.772229119176937e+00 4.403128144866687e-01 1.826108273202834e+00
6731 1.782622697242198e+00 -4.159718750052328e-01 1.830512573439040e+00
6732 1.782622697245312e+00 -4.159718750093922e-01 1.830512573443018e+00
6733 1.782622697248500e+00 -4.159718750150935e-01 1.830512573447418e+00
6734 1.782622697248497e+00 -4.159718750150935e-01 1.830512573447415e+00
6735 1.782622697242214e+00 -4.159718750052357e-01 1.830512573439056e+00
6736 1.855022626573078e+00 -2.056520481067978e-01 1.866387341895728e+00
6737 1.782622697245380e+00 -4.159718750109326e-01 1.830512573443435e+00
6738 1.782622697245306e+00 -4.159718750093904e-01 1.830512573443012e+00
6739 1.772229119176437e+00 -4.403128144831467e-01 1.826108273201499e+00
6740 1.772229119177507e+00 -4.403128144902290e-01 1.826108273204245e+00
6741 1.856981914844043e+00 -2.101543165601338e-01 1.868835645215144e+00
6742 1.856981914830720e+00 -2.101543165615710e-01 1.868835645202067e+00
6743 1.856981914812311e+00 -2.101543165845007e-01 1.868835645186353e+00
6744 1.772229119177496e+00 -4.403128144902240e-01 1.826108273204233e+00
6745 1.772229119176436e+00 -4.403128144831448e-01 1.826108273201497e+00
6746 1.772229119176635e+00 -4.403128144852808e-01 1.826108273202205e+00
6747 1.856981914844063e+00 -2.101543165601387e-01 1.868835645215165e+00
6748 1.856981914812319e+00 -2.101543165844998e-01 1.868835645186362e+00
6749 1.784044212781092e+00 4.311545939547479e-01 1.835404052803085e+00
6750 1.782622697245396e+00 -4.159718750109376e-01 1.830512573443451e+00
6751 1.784044212781199e+00 4.311545940063777e-01 1.835404052815317e+00
6752 1.784044212797121e+00 4.311545939840140e-01 1.835404052825540e+00
6753 1.784044212797120e+00 4.311545939840108e-01 1.835404052825539e+00
6754 1.784044212781192e+00 4.311545940063723e-01 1.835404052815310e+00
6755 1.856981914825615e+00 -2.101543165830602e-01 1.868835645199412e+00
6756 1.784044212781091e+00 4.311545939547452e-01 1.835404052803083e+00
6757 1.772229119176625e+00 -4.403128144852749e-01 1.826108273202194e+00
6758 1.784044212781106e+00 -4.311545939547512e-01 1.835404052803099e+00
6759 1.784044212781109e+00 -4.311545939547481e-01 1.835404052803102e+00
6760 1.784044212797117e+00 -4.311545939840085e-01 1.835404052825535e+00
6761 1.784044212765202e+00 4.311545939771159e-01 1.835404052792894e+00
6762 1.784044212765202e+00 -4.311545939771166e-01 1.835404052792894e+00
6763 1.784044212765194e+00 4.311545939771099e-01 1.835404052792885e+00
6764 1.772229119177314e+00 -4.403128144881001e-01 1.826108273203544e+00
6765 1.784044212797109e+00 -4.311545939840099e-01 1.835404052825528e+00
6766 1.784044212765201e+00 -4.311545939771169e-01 1.835404052792894e+00
6767 1.849054569857788e+00 -2.030755891647232e-01 1.860172706290083e+00
6768 1.849054569827535e+00 -2.030755891593449e-01 1.860172706259423e+00
6769 1.849054569838948e+00 -2.030755891649669e-01 1.860172706271381e+00
6770 1.849054569846362e+00 -2.030755891591045e-01 1.860172706278111e+00
6771 1.772229119177283e+00 -4.403128144880880e-01 1.826108273203511e+00
6772 1.849054569857794e+00 -2.030755891647176e-01 1.860172706290088e+00
6773 1.849054569827542e+00 -2.030755891593408e-01 1.860172706259430e+00
6774 1.849054569846379e+00 -2.030755891590971e-01 1.860172706278128e+00
6775 1.784044212781210e+00 -4.311545940063768e-01 1.835404052815328e+00
6776 1.856981914825640e+00 -2.101543165830639e-01 1.868835645199437e+00
6777 1.784044212781214e+00 -4.311545940063803e-01 1.835404052815333e+00
6778 1.772229119176947e+00 -4.403128144866746e-01 1.826108273202845e+00
6779 1.772229119176993e+00 -4.403128144866991e-01 1.826108273202895e+00
6780 1.772229119176970e+00 4.403128144866994e-01 1.826108273202873e+00
6781 1.854713587018720e+00 2.112768532230920e-01 1.866708439628347e+00
6782 1.854713587018738e+00 -2.112768532230953e-01 1.866708439628366e+00
6783 1.854713587018736e+00 -2.112768532230958e-01 1.866708439628364e+00
6784 1.854713587018730e+00 -2.112768532230938e-01 1.866708439628358e+00
6785 1.854713587018760e+00 2.112768532230960e-01 1.866708439628387e+00
6786 1.856981914830743e+00 -2.101543165615725e-01 1.868835645202090e+00
6787 1.784044212781101e+00 -4.311545939805923e-01 1.835404052809165e+00
6788 1.784044212781185e+00 -4.311545939805282e-01 1.835404052809232e+00
6789 1.784044212781188e+00 -4.311545939805292e-01 1.835404052809235e+00
6790 1.854713587018748e+00 2.112768532230960e-01 1.866708439628376e+00
6791 1.854713587018755e+00 2.112768532231062e-01 1.866708439628384e+00
6792 1.784044212781136e+00 4.311545939805994e-01 1.835404052809201e+00
6793 1.784044212781178e+00 4.311545939805297e-01 1.835404052809225e+00
6794 1.864414304414691e+00 -2.122435607715414e-01 1.876456241854602e+00
6795 1.864414304445960e+00 -2.122435607889735e-01 1.876456241887643e+00
6796 1.864414304472793e+00 -2.122435608160132e-01 1.876456241917362e+00
6797 1.864414304504075e+00 -2.122435608334381e-01 1.876456241950414e+00
6798 1.784044212781115e+00 -4.311545939805904e-01 1.835404052809178e+00
6799 1.864414304504051e+00 -2.122435608334361e-01 1.876456241950390e+00
6800 1.856981914812297e+00 2.101543165845003e-01 1.868835645186340e+00
6801 1.856981914830720e+00 2.101543165615723e-01 1.868835645202068e+00
6802 1.856981914844029e+00 2.101543165601361e-01 1.868835645215130e+00
6803 1.856981914812311e+00 2.101543165845002e-01 1.868835645186354e+00
6804 1.856981914825621e+00 2.101543165830642e-01 1.868835645199418e+00
6805 1.856981914825620e+00 2.101543165830619e-01 1.868835645199417e+00
6806 1.849054569838958e+00 -2.030755891649583e-01 1.860172706271391e+00
6807 1.856981914830729e+00 2.101543165615700e-01 1.868835645202077e+00
6808 1.856981914844045e+00 2.101543165601392e-01 1.868835645215147e+00
6809 1.784044212781108e+00 4.311545939805943e-01 1.835404052809173e+00
6810 1.784044212781183e+00 4.311545939805312e-01 1.835404052809230e+00
6811 1.849054569827547e+00 2.030755891593459e-01 1.860172706259435e+00
6812 1.849054569857812e+00 2.030755891647230e-01 1.860172706290107e+00
6813 1.849054569827544e+00 2.030755891593442e-01 1.860172706259431e+00
6814 1.849054569857802e+00 2.030755891647199e-01 1.860172706290096e+00
6815 1.849054569838962e+00 2.030755891649605e-01 1.860172706271394e+00
6816 1.849054569842665e+00 -2.030755891620399e-01 1.860172706274756e+00
6817 1.849054569842674e+00 -2.030755891620186e-01 1.860172706274763e+00
6818 1.849054569842675e+00 -2.030755891620154e-01 1.860172706274764e+00
6819 1.849054569842687e+00 -2.030755891620459e-01 1.860172706274780e+00
6820 1.849054569838964e+00 2.030755891649617e-01 1.860172706271397e+00
6821 1.849054569846390e+00 2.030755891591018e-01 1.860172706278139e+00
6822 1.783185107420652e+00 4.194842377738912e-01 1.831861390244236e+00
6823 1.783185107402548e+00 4.194842377386070e-01 1.831861390218533e+00
6824 1.783185107410850e+00 4.194842377551745e-01 1.831861390230408e+00
6825 1.783185107402556e+00 4.194842377386067e-01 1.831861390218541e+00
6826 1.783185107420663e+00 4.194842377738857e-01 1.831861390244245e+00
6827 1.783185107412393e+00 4.194842377573254e-01 1.831861390232402e+00
6828 1.783185107411590e+00 4.194842377562371e-01 1.831861390231372e+00
6829 1.783185107410839e+00 4.194842377551745e-01 1.831861390230397e+00
6830 1.849054569842692e+00 2.030755891620151e-01 1.860172706274781e+00
6831 1.849054569842686e+00 2.030755891620449e-01 1.860172706274779e+00
6832 1.783185107412369e+00 4.194842377573167e-01 1.831861390232377e+00
6833 1.783185107411619e+00 4.194842377562615e-01 1.831861390231406e+00
6834 1.783185107411576e+00 4.194842377562346e-01 1.831861390231357e+00
6835 1.783185107411611e+00 4.194842377562583e-01 1.831861390231397e+00
6836 1.849054569846386e+00 2.030755891590967e-01 1.860172706278134e+00
6837 1.849054569842701e+00 2.030755891620268e-01 1.860172706274791e+00
6838 1.849054569842682e+00 2.030755891620485e-01 1.860172706274775e+00
6839 1.772229119176950e+00 -4.403128144866749e-01 1.826108273202848e+00
6840 1.772229119176989e+00 -4.403128144867014e-01 1.826108273202891e+00
6841 1.865587116353809e+00 -2.856170396924052e-01 1.887324132751969e+00
6842 1.865587116353777e+00 2.856170396923942e-01 1.887324132751936e+00
6843 1.783185107420690e+00 -4.194842377738969e-01 1.831861390244274e+00
6844 1.783185107420674e+00 -4.194842377738927e-01 1.831861390244257e+00
6845 1.783185107402566e+00 -4.194842377386067e-01 1.831861390218550e+00
6846 1.783185107402556e+00 -4.194842377386047e-01 1.831861390218541e+00
6847 1.783083573516280e+00 -4.004504216025874e-01 1.827497625252978e+00
6848 1.783083573500372e+00 -4.004504215981670e-01 1.827497625236489e+00
6849 1.783083573498012e+00 -4.004504215957219e-01 1.827497625233650e+00
6850 1.783083573513918e+00 -4.004504216001387e-01 1.827497625250138e+00
6851 1.783083573516260e+00 -4.004504216025905e-01 1.827497625252960e+00
6852 1.783083573498002e+00 -4.004504215957227e-01 1.827497625233641e+00
6853 1.783083573513907e+00 -4.004504216001413e-01 1.827497625250127e+00
6854 1.783083573500364e+00 -4.004504215981687e-01 1.827497625236481e+00
6855 1.807670509091170e+00 3.599865746506474e-01 1.843166569620509e+00
6856 1.807670509091337e+00 3.599865746514183e-01 1.843166569620824e+00
6857 1.807670509091170e+00 3.599865746506472e-01 1.843166569620510e+00
6858 1.807670509091340e+00 3.599865746514201e-01 1.843166569620827e+00
6859 1.851552385854797e+00 -2.203700334949338e-01 1.864620387432023e+00
6860 1.851552385868263e+00 -2.203700334898268e-01 1.864620387444792e+00
6861 1.851552385868929e+00 -2.203700335099631e-01 1.864620387447833e+00
6862 1.851552385882398e+00 -2.203700335048550e-01 1.864620387460603e+00
6863 1.830624292164367e+00 3.672751545140094e-01 1.867103729894399e+00
6864 1.830624292154822e+00 3.672751544921757e-01 1.867103729880746e+00
6865 1.807670509091359e+00 -3.599865746514346e-01 1.843166569620848e+00
6866 1.830624292164374e+00 3.672751545140074e-01 1.867103729894406e+00
6867 1.830624292154818e+00 3.672751544921728e-01 1.867103729880742e+00
6868 1.807670509091157e+00 -3.599865746506469e-01 1.843166569620497e+00
6869 1.807670509091346e+00 -3.599865746514215e-01 1.843166569620833e+00
6870 1.830624292159732e+00 3.672751545027931e-01 1.867103729887649e+00
6871 1.830624292159726e+00 3.672751545027951e-01 1.867103729887643e+00
6872 1.830624292159475e+00 3.672751545033908e-01 1.867103729887515e+00
6873 1.864414304414663e+00 -2.122435607715411e-01 1.876456241854575e+00
6874 1.783083573516285e+00 4.004504216025915e-01 1.827497625252984e+00
6875 1.783083573513878e+00 4.004504216001317e-01 1.827497625250097e+00
6876 1.783083573497993e+00 4.004504215957198e-01 1.827497625233632e+00
6877 1.783083573498003e+00 4.004504215957220e-01 1.827497625233642e+00
6878 1.807670509091177e+00 -3.599865746506443e-01 1.843166569620516e+00
6879 1.783083573516266e+00 4.004504216025842e-01 1.827497625252964e+00
6880 1.783083573500359e+00 4.004504215981651e-01 1.827497625236476e+00
6881 1.783083573513900e+00 4.004504216001393e-01 1.827497625250120e+00
6882 1.830624292164392e+00 -3.672751545140225e-01 1.867103729894427e+00
6883 1.830624292154845e+00 -3.672751544921879e-01 1.867103729880771e+00
6884 1.851552385868922e+00 -2.203700335099584e-01 1.864620387447826e+00
6885 1.783083573500411e+00 4.004504215981743e-01 1.827497625236529e+00
6886 1.864414304445924e+00 -2.122435607889673e-01 1.876456241887606e+00
6887 1.864414304472780e+00 -2.122435608160144e-01 1.876456241917349e+00
6888 1.830624292164388e+00 -3.672751545140123e-01 1.867103729894421e+00
6889 1.830624292154845e+00 -3.672751544921748e-01 1.867103729880769e+00
6890 1.864414304414669e+00 2.122435607715396e-01 1.876456241854580e+00
6891 1.843966519225177e+00 -2.263024608586812e-01 1.857801207829866e+00
6892 1.843966519225378e+00 -2.263024608585056e-01 1.857801207830044e+00
6893 1.864414304414670e+00 2.122435607715430e-01 1.876456241854582e+00
6894 1.830624292159726e+00 -3.672751545027939e-01 1.867103729887644e+00
6895 1.830624292159472e+00 -3.672751545033942e-01 1.867103729887512e+00
6896 1.830624292159466e+00 -3.672751545033903e-01 1.867103729887506e+00
6897 1.783984354312528e+00 3.755666460866245e-01 1.823088171780137e+00
6898 1.843966519225148e+00 -2.263024608586834e-01 1.857801207829838e+00
6899 1.843966519225345e+00 -2.263024608584985e-01 1.857801207830011e+00
6900 1.783984354298867e+00 3.755666460969027e-01 1.823088171768886e+00
6901 1.783984354306338e+00 3.755666460915921e-01 1.823088171775103e+00
6902 1.864414304504045e+00 2.122435608334372e-01 1.876456241950384e+00
6903 1.864414304445919e+00 2.122435607889667e-01 1.876456241887601e+00
6904 1.864414304472799e+00 2.122435608160140e-01 1.876456241917368e+00
6905 1.783984354305019e+00 3.755666460919211e-01 1.823088171773880e+00
6906 1.864414304504057e+00 2.122435608334398e-01 1.876456241950396e+00
6907 1.830624292159736e+00 -3.672751545027961e-01 1.867103729887654e+00
6908 1.864414304472804e+00 2.122435608160121e-01 1.876456241917373e+00
6909 1.864414304445923e+00 2.122435607889658e-01 1.876456241887605e+00
6910 1.783984354298834e+00 3.755666460968921e-01 1.823088171768853e+00
6911 1.864414304459352e+00 -2.122435608024791e-01 1.876456241902476e+00
6912 1.864414304459379e+00 -2.122435608025045e-01 1.876456241902506e+00
6913 1.783083573507100e+00 4.004504215991467e-01 1.827497625243268e+00
6914 1.783083573507144e+00 4.004504215991510e-01 1.827497625243311e+00
6915 1.783083573507152e+00 4.004504215991547e-01 1.827497625243321e+00
6916 1.864414304459363e+00 2.122435608025005e-01 1.876456241902490e+00
6917 1.864414304459331e+00 2.122435608024761e-01 1.876456241902456e+00
6918 1.864414304459388e+00 -2.122435608025045e-01 1.876456241902515e+00
6919 1.864414304459328e+00 -2.122435608024782e-01 1.876456241902452e+00
6920 1.864414304459353e+00 2.122435608024988e-01 1.876456241902479e+00
6921 1.864414304459340e+00 2.122435608024813e-01 1.876456241902464e+00
6922 1.830624292159453e+00 3.672751545033992e-01 1.867103729887495e+00
6923 1.783083573507146e+00 -4.004504215991537e-01 1.827497625243314e+00
6924 1.783083573507157e+00 -4.004504215991618e-01 1.827497625243327e+00
6925 1.783185107410848e+00 -4.194842377551774e-01 1.831861390230407e+00
6926 1.793491074018081e+00 -3.711696314586851e-01 1.831495871657838e+00
6927 1.793491074018218e+00 -3.711696314585721e-01 1.831495871657949e+00
6928 1.802392121145815e+00 -3.563704990049386e-01 1.837285304717136e+00
6929 1.783185107410860e+00 -4.194842377551765e-01 1.831861390230419e+00
6930 1.802392121150987e+00 -3.563704990099901e-01 1.837285304723190e+00
6931 1.851552385868225e+00 -2.203700334898177e-01 1.864620387444753e+00
6932 1.851552385882385e+00 -2.203700335048529e-01 1.864620387460590e+00
6933 1.851552385854766e+00 -2.203700334949220e-01 1.864620387431991e+00
6934 1.865587116357416e+00 -2.856170397181712e-01 1.887324132759434e+00
6935 1.865587116355807e+00 -2.856170397049167e-01 1.887324132755838e+00
6936 1.865587116357379e+00 -2.856170397181617e-01 1.887324132759396e+00
6937 1.865587116353784e+00 -2.856170396923955e-01 1.887324132751944e+00
6938 1.865587116355829e+00 -2.856170397049126e-01 1.887324132755859e+00
6939 1.865587116355418e+00 -2.856170397056637e-01 1.887324132755566e+00
6940 1.783984354312532e+00 -3.755666460866252e-01 1.823088171780141e+00
6941 1.783083573507148e+00 4.004504215991663e-01 1.827497625243319e+00
6942 1.783984354298842e+00 -3.755666460968969e-01 1.823088171768861e+00
6943 1.783984354312529e+00 -3.755666460866181e-01 1.823088171780137e+00
6944 1.783984354298866e+00 -3.755666460968937e-01 1.823088171768884e+00
6945 1.865587116355405e+00 -2.856170397056574e-01 1.887324132755552e+00
6946 1.783984354306332e+00 -3.755666460915924e-01 1.823088171775097e+00
6947 1.783984354304999e+00 -3.755666460919168e-01 1.823088171773860e+00
6948 1.783984354306351e+00 -3.755666460916047e-01 1.823088171775119e+00
6949 1.793491074018226e+00 3.711696314585777e-01 1.831495871657959e+00
6950 1.865587116357393e+00 2.856170397181642e-01 1.887324132759411e+00
6951 1.793491074018112e+00 3.711696314586960e-01 1.831495871657871e+00
6952 1.783984354305044e+00 -3.755666460919358e-01 1.823088171773908e+00
6953 1.793491074018218e+00 3.711696314585672e-01 1.831495871657949e+00
6954 1.793491074018073e+00 3.711696314586795e-01 1.831495871657830e+00
6955 1.865587116353850e+00 2.856170396924105e-01 1.887324132752011e+00
6956 1.865587116357445e+00 2.856170397181787e-01 1.887324132759464e+00
6957 1.865587116355816e+00 2.856170397049124e-01 1.887324132755845e+00
6958 1.783984354312522e+00 3.755666460866213e-01 1.823088171780131e+00
6959 1.851552385868239e+00 2.203700334898216e-01 1.864620387444767e+00
6960 1.851552385882381e+00 2.203700335048525e-01 1.864620387460586e+00
6961 1.851552385854770e+00 2.203700334949282e-01 1.864620387431996e+00
6962 1.851552385868914e+00 2.203700335099621e-01 1.864620387447818e+00
6963 1.851552385882407e+00 2.203700335048526e-01 1.864620387460612e+00
6964 1.865587116355435e+00 2.856170397056625e-01 1.887324132755583e+00
6965 1.865587116355807e+00 2.856170397049115e-01 1.887324132755837e+00
6966 1.851552385868244e+00 2.203700334898218e-01 1.864620387444773e+00
6967 1.865587116355419e+00 2.856170397056599e-01 1.887324132755567e+00
6968 1.851552385854780e+00 2.203700334949285e-01 1.864620387432006e+00
6969 1.851552385868914e+00 2.203700335099569e-01 1.864620387447817e+00
6970 1.783984354306362e+00 3.755666460916011e-01 1.823088171775129e+00
6971 1.802392121151001e+00 3.563704990099884e-01 1.837285304723203e+00
6972 1.802392121167104e+00 3.563704990224209e-01 1.837285304741412e+00
6973 1.802392121145811e+00 3.563704990049341e-01 1.837285304717132e+00
6974 1.802392121161898e+00 3.563704990173667e-01 1.837285304735324e+00
6975 1.802392121145794e+00 3.563704990049313e-01 1.837285304717114e+00
6976 1.802392121167106e+00 3.563704990224248e-01 1.837285304741415e+00
6977 1.783984354304981e+00 3.755666460919221e-01 1.823088171773843e+00
6978 1.802392121161910e+00 3.563704990173628e-01 1.837285304735335e+00
6979 1.793263226413748e+00 -3.497665144758874e-01 1.827054901708336e+00
6980 1.793263226416571e+00 -3.497665144790170e-01 1.827054901711706e+00
6981 1.793263226426249e+00 -3.497665144807390e-01 1.827054901721535e+00
6982 1.793263226429072e+00 -3.497665144838634e-01 1.827054901724903e+00
6983 1.793263226429069e+00 -3.497665144838634e-01 1.827054901724901e+00
6984 1.803065440733950e+00 3.666446285483389e-01 1.839965561420231e+00
6985 1.803065440727753e+00 3.666446285376472e-01 1.839965561412027e+00
6986 1.803065440733976e+00 3.666446285483456e-01 1.839965561420257e+00
6987 1.803065440727757e+00 3.666446285376425e-01 1.839965561412029e+00
6988 1.803065440717589e+00 3.666446285469132e-01 1.839965561403914e+00
6989 1.803065440717598e+00 3.666446285469063e-01 1.839965561403921e+00
6990 1.803065440711392e+00 3.666446285362174e-01 1.839965561395709e+00
6991 1.793263226421402e+00 -3.497665144798745e-01 1.827054901716612e+00
6992 1.793263226421413e+00 -3.497665144798779e-01 1.827054901716622e+00
6993 1.793263226426227e+00 3.497665144807333e-01 1.827054901721511e+00
6994 1.793263226429083e+00 3.497665144838678e-01 1.827054901724914e+00
6995 1.803065440711392e+00 3.666446285362174e-01 1.839965561395708e+00
6996 1.793263226413756e+00 3.497665144758908e-01 1.827054901708344e+00
6997 1.793263226426220e+00 3.497665144807294e-01 1.827054901721505e+00
6998 1.793263226429061e+00 3.497665144838629e-01 1.827054901724892e+00
6999 1.793263226416568e+00 3.497665144790153e-01 1.827054901711703e+00
7000 1.793263226413719e+00 3.497665144758870e-01 1.827054901708307e+00
7001 1.793263226421421e+00 3.497665144798732e-01 1.827054901716629e+00
7002 1.793263226421423e+00 3.497665144798824e-01 1.827054901716634e+00
7003 1.793263226416545e+00 3.497665144790092e-01 1.827054901711678e+00
7004 1.843966519225112e+00 2.263024608586763e-01 1.857801207829802e+00
7005 1.843966519225305e+00 2.263024608584978e-01 1.857801207829971e+00
7006 1.783083573507107e+00 -4.004504215991574e-01 1.827497625243277e+00
7007 1.783083573507122e+00 -4.004504215991473e-01 1.827497625243289e+00
7008 1.793491074018092e+00 -3.711696314586872e-01 1.831495871657850e+00
7009 1.793491074018230e+00 -3.711696314585737e-01 1.831495871657961e+00
7010 1.802392121150990e+00 3.563704990099880e-01 1.837285304723192e+00
7011 1.833260146436829e+00 -2.315201934157215e-01 1.847821518565264e+00
7012 1.833260146436868e+00 -2.315201934157249e-01 1.847821518565302e+00
7013 1.833260146452643e+00 -2.315201934070281e-01 1.847821518579864e+00
7014 1.833260146444327e+00 -2.315201934114864e-01 1.847821518572172e+00
7015 1.833260146452640e+00 -2.315201934070295e-01 1.847821518579861e+00
7016 1.833260146445220e+00 -2.315201934112777e-01 1.847821518573031e+00
7017 1.833260146444305e+00 -2.315201934114831e-01 1.847821518572150e+00
7018 1.802392121167112e+00 -3.563704990224298e-01 1.837285304741421e+00
7019 1.802392121145786e+00 -3.563704990049351e-01 1.837285304717107e+00
7020 1.802392121161905e+00 -3.563704990173683e-01 1.837285304735331e+00
7021 1.802392121151009e+00 -3.563704990099973e-01 1.837285304723213e+00
7022 1.802392121167101e+00 -3.563704990224289e-01 1.837285304741410e+00
7023 1.833260146452674e+00 2.315201934070314e-01 1.847821518579895e+00
7024 1.833260146436857e+00 2.315201934157278e-01 1.847821518565292e+00
7025 1.833260146452668e+00 2.315201934070299e-01 1.847821518579889e+00
7026 1.833260146436860e+00 2.315201934157311e-01 1.847821518565296e+00
7027 1.802392121161913e+00 -3.563704990173684e-01 1.837285304735339e+00
7028 1.833260146444299e+00 2.315201934114822e-01 1.847821518572143e+00
7029 1.833260146445195e+00 2.315201934112718e-01 1.847821518573007e+00
7030 1.793263226413736e+00 -3.497665144758873e-01 1.827054901708324e+00
7031 1.793263226416568e+00 -3.497665144790120e-01 1.827054901711701e+00
7032 1.793263226426241e+00 -3.497665144807328e-01 1.827054901721525e+00
7033 1.833260146445182e+00 -2.315201934112692e-01 1.847821518572993e+00
7034 1.833260146444332e+00 2.315201934114901e-01 1.847821518572177e+00
7035 1.833260146445208e+00 2.315201934112781e-01 1.847821518573019e+00
7036 1.843966519225360e+00 2.263024608585036e-01 1.857801207830026e+00
7037 1.843966519225160e+00 2.263024608586833e-01 1.857801207829849e+00
7038 1.830016123206793e+00 -2.762272892603095e-01 1.850745937866383e+00
7039 1.830016123205369e+00 -2.762272892612115e-01 1.850745937865110e+00
7040 1.840366784915459e+00 2.552032984235800e-01 1.857977025300996e+00
7041 1.840366784915517e+00 -2.552032984235914e-01 1.857977025301055e+00
7042 1.793263226421414e+00 3.497665144798667e-01 1.827054901716622e+00
7043 1.830016123206809e+00 2.762272892603230e-01 1.850745937866401e+00
7044 1.830016123205398e+00 2.762272892612235e-01 1.850745937865140e+00
7045 1.783185107412371e+00 -4.194842377573225e-01 1.831861390232381e+00
7046 1.815561616097461e+00 3.248455184341635e-01 1.844393827980669e+00
7047 1.783185107412371e+00 -4.194842377573183e-01 1.831861390232380e+00
7048 1.783185107411622e+00 -4.194842377562593e-01 1.831861390231408e+00
7049 1.783185107411576e+00 -4.194842377562368e-01 1.831861390231358e+00
7050 1.815561616097467e+00 3.248455184341680e-01 1.844393827980675e+00
7051 1.803065440717593e+00 -3.666446285469063e-01 1.839965561403916e+00
7052 1.803065440727766e+00 -3.666446285376450e-01 1.839965561412040e+00
7053 1.803065440711381e+00 -3.666446285362134e-01 1.839965561395697e+00
7054 1.803065440711385e+00 -3.666446285362109e-01 1.839965561395701e+00
7055 1.803065440733967e+00 -3.666446285483403e-01 1.839965561420247e+00
7056 1.803065440733960e+00 -3.666446285483361e-01 1.839965561420239e+00
7057 1.803065440717605e+00 -3.666446285469109e-01 1.839965561403928e+00
7058 1.803065440727773e+00 -3.666446285376471e-01 1.839965561412047e+00
7059 1.793263226421405e+00 -3.497665144798833e-01 1.827054901716617e+00
7060 1.830016123206786e+00 2.762272892603161e-01 1.850745937866378e+00
7061 1.830016123205357e+00 2.762272892612129e-01 1.850745937865099e+00
7062 1.783185107411572e+00 -4.194842377562344e-01 1.831861390231354e+00
7063 1.783185107411616e+00 -4.194842377562585e-01 1.831861390231402e+00
7064 1.830016123206805e+00 -2.762272892603117e-01 1.850745937866396e+00
7065 1.830016123205390e+00 -2.762272892612125e-01 1.850745937865131e+00
7066 1.840366784915510e+00 -2.552032984235871e-01 1.857977025301047e+00
7067 1.844992532974085e+00 -2.637356573826457e-01 1.863747285364941e+00
7068 1.833361935667756e+00 -2.814576611240109e-01 1.854840802376533e+00
7069 1.833361935667795e+00 -2.814576611247652e-01 1.854840802376686e+00
7070 1.844992532974089e+00 -2.637356573826531e-01 1.863747285364946e+00
7071 1.840366784915454e+00 -2.552032984235824e-01 1.857977025300991e+00
7072 1.793263226421404e+00 -3.497665144798719e-01 1.827054901716612e+00
7073 1.844992532974067e+00 -2.637356573826500e-01 1.863747285364924e+00
7074 1.840366784915477e+00 -2.552032984235827e-01 1.857977025301014e+00
7075 1.833361935667810e+00 -2.814576611247666e-01 1.854840802376701e+00
7076 1.833361935667756e+00 -2.814576611240098e-01 1.854840802376533e+00
7077 1.791049580539200e+00 -3.771272680921653e-01 1.830323352932018e+00
7078 1.815561616097463e+00 -3.248455184341632e-01 1.844393827980670e+00
7079 1.793263226421420e+00 3.497665144798808e-01 1.827054901716630e+00
7080 1.815561616097470e+00 -3.248455184341655e-01 1.844393827980678e+00
7081 1.844992532974052e+00 -2.637356573826447e-01 1.863747285364908e+00
7082 1.815561616097463e+00 -3.248455184341623e-01 1.844393827980671e+00
7083 1.840366784915497e+00 2.552032984235920e-01 1.857977025301036e+00
7084 1.786741403976852e+00 3.745902650349594e-01 1.825585580394448e+00
7085 1.820677052207145e+00 -3.247626736370816e-01 1.849414967664533e+00
7086 1.820677052207132e+00 -3.247626736370796e-01 1.849414967664520e+00
7087 1.791049580539219e+00 3.771272680921610e-01 1.830323352932036e+00
7088 1.791049580539191e+00 3.771272680921576e-01 1.830323352932008e+00
7089 1.815561616097453e+00 3.248455184341639e-01 1.844393827980661e+00
7090 1.815561616097491e+00 -3.248455184341776e-01 1.844393827980700e+00
7091 1.840366784915507e+00 2.552032984235858e-01 1.857977025301045e+00
7092 1.840366784915492e+00 2.552032984235832e-01 1.857977025301029e+00
7093 1.791049580539198e+00 3.771272680921593e-01 1.830323352932015e+00
7094 1.815561616097472e+00 3.248455184341680e-01 1.844393827980680e+00
7095 1.794668387044141e+00 -3.750070239876584e-01 1.833429815263104e+00
7096 1.794668387053111e+00 -3.750070239836844e-01 1.833429815271071e+00
7097 1.820677052207161e+00 3.247626736370861e-01 1.849414967664549e+00
7098 1.844992532974119e+00 2.637356573826549e-01 1.863747285364976e+00
7099 1.844992532974062e+00 2.637356573826490e-01 1.863747285364919e+00
7100 1.794668387053126e+00 -3.750070239836896e-01 1.833429815271088e+00
7101 1.794668387044149e+00 -3.750070239876622e-01 1.833429815263113e+00
7102 1.794668387049106e+00 -3.750070239845553e-01 1.833429815267329e+00
7103 1.794668387048181e+00 -3.750070239868028e-01 1.833429815266883e+00
7104 1.820677052207146e+00 -3.247626736370809e-01 1.849414967664533e+00
7105 1.820677052207186e+00 3.247626736370839e-01 1.849414967664574e+00
7106 1.820677052207157e+00 -3.247626736370799e-01 1.849414967664544e+00
7107 1.820677052207137e+00 3.247626736370801e-01 1.849414967664525e+00
7108 1.844992532974068e+00 2.637356573826503e-01 1.863747285364925e+00
7109 1.816490999383411e+00 3.703424284625396e-01 1.853858965822502e+00
7110 1.816490999398664e+00 3.703424285203150e-01 1.853858965848989e+00
7111 1.794668387053123e+00 3.750070239836868e-01 1.833429815271084e+00
7112 1.794668387048140e+00 -3.750070239867923e-01 1.833429815266841e+00
7113 1.833361935667801e+00 2.814576611247644e-01 1.854840802376692e+00
7114 1.794668387048168e+00 3.750070239868017e-01 1.833429815266871e+00
7115 1.833361935667753e+00 2.814576611240081e-01 1.854840802376529e+00
7116 1.794668387053147e+00 3.750070239836951e-01 1.833429815271109e+00
7117 1.794668387044158e+00 3.750070239876647e-01 1.833429815263122e+00
7118 1.794668387048163e+00 3.750070239868000e-01 1.833429815266865e+00
7119 1.794668387044168e+00 3.750070239876652e-01 1.833429815263132e+00
7120 1.820677052207174e+00 3.247626736370915e-01 1.849414967664563e+00
7121 1.816490999383430e+00 3.703424284625444e-01 1.853858965822521e+00
7122 1.833361935667816e+00 2.814576611247644e-01 1.854840802376706e+00
7123 1.833361935667760e+00 2.814576611240110e-01 1.854840802376537e+00
7124 1.816490999398694e+00 3.703424285203183e-01 1.853858965849019e+00
7125 1.816490999391431e+00 3.703424284926280e-01 1.853858965836370e+00
7126 1.820446756291072e+00 -3.468379302192292e-01 1.853192634976042e+00
7127 1.820446756291075e+00 -3.468379302192302e-01 1.853192634976045e+00
7128 1.820446756276659e+00 -3.468379301877803e-01 1.853192634955997e+00
7129 1.820446756280031e+00 -3.468379302461291e-01 1.853192634970231e+00
7130 1.820446756280032e+00 -3.468379302461286e-01 1.853192634970231e+00
7131 1.820446756265660e+00 -3.468379302146853e-01 1.853192634950229e+00
7132 1.820446756265676e+00 -3.468379302146906e-01 1.853192634950245e+00
7133 1.820446756276648e+00 -3.468379301877811e-01 1.853192634955986e+00
7134 1.820446756278339e+00 -3.468379302169713e-01 1.853192634963111e+00
7135 1.829545538966263e+00 2.785453376282249e-01 1.850628105337692e+00
7136 1.829545538975458e+00 2.785453376302370e-01 1.850628105347085e+00
7137 1.822517603427472e+00 2.747380862627893e-01 1.843109174966680e+00
7138 1.822517603408630e+00 2.747380862560642e-01 1.843109174947046e+00
7139 1.829545538966240e+00 2.785453376282218e-01 1.850628105337669e+00
7140 1.829545538989785e+00 2.785453376380417e-01 1.850628105362423e+00
7141 1.829545538980549e+00 2.785453376360202e-01 1.850628105352988e+00
7142 1.829545538980593e+00 2.785453376360238e-01 1.850628105353033e+00
7143 1.822517603422063e+00 2.747380862590613e-01 1.843109174960776e+00
7144 1.822517603408605e+00 2.747380862560579e-01 1.843109174947020e+00
7145 1.822517603414085e+00 2.747380862597983e-01 1.843109174952997e+00
7146 1.822517603414080e+00 2.747380862597972e-01 1.843109174952992e+00
7147 1.829545538975452e+00 2.785453376302399e-01 1.850628105347079e+00
7148 1.822517603427479e+00 2.747380862627857e-01 1.843109174966686e+00
7149 1.822517603422056e+00 2.747380862590595e-01 1.843109174960769e+00
7150 1.829545538989780e+00 2.785453376380369e-01 1.850628105362418e+00
7151 1.820446756280020e+00 3.468379302461269e-01 1.853192634970219e+00
7152 1.820446756276653e+00 3.468379301877809e-01 1.853192634955992e+00
7153 1.820446756280044e+00 3.468379302461313e-01 1.853192634970244e+00
7154 1.820446756291052e+00 3.468379302192269e-01 1.853192634976021e+00
7155 1.820446756276676e+00 3.468379301877855e-01 1.853192634956015e+00
7156 1.820446756265647e+00 3.468379302146837e-01 1.853192634950216e+00
7157 1.820446756291044e+00 3.468379302192250e-01 1.853192634976014e+00
7158 1.820446756265651e+00 3.468379302146842e-01 1.853192634950220e+00
7159 1.820446756278333e+00 3.468379302169691e-01 1.853192634963105e+00
7160 1.820446756278364e+00 3.468379302169378e-01 1.853192634963129e+00
7161 1.820446756278380e+00 3.468379302169375e-01 1.853192634963145e+00
7162 1.820446756278332e+00 3.468379302169712e-01 1.853192634963104e+00
7163 1.791049580539189e+00 3.771272680921509e-01 1.830323352932004e+00
7164 1.786741403976870e+00 3.745902650349656e-01 1.825585580394467e+00
7165 1.844992532974071e+00 2.637356573826525e-01 1.863747285364928e+00
7166 1.791049580539230e+00 -3.771272680921642e-01 1.830323352932047e+00
7167 1.794668387049151e+00 3.750070239845589e-01 1.833429815267374e+00
7168 1.786741403974326e+00 3.745902650940116e-01 1.825585580404093e+00
7169 1.816490999390660e+00 3.703424284902328e-01 1.853858965835137e+00
7170 1.786741403974342e+00 3.745902650940074e-01 1.825585580404107e+00
7171 1.791049580539203e+00 -3.771272680921574e-01 1.830323352932020e+00
7172 1.816490999398669e+00 -3.703424285203130e-01 1.853858965848993e+00
7173 1.816490999383425e+00 -3.703424284625411e-01 1.853858965822515e+00
7174 1.837119131159083e+00 2.312954577578643e-01 1.851622070199566e+00
7175 1.837119131178576e+00 2.312954576916136e-01 1.851622070210630e+00
7176 1.794668387049109e+00 3.750070239845487e-01 1.833429815267330e+00
7177 1.850888564642122e+00 -2.709494484498383e-01 1.870615428766225e+00
7178 1.850888564652722e+00 -2.709494485336836e-01 1.870615428788858e+00
7179 1.827413465954567e+00 2.966029991286150e-01 1.851327446629627e+00
7180 1.827413465958428e+00 2.966029991232229e-01 1.851327446632574e+00
7181 1.827413465964262e+00 2.966029991255763e-01 1.851327446638709e+00
7182 1.827413465960397e+00 2.966029991309692e-01 1.851327446635758e+00
7183 1.828266210693405e+00 2.907541794492949e-01 1.851241564472463e+00
7184 1.828266210679826e+00 2.907541794523478e-01 1.851241564459533e+00
7185 1.837119131159059e+00 -2.312954577578617e-01 1.851622070199541e+00
7186 1.837119131159074e+00 -2.312954577578612e-01 1.851622070199556e+00
7187 1.842803557243230e+00 -2.318482016265692e-01 1.857331025742524e+00
7188 1.842803557243248e+00 -2.318482016265721e-01 1.857331025742542e+00
7189 1.837119131178559e+00 -2.312954576916160e-01 1.851622070210613e+00
7190 1.837119131178562e+00 -2.312954576916115e-01 1.851622070210616e+00
7191 1.842803557243273e+00 -2.318482016265755e-01 1.857331025742568e+00
7192 1.842803557243254e+00 -2.318482016265717e-01 1.857331025742548e+00
7193 1.843210843857487e+00 -2.302116414084214e-01 1.857531591858882e+00
7194 1.842803557243203e+00 2.318482016265655e-01 1.857331025742497e+00
7195 1.842803557243279e+00 2.318482016265745e-01 1.857331025742573e+00
7196 1.842803557243251e+00 2.318482016265703e-01 1.857331025742545e+00
7197 1.843210843857476e+00 -2.302116414084228e-01 1.857531591858870e+00
7198 1.843210843871413e+00 -2.302116414075173e-01 1.857531591872588e+00
7199 1.843210843857485e+00 2.302116414084183e-01 1.857531591858879e+00
7200 1.843210843857495e+00 2.302116414084249e-01 1.857531591858889e+00
7201 1.822517603427481e+00 -2.747380862627908e-01 1.843109174966689e+00
7202 1.843210843871417e+00 2.302116414075186e-01 1.857531591872592e+00
7203 1.822517603408640e+00 -2.747380862560644e-01 1.843109174947056e+00
7204 1.829545538989778e+00 -2.785453376380417e-01 1.850628105362417e+00
7205 1.829545538966272e+00 -2.785453376282296e-01 1.850628105337702e+00
7206 1.829545538989801e+00 -2.785453376380368e-01 1.850628105362439e+00
7207 1.829545538966280e+00 -2.785453376282280e-01 1.850628105337709e+00
7208 1.829545538975450e+00 -2.785453376302363e-01 1.850628105347077e+00
7209 1.829545538975470e+00 -2.785453376302357e-01 1.850628105347097e+00
7210 1.843210843865018e+00 2.302116414074833e-01 1.857531591866238e+00
7211 1.822517603427465e+00 -2.747380862627893e-01 1.843109174966673e+00
7212 1.843210843871418e+00 2.302116414075208e-01 1.857531591872593e+00
7213 1.822517603408624e+00 -2.747380862560608e-01 1.843109174947040e+00
7214 1.822517603422040e+00 -2.747380862590554e-01 1.843109174960752e+00
7215 1.843210843871412e+00 -2.302116414075230e-01 1.857531591872587e+00
7216 1.842803557243232e+00 2.318482016265731e-01 1.857331025742527e+00
7217 1.843210843865028e+00 -2.302116414074817e-01 1.857531591866248e+00
7218 1.822517603422052e+00 -2.747380862590569e-01 1.843109174960764e+00
7219 1.843210843863868e+00 -2.302116414084602e-01 1.857531591865218e+00
7220 1.829545538980566e+00 -2.785453376360195e-01 1.850628105353005e+00
7221 1.843210843863867e+00 2.302116414084612e-01 1.857531591865217e+00
7222 1.822517603414078e+00 -2.747380862597934e-01 1.843109174952989e+00
7223 1.843210843865029e+00 -2.302116414074813e-01 1.857531591866249e+00
7224 1.843210843863872e+00 -2.302116414084568e-01 1.857531591865221e+00
7225 1.822517603414078e+00 -2.747380862597924e-01 1.843109174952989e+00
7226 1.820446756278384e+00 -3.468379302169395e-01 1.853192634963149e+00
7227 1.820446756278345e+00 -3.468379302169681e-01 1.853192634963116e+00
7228 1.820446756278369e+00 -3.468379302169431e-01 1.853192634963136e+00
7229 1.843210843863868e+00 2.302116414084630e-01 1.857531591865218e+00
7230 1.829545538980583e+00 -2.785453376360252e-01 1.850628105353023e+00
7231 1.791049580539176e+00 -3.771272680921556e-01 1.830323352931993e+00
7232 1.794668387049111e+00 -3.750070239845544e-01 1.833429815267334e+00
7233 1.786741403976890e+00 -3.745902650349631e-01 1.825585580394486e+00
7234 1.786741403976897e+00 -3.745902650349670e-01 1.825585580394494e+00
7235 1.786741403974375e+00 -3.745902650940167e-01 1.825585580404142e+00
7236 1.786741403974369e+00 -3.745902650940227e-01 1.825585580404137e+00
7237 1.816490999398682e+00 -3.703424285203161e-01 1.853858965849007e+00
7238 1.816490999383424e+00 -3.703424284625420e-01 1.853858965822514e+00
7239 1.843210843865018e+00 2.302116414074786e-01 1.857531591866238e+00
7240 1.837119131168579e+00 -2.312954577252782e-01 1.851622070204917e+00
7241 1.837119131168989e+00 -2.312954577241788e-01 1.851622070205186e+00
7242 1.837119131168785e+00 -2.312954577247245e-01 1.851622070205051e+00
7243 1.816490999390636e+00 -3.703424284902277e-01 1.853858965835112e+00
7244 1.837119131159101e+00 2.312954577578632e-01 1.851622070199583e+00
7245 1.816490999390658e+00 -3.703424284902249e-01 1.853858965835133e+00
7246 1.816490999391445e+00 -3.703424284926335e-01 1.853858965836385e+00
7247 1.816490999391433e+00 -3.703424284926280e-01 1.853858965836373e+00
7248 1.837119131178557e+00 2.312954576916085e-01 1.851622070210611e+00
7249 1.822517603418043e+00 2.747380862594324e-01 1.843109174956856e+00
7250 1.822517603418052e+00 2.747380862594141e-01 1.843109174956862e+00
7251 1.810519973742831e+00 3.060355590668305e-01 1.836202695438357e+00
7252 1.810519973729336e+00 3.060355590743521e-01 1.836202695426305e+00
7253 1.828266210702783e+00 2.907541794604048e-01 1.851241564483470e+00
7254 1.828266210693393e+00 2.907541794492983e-01 1.851241564472452e+00
7255 1.828266210702803e+00 2.907541794604052e-01 1.851241564483490e+00
7256 1.810519973742817e+00 3.060355590668280e-01 1.836202695438343e+00
7257 1.810519973729324e+00 3.060355590743489e-01 1.836202695426292e+00
7258 1.822517603418047e+00 2.747380862594178e-01 1.843109174956858e+00
7259 1.822517603418059e+00 2.747380862594289e-01 1.843109174956872e+00
7260 1.810519973735575e+00 3.060355590706655e-01 1.836202695431843e+00
7261 1.810519973736550e+00 3.060355590705091e-01 1.836202695432777e+00
7262 1.828266210679829e+00 2.907541794523507e-01 1.851241564459536e+00
7263 1.828266210689231e+00 2.907541794634613e-01 1.851241564470567e+00
7264 1.810519973736554e+00 3.060355590705077e-01 1.836202695432781e+00
7265 1.837119131168623e+00 2.312954577252875e-01 1.851622070204961e+00
7266 1.837119131168998e+00 2.312954577241838e-01 1.851622070205196e+00
7267 1.822517603418032e+00 -2.747380862594313e-01 1.843109174956845e+00
7268 1.822517603418054e+00 -2.747380862594207e-01 1.843109174956865e+00
7269 1.810519973735583e+00 3.060355590706615e-01 1.836202695431850e+00
7270 1.822517603418040e+00 -2.747380862594302e-01 1.843109174956853e+00
7271 1.822517603418053e+00 -2.747380862594201e-01 1.843109174956864e+00
7272 1.828266210689231e+00 2.907541794634581e-01 1.851241564470566e+00
7273 1.828266210702798e+00 -2.907541794604047e-01 1.851241564483485e+00
7274 1.828266210693407e+00 -2.907541794492959e-01 1.851241564472466e+00
7275 1.828266210679838e+00 -2.907541794523485e-01 1.851241564459545e+00
7276 1.837119131168822e+00 2.312954577247413e-01 1.851622070205090e+00
7277 1.837119131168785e+00 2.312954577247305e-01 1.851622070205052e+00
7278 1.828266210702780e+00 -2.907541794603997e-01 1.851241564483466e+00
7279 1.828266210693390e+00 -2.907541794492908e-01 1.851241564472448e+00
7280 1.828266210679826e+00 -2.907541794523474e-01 1.851241564459532e+00
7281 1.828266210689237e+00 -2.907541794634619e-01 1.851241564470573e+00
7282 1.850888564652707e+00 2.709494485336871e-01 1.870615428788844e+00
7283 1.810519973742824e+00 -3.060355590668260e-01 1.836202695438350e+00
7284 1.850888564642110e+00 2.709494484498327e-01 1.870615428766212e+00
7285 1.850888564652722e+00 2.709494485336859e-01 1.870615428788858e+00
7286 1.850888564658737e+00 2.709494484934987e-01 1.870615428788988e+00
7287 1.850888564636155e+00 2.709494484900281e-01 1.870615428766142e+00
7288 1.850888564642105e+00 2.709494484498358e-01 1.870615428766208e+00
7289 1.810519973742805e+00 -3.060355590668224e-01 1.836202695438331e+00
7290 1.810519973729343e+00 -3.060355590743499e-01 1.836202695426311e+00
7291 1.810519973735587e+00 -3.060355590706615e-01 1.836202695431853e+00
7292 1.810519973736566e+00 -3.060355590705089e-01 1.836202695432793e+00
7293 1.810519973729327e+00 -3.060355590743437e-01 1.836202695426294e+00
7294 1.828266210689227e+00 -2.907541794634558e-01 1.851241564470561e+00
7295 1.850888564658741e+00 2.709494484935061e-01 1.870615428788993e+00
7296 1.850888564636144e+00 2.709494484900259e-01 1.870615428766131e+00
7297 1.850888564647416e+00 2.709494484917763e-01 1.870615428777538e+00
7298 1.850888564647440e+00 2.709494484917498e-01 1.870615428777557e+00
7299 1.850888564647442e+00 2.709494484917490e-01 1.870615428777559e+00
7300 1.810519973736567e+00 -3.060355590705137e-01 1.836202695432794e+00
7301 1.810519973735593e+00 -3.060355590706691e-01 1.836202695431861e+00
7302 1.816490999391433e+00 3.703424284926244e-01 1.853858965836372e+00
7303 1.816490999390662e+00 3.703424284902266e-01 1.853858965835137e+00
7304 1.816490999391052e+00 3.703424284914185e-01 1.853858965835757e+00
7305 1.816490999391055e+00 3.703424284914389e-01 1.853858965835764e+00
7306 1.786741403975778e+00 3.745902650647772e-01 1.825585580399515e+00
7307 1.786741403975441e+00 3.745902650641995e-01 1.825585580399067e+00
7308 1.786741403975449e+00 3.745902650642049e-01 1.825585580399076e+00
7309 1.786741403975801e+00 3.745902650647847e-01 1.825585580399539e+00
7310 1.820665215706470e+00 3.013460115929405e-01 1.845435245785248e+00
7311 1.820665215706325e+00 3.013460115930754e-01 1.845435245785128e+00
7312 1.786741403975598e+00 3.745902650644910e-01 1.825585580399281e+00
7313 1.820665215706472e+00 3.013460115929354e-01 1.845435245785249e+00
7314 1.786741403975623e+00 3.745902650644906e-01 1.825585580399304e+00
7315 1.820665215706314e+00 3.013460115930661e-01 1.845435245785115e+00
7316 1.816490999391023e+00 -3.703424284914135e-01 1.853858965835728e+00
7317 1.837119131168629e+00 -2.312954577252890e-01 1.851622070204967e+00
7318 1.837119131169009e+00 -2.312954577241851e-01 1.851622070205206e+00
7319 1.837119131168848e+00 -2.312954577247452e-01 1.851622070205117e+00
7320 1.816490999391037e+00 -3.703424284914354e-01 1.853858965835746e+00
7321 1.837119131168840e+00 -2.312954577247452e-01 1.851622070205109e+00
7322 1.837119131169026e+00 2.312954577241866e-01 1.851622070205224e+00
7323 1.837119131168647e+00 2.312954577252938e-01 1.851622070204986e+00
7324 1.850888564642124e+00 -2.709494484498376e-01 1.870615428766227e+00
7325 1.786741403975793e+00 -3.745902650647778e-01 1.825585580399530e+00
7326 1.786741403975790e+00 -3.745902650647839e-01 1.825585580399528e+00
7327 1.786741403975448e+00 -3.745902650641992e-01 1.825585580399073e+00
7328 1.786741403975627e+00 -3.745902650644967e-01 1.825585580399310e+00
7329 1.786741403975647e+00 -3.745902650644901e-01 1.825585580399328e+00
7330 1.850888564652715e+00 -2.709494485336875e-01 1.870615428788851e+00
7331 1.850888564636126e+00 -2.709494484900209e-01 1.870615428766112e+00
7332 1.850888564658709e+00 -2.709494484934998e-01 1.870615428788961e+00
7333 1.850888564636141e+00 -2.709494484900258e-01 1.870615428766127e+00
7334 1.850888564658700e+00 -2.709494484934969e-01 1.870615428788952e+00
7335 1.837119131168842e+00 2.312954577247426e-01 1.851622070205110e+00
7336 1.827413465964253e+00 -2.966029991255751e-01 1.851327446638700e+00
7337 1.827413465958414e+00 -2.966029991232231e-01 1.851327446632560e+00
7338 1.827413465960393e+00 -2.966029991309678e-01 1.851327446635755e+00
7339 1.827413465964254e+00 -2.966029991255779e-01 1.851327446638702e+00
7340 1.827413465954570e+00 -2.966029991286205e-01 1.851327446629630e+00
7341 1.786741403975436e+00 -3.745902650641968e-01 1.825585580399061e+00
7342 1.827413465954562e+00 -2.966029991286164e-01 1.851327446629622e+00
7343 1.837119131168823e+00 2.312954577247317e-01 1.851622070205090e+00
7344 1.827413465958430e+00 -2.966029991232260e-01 1.851327446632576e+00
7345 1.827413465960384e+00 -2.966029991309722e-01 1.851327446635746e+00
7346 1.850888564647422e+00 2.709494484917797e-01 1.870615428777544e+00
7347 1.850888564647400e+00 -2.709494484917740e-01 1.870615428777521e+00
7348 1.850888564647428e+00 -2.709494484917531e-01 1.870615428777546e+00
7349 1.850888564647435e+00 -2.709494484917505e-01 1.870615428777552e+00
7350 1.850888564647406e+00 -2.709494484917723e-01 1.870615428777527e+00
7351 1.816490999391039e+00 3.703424284914215e-01 1.853858965835745e+00
7352 1.816490999391052e+00 3.703424284914376e-01 1.853858965835761e+00
7353 1.827413465954558e+00 2.966029991286197e-01 1.851327446629619e+00
7354 1.827413465960396e+00 2.966029991309699e-01 1.851327446635758e+00
7355 1.827413465958426e+00 2.966029991232270e-01 1.851327446632573e+00
7356 1.827413465964253e+00 2.966029991255770e-01 1.851327446638700e+00
7357 1.786741403975621e+00 3.745902650644994e-01 1.825585580399304e+00
7358 1.818257912686360e+00 3.071546484293303e-01 1.844018930244021e+00
7359 1.816490999391045e+00 -3.703424284914201e-01 1.853858965835751e+00
7360 1.816490999391078e+00 -3.703424284914393e-01 1.853858965835787e+00
7361 1.820665215706329e+00 -3.013460115930668e-01 1.845435245785129e+00
7362 1.820665215706484e+00 -3.013460115929379e-01 1.845435245785262e+00
7363 1.820665215706480e+00 -3.013460115929387e-01 1.845435245785258e+00
7364 1.837119131168808e+00 -2.312954577247349e-01 1.851622070205077e+00
7365 1.820665215706331e+00 -3.013460115930728e-01 1.845435245785133e+00
7366 1.848069123884700e+00 2.531553983122490e-01 1.865327623328029e+00
7367 1.848069123865181e+00 2.531553983188016e-01 1.865327623309581e+00
7368 1.848069123882005e+00 2.531553983179608e-01 1.865327623326134e+00
7369 1.851140675432349e+00 -2.339482387201204e-01 1.865865369912947e+00
7370 1.851140675414783e+00 -2.339482386241615e-01 1.865865369883488e+00
7371 1.851140675414785e+00 -2.339482386241631e-01 1.865865369883491e+00
7372 1.851140675436743e+00 -2.339482386735374e-01 1.865865369911466e+00
7373 1.851140675432363e+00 -2.339482387201265e-01 1.865865369912962e+00
7374 1.848069123865152e+00 2.531553983188033e-01 1.865327623309552e+00
7375 1.848069123884660e+00 2.531553983122493e-01 1.865327623327991e+00
7376 1.848069123867867e+00 2.531553983131012e-01 1.865327623311469e+00
7377 1.848069123881968e+00 2.531553983179552e-01 1.865327623326098e+00
7378 1.848069123884647e+00 -2.531553983122484e-01 1.865327623327977e+00
7379 1.848069123867857e+00 -2.531553983130919e-01 1.865327623311457e+00
7380 1.848069123884685e+00 -2.531553983122504e-01 1.865327623328015e+00
7381 1.848069123881990e+00 -2.531553983179586e-01 1.865327623326119e+00
7382 1.848069123865141e+00 -2.531553983188002e-01 1.865327623309541e+00
7383 1.848069123865140e+00 -2.531553983188002e-01 1.865327623309540e+00
7384 1.848069123867838e+00 -2.531553983130914e-01 1.865327623311439e+00
7385 1.848069123874905e+00 -2.531553983154570e-01 1.865327623318761e+00
7386 1.848069123874928e+00 -2.531553983155990e-01 1.865327623318803e+00
7387 1.848069123881976e+00 -2.531553983179608e-01 1.865327623326106e+00
7388 1.848069123867819e+00 2.531553983130916e-01 1.865327623311420e+00
7389 1.786741403975634e+00 3.745902650644972e-01 1.825585580399317e+00
7390 1.786741403975631e+00 -3.745902650644891e-01 1.825585580399312e+00
7391 1.786741403975616e+00 -3.745902650644913e-01 1.825585580399298e+00
7392 1.818257912686364e+00 3.071546484293298e-01 1.844018930244025e+00
7393 1.818257912686368e+00 3.071546484293304e-01 1.844018930244029e+00
7394 1.818257912686368e+00 3.071546484293315e-01 1.844018930244029e+00
7395 1.796810459340338e+00 3.786932457544876e-01 1.836283311794481e+00
7396 1.796810459338592e+00 3.786932457611997e-01 1.836283311794156e+00
7397 1.796810459340366e+00 3.786932457544859e-01 1.836283311794508e+00
7398 1.840873504630172e+00 -2.924835823090832e-01 1.863964030224223e+00
7399 1.840873504585739e+00 -2.924835822449882e-01 1.863964030170282e+00
7400 1.840873504585739e+00 -2.924835822449878e-01 1.863964030170282e+00
7401 1.851140675410351e+00 -2.339482386707477e-01 1.865865369884933e+00
7402 1.796810459339341e+00 3.786932457590148e-01 1.836283311794438e+00
7403 1.840873504630174e+00 -2.924835823090783e-01 1.863964030224224e+00
7404 1.818257912686366e+00 -3.071546484293293e-01 1.844018930244027e+00
7405 1.796810459338566e+00 3.786932457611886e-01 1.836283311794128e+00
7406 1.851140675436741e+00 -2.339482386735384e-01 1.865865369911464e+00
7407 1.851140675410389e+00 -2.339482386707529e-01 1.865865369884971e+00
7408 1.818257912686351e+00 -3.071546484293311e-01 1.844018930244012e+00
7409 1.818257912686329e+00 -3.071546484293218e-01 1.844018930243990e+00
7410 1.848069123874877e+00 -2.531553983155945e-01 1.865327623318752e+00
7411 1.848069123874888e+00 -2.531553983154478e-01 1.865327623318742e+00
7412 1.851140675423544e+00 -2.339482386721516e-01 1.865865369898198e+00
7413 1.851140675423593e+00 -2.339482386721378e-01 1.865865369898244e+00
7414 1.818257912686364e+00 -3.071546484293319e-01 1.844018930244026e+00
7415 1.840873504630168e+00 2.924835823090809e-01 1.863964030224218e+00
7416 1.842285057536661e+00 -2.602988560416486e-01 1.860583168707986e+00
7417 1.842285057536342e+00 -2.602988560404565e-01 1.860583168707503e+00
7418 1.840873504630194e+00 2.924835823090783e-01 1.863964030224244e+00
7419 1.840873504585737e+00 2.924835822449885e-01 1.863964030170281e+00
7420 1.842285057555297e+00 -2.602988560376408e-01 1.860583168725878e+00
7421 1.842285057536678e+00 -2.602988560416540e-01 1.860583168708004e+00
7422 1.842285057536359e+00 -2.602988560404563e-01 1.860583168707520e+00
7423 1.842285057555320e+00 -2.602988560376464e-01 1.860583168725901e+00
7424 1.842285057555616e+00 -2.602988560388380e-01 1.860583168726362e+00
7425 1.842285057555622e+00 -2.602988560388391e-01 1.860583168726367e+00
7426 1.840873504585750e+00 2.924835822449869e-01 1.863964030170293e+00
7427 1.840873504610238e+00 2.924835822789947e-01 1.863964030199814e+00
7428 1.840873504605707e+00 2.924835822750865e-01 1.863964030194726e+00
7429 1.841344052863463e+00 2.328747341890295e-01 1.856011466246708e+00
7430 1.841344052872038e+00 2.328747341392306e-01 1.856011466248967e+00
7431 1.820552524235255e+00 -3.048444459694994e-01 1.845898596818853e+00
7432 1.820552524224856e+00 -3.048444459705452e-01 1.845898596808770e+00
7433 1.820552524230531e+00 -3.048444459694009e-01 1.845898596814178e+00
7434 1.820552524229590e+00 -3.048444459706526e-01 1.845898596813456e+00
7435 1.820552524224865e+00 -3.048444459705497e-01 1.845898596808779e+00
7436 1.820552524229577e+00 -3.048444459706529e-01 1.845898596813443e+00
7437 1.848069123874905e+00 2.531553983154538e-01 1.865327623318761e+00
7438 1.820552524235262e+00 -3.048444459695049e-01 1.845898596818860e+00
7439 1.848069123874880e+00 2.531553983154535e-01 1.865327623318735e+00
7440 1.848069123874899e+00 2.531553983155956e-01 1.865327623318774e+00
7441 1.848069123874901e+00 2.531553983155989e-01 1.865327623318777e+00
7442 1.840873504605743e+00 2.924835822750798e-01 1.863964030194760e+00
7443 1.841344052863465e+00 2.328747341890343e-01 1.856011466246710e+00
7444 1.841344052872023e+00 2.328747341392352e-01 1.856011466248952e+00
7445 1.820552524235268e+00 3.048444459695021e-01 1.845898596818865e+00
7446 1.842285057555637e+00 2.602988560388408e-01 1.860583168726383e+00
7447 1.842285057536676e+00 2.602988560416555e-01 1.860583168708002e+00
7448 1.842285057536363e+00 2.602988560404578e-01 1.860583168707524e+00
7449 1.820552524235260e+00 3.048444459695038e-01 1.845898596818859e+00
7450 1.820552524224869e+00 3.048444459705500e-01 1.845898596808784e+00
7451 1.820552524230533e+00 3.048444459694021e-01 1.845898596814179e+00
7452 1.820552524229568e+00 3.048444459706495e-01 1.845898596813434e+00
7453 1.842285057555625e+00 2.602988560388386e-01 1.860583168726370e+00
7454 1.842285057555328e+00 2.602988560376452e-01 1.860583168725909e+00
7455 1.842285057536340e+00 2.602988560404546e-01 1.860583168707501e+00
7456 1.842285057536663e+00 2.602988560416520e-01 1.860583168707989e+00
7457 1.842285057555323e+00 2.602988560376480e-01 1.860583168725905e+00
7458 1.820552524224857e+00 3.048444459705509e-01 1.845898596808771e+00
7459 1.850489566513650e+00 2.344906894142945e-01 1.865287516496551e+00
7460 1.850489566513624e+00 2.344906894142939e-01 1.865287516496524e+00
7461 1.851140675414767e+00 2.339482386241627e-01 1.865865369883473e+00
7462 1.851140675432341e+00 2.339482387201275e-01 1.865865369912940e+00
7463 1.850489566526629e+00 2.344906894612691e-01 1.865287516515332e+00
7464 1.850489566519115e+00 2.344906894476018e-01 1.865287516506159e+00
7465 1.850489566521147e+00 2.344906894279659e-01 1.865287516505706e+00
7466 1.851140675410368e+00 2.339482386707485e-01 1.865865369884949e+00
7467 1.851140675436732e+00 2.339482386735370e-01 1.865865369911455e+00
7468 1.851140675414799e+00 2.339482386241671e-01 1.865865369883504e+00
7469 1.851140675432351e+00 2.339482387201271e-01 1.865865369912950e+00
7470 1.851140675410368e+00 2.339482386707525e-01 1.865865369884950e+00
7471 1.851140675436757e+00 2.339482386735388e-01 1.865865369911480e+00
7472 1.851140675423584e+00 2.339482386721380e-01 1.865865369898235e+00
7473 1.851140675423573e+00 2.339482386721586e-01 1.865865369898227e+00
7474 1.850489566526621e+00 2.344906894612727e-01 1.865287516515324e+00
7475 1.850489566519122e+00 2.344906894476041e-01 1.865287516506166e+00
7476 1.850489566521140e+00 2.344906894279666e-01 1.865287516505699e+00
7477 1.851140675423562e+00 2.339482386721358e-01 1.865865369898213e+00
7478 1.820552524229567e+00 3.048444459706461e-01 1.845898596813432e+00
7479 1.842285057545949e+00 2.602988560396111e-01 1.860583168716897e+00
7480 1.842285057546028e+00 2.602988560396866e-01 1.860583168716986e+00
7481 1.851140675423558e+00 2.339482386721496e-01 1.865865369898211e+00
7482 1.840873504610247e+00 2.924835822789855e-01 1.863964030199821e+00
7483 1.820552524230534e+00 3.048444459694017e-01 1.845898596814180e+00
7484 1.842702493912444e+00 2.354405669340801e-01 1.857682626723247e+00
7485 1.842702493913178e+00 2.354405669210577e-01 1.857682626722324e+00
7486 1.842285057545966e+00 2.602988560396152e-01 1.860583168716915e+00
7487 1.842285057546039e+00 2.602988560396808e-01 1.860583168716996e+00
7488 1.841344052872047e+00 -2.328747341392350e-01 1.856011466248976e+00
7489 1.841344052863485e+00 -2.328747341890345e-01 1.856011466246731e+00
7490 1.851140675423555e+00 -2.339482386721545e-01 1.865865369898209e+00
7491 1.791184732497715e+00 -3.791187591907773e-01 1.830866947515101e+00
7492 1.791184732486329e+00 -3.791187591405102e-01 1.830866947493553e+00
7493 1.791184732497710e+00 -3.791187591907775e-01 1.830866947515097e+00
7494 1.791184732486332e+00 -3.791187591405091e-01 1.830866947493556e+00
7495 1.796810459339538e+00 3.786932457566567e-01 1.836283311794145e+00
7496 1.796810459339570e+00 3.786932457566594e-01 1.836283311794177e+00
7497 1.842285057545965e+00 -2.602988560396167e-01 1.860583168716914e+00
7498 1.850489566513642e+00 -2.344906894142982e-01 1.865287516496542e+00
7499 1.850489566526612e+00 -2.344906894612723e-01 1.865287516515316e+00
7500 1.850489566513669e+00 -2.344906894142995e-01 1.865287516496569e+00
7501 1.820552524230529e+00 -3.048444459693990e-01 1.845898596814175e+00
7502 1.842285057546057e+00 -2.602988560396912e-01 1.860583168717016e+00
7503 1.842285057545937e+00 -2.602988560396102e-01 1.860583168716885e+00
7504 1.850489566526616e+00 -2.344906894612711e-01 1.865287516515319e+00
7505 1.850489566521152e+00 -2.344906894279651e-01 1.865287516505711e+00
7506 1.850489566519122e+00 -2.344906894476020e-01 1.865287516506166e+00
7507 1.796810459339383e+00 3.786932457590209e-01 1.836283311794481e+00
7508 1.796810459339498e+00 3.786932457578498e-01 1.836283311794352e+00
7509 1.791184732486359e+00 3.791187591405181e-01 1.830866947493584e+00
7510 1.791184732497727e+00 3.791187591907817e-01 1.830866947515114e+00
7511 1.842702493912442e+00 -2.354405669340802e-01 1.857682626723245e+00
7512 1.842702493913210e+00 -2.354405669210621e-01 1.857682626722357e+00
7513 1.842702493913209e+00 -2.354405669210633e-01 1.857682626722355e+00
7514 1.842702493912455e+00 -2.354405669340772e-01 1.857682626723257e+00
7515 1.791184732497713e+00 3.791187591907765e-01 1.830866947515099e+00
7516 1.850489566521147e+00 -2.344906894279681e-01 1.865287516505707e+00
7517 1.850489566519117e+00 -2.344906894476033e-01 1.865287516506161e+00
7518 1.790740581095248e+00 -3.783598132259364e-01 1.830275382844262e+00
7519 1.791184732486341e+00 3.791187591405127e-01 1.830866947493566e+00
7520 1.840873504610239e+00 -2.924835822789872e-01 1.863964030199814e+00
7521 1.790740581095257e+00 -3.783598132259351e-01 1.830275382844271e+00
7522 1.790740581088192e+00 -3.783598132788075e-01 1.830275382848289e+00
7523 1.790740581082867e+00 -3.783598132501331e-01 1.830275382837151e+00
7524 1.842702493912178e+00 -2.354405669285977e-01 1.857682626722288e+00
7525 1.791184732492257e+00 3.791187591640184e-01 1.830866947504221e+00
7526 1.790740581088200e+00 -3.783598132788102e-01 1.830275382848296e+00
7527 1.790740581082870e+00 -3.783598132501357e-01 1.830275382837154e+00
7528 1.790740581088228e+00 3.783598132788153e-01 1.830275382848326e+00
7529 1.790740581095262e+00 3.783598132259449e-01 1.830275382844278e+00
7530 1.790740581082897e+00 3.783598132501404e-01 1.830275382837182e+00
7531 1.790740581082874e+00 3.783598132501298e-01 1.830275382837157e+00
7532 1.790740581088211e+00 3.783598132788119e-01 1.830275382848309e+00
7533 1.790740581095247e+00 3.783598132259373e-01 1.830275382844262e+00
7534 1.840873504610236e+00 -2.924835822789892e-01 1.863964030199811e+00
7535 1.790740581100578e+00 -3.783598132546133e-01 1.830275382855406e+00
7536 1.791184732492215e+00 3.791187591640132e-01 1.830866947504179e+00
7537 1.840873504605699e+00 -2.924835822750805e-01 1.863964030194717e+00
7538 1.791184732491845e+00 3.791187591672761e-01 1.830866947504492e+00
7539 1.790740581100568e+00 3.783598132546087e-01 1.830275382855395e+00
7540 1.796810459340371e+00 -3.786932457544874e-01 1.836283311794513e+00
7541 1.796810459338600e+00 -3.786932457611955e-01 1.836283311794163e+00
7542 1.796810459339356e+00 -3.786932457590201e-01 1.836283311794455e+00
7543 1.840873504605722e+00 -2.924835822750831e-01 1.863964030194740e+00
7544 1.796810459339538e+00 -3.786932457566517e-01 1.836283311794144e+00
7545 1.796810459340374e+00 -3.786932457544870e-01 1.836283311794516e+00
7546 1.796810459338565e+00 -3.786932457611860e-01 1.836283311794127e+00
7547 1.842702493913489e+00 -2.354405669265441e-01 1.857682626723328e+00
7548 1.790740581100567e+00 3.783598132546053e-01 1.830275382855393e+00
7549 1.796810459339564e+00 -3.786932457566604e-01 1.836283311794171e+00
7550 1.842702493913475e+00 -2.354405669265449e-01 1.857682626723314e+00
7551 1.791184732491834e+00 3.791187591672754e-01 1.830866947504482e+00
7552 1.840873504607979e+00 -2.924835822770410e-01 1.863964030197277e+00
7553 1.840873504607999e+00 -2.924835822770442e-01 1.863964030197297e+00
7554 1.840873504607968e+00 -2.924835822770304e-01 1.863964030197264e+00
7555 1.840873504607958e+00 -2.924835822770321e-01 1.863964030197255e+00
7556 1.790740581100570e+00 -3.783598132546138e-01 1.830275382855398e+00
7557 1.842702493912176e+00 -2.354405669286004e-01 1.857682626722286e+00
7558 1.796810459339472e+00 3.786932457578315e-01 1.836283311794323e+00
7559 1.796810459339456e+00 3.786932457578305e-01 1.836283311794306e+00
7560 1.840873504607956e+00 2.924835822770253e-01 1.863964030197251e+00
7561 1.840873504607977e+00 2.924835822770405e-01 1.863964030197274e+00
7562 1.814139268043771e+00 3.053796257017387e-01 1.839662468946986e+00
7563 1.814139268043995e+00 3.053796256374124e-01 1.839662468936530e+00
7564 1.814139268043950e+00 3.053796256374010e-01 1.839662468936483e+00
7565 1.814139268043743e+00 3.053796257017285e-01 1.839662468946958e+00
7566 1.842285057546042e+00 -2.602988560396877e-01 1.860583168717001e+00
7567 1.840873504607987e+00 2.924835822770393e-01 1.863964030197284e+00
7568 1.814139268043778e+00 -3.053796257017398e-01 1.839662468946994e+00
7569 1.814139268043768e+00 -3.053796257017347e-01 1.839662468946983e+00
7570 1.814139268043969e+00 -3.053796256374059e-01 1.839662468936503e+00
7571 1.791184732492054e+00 3.791187591656514e-01 1.830866947504360e+00
7572 1.817228646708429e+00 -3.086529957154911e-01 1.843254357429244e+00
7573 1.817228646718812e+00 -3.086529957672375e-01 1.843254357448145e+00
7574 1.850489566520168e+00 2.344906894378156e-01 1.865287516505973e+00
7575 1.850489566520130e+00 2.344906894377571e-01 1.865287516505928e+00
7576 1.850489566520109e+00 2.344906894377539e-01 1.865287516505907e+00
7577 1.850489566520127e+00 2.344906894378059e-01 1.865287516505931e+00
7578 1.814139268043971e+00 -3.053796256374074e-01 1.839662468936505e+00
7579 1.791184732492241e+00 -3.791187591640175e-01 1.830866947504205e+00
7580 1.791184732491851e+00 -3.791187591672722e-01 1.830866947504498e+00
7581 1.791184732492229e+00 -3.791187591640171e-01 1.830866947504193e+00
7582 1.791184732491802e+00 -3.791187591672679e-01 1.830866947504449e+00
7583 1.825674337748022e+00 3.121466746314587e-01 1.852166929300693e+00
7584 1.825674337776435e+00 3.121466746679494e-01 1.852166929334849e+00
7585 1.841344052867872e+00 2.328747341632057e-01 1.856011466247842e+00
7586 1.841344052867872e+00 2.328747341632087e-01 1.856011466247842e+00
7587 1.841344052867600e+00 2.328747341650542e-01 1.856011466247804e+00
7588 1.825674337776447e+00 3.121466746679574e-01 1.852166929334862e+00
7589 1.825674337748041e+00 3.121466746314613e-01 1.852166929300711e+00
7590 1.841344052867624e+00 2.328747341650561e-01 1.856011466247828e+00
7591 1.796810459339368e+00 -3.786932457590166e-01 1.836283311794465e+00
7592 1.825674337757005e+00 3.121466746484381e-01 1.852166929312409e+00
7593 1.841344052867709e+00 2.328747341641303e-01 1.856011466247796e+00
7594 1.842702493912450e+00 2.354405669340767e-01 1.857682626723252e+00
7595 1.796810459339431e+00 -3.786932457578263e-01 1.836283311794282e+00
7596 1.841344052867730e+00 2.328747341641381e-01 1.856011466247818e+00
7597 1.796810459339453e+00 -3.786932457578488e-01 1.836283311794308e+00
7598 1.842702493913173e+00 2.354405669210609e-01 1.857682626722320e+00
7599 1.842702493912184e+00 2.354405669285957e-01 1.857682626722294e+00
7600 1.842702493912183e+00 2.354405669285990e-01 1.857682626722294e+00
7601 1.842702493913514e+00 2.354405669265457e-01 1.857682626723353e+00
7602 1.842702493913494e+00 2.354405669265436e-01 1.857682626723333e+00
7603 1.842702493912857e+00 -2.354405669275787e-01 1.857682626722832e+00
7604 1.842702493912828e+00 -2.354405669275671e-01 1.857682626722802e+00
7605 1.841344052872018e+00 -2.328747341392305e-01 1.856011466248947e+00
7606 1.841344052863464e+00 -2.328747341890332e-01 1.856011466246710e+00
7607 1.842702493912853e+00 -2.354405669275810e-01 1.857682626722829e+00
7608 1.790740581091733e+00 -3.783598132523928e-01 1.830275382846293e+00
7609 1.790740581091699e+00 -3.783598132523552e-01 1.830275382846252e+00
7610 1.818870401200448e+00 3.168805301389874e-01 1.846267263086319e+00
7611 1.818870401183615e+00 3.168805301357497e-01 1.846267263069179e+00
7612 1.850489566520107e+00 -2.344906894377531e-01 1.865287516505905e+00
7613 1.790740581091768e+00 -3.783598132524046e-01 1.830275382846329e+00
7614 1.841344052867625e+00 -2.328747341650610e-01 1.856011466247830e+00
7615 1.841344052867888e+00 -2.328747341632116e-01 1.856011466247859e+00
7616 1.850489566520115e+00 -2.344906894377590e-01 1.865287516505914e+00
7617 1.850489566520135e+00 -2.344906894378080e-01 1.865287516505939e+00
7618 1.790740581091709e+00 -3.783598132523507e-01 1.830275382846260e+00
7619 1.818870401183631e+00 3.168805301357492e-01 1.846267263069195e+00
7620 1.818870401200464e+00 3.168805301389896e-01 1.846267263086334e+00
7621 1.841344052867605e+00 -2.328747341650584e-01 1.856011466247810e+00
7622 1.841344052867875e+00 -2.328747341632120e-01 1.856011466247846e+00
7623 1.850489566520133e+00 -2.344906894378105e-01 1.865287516505937e+00
7624 1.818870401196372e+00 3.168805301373245e-01 1.846267263082017e+00
7625 1.818870401200453e+00 -3.168805301389854e-01 1.846267263086323e+00
7626 1.818870401183639e+00 -3.168805301357492e-01 1.846267263069203e+00
7627 1.818870401196361e+00 3.168805301373209e-01 1.846267263082006e+00
7628 1.818870401187757e+00 3.168805301374132e-01 1.846267263073545e+00
7629 1.818870401187746e+00 3.168805301374102e-01 1.846267263073534e+00
7630 1.818870401200469e+00 -3.168805301389888e-01 1.846267263086339e+00
7631 1.818870401183629e+00 -3.168805301357498e-01 1.846267263069193e+00
7632 1.818870401187746e+00 -3.168805301374144e-01 1.846267263073535e+00
7633 1.818870401196383e+00 -3.168805301373310e-01 1.846267263082030e+00
7634 1.841344052867727e+00 -2.328747341641304e-01 1.856011466247814e+00
7635 1.818870401196382e+00 -3.168805301373371e-01 1.846267263082030e+00
7636 1.791184732492038e+00 3.791187591656491e-01 1.830866947504344e+00
7637 1.791184732492024e+00 3.791187591656462e-01 1.830866947504330e+00
7638 1.790740581091705e+00 3.783598132523568e-01 1.830275382846258e+00
7639 1.790740581091769e+00 3.783598132523984e-01 1.830275382846329e+00
7640 1.790740581091779e+00 3.783598132524038e-01 1.830275382846339e+00
7641 1.841344052867792e+00 2.328747341641394e-01 1.856011466247880e+00
7642 1.796810459339498e+00 -3.786932457578566e-01 1.836283311794353e+00
7643 1.825674337767446e+00 3.121466746509864e-01 1.852166929323130e+00
7644 1.825674337767457e+00 3.121466746509838e-01 1.852166929323140e+00
7645 1.817228646718813e+00 3.086529957672415e-01 1.843254357448147e+00
7646 1.817228646708456e+00 3.086529957155003e-01 1.843254357429272e+00
7647 1.817228646708428e+00 3.086529957154862e-01 1.843254357429243e+00
7648 1.842702493912823e+00 -2.354405669275602e-01 1.857682626722796e+00
7649 1.818870401192022e+00 3.168805301373398e-01 1.846267263077734e+00
7650 1.791184732492051e+00 -3.791187591656556e-01 1.830866947504358e+00
7651 1.791184732492035e+00 -3.791187591656441e-01 1.830866947504340e+00
7652 1.842702493912832e+00 2.354405669275702e-01 1.857682626722807e+00
7653 1.842702493912800e+00 2.354405669275582e-01 1.857682626722774e+00
7654 1.842702493912808e+00 2.354405669275675e-01 1.857682626722782e+00
7655 1.842702493912822e+00 2.354405669275752e-01 1.857682626722797e+00
7656 1.814139268043731e+00 3.053796256694228e-01 1.839662468941583e+00
7657 1.814139268043975e+00 3.053796256696678e-01 1.839662468941864e+00
7658 1.814139268043728e+00 3.053796256694318e-01 1.839662468941582e+00
7659 1.814139268043898e+00 3.053796256696216e-01 1.839662468941781e+00
7660 1.814139268043869e+00 3.053796256695608e-01 1.839662468941742e+00
7661 1.814139268043971e+00 3.053796256697038e-01 1.839662468941866e+00
7662 1.791184732492052e+00 -3.791187591656480e-01 1.830866947504358e+00
7663 1.841344052867774e+00 -2.328747341641348e-01 1.856011466247862e+00
7664 1.841344052867736e+00 -2.328747341641317e-01 1.856011466247823e+00
7665 1.822502620920414e+00 3.023760704570424e-01 1.847416328618652e+00
7666 1.822502620921060e+00 3.023760705229252e-01 1.847416328630074e+00
7667 1.822502620921070e+00 3.023760705229289e-01 1.847416328630083e+00
7668 1.841344052867770e+00 -2.328747341641373e-01 1.856011466247858e+00
7669 1.822502620920430e+00 3.023760704570495e-01 1.847416328618670e+00
7670 1.822502620930417e+00 3.023760704921901e-01 1.847416328634274e+00
7671 1.822502620920745e+00 3.023760704899827e-01 1.847416328624370e+00
7672 1.822502620920775e+00 3.023760704899963e-01 1.847416328624402e+00
7673 1.825674337776414e+00 -3.121466746679504e-01 1.852166929334828e+00
7674 1.825674337748022e+00 -3.121466746314581e-01 1.852166929300692e+00
7675 1.825674337776447e+00 -3.121466746679521e-01 1.852166929334861e+00
7676 1.825674337748019e+00 -3.121466746314577e-01 1.852166929300689e+00
7677 1.825674337757001e+00 -3.121466746484319e-01 1.852166929312404e+00
7678 1.825674337767448e+00 -3.121466746509753e-01 1.852166929323130e+00
7679 1.817228646708426e+00 -3.086529957154873e-01 1.843254357429241e+00
7680 1.817228646718799e+00 -3.086529957672313e-01 1.843254357448132e+00
7681 1.817228646713660e+00 -3.086529957402039e-01 1.843254357438540e+00
7682 1.825674337756993e+00 -3.121466746484308e-01 1.852166929312395e+00
7683 1.825674337767442e+00 -3.121466746509852e-01 1.852166929323125e+00
7684 1.822502620920410e+00 -3.023760704570416e-01 1.847416328618648e+00
7685 1.822502620920429e+00 -3.023760704570449e-01 1.847416328618668e+00
7686 1.822502620921093e+00 -3.023760705229326e-01 1.847416328630106e+00
7687 1.814139268043743e+00 -3.053796256694308e-01 1.839662468941596e+00
7688 1.814139268043976e+00 -3.053796256696985e-01 1.839662468941870e+00
7689 1.814139268043740e+00 -3.053796256694340e-01 1.839662468941594e+00
7690 1.814139268043961e+00 -3.053796256697048e-01 1.839662468941857e+00
7691 1.814139268043858e+00 -3.053796256695928e-01 1.839662468941736e+00
7692 1.814139268043873e+00 -3.053796256695575e-01 1.839662468941746e+00
7693 1.814139268043885e+00 -3.053796256695587e-01 1.839662468941757e+00
7694 1.814139268043867e+00 -3.053796256695832e-01 1.839662468941744e+00
7695 1.820904037531122e+00 -3.092571740632430e-01 1.846979023596837e+00
7696 1.820904037536488e+00 -3.092571740546476e-01 1.846979023600687e+00
7697 1.820904037536496e+00 -3.092571740546474e-01 1.846979023600696e+00
7698 1.822502620921046e+00 -3.023760705229295e-01 1.847416328630060e+00
7699 1.822502620930396e+00 -3.023760704921848e-01 1.847416328634252e+00
7700 1.822502620920767e+00 -3.023760704899905e-01 1.847416328624393e+00
7701 1.822502620920747e+00 -3.023760704899827e-01 1.847416328624373e+00
7702 1.820904037531124e+00 -3.092571740632502e-01 1.846979023596840e+00
7703 1.820904037534178e+00 -3.092571740580042e-01 1.846979023598972e+00
7704 1.818870401187746e+00 -3.168805301374171e-01 1.846267263073535e+00
7705 1.822502620930408e+00 -3.023760704921899e-01 1.847416328634264e+00
7706 1.818870401192054e+00 -3.168805301374005e-01 1.846267263077777e+00
7707 1.818870401192036e+00 -3.168805301373397e-01 1.846267263077749e+00
7708 1.820904037533442e+00 -3.092571740598897e-01 1.846979023598563e+00
7709 1.822502620911109e+00 -3.023760704877907e-01 1.847416328614506e+00
7710 1.818870401192050e+00 -3.168805301373951e-01 1.846267263077771e+00
7711 1.818870401192033e+00 -3.168805301373366e-01 1.846267263077745e+00
7712 1.822502620911100e+00 -3.023760704877891e-01 1.847416328614497e+00
7713 1.791184732492030e+00 3.791187591656481e-01 1.830866947504336e+00
7714 1.790740581091699e+00 3.783598132523515e-01 1.830275382846251e+00
7715 1.817228646713524e+00 -3.086529957425097e-01 1.843254357438791e+00
7716 1.817228646713668e+00 -3.086529957402115e-01 1.843254357438549e+00
7717 1.825674337762164e+00 -3.121466746497236e-01 1.852166929317711e+00
7718 1.825674337762281e+00 -3.121466746496815e-01 1.852166929317819e+00
7719 1.825674337762306e+00 -3.121466746496865e-01 1.852166929317844e+00
7720 1.825674337762167e+00 -3.121466746497255e-01 1.852166929317714e+00
7721 1.825674337756999e+00 3.121466746484308e-01 1.852166929312402e+00
7722 1.818870401192081e+00 3.168805301374005e-01 1.846267263077803e+00
7723 1.818870401192072e+00 3.168805301374058e-01 1.846267263077795e+00
7724 1.818870401192040e+00 3.168805301373444e-01 1.846267263077753e+00
7725 1.814139268043852e+00 3.053796256695563e-01 1.839662468941724e+00
7726 1.814139268043848e+00 3.053796256695821e-01 1.839662468941724e+00
7727 1.820904037534206e+00 -3.092571740580059e-01 1.846979023599001e+00
7728 1.820904037533447e+00 -3.092571740598857e-01 1.846979023598567e+00
7729 1.820904037533803e+00 -3.092571740589358e-01 1.846979023598759e+00
7730 1.820904037533830e+00 -3.092571740589516e-01 1.846979023598788e+00
7731 1.820904037533827e+00 -3.092571740589527e-01 1.846979023598785e+00
7732 1.817228646718801e+00 3.086529957672327e-01 1.843254357448133e+00
7733 1.822502620911089e+00 3.023760704877890e-01 1.847416328614486e+00
7734 1.820904037531137e+00 3.092571740632486e-01 1.846979023596853e+00
7735 1.820904037536499e+00 3.092571740546457e-01 1.846979023600698e+00
7736 1.822502620930421e+00 3.023760704921912e-01 1.847416328634278e+00
7737 1.822502620911129e+00 3.023760704877908e-01 1.847416328614525e+00
7738 1.822502620920787e+00 3.023760704899995e-01 1.847416328624414e+00
7739 1.820904037531117e+00 3.092571740632410e-01 1.846979023596832e+00
7740 1.820904037533450e+00 3.092571740598897e-01 1.846979023598571e+00
7741 1.822502620920746e+00 3.023760704899841e-01 1.847416328624372e+00
7742 1.820904037536508e+00 3.092571740546448e-01 1.846979023600707e+00
7743 1.817228646713551e+00 3.086529957425138e-01 1.843254357438819e+00
7744 1.817228646713649e+00 3.086529957402054e-01 1.843254357438528e+00
7745 1.817228646713678e+00 3.086529957402093e-01 1.843254357438558e+00
7746 1.817228646713539e+00 3.086529957425085e-01 1.843254357438806e+00
7747 1.817228646713615e+00 3.086529957413596e-01 1.843254357438688e+00
7748 1.820904037533424e+00 3.092571740598844e-01 1.846979023598544e+00
7749 1.820904037534174e+00 3.092571740580027e-01 1.846979023598968e+00
7750 1.820904037533804e+00 3.092571740589353e-01 1.846979023598760e+00
7751 1.820904037533825e+00 3.092571740589528e-01 1.846979023598783e+00
7752 1.820904037534193e+00 3.092571740580037e-01 1.846979023598988e+00
7753 1.817228646713617e+00 3.086529957413654e-01 1.843254357438692e+00
7754 1.817228646713589e+00 3.086529957413581e-01 1.843254357438663e+00
7755 1.817228646713593e+00 3.086529957413575e-01 1.843254357438666e+00
7756 1.820904037533790e+00 3.092571740589353e-01 1.846979023598746e+00
7757 1.820904037533813e+00 3.092571740589476e-01 1.846979023598770e+00
7758 1.796810459339423e+00 -3.786932457578265e-01 1.836283311794274e+00
7759 1.841344052867723e+00 2.328747341641272e-01 1.856011466247810e+00
7760 1.840873504607964e+00 2.924835822770309e-01 1.863964030197260e+00
7761 1.825674337762169e+00 3.121466746497250e-01 1.852166929317716e+00
7762 1.825674337762290e+00 3.121466746496879e-01 1.852166929317828e+00
7763 1.825674337762301e+00 3.121466746496817e-01 1.852166929317838e+00
7764 1.817228646713544e+00 -3.086529957425123e-01 1.843254357438812e+00
7765 1.817228646713595e+00 -3.086529957413615e-01 1.843254357438669e+00
7766 1.817228646713606e+00 -3.086529957413611e-01 1.843254357438680e+00
7767 1.817228646713611e+00 -3.086529957413600e-01 1.843254357438684e+00
7768 1.817228646713621e+00 -3.086529957413589e-01 1.843254357438694e+00
7769 1.820904037533790e+00 -3.092571740589349e-01 1.846979023598746e+00
7770 1.851140675423567e+00 -2.339482386721352e-01 1.865865369898218e+00
7771 1.796810459339461e+00 3.786932457578432e-01 1.836283311794314e+00
7772 1.791184732492025e+00 -3.791187591656451e-01 1.830866947504331e+00
7773 1.825674337762169e+00 3.121466746497251e-01 1.852166929317715e+00
7774 1.822502620920757e+00 -3.023760704899934e-01 1.847416328624384e+00
7775 1.822502620920746e+00 -3.023760704899783e-01 1.847416328624371e+00
