# n_max = 50
3.141592653589793e-04 3.314945804067772e-02 0.000000000000000e+00
6.283185307179586e-04 6.629566394195593e-02 0.000000000000000e+00
9.424777960769379e-04 9.943536633524450e-02 0.000000000000000e+00
1.256637061435917e-03 1.325653144892101e-01 0.000000000000000e+00
1.570796326794896e-03 1.656822593357478e-01 0.000000000000000e+00
1.884955592153876e-03 1.987829534697103e-01 0.000000000000000e+00
2.199114857512855e-03 2.318641519898540e-01 0.000000000000000e+00
2.513274122871834e-03 2.649226127735137e-01 0.000000000000000e+00
2.827433388230814e-03 2.979550970350863e-01 0.000000000000000e+00
3.141592653589793e-03 3.309583697232743e-01 0.000000000000000e+00
3.455751918948773e-03 3.639292000827575e-01 0.000000000000000e+00
3.769911184307752e-03 3.968643619922711e-01 0.000000000000000e+00
4.084070449666731e-03 4.297606345626605e-01 0.000000000000000e+00
4.398229715025711e-03 4.626148025559633e-01 0.000000000000000e+00
4.712388980384690e-03 4.954236568228301e-01 0.000000000000000e+00
5.026548245743669e-03 5.281839948147794e-01 0.000000000000000e+00
5.340707511102648e-03 5.608926210021059e-01 0.000000000000000e+00
5.654866776461627e-03 5.935463473678939e-01 0.000000000000000e+00
5.969026041820607e-03 6.261419938635516e-01 0.000000000000000e+00
6.283185307179586e-03 6.586763888795570e-01 0.000000000000000e+00
6.597344572538566e-03 6.911463696605422e-01 0.000000000000000e+00
6.911503837897545e-03 7.235487828352276e-01 0.000000000000000e+00
7.225663103256524e-03 7.558804847888534e-01 0.000000000000000e+00
7.539822368615503e-03 7.881383421858865e-01 0.000000000000000e+00
7.853981633974483e-03 8.203192323869094e-01 0.000000000000000e+00
8.168140899333463e-03 8.524200439036280e-01 0.000000000000000e+00
8.482300164692442e-03 8.844376768515170e-01 0.000000000000000e+00
8.796459430051421e-03 9.163690433925478e-01 0.000000000000000e+00
9.110618695410400e-03 9.482110681960849e-01 0.000000000000000e+00
9.424777960769379e-03 9.799606888483235e-01 0.000000000000000e+00
9.738937226128359e-03 1.011614856320178e+00 0.000000000000000e+00
1.005309649148734e-02 1.043170535404685e+00 0.000000000000000e+00
1.036725575684632e-02 1.074624705119910e+00 0.000000000000000e+00
1.068141502220530e-02 1.105974359188446e+00 0.000000000000000e+00
1.099557428756428e-02 1.137216506433106e+00 0.000000000000000e+00
1.130973355292325e-02 1.168348171225636e+00 0.000000000000000e+00
1.162389281828223e-02 1.199366393891044e+00 0.000000000000000e+00
1.193805208364121e-02 1.230268231142857e+00 0.000000000000000e+00
1.225221134900019e-02 1.261050756517678e+00 0.000000000000000e+00
1.256637061435917e-02 1.291711060753480e+00 0.000000000000000e+00
1.288052987971815e-02 1.322246252246059e+00 0.000000000000000e+00
1.319468914507713e-02 1.352653457417508e+00 0.000000000000000e+00
1.350884841043611e-02 1.382929821168089e+00 0.000000000000000e+00
1.382300767579509e-02 1.413072507248225e+00 0.000000000000000e+00
1.413716694115407e-02 1.443078698666236e+00 0.000000000000000e+00
1.445132620651305e-02 1.472945598095212e+00 0.000000000000000e+00
1.476548547187203e-02 1.502670428268756e+00 0.000000000000000e+00
1.507964473723101e-02 1.532250432352908e+00 0.000000000000000e+00
1.539380400258999e-02 1.561682874354474e+00 0.000000000000000e+00
1.570796326794897e-02 1.590965039505886e+00 0.000000000000000e+00
1.602212253330795e-02 1.620094234626083e+00 0.000000000000000e+00
1.633628179866693e-02 1.649067788511736e+00 0.000000000000000e+00
1.665044106402590e-02 1.677883052315030e+00 0.000000000000000e+00
1.696460032938488e-02 1.706537399897649e+00 0.000000000000000e+00
1.727875959474386e-02 1.735028228211517e+00 0.000000000000000e+00
1.759291886010284e-02 1.763352957651669e+00 0.000000000000000e+00
1.790707812546182e-02 1.791509032416137e+00 0.000000000000000e+00
1.822123739082080e-02 1.819493920855623e+00 0.000000000000000e+00
1.853539665617978e-02 1.847305115831920e+00 0.000000000000000e+00
1.884955592153876e-02 1.874940135054854e+00 0.000000000000000e+00
1.916371518689774e-02 1.902396521427368e+00 0.000000000000000e+00
1.947787445225672e-02 1.929671843382898e+00 0.000000000000000e+00
1.979203371761570e-02 1.956763695209982e+00 0.000000000000000e+00
2.010619298297468e-02 1.983669697399268e+00 0.000000000000000e+00
2.042035224833365e-02 2.010387496938849e+00 0.000000000000000e+00
2.073451151369263e-02 2.036914767662074e+00 0.000000000000000e+00
2.104867077905161e-02 2.063249210540286e+00 0.000000000000000e+00
2.136283004441059e-02 2.089388554004731e+00 0.000000000000000e+00
2.167698930976957e-02 2.115330554253670e+00 0.000000000000000e+00
2.199114857512855e-02 2.141072995538771e+00 0.000000000000000e+00
2.230530784048753e-02 2.166613690478185e+00 0.000000000000000e+00
2.261946710584651e-02 2.191950480336233e+00 0.000000000000000e+00
2.293362637120549e-02 2.217081235311930e+00 0.000000000000000e+00
2.324778563656447e-02 2.242003854823980e+00 0.000000000000000e+00
2.356194490192345e-02 2.266716267784044e+00 0.000000000000000e+00
2.387610416728243e-02 2.291216432868798e+00 0.000000000000000e+00
2.419026343264141e-02 2.315502338787518e+00 0.000000000000000e+00
2.450442269800038e-02 2.339572004538899e+00 0.000000000000000e+00
2.481858196335936e-02 2.363423479674929e+00 0.000000000000000e+00
2.513274122871834e-02 2.387054844545764e+00 0.000000000000000e+00
2.544690049407733e-02 2.410464210547360e+00 0.000000000000000e+00
2.576105975943630e-02 2.433649720363591e+00 0.000000000000000e+00
2.607521902479528e-02 2.456609548199099e+00 0.000000000000000e+00
2.638937829015426e-02 2.479341900012075e+00 0.000000000000000e+00
2.670353755551324e-02 2.501845013737378e+00 0.000000000000000e+00
2.701769682087222e-02 2.524117159504444e+00 0.000000000000000e+00
2.733185608623120e-02 2.546156639856473e+00 0.000000000000000e+00
2.764601535159018e-02 2.567961789953149e+00 0.000000000000000e+00
2.796017461694916e-02 2.589530977778110e+00 0.000000000000000e+00
2.827433388230814e-02 2.610862604334546e+00 0.000000000000000e+00
2.858849314766712e-02 2.631955103833471e+00 0.000000000000000e+00
2.890265241302610e-02 2.652806943887938e+00 0.000000000000000e+00
2.921681167838508e-02 2.673416625691033e+00 0.000000000000000e+00
2.953097094374406e-02 2.693782684188207e+00 0.000000000000000e+00
2.984513020910303e-02 2.713903688247203e+00 0.000000000000000e+00
3.015928947446201e-02 2.733778240829272e+00 0.000000000000000e+00
3.047344873982099e-02 2.753404979136552e+00 0.000000000000000e+00
3.078760800517997e-02 2.772782574771995e+00 0.000000000000000e+00
3.110176727053895e-02 2.791909733888290e+00 0.000000000000000e+00
3.141592653589793e-02 2.810785197318885e+00 0.000000000000000e+00
3.173008580125691e-02 2.829407740723568e+00 0.000000000000000e+00
3.204424506661589e-02 2.847776174712136e+00 0.000000000000000e+00
3.235840433197487e-02 2.865889344972216e+00 0.000000000000000e+00
3.267256359733385e-02 2.883746132383648e+00 0.000000000000000e+00
3.298672286269283e-02 2.901345453131146e+00 0.000000000000000e+00
3.330088212805181e-02 2.918686258812169e+00 0.000000000000000e+00
3.361504139341079e-02 2.935767536538401e+00 0.000000000000000e+00
3.392920065876977e-02 2.952588309025524e+00 0.000000000000000e+00
3.424335992412875e-02 2.969147634684744e+00 0.000000000000000e+00
3.455751918948773e-02 2.985444607708450e+00 0.000000000000000e+00
3.487167845484671e-02 3.001478358142009e+00 0.000000000000000e+00
3.518583772020568e-02 3.017248051954604e+00 0.000000000000000e+00
3.549999698556466e-02 3.032752891112020e+00 0.000000000000000e+00
3.581415625092364e-02 3.047992113624946e+00 0.000000000000000e+00
3.612831551628262e-02 3.062964993607948e+00 0.000000000000000e+00
3.644247478164160e-02 3.077670841328600e+00 0.000000000000000e+00
3.675663404700058e-02 3.092109003243695e+00 0.000000000000000e+00
3.707079331235956e-02 3.106278862037928e+00 0.000000000000000e+00
3.738495257771854e-02 3.120179836651669e+00 0.000000000000000e+00
3.769911184307752e-02 3.133811382306958e+00 0.000000000000000e+00
3.801327110843650e-02 3.147172990520517e+00 0.000000000000000e+00
3.832743037379548e-02 3.160264189120070e+00 0.000000000000000e+00
3.864158963915446e-02 3.173084542247396e+00 0.000000000000000e+00
3.895574890451343e-02 3.185633650359085e+00 0.000000000000000e+00
3.926990816987241e-02 3.197911150219112e+00 0.000000000000000e+00
3.958406743523139e-02 3.209916714889610e+00 0.000000000000000e+00
3.989822670059037e-02 3.221650053709685e+00 0.000000000000000e+00
4.021238596594935e-02 3.233110912274094e+00 0.000000000000000e+00
4.052654523130833e-02 3.244299072399262e+00 0.000000000000000e+00
4.084070449666731e-02 3.255214352096970e+00 0.000000000000000e+00
4.115486376202629e-02 3.265856605520387e+00 0.000000000000000e+00
4.146902302738527e-02 3.276225722928641e+00 0.000000000000000e+00
4.178318229274425e-02 3.286321630624296e+00 0.000000000000000e+00
4.209734155810323e-02 3.296144290903169e+00 0.000000000000000e+00
4.241150082346221e-02 3.305693701980936e+00 0.000000000000000e+00
4.272566008882119e-02 3.314969897930366e+00 0.000000000000000e+00
4.303981935418016e-02 3.323972948599333e+00 0.000000000000000e+00
4.335397861953914e-02 3.332702959532261e+00 0.000000000000000e+00
4.366813788489812e-02 3.341160071883196e+00 0.000000000000000e+00
4.398229715025710e-02 3.349344462318038e+00 0.000000000000000e+00
4.429645641561608e-02 3.357256342921169e+00 0.000000000000000e+00
4.461061568097506e-02 3.364895961087365e+00 0.000000000000000e+00
4.492477494633404e-02 3.372263599411881e+00 0.000000000000000e+00
4.523893421169302e-02 3.379359575575388e+00 0.000000000000000e+00
4.555309347705200e-02 3.386184242222750e+00 0.000000000000000e+00
4.586725274241098e-02 3.392737986837276e+00 0.000000000000000e+00
4.618141200776996e-02 3.399021231604508e+00 0.000000000000000e+00
4.649557127312894e-02 3.405034433278034e+00 0.000000000000000e+00
4.680973053848791e-02 3.410778083036137e+00 0.000000000000000e+00
4.712388980384689e-02 3.416252706329116e+00 0.000000000000000e+00
4.743804906920587e-02 3.421458862731668e+00 0.000000000000000e+00
4.775220833456485e-02 3.426397145777974e+00 0.000000000000000e+00
4.806636759992383e-02 3.431068182797306e+00 0.000000000000000e+00
4.838052686528281e-02 3.435472634748884e+00 0.000000000000000e+00
4.869468613064179e-02 3.439611196041469e+00 0.000000000000000e+00
4.900884539600077e-02 3.443484594355079e+00 0.000000000000000e+00
4.932300466135975e-02 3.447093590456495e+00 0.000000000000000e+00
4.963716392671873e-02 3.450438978005561e+00 0.000000000000000e+00
4.995132319207771e-02 3.453521583362663e+00 0.000000000000000e+00
5.026548245743669e-02 3.456342265384668e+00 0.000000000000000e+00
5.057964172279567e-02 3.458901915224438e+00 0.000000000000000e+00
5.089380098815465e-02 3.461201456112580e+00 0.000000000000000e+00
5.120796025351363e-02 3.463241843148294e+00 0.000000000000000e+00
5.152211951887261e-02 3.465024063075634e+00 0.000000000000000e+00
5.183627878423159e-02 3.466549134060076e+00 0.000000000000000e+00
5.215043804959057e-02 3.467818105455256e+00 0.000000000000000e+00
5.246459731494955e-02 3.468832057572955e+00 0.000000000000000e+00
5.277875658030853e-02 3.469592101439369e+00 0.000000000000000e+00
5.309291584566751e-02 3.470099378552404e+00 0.000000000000000e+00
5.340707511102648e-02 3.470355060634220e+00 0.000000000000000e+00
5.372123437638546e-02 3.470360349376159e+00 0.000000000000000e+00
5.403539364174444e-02 3.470116476182324e+00 0.000000000000000e+00
5.434955290710342e-02 3.469624701907798e+00 0.000000000000000e+00
5.466371217246240e-02 3.468886316590825e+00 0.000000000000000e+00
5.497787143782138e-02 3.467902639182788e+00 0.000000000000000e+00
5.529203070318036e-02 3.466675017274005e+00 0.000000000000000e+00
5.560618996853934e-02 3.465204826812531e+00 0.000000000000000e+00
5.592034923389832e-02 3.463493471822972e+00 0.000000000000000e+00
5.623450849925730e-02 3.461542384117082e+00 0.000000000000000e+00
5.654866776461628e-02 3.459353023003442e+00 0.000000000000000e+00
5.686282702997526e-02 3.456926874993608e+00 0.000000000000000e+00
5.717698629533424e-02 3.454265453497439e+00 0.000000000000000e+00
5.749114556069321e-02 3.451370298526076e+00 0.000000000000000e+00
5.780530482605219e-02 3.448242976381141e+00 0.000000000000000e+00
5.811946409141117e-02 3.444885079344373e+00 0.000000000000000e+00
5.843362335677015e-02 3.441298225363950e+00 0.000000000000000e+00
5.874778262212913e-02 3.437484057737228e+00 0.000000000000000e+00
5.906194188748811e-02 3.433444244786664e+00 0.000000000000000e+00
5.937610115284709e-02 3.429180479536957e+00 0.000000000000000e+00
5.969026041820607e-02 3.424694479383763e+00 0.000000000000000e+00
6.000441968356505e-02 3.419987985766427e+00 0.000000000000000e+00
6.031857894892403e-02 3.415062763827379e+00 0.000000000000000e+00
6.063273821428301e-02 3.409920602077659e+00 0.000000000000000e+00
6.094689747964199e-02 3.404563312052626e+00 0.000000000000000e+00
6.126105674500096e-02 3.398992727969621e+00 0.000000000000000e+00
6.157521601035994e-02 3.393210706378462e+00 0.000000000000000e+00
6.188937527571892e-02 3.387219125810689e+00 0.000000000000000e+00
6.220353454107790e-02 3.381019886426745e+00 0.000000000000000e+00
6.251769380643689e-02 3.374614909659709e+00 0.000000000000000e+00
6.283185307179587e-02 3.368006137854710e+00 0.000000000000000e+00
6.314601233715485e-02 3.361195533908061e+00 0.000000000000000e+00
6.346017160251383e-02 3.354185080902441e+00 0.000000000000000e+00
6.377433086787281e-02 3.346976781738991e+00 0.000000000000000e+00
6.408849013323178e-02 3.339572658768961e+00 0.000000000000000e+00
6.440264939859076e-02 3.331974753420797e+00 0.000000000000000e+00
6.471680866394974e-02 3.324185125825641e+00 0.000000000000000e+00
6.503096792930872e-02 3.316205854441407e+00 0.000000000000000e+00
6.534512719466770e-02 3.308039035672795e+00 0.000000000000000e+00
6.565928646002668e-02 3.299686783490993e+00 0.000000000000000e+00
6.597344572538566e-02 3.291151229050167e+00 0.000000000000000e+00
6.628760499074464e-02 3.282434520302843e+00 0.000000000000000e+00
6.660176425610362e-02 3.273538821612449e+00 0.000000000000000e+00
6.691592352146260e-02 3.264466313364110e+00 0.000000000000000e+00
6.723008278682158e-02 3.255219191574271e+00 0.000000000000000e+00
6.754424205218056e-02 3.245799667499313e+00 0.000000000000000e+00
6.785840131753954e-02 3.236209967239964e+00 0.000000000000000e+00
6.817256058289851e-02 3.226452331346064e+00 0.000000000000000e+00
6.848671984825749e-02 3.216529014420715e+00 0.000000000000000e+00
6.880087911361647e-02 3.206442284720586e+00 0.000000000000000e+00
6.911503837897545e-02 3.196194423756274e+00 0.000000000000000e+00
6.942919764433443e-02 3.185787725891281e+00 0.000000000000000e+00
6.974335690969341e-02 3.175224497940077e+00 0.000000000000000e+00
7.005751617505239e-02 3.164507058765306e+00 0.000000000000000e+00
7.037167544041137e-02 3.153637738871202e+00 0.000000000000000e+00
7.068583470577035e-02 3.142618880000597e+00 0.000000000000000e+00
7.099999397112933e-02 3.131452834727650e+00 0.000000000000000e+00
7.131415323648831e-02 3.120141966049502e+00 0.000000000000000e+00
7.162831250184729e-02 3.108688646981494e+00 0.000000000000000e+00
7.194247176720626e-02 3.097095260145432e+00 0.000000000000000e+00
7.225663103256524e-02 3.085364197362450e+00 0.000000000000000e+00
7.257079029792422e-02 3.073497859242412e+00 0.000000000000000e+00
7.288494956328320e-02 3.061498654774907e+00 0.000000000000000e+00
7.319910882864218e-02 3.049369000917126e+00 0.000000000000000e+00
7.351326809400116e-02 3.037111322185192e+00 0.000000000000000e+00
7.382742735936014e-02 3.024728050240650e+00 0.000000000000000e+00
7.414158662471912e-02 3.012221623482015e+00 0.000000000000000e+00
7.445574589007810e-02 2.999594486631362e+00 0.000000000000000e+00
7.476990515543708e-02 2.986849090325124e+00 0.000000000000000e+00
7.508406442079606e-02 2.973987890700979e+00 0.000000000000000e+00
7.539822368615504e-02 2.961013348988290e+00 0.000000000000000e+00
7.571238295151402e-02 2.947927931095906e+00 0.000000000000000e+00
7.602654221687299e-02 2.934734107204197e+00 0.000000000000000e+00
7.634070148223197e-02 2.921434351351803e+00 0.000000000000000e+00
7.665486074759095e-02 2.908031141028208e+00 0.000000000000000e+00
7.696902001294993e-02 2.894526956763827e+00 0.000000000000000e+00
7.728317927830891e-02 2.880924281721728e+00 0.000000000000000e+00
7.759733854366789e-02 2.867225601288650e+00 0.000000000000000e+00
7.791149780902687e-02 2.853433402669527e+00 0.000000000000000e+00
7.822565707438585e-02 2.839550174479414e+00 0.000000000000000e+00
7.853981633974483e-02 2.825578406338865e+00 0.000000000000000e+00
7.885397560510381e-02 2.811520588469825e+00 0.000000000000000e+00
7.916813487046279e-02 2.797379211290965e+00 0.000000000000000e+00
7.948229413582177e-02 2.783156765015187e+00 0.000000000000000e+00
7.979645340118074e-02 2.768855739249722e+00 0.000000000000000e+00
8.011061266653972e-02 2.754478622594622e+00 0.000000000000000e+00
8.042477193189870e-02 2.740027902244171e+00 0.000000000000000e+00
8.073893119725768e-02 2.725506063590266e+00 0.000000000000000e+00
8.105309046261666e-02 2.710915589825338e+00 0.000000000000000e+00
8.136724972797564e-02 2.696258961548800e+00 0.000000000000000e+00
8.168140899333462e-02 2.681538656373091e+00 0.000000000000000e+00
8.199556825869360e-02 2.666757148533002e+00 0.000000000000000e+00
8.230972752405258e-02 2.651916908496509e+00 0.000000000000000e+00
8.262388678941156e-02 2.637020402575607e+00 0.000000000000000e+00
8.293804605477054e-02 2.622070092541655e+00 0.000000000000000e+00
8.325220532012952e-02 2.607068435240827e+00 0.000000000000000e+00
8.356636458548850e-02 2.592017882211313e+00 0.000000000000000e+00
8.388052385084747e-02 2.576920879304310e+00 0.000000000000000e+00
8.419468311620645e-02 2.561779866305340e+00 0.000000000000000e+00
8.450884238156543e-02 2.546597276558678e+00 0.000000000000000e+00
8.482300164692441e-02 2.531375536593467e+00 0.000000000000000e+00
8.513716091228339e-02 2.516117065752558e+00 0.000000000000000e+00
8.545132017764237e-02 2.500824275823930e+00 0.000000000000000e+00
8.576547944300135e-02 2.485499570673236e+00 0.000000000000000e+00
8.607963870836033e-02 2.470145345880818e+00 0.000000000000000e+00
8.639379797371931e-02 2.454763988378799e+00 0.000000000000000e+00
8.670795723907829e-02 2.439357876093599e+00 0.000000000000000e+00
8.702211650443727e-02 2.423929377588562e+00 0.000000000000000e+00
8.733627576979625e-02 2.408480851710616e+00 0.000000000000000e+00
8.765043503515522e-02 2.393014647239353e+00 0.000000000000000e+00
8.796459430051420e-02 2.377533102539686e+00 0.000000000000000e+00
8.827875356587318e-02 2.362038545215533e+00 0.000000000000000e+00
8.859291283123216e-02 2.346533291768657e+00 0.000000000000000e+00
8.890707209659114e-02 2.331019647259088e+00 0.000000000000000e+00
8.922123136195012e-02 2.315499904968778e+00 0.000000000000000e+00
8.953539062730910e-02 2.299976346068800e+00 0.000000000000000e+00
8.984954989266808e-02 2.284451239289525e+00 0.000000000000000e+00
9.016370915802706e-02 2.268926840593644e+00 0.000000000000000e+00
9.047786842338604e-02 2.253405392853167e+00 0.000000000000000e+00
9.079202768874502e-02 2.237889125528904e+00 0.000000000000000e+00
9.110618695410400e-02 2.222380254353621e+00 0.000000000000000e+00
9.142034621946298e-02 2.206880981019498e+00 0.000000000000000e+00
9.173450548482195e-02 2.191393492867317e+00 0.000000000000000e+00
9.204866475018093e-02 2.175919962580541e+00 0.000000000000000e+00
9.236282401553991e-02 2.160462547882807e+00 0.000000000000000e+00
9.267698328089889e-02 2.145023391238014e+00 0.000000000000000e+00
9.299114254625787e-02 2.129604619555354e+00 0.000000000000000e+00
9.330530181161685e-02 2.114208343897127e+00 0.000000000000000e+00
9.361946107697583e-02 2.098836659190726e+00 0.000000000000000e+00
9.393362034233481e-02 2.083491643944371e+00 0.000000000000000e+00
9.424777960769379e-02 2.068175359966671e+00 0.000000000000000e+00
9.456193887305277e-02 2.052889852089709e+00 0.000000000000000e+00
9.487609813841175e-02 2.037637147896304e+00 0.000000000000000e+00
9.519025740377073e-02 2.022419257451724e+00 0.000000000000000e+00
9.550441666912970e-02 2.007238173038315e+00 0.000000000000000e+00
9.581857593448868e-02 1.992095868894945e+00 0.000000000000000e+00
9.613273519984766e-02 1.976994300960560e+00 0.000000000000000e+00
9.644689446520664e-02 1.961935406620842e+00 0.000000000000000e+00
9.676105373056562e-02 1.946921104460812e+00 0.000000000000000e+00
9.707521299592460e-02 1.931953294019372e+00 0.000000000000000e+00
9.738937226128358e-02 1.917033855550313e+00 0.000000000000000e+00
9.770353152664256e-02 1.902164649785738e+00 0.000000000000000e+00
9.801769079200154e-02 1.887347517704582e+00 0.000000000000000e+00
9.833185005736052e-02 1.872584280305587e+00 0.000000000000000e+00
9.864600932271950e-02 1.857876738384367e+00 0.000000000000000e+00
9.896016858807848e-02 1.843226672314402e+00 0.000000000000000e+00
9.927432785343746e-02 1.828635841833458e+00 0.000000000000000e+00
9.958848711879643e-02 1.814105985833511e+00 0.000000000000000e+00
9.990264638415541e-02 1.799638822155240e+00 0.000000000000000e+00
1.002168056495144e-01 1.785236047387832e+00 0.000000000000000e+00
1.005309649148734e-01 1.770899336671806e+00 0.000000000000000e+00
1.008451241802324e-01 1.756630343508133e+00 0.000000000000000e+00
1.011592834455913e-01 1.742430699570123e+00 0.000000000000000e+00
1.014734427109503e-01 1.728302014521258e+00 0.000000000000000e+00
1.017876019763093e-01 1.714245875837039e+00 0.000000000000000e+00
1.021017612416683e-01 1.700263848631421e+00 0.000000000000000e+00
1.024159205070273e-01 1.686357475487824e+00 0.000000000000000e+00
1.027300797723862e-01 1.672528276295353e+00 0.000000000000000e+00
1.030442390377452e-01 1.658777748088718e+00 0.000000000000000e+00
1.033583983031042e-01 1.645107364893791e+00 0.000000000000000e+00
1.036725575684632e-01 1.631518577577579e+00 0.000000000000000e+00
1.039867168338222e-01 1.618012813702300e+00 0.000000000000000e+00
1.043008760991811e-01 1.604591477385177e+00 0.000000000000000e+00
1.046150353645401e-01 1.591255949162167e+00 0.000000000000000e+00
1.049291946298991e-01 1.578007585857044e+00 0.000000000000000e+00
1.052433538952581e-01 1.564847720454759e+00 0.000000000000000e+00
1.055575131606171e-01 1.551777661979839e+00 0.000000000000000e+00
1.058716724259760e-01 1.538798695379830e+00 0.000000000000000e+00
1.061858316913350e-01 1.525912081412731e+00 0.000000000000000e+00
1.064999909566940e-01 1.513119056540042e+00 0.000000000000000e+00
1.068141502220530e-01 1.500420832824496e+00 0.000000000000000e+00
1.071283094874119e-01 1.487818597832012e+00 0.000000000000000e+00
1.074424687527709e-01 1.475313514539238e+00 0.000000000000000e+00
1.077566280181299e-01 1.462906721245210e+00 0.000000000000000e+00
1.080707872834889e-01 1.450599331488840e+00 0.000000000000000e+00
1.083849465488479e-01 1.438392433969794e+00 0.000000000000000e+00
1.086991058142068e-01 1.426287092475385e+00 0.000000000000000e+00
1.090132650795658e-01 1.414284345812268e+00 0.000000000000000e+00
1.093274243449248e-01 1.402385207741738e+00 0.000000000000000e+00
1.096415836102838e-01 1.390590666921573e+00 0.000000000000000e+00
1.099557428756428e-01 1.378901686851223e+00 0.000000000000000e+00
1.102699021410017e-01 1.367319205823014e+00 0.000000000000000e+00
1.105840614063607e-01 1.355844136876929e+00 0.000000000000000e+00
1.108982206717197e-01 1.344477367761493e+00 0.000000000000000e+00
1.112123799370787e-01 1.333219760898398e+00 0.000000000000000e+00
1.115265392024377e-01 1.322072153352530e+00 0.000000000000000e+00
1.118406984677966e-01 1.311035356806690e+00 0.000000000000000e+00
1.121548577331556e-01 1.300110157540819e+00 0.000000000000000e+00
1.124690169985146e-01 1.289297316416259e+00 0.000000000000000e+00
1.127831762638736e-01 1.278597568864902e+00 0.000000000000000e+00
1.130973355292326e-01 1.268011624882483e+00 0.000000000000000e+00
1.134114947945915e-01 1.257540169027321e+00 0.000000000000000e+00
1.137256540599505e-01 1.247183860423386e+00 0.000000000000000e+00
1.140398133253095e-01 1.236943332767960e+00 0.000000000000000e+00
1.143539725906685e-01 1.226819194344382e+00 0.000000000000000e+00
1.146681318560274e-01 1.216812028039232e+00 0.000000000000000e+00
1.149822911213864e-01 1.206922391363962e+00 0.000000000000000e+00
1.152964503867454e-01 1.197150816481683e+00 0.000000000000000e+00
1.156106096521044e-01 1.187497810237996e+00 0.000000000000000e+00
1.159247689174634e-01 1.177963854196871e+00 0.000000000000000e+00
1.162389281828223e-01 1.168549404680831e+00 0.000000000000000e+00
1.165530874481813e-01 1.159254892815847e+00 0.000000000000000e+00
1.168672467135403e-01 1.150080724580624e+00 0.000000000000000e+00
1.171814059788993e-01 1.141027280860559e+00 0.000000000000000e+00
1.174955652442583e-01 1.132094917505930e+00 0.000000000000000e+00
1.178097245096172e-01 1.123283965394829e+00 0.000000000000000e+00
1.181238837749762e-01 1.114594730500514e+00 0.000000000000000e+00
1.184380430403352e-01 1.106027493962793e+00 0.000000000000000e+00
1.187522023056942e-01 1.097582512164209e+00 0.000000000000000e+00
1.190663615710532e-01 1.089260016810484e+00 0.000000000000000e+00
1.193805208364121e-01 1.081060215015082e+00 0.000000000000000e+00
1.196946801017711e-01 1.072983289388239e+00 0.000000000000000e+00
1.200088393671301e-01 1.065029398130256e+00 0.000000000000000e+00
1.203229986324891e-01 1.057198675129043e+00 0.000000000000000e+00
1.206371578978481e-01 1.049491230061706e+00 0.000000000000000e+00
1.209513171632070e-01 1.041907148500441e+00 0.000000000000000e+00
1.212654764285660e-01 1.034446492022425e+00 0.000000000000000e+00
1.215796356939250e-01 1.027109298324205e+00 0.000000000000000e+00
1.218937949592840e-01 1.019895581339359e+00 0.000000000000000e+00
1.222079542246430e-01 1.012805331361193e+00 0.000000000000000e+00
1.225221134900019e-01 1.005838515168558e+00 0.000000000000000e+00
1.228362727553609e-01 9.989950761561271e-01 0.000000000000000e+00
1.231504320207199e-01 9.922749344683434e-01 0.000000000000000e+00
1.234645912860789e-01 9.856779871374376e-01 0.000000000000000e+00
1.237787505514378e-01 9.792041082251124e-01 0.000000000000000e+00
1.240929098167968e-01 9.728531489681396e-01 0.000000000000000e+00
1.244070690821558e-01 9.666249379276771e-01 0.000000000000000e+00
1.247212283475148e-01 9.605192811423519e-01 0.000000000000000e+00
1.250353876128738e-01 9.545359622847673e-01 0.000000000000000e+00
1.253495468782327e-01 9.486747428222247e-01 0.000000000000000e+00
1.256637061435917e-01 9.429353621802470e-01 0.000000000000000e+00
1.259778654089507e-01 9.373175379104285e-01 0.000000000000000e+00
1.262920246743097e-01 9.318209658611549e-01 0.000000000000000e+00
1.266061839396687e-01 9.264453203522472e-01 0.000000000000000e+00
1.269203432050277e-01 9.211902543526953e-01 0.000000000000000e+00
1.272345024703866e-01 9.160553996620195e-01 0.000000000000000e+00
1.275486617357456e-01 9.110403670946959e-01 0.000000000000000e+00
1.278628210011046e-01 9.061447466681561e-01 0.000000000000000e+00
1.281769802664636e-01 9.013681077936425e-01 0.000000000000000e+00
1.284911395318225e-01 8.967099994706852e-01 0.000000000000000e+00
1.288052987971815e-01 8.921699504842443e-01 0.000000000000000e+00
1.291194580625405e-01 8.877474696054074e-01 0.000000000000000e+00
1.294336173278995e-01 8.834420457946220e-01 0.000000000000000e+00
1.297477765932585e-01 8.792531484084335e-01 0.000000000000000e+00
1.300619358586174e-01 8.751802274087227e-01 0.000000000000000e+00
1.303760951239764e-01 8.712227135750894e-01 0.000000000000000e+00
1.306902543893354e-01 8.673800187198619e-01 0.000000000000000e+00
1.310044136546944e-01 8.636515359061350e-01 0.000000000000000e+00
1.313185729200534e-01 8.600366396684176e-01 0.000000000000000e+00
1.316327321854123e-01 8.565346862357569e-01 0.000000000000000e+00
1.319468914507713e-01 8.531450137578734e-01 0.000000000000000e+00
1.322610507161303e-01 8.498669425335538e-01 0.000000000000000e+00
1.325752099814893e-01 8.466997752417351e-01 0.000000000000000e+00
1.328893692468482e-01 8.436427971748814e-01 0.000000000000000e+00
1.332035285122072e-01 8.406952764750286e-01 0.000000000000000e+00
1.335176877775662e-01 8.378564643719073e-01 0.000000000000000e+00
1.338318470429252e-01 8.351255954234892e-01 0.000000000000000e+00
1.341460063082842e-01 8.325018877588928e-01 0.000000000000000e+00
1.344601655736432e-01 8.299845433231353e-01 0.000000000000000e+00
1.347743248390021e-01 8.275727481244850e-01 0.000000000000000e+00
1.350884841043611e-01 8.252656724834988e-01 0.000000000000000e+00
1.354026433697201e-01 8.230624712842046e-01 0.000000000000000e+00
1.357168026350791e-01 8.209622842273526e-01 0.000000000000000e+00
1.360309619004380e-01 8.189642360854247e-01 0.000000000000000e+00
1.363451211657970e-01 8.170674369595363e-01 0.000000000000000e+00
1.366592804311560e-01 8.152709825382668e-01 0.000000000000000e+00
1.369734396965150e-01 8.135739543579121e-01 0.000000000000000e+00
1.372875989618740e-01 8.119754200647883e-01 0.000000000000000e+00
1.376017582272329e-01 8.104744336788207e-01 0.000000000000000e+00
1.379159174925919e-01 8.090700358589447e-01 0.000000000000000e+00
1.382300767579509e-01 8.077612541698918e-01 0.000000000000000e+00
1.385442360233099e-01 8.065471033503699e-01 0.000000000000000e+00
1.388583952886689e-01 8.054265855828007e-01 0.000000000000000e+00
1.391725545540278e-01 8.043986907641733e-01 0.000000000000000e+00
1.394867138193868e-01 8.034623967783512e-01 0.000000000000000e+00
1.398008730847458e-01 8.026166697694563e-01 0.000000000000000e+00
1.401150323501048e-01 8.018604644165176e-01 0.000000000000000e+00
1.404291916154637e-01 8.011927242090715e-01 0.000000000000000e+00
1.407433508808227e-01 8.006123817239452e-01 0.000000000000000e+00
1.410575101461817e-01 8.001183589029311e-01 0.000000000000000e+00
1.413716694115407e-01 7.997095673313360e-01 0.000000000000000e+00
1.416858286768997e-01 7.993849085175186e-01 0.000000000000000e+00
1.419999879422587e-01 7.991432741731122e-01 0.000000000000000e+00
1.423141472076176e-01 7.989835464940016e-01 0.000000000000000e+00
1.426283064729766e-01 7.989045984419909e-01 0.000000000000000e+00
1.429424657383356e-01 7.989052940271989e-01 0.000000000000000e+00
1.432566250036946e-01 7.989844885907433e-01 0.000000000000000e+00
1.435707842690535e-01 7.991410290882488e-01 0.000000000000000e+00
1.438849435344125e-01 7.993737543735654e-01 0.000000000000000e+00
1.441991027997715e-01 7.996814954830009e-01 0.000000000000000e+00
1.445132620651305e-01 8.000630759197817e-01 0.000000000000000e+00
1.448274213304895e-01 8.005173119388719e-01 0.000000000000000e+00
1.451415805958484e-01 8.010430128319551e-01 0.000000000000000e+00
1.454557398612074e-01 8.016389812125906e-01 0.000000000000000e+00
1.457698991265664e-01 8.023040133013976e-01 0.000000000000000e+00
1.460840583919254e-01 8.030368992113344e-01 0.000000000000000e+00
1.463982176572844e-01 8.038364232330026e-01 0.000000000000000e+00
1.467123769226433e-01 8.047013641197140e-01 0.000000000000000e+00
1.470265361880023e-01 8.056304953726187e-01 0.000000000000000e+00
1.473406954533613e-01 8.066225855254424e-01 0.000000000000000e+00
1.476548547187203e-01 8.076763984291326e-01 0.000000000000000e+00
1.479690139840792e-01 8.087906935360274e-01 0.000000000000000e+00
1.482831732494382e-01 8.099642261839344e-01 0.000000000000000e+00
1.485973325147972e-01 8.111957478794077e-01 0.000000000000000e+00
1.489114917801562e-01 8.124840065808467e-01 0.000000000000000e+00
1.492256510455152e-01 8.138277469809891e-01 0.000000000000000e+00
1.495398103108742e-01 8.152257107887287e-01 0.000000000000000e+00
1.498539695762331e-01 8.166766370103478e-01 0.000000000000000e+00
1.501681288415921e-01 8.181792622300509e-01 0.000000000000000e+00
1.504822881069511e-01 8.197323208897954e-01 0.000000000000000e+00
1.507964473723101e-01 8.213345455681420e-01 0.000000000000000e+00
1.511106066376690e-01 8.229846672584546e-01 0.000000000000000e+00
1.514247659030280e-01 8.246814156460575e-01 0.000000000000000e+00
1.517389251683870e-01 8.264235193843931e-01 0.000000000000000e+00
1.520530844337460e-01 8.282097063702580e-01 0.000000000000000e+00
1.523672436991050e-01 8.300387040179171e-01 0.000000000000000e+00
1.526814029644639e-01 8.319092395321008e-01 0.000000000000000e+00
1.529955622298229e-01 8.338200401796596e-01 0.000000000000000e+00
1.533097214951819e-01 8.357698335604092e-01 0.000000000000000e+00
1.536238807605409e-01 8.377573478761026e-01 0.000000000000000e+00
1.539380400258999e-01 8.397813121986177e-01 0.000000000000000e+00
1.542521992912588e-01 8.418404567364561e-01 0.000000000000000e+00
1.545663585566178e-01 8.439335130997700e-01 0.000000000000000e+00
1.548805178219768e-01 8.460592145641455e-01 0.000000000000000e+00
1.551946770873358e-01 8.482162963326960e-01 0.000000000000000e+00
1.555088363526947e-01 8.504034957965012e-01 0.000000000000000e+00
1.558229956180537e-01 8.526195527936584e-01 0.000000000000000e+00
1.561371548834127e-01 8.548632098663751e-01 0.000000000000000e+00
1.564513141487717e-01 8.571332125165614e-01 0.000000000000000e+00
1.567654734141307e-01 8.594283094595598e-01 0.000000000000000e+00
1.570796326794897e-01 8.617472528760226e-01 0.000000000000000e+00
1.573937919448486e-01 8.640887986619969e-01 0.000000000000000e+00
1.577079512102076e-01 8.664517066770899e-01 0.000000000000000e+00
1.580221104755666e-01 8.688347409906458e-01 0.000000000000000e+00
1.583362697409256e-01 8.712366701260128e-01 0.000000000000000e+00
1.586504290062845e-01 8.736562673025960e-01 0.000000000000000e+00
1.589645882716435e-01 8.760923106760693e-01 0.000000000000000e+00
1.592787475370025e-01 8.785435835762582e-01 0.000000000000000e+00
1.595929068023615e-01 8.810088747430069e-01 0.000000000000000e+00
1.599070660677205e-01 8.834869785597405e-01 0.000000000000000e+00
1.602212253330794e-01 8.859766952847767e-01 0.000000000000000e+00
1.605353845984384e-01 8.884768312804682e-01 0.000000000000000e+00
1.608495438637974e-01 8.909861992399162e-01 0.000000000000000e+00
1.611637031291564e-01 8.935036184112806e-01 0.000000000000000e+00
1.614778623945154e-01 8.960279148198381e-01 0.000000000000000e+00
1.617920216598744e-01 8.985579214874788e-01 0.000000000000000e+00
1.621061809252333e-01 9.010924786497713e-01 0.000000000000000e+00
1.624203401905923e-01 9.036304339704733e-01 0.000000000000000e+00
1.627344994559513e-01 9.061706427536081e-01 0.000000000000000e+00
1.630486587213103e-01 9.087119681527775e-01 0.000000000000000e+00
1.633628179866692e-01 9.112532813780445e-01 0.000000000000000e+00
1.636769772520282e-01 9.137934619000110e-01 0.000000000000000e+00
1.639911365173872e-01 9.163313976513175e-01 0.000000000000000e+00
1.643052957827462e-01 9.188659852253792e-01 0.000000000000000e+00
1.646194550481052e-01 9.213961300724348e-01 0.000000000000000e+00
1.649336143134641e-01 9.239207466926151e-01 0.000000000000000e+00
1.652477735788231e-01 9.264387588265135e-01 0.000000000000000e+00
1.655619328441821e-01 9.289490996427225e-01 0.000000000000000e+00
1.658760921095411e-01 9.314507119224307e-01 0.000000000000000e+00
1.661902513749001e-01 9.339425482413708e-01 0.000000000000000e+00
1.665044106402590e-01 9.364235711486091e-01 0.000000000000000e+00
1.668185699056180e-01 9.388927533425570e-01 0.000000000000000e+00
1.671327291709770e-01 9.413490778438148e-01 0.000000000000000e+00
1.674468884363360e-01 9.437915381652712e-01 0.000000000000000e+00
1.677610477016949e-01 9.462191384788956e-01 0.000000000000000e+00
1.680752069670539e-01 9.486308937797525e-01 0.000000000000000e+00
1.683893662324129e-01 9.510258300466848e-01 0.000000000000000e+00
1.687035254977719e-01 9.534029844001134e-01 0.000000000000000e+00
1.690176847631309e-01 9.557614052565844e-01 0.000000000000000e+00
1.693318440284899e-01 9.581001524802280e-01 0.000000000000000e+00
1.696460032938488e-01 9.604182975310676e-01 0.000000000000000e+00
1.699601625592078e-01 9.627149236101450e-01 0.000000000000000e+00
1.702743218245668e-01 9.649891258014078e-01 0.000000000000000e+00
1.705884810899258e-01 9.672400112104127e-01 0.000000000000000e+00
1.709026403552847e-01 9.694666990998411e-01 0.000000000000000e+00
1.712167996206437e-01 9.716683210216829e-01 0.000000000000000e+00
1.715309588860027e-01 9.738440209461675e-01 0.000000000000000e+00
1.718451181513617e-01 9.759929553874743e-01 0.000000000000000e+00
1.721592774167207e-01 9.781142935261359e-01 0.000000000000000e+00
1.724734366820797e-01 9.802072173280199e-01 0.000000000000000e+00
1.727875959474386e-01 9.822709216601414e-01 0.000000000000000e+00
1.731017552127976e-01 9.843046144030492e-01 0.000000000000000e+00
1.734159144781566e-01 9.863075165599043e-01 0.000000000000000e+00
1.737300737435156e-01 9.882788623621938e-01 0.000000000000000e+00
1.740442330088745e-01 9.902178993720283e-01 0.000000000000000e+00
1.743583922742335e-01 9.921238885811876e-01 0.000000000000000e+00
1.746725515395925e-01 9.939961045066065e-01 0.000000000000000e+00
1.749867108049515e-01 9.958338352826459e-01 0.000000000000000e+00
1.753008700703104e-01 9.976363827498922e-01 0.000000000000000e+00
1.756150293356694e-01 9.994030625404151e-01 0.000000000000000e+00
1.759291886010284e-01 1.001133204159910e+00 0.000000000000000e+00
1.762433478663874e-01 1.002826151066175e+00 0.000000000000000e+00
1.765575071317464e-01 1.004481260744233e+00 0.000000000000000e+00
1.768716663971054e-01 1.006097904778112e+00 0.000000000000000e+00
1.771858256624643e-01 1.007675468919077e+00 0.000000000000000e+00
1.774999849278233e-01 1.009213353150566e+00 0.000000000000000e+00
1.778141441931823e-01 1.010710971749545e+00 0.000000000000000e+00
1.781283034585413e-01 1.012167753344618e+00 0.000000000000000e+00
1.784424627239002e-01 1.013583140970517e+00 0.000000000000000e+00
1.787566219892592e-01 1.014956592119308e+00 0.000000000000000e+00
1.790707812546182e-01 1.016287578788147e+00 0.000000000000000e+00
1.793849405199772e-01 1.017575587523529e+00 0.000000000000000e+00
1.796990997853362e-01 1.018820119462220e+00 0.000000000000000e+00
1.800132590506952e-01 1.020020690368769e+00 0.000000000000000e+00
1.803274183160541e-01 1.021176830669458e+00 0.000000000000000e+00
1.806415775814131e-01 1.022288085483109e+00 0.000000000000000e+00
1.809557368467721e-01 1.023354014648265e+00 0.000000000000000e+00
1.812698961121311e-01 1.024374192747108e+00 0.000000000000000e+00
1.815840553774900e-01 1.025348209125871e+00 0.000000000000000e+00
1.818982146428490e-01 1.026275667912080e+00 0.000000000000000e+00
1.822123739082080e-01 1.027156188028232e+00 0.000000000000000e+00
1.825265331735670e-01 1.027989403202163e+00 0.000000000000000e+00
1.828406924389260e-01 1.028774961974190e+00 0.000000000000000e+00
1.831548517042849e-01 1.029512527700730e+00 0.000000000000000e+00
1.834690109696439e-01 1.030201778554769e+00 0.000000000000000e+00
1.837831702350029e-01 1.030842407522882e+00 0.000000000000000e+00
1.840973295003619e-01 1.031434122399078e+00 0.000000000000000e+00
1.844114887657209e-01 1.031976645775283e+00 0.000000000000000e+00
1.847256480310798e-01 1.032469715028559e+00 0.000000000000000e+00
1.850398072964388e-01 1.032913082305091e+00 0.000000000000000e+00
1.853539665617978e-01 1.033306514500958e+00 0.000000000000000e+00
1.856681258271568e-01 1.033649793239600e+00 0.000000000000000e+00
1.859822850925157e-01 1.033942714846224e+00 0.000000000000000e+00
1.862964443578747e-01 1.034185090318857e+00 0.000000000000000e+00
1.866106036232337e-01 1.034376745296344e+00 0.000000000000000e+00
1.869247628885927e-01 1.034517520023172e+00 0.000000000000000e+00
1.872389221539517e-01 1.034607269311153e+00 0.000000000000000e+00
1.875530814193107e-01 1.034645862497992e+00 0.000000000000000e+00
1.878672406846696e-01 1.034633183402782e+00 0.000000000000000e+00
1.881813999500286e-01 1.034569130278452e+00 0.000000000000000e+00
1.884955592153876e-01 1.034453615761141e+00 0.000000000000000e+00
1.888097184807466e-01 1.034286566816526e+00 0.000000000000000e+00
1.891238777461055e-01 1.034067924683191e+00 0.000000000000000e+00
1.894380370114645e-01 1.033797644813061e+00 0.000000000000000e+00
1.897521962768235e-01 1.033475696808800e+00 0.000000000000000e+00
1.900663555421825e-01 1.033102064358291e+00 0.000000000000000e+00
1.903805148075415e-01 1.032676745166361e+00 0.000000000000000e+00
1.906946740729004e-01 1.032199750883343e+00 0.000000000000000e+00
1.910088333382594e-01 1.031671107031153e+00 0.000000000000000e+00
1.913229926036184e-01 1.031090852926221e+00 0.000000000000000e+00
1.916371518689774e-01 1.030459041599868e+00 0.000000000000000e+00
1.919513111343364e-01 1.029775739715742e+00 0.000000000000000e+00
1.922654703996953e-01 1.029041027484632e+00 0.000000000000000e+00
1.925796296650543e-01 1.028254998576598e+00 0.000000000000000e+00
1.928937889304133e-01 1.027417760030263e+00 0.000000000000000e+00
1.932079481957723e-01 1.026529432159638e+00 0.000000000000000e+00
1.935221074611312e-01 1.025590148458240e+00 0.000000000000000e+00
1.938362667264902e-01 1.024600055500667e+00 0.000000000000000e+00
1.941504259918492e-01 1.023559312841530e+00 0.000000000000000e+00
1.944645852572082e-01 1.022468092912028e+00 0.000000000000000e+00
1.947787445225672e-01 1.021326580913855e+00 0.000000000000000e+00
1.950929037879262e-01 1.020134974710788e+00 0.000000000000000e+00
1.954070630532851e-01 1.018893484717803e+00 0.000000000000000e+00
1.957212223186441e-01 1.017602333787786e+00 0.000000000000000e+00
1.960353815840031e-01 1.016261757095863e+00 0.000000000000000e+00
1.963495408493621e-01 1.014872002021579e+00 0.000000000000000e+00
1.966637001147210e-01 1.013433328028535e+00 0.000000000000000e+00
1.969778593800800e-01 1.011946006542004e+00 0.000000000000000e+00
1.972920186454390e-01 1.010410320824204e+00 0.000000000000000e+00
1.976061779107980e-01 1.008826565847404e+00 0.000000000000000e+00
1.979203371761570e-01 1.007195048165012e+00 0.000000000000000e+00
1.982344964415159e-01 1.005516085780371e+00 0.000000000000000e+00
1.985486557068749e-01 1.003790008013635e+00 0.000000000000000e+00
1.988628149722339e-01 1.002017155366574e+00 0.000000000000000e+00
1.991769742375929e-01 1.000197879385341e+00 0.000000000000000e+00
1.994911335029519e-01 9.983325425213736e-01 0.000000000000000e+00
1.998052927683108e-01 9.964215179903197e-01 0.000000000000000e+00
2.001194520336698e-01 9.944651896291150e-01 0.000000000000000e+00
2.004336112990288e-01 9.924639517511704e-01 0.000000000000000e+00
2.007477705643878e-01 9.904182089999247e-01 0.000000000000000e+00
2.010619298297467e-01 9.883283762003896e-01 0.000000000000000e+00
2.013760890951057e-01 9.861948782091987e-01 0.000000000000000e+00
2.016902483604647e-01 9.840181497629034e-01 0.000000000000000e+00
2.020044076258237e-01 9.817986353245560e-01 0.000000000000000e+00
2.023185668911827e-01 9.795367889288709e-01 0.000000000000000e+00
2.026327261565417e-01 9.772330740256300e-01 0.000000000000000e+00
2.029468854219006e-01 9.748879633217385e-01 0.000000000000000e+00
2.032610446872596e-01 9.725019386217142e-01 0.000000000000000e+00
2.035752039526186e-01 9.700754906668099e-01 0.000000000000000e+00
2.038893632179776e-01 9.676091189726730e-01 0.000000000000000e+00
2.042035224833366e-01 9.651033316657517e-01 0.000000000000000e+00
2.045176817486955e-01 9.625586453182733e-01 0.000000000000000e+00
2.048318410140545e-01 9.599755847821135e-01 0.000000000000000e+00
2.051460002794135e-01 9.573546830212892e-01 0.000000000000000e+00
2.054601595447725e-01 9.546964809433923e-01 0.000000000000000e+00
2.057743188101314e-01 9.520015272298585e-01 0.000000000000000e+00
2.060884780754904e-01 9.492703781650609e-01 0.000000000000000e+00
2.064026373408494e-01 9.465035974645177e-01 0.000000000000000e+00
2.067167966062084e-01 9.437017561018962e-01 0.000000000000000e+00
2.070309558715674e-01 9.408654321352062e-01 0.000000000000000e+00
2.073451151369264e-01 9.379952105320133e-01 0.000000000000000e+00
2.076592744022853e-01 9.350916829938205e-01 0.000000000000000e+00
2.079734336676443e-01 9.321554477794826e-01 0.000000000000000e+00
2.082875929330033e-01 9.291871095280153e-01 0.000000000000000e+00
2.086017521983623e-01 9.261872790804748e-01 0.000000000000000e+00
2.089159114637212e-01 9.231565733013225e-01 0.000000000000000e+00
2.092300707290802e-01 9.200956148989375e-01 0.000000000000000e+00
2.095442299944392e-01 9.170050322456230e-01 0.000000000000000e+00
2.098583892597982e-01 9.138854591970467e-01 0.000000000000000e+00
2.101725485251572e-01 9.107375349110725e-01 0.000000000000000e+00
2.104867077905161e-01 9.075619036661891e-01 0.000000000000000e+00
2.108008670558751e-01 9.043592146794028e-01 0.000000000000000e+00
2.111150263212341e-01 9.011301219238272e-01 0.000000000000000e+00
2.114291855865931e-01 8.978752839458197e-01 0.000000000000000e+00
2.117433448519521e-01 8.945953636818561e-01 0.000000000000000e+00
2.120575041173110e-01 8.912910282751741e-01 0.000000000000000e+00
2.123716633826700e-01 8.879629488920642e-01 0.000000000000000e+00
2.126858226480290e-01 8.846118005380512e-01 0.000000000000000e+00
2.129999819133880e-01 8.812382618739860e-01 0.000000000000000e+00
2.133141411787469e-01 8.778430150319279e-01 0.000000000000000e+00
2.136283004441059e-01 8.744267454309871e-01 0.000000000000000e+00
2.139424597094649e-01 8.709901415932352e-01 0.000000000000000e+00
2.142566189748239e-01 8.675338949595701e-01 0.000000000000000e+00
2.145707782401829e-01 8.640586997056157e-01 0.000000000000000e+00
2.148849375055419e-01 8.605652525578377e-01 0.000000000000000e+00
2.151990967709008e-01 8.570542526097112e-01 0.000000000000000e+00
2.155132560362598e-01 8.535264011381238e-01 0.000000000000000e+00
2.158274153016188e-01 8.499824014200510e-01 0.000000000000000e+00
2.161415745669778e-01 8.464229585494012e-01 0.000000000000000e+00
2.164557338323367e-01 8.428487792542791e-01 0.000000000000000e+00
2.167698930976957e-01 8.392605717145776e-01 0.000000000000000e+00
2.170840523630547e-01 8.356590453799443e-01 0.000000000000000e+00
2.173982116284137e-01 8.320449107882018e-01 0.000000000000000e+00
2.177123708937727e-01 8.284188793842606e-01 0.000000000000000e+00
2.180265301591316e-01 8.247816633395494e-01 0.000000000000000e+00
2.183406894244906e-01 8.211339753719563e-01 0.000000000000000e+00
2.186548486898496e-01 8.174765285664126e-01 0.000000000000000e+00
2.189690079552086e-01 8.138100361961811e-01 0.000000000000000e+00
2.192831672205676e-01 8.101352115446314e-01 0.000000000000000e+00
2.195973264859265e-01 8.064527677279276e-01 0.000000000000000e+00
2.199114857512855e-01 8.027634175183747e-01 0.000000000000000e+00
2.202256450166445e-01 7.990678731685421e-01 0.000000000000000e+00
2.205398042820035e-01 7.953668462362448e-01 0.000000000000000e+00
2.208539635473624e-01 7.916610474104609e-01 0.000000000000000e+00
2.211681228127214e-01 7.879511863379930e-01 0.000000000000000e+00
2.214822820780804e-01 7.842379714511848e-01 0.000000000000000e+00
2.217964413434394e-01 7.805221097966241e-01 0.000000000000000e+00
2.221106006087984e-01 7.768043068648062e-01 0.000000000000000e+00
2.224247598741574e-01 7.730852664208332e-01 0.000000000000000e+00
2.227389191395163e-01 7.693656903363084e-01 0.000000000000000e+00
2.230530784048753e-01 7.656462784221909e-01 0.000000000000000e+00
2.233672376702343e-01 7.619277282629290e-01 0.000000000000000e+00
2.236813969355933e-01 7.582107350517290e-01 0.000000000000000e+00
2.239955562009522e-01 7.544959914270591e-01 0.000000000000000e+00
2.243097154663112e-01 7.507841873104171e-01 0.000000000000000e+00
2.246238747316702e-01 7.470760097453576e-01 0.000000000000000e+00
2.249380339970292e-01 7.433721427379025e-01 0.000000000000000e+00
2.252521932623882e-01 7.396732670982253e-01 0.000000000000000e+00
2.255663525277471e-01 7.359800602837557e-01 0.000000000000000e+00
2.258805117931061e-01 7.322931962437689e-01 0.000000000000000e+00
2.261946710584651e-01 7.286133452653110e-01 0.000000000000000e+00
2.265088303238241e-01 7.249411738206791e-01 0.000000000000000e+00
2.268229895891831e-01 7.212773444163956e-01 0.000000000000000e+00
2.271371488545420e-01 7.176225154437011e-01 0.000000000000000e+00
2.274513081199010e-01 7.139773410306383e-01 0.000000000000000e+00
2.277654673852600e-01 7.103424708957734e-01 0.000000000000000e+00
2.280796266506190e-01 7.067185502034157e-01 0.000000000000000e+00
2.283937859159779e-01 7.031062194206573e-01 0.000000000000000e+00
2.287079451813369e-01 6.995061141759794e-01 0.000000000000000e+00
2.290221044466959e-01 6.959188651195694e-01 0.000000000000000e+00
2.293362637120549e-01 6.923450977855138e-01 0.000000000000000e+00
2.296504229774139e-01 6.887854324555192e-01 0.000000000000000e+00
2.299645822427729e-01 6.852404840246203e-01 0.000000000000000e+00
2.302787415081318e-01 6.817108618686349e-01 0.000000000000000e+00
2.305929007734908e-01 6.781971697134210e-01 0.000000000000000e+00
2.309070600388498e-01 6.747000055060393e-01 0.000000000000000e+00
2.312212193042088e-01 6.712199612877702e-01 0.000000000000000e+00
2.315353785695677e-01 6.677576230690635e-01 0.000000000000000e+00
2.318495378349267e-01 6.643135707064350e-01 0.000000000000000e+00
2.321636971002857e-01 6.608883777812590e-01 0.000000000000000e+00
2.324778563656447e-01 6.574826114805595e-01 0.000000000000000e+00
2.327920156310037e-01 6.540968324798443e-01 0.000000000000000e+00
2.331061748963627e-01 6.507315948278507e-01 0.000000000000000e+00
2.334203341617216e-01 6.473874458334717e-01 0.000000000000000e+00
2.337344934270806e-01 6.440649259545868e-01 0.000000000000000e+00
2.340486526924396e-01 6.407645686890651e-01 0.000000000000000e+00
2.343628119577986e-01 6.374869004678358e-01 0.000000000000000e+00
2.346769712231575e-01 6.342324405500523e-01 0.000000000000000e+00
2.349911304885165e-01 6.310017009203847e-01 0.000000000000000e+00
2.353052897538755e-01 6.277951861885154e-01 0.000000000000000e+00
2.356194490192345e-01 6.246133934906895e-01 0.000000000000000e+00
2.359336082845934e-01 6.214568123935236e-01 0.000000000000000e+00
2.362477675499524e-01 6.183259247999984e-01 0.000000000000000e+00
2.365619268153114e-01 6.152212048576072e-01 0.000000000000000e+00
2.368760860806704e-01 6.121431188687753e-01 0.000000000000000e+00
2.371902453460294e-01 6.090921252034934e-01 0.000000000000000e+00
2.375044046113884e-01 6.060686742141819e-01 0.000000000000000e+00
2.378185638767473e-01 6.030732081528456e-01 0.000000000000000e+00
2.381327231421063e-01 6.001061610904683e-01 0.000000000000000e+00
2.384468824074653e-01 5.971679588387048e-01 0.000000000000000e+00
2.387610416728243e-01 5.942590188738517e-01 0.000000000000000e+00
2.390752009381832e-01 5.913797502631363e-01 0.000000000000000e+00
2.393893602035422e-01 5.885305535933005e-01 0.000000000000000e+00
2.397035194689012e-01 5.857118209015407e-01 0.000000000000000e+00
2.400176787342602e-01 5.829239356086993e-01 0.000000000000000e+00
2.403318379996192e-01 5.801672724548541e-01 0.000000000000000e+00
2.406459972649782e-01 5.774421974372657e-01 0.000000000000000e+00
2.409601565303371e-01 5.747490677506261e-01 0.000000000000000e+00
2.412743157956961e-01 5.720882317296687e-01 0.000000000000000e+00
2.415884750610551e-01 5.694600287941756e-01 0.000000000000000e+00
2.419026343264141e-01 5.668647893963157e-01 0.000000000000000e+00
2.422167935917731e-01 5.643028349703753e-01 0.000000000000000e+00
2.425309528571320e-01 5.617744778848455e-01 0.000000000000000e+00
2.428451121224910e-01 5.592800213969091e-01 0.000000000000000e+00
2.431592713878500e-01 5.568197596092710e-01 0.000000000000000e+00
2.434734306532090e-01 5.543939774294334e-01 0.000000000000000e+00
2.437875899185679e-01 5.520029505312837e-01 0.000000000000000e+00
2.441017491839269e-01 5.496469453191095e-01 0.000000000000000e+00
2.444159084492859e-01 5.473262188939934e-01 0.000000000000000e+00
2.447300677146449e-01 5.450410190225977e-01 0.000000000000000e+00
2.450442269800039e-01 5.427915841082910e-01 0.000000000000000e+00
2.453583862453629e-01 5.405781431647528e-01 0.000000000000000e+00
2.456725455107218e-01 5.384009157918358e-01 0.000000000000000e+00
2.459867047760808e-01 5.362601121539041e-01 0.000000000000000e+00
2.463008640414398e-01 5.341559329605327e-01 0.000000000000000e+00
2.466150233067988e-01 5.320885694494988e-01 0.000000000000000e+00
2.469291825721577e-01 5.300582033722883e-01 0.000000000000000e+00
2.472433418375167e-01 5.280650069818172e-01 0.000000000000000e+00
2.475575011028757e-01 5.261091430225908e-01 0.000000000000000e+00
2.478716603682347e-01 5.241907647232465e-01 0.000000000000000e+00
2.481858196335937e-01 5.223100157913485e-01 0.000000000000000e+00
2.484999788989526e-01 5.204670304106034e-01 0.000000000000000e+00
2.488141381643116e-01 5.186619332403775e-01 0.000000000000000e+00
2.491282974296706e-01 5.168948394175493e-01 0.000000000000000e+00
2.494424566950296e-01 5.151658545606750e-01 0.000000000000000e+00
2.497566159603886e-01 5.134750747764546e-01 0.000000000000000e+00
2.500707752257476e-01 5.118225866685181e-01 0.000000000000000e+00
2.503849344911065e-01 5.102084673484907e-01 0.000000000000000e+00
2.506990937564655e-01 5.086327844493280e-01 0.000000000000000e+00
2.510132530218245e-01 5.070955961409346e-01 0.000000000000000e+00
2.513274122871835e-01 5.055969511480398e-01 0.000000000000000e+00
2.516415715525424e-01 5.041368887703115e-01 0.000000000000000e+00
2.519557308179014e-01 5.027154389047028e-01 0.000000000000000e+00
2.522698900832604e-01 5.013326220700259e-01 0.000000000000000e+00
2.525840493486194e-01 4.999884494337350e-01 0.000000000000000e+00
2.528982086139783e-01 4.986829228408833e-01 0.000000000000000e+00
2.532123678793373e-01 4.974160348453052e-01 0.000000000000000e+00
2.535265271446963e-01 4.961877687429033e-01 0.000000000000000e+00
2.538406864100553e-01 4.949980986071285e-01 0.000000000000000e+00
2.541548456754142e-01 4.938469893265835e-01 0.000000000000000e+00
2.544690049407732e-01 4.927343966447331e-01 0.000000000000000e+00
2.547831642061322e-01 4.916602672017329e-01 0.000000000000000e+00
2.550973234714912e-01 4.906245385783360e-01 0.000000000000000e+00
2.554114827368502e-01 4.896271393418567e-01 0.000000000000000e+00
2.557256420022092e-01 4.886679890942021e-01 0.000000000000000e+00
2.560398012675681e-01 4.877469985219132e-01 0.000000000000000e+00
2.563539605329271e-01 4.868640694482648e-01 0.000000000000000e+00
2.566681197982861e-01 4.860190948872766e-01 0.000000000000000e+00
2.569822790636451e-01 4.852119590997814e-01 0.000000000000000e+00
2.572964383290041e-01 4.844425376514093e-01 0.000000000000000e+00
2.576105975943631e-01 4.837106974725005e-01 0.000000000000000e+00
2.579247568597220e-01 4.830162969199502e-01 0.000000000000000e+00
2.582389161250810e-01 4.823591858409246e-01 0.000000000000000e+00
2.585530753904400e-01 4.817392056384659e-01 0.000000000000000e+00
2.588672346557990e-01 4.811561893389446e-01 0.000000000000000e+00
2.591813939211579e-01 4.806099616613277e-01 0.000000000000000e+00
2.594955531865169e-01 4.801003390882521e-01 0.000000000000000e+00
2.598097124518759e-01 4.796271299388899e-01 0.000000000000000e+00
2.601238717172349e-01 4.791901344435576e-01 0.000000000000000e+00
2.604380309825938e-01 4.787891448200740e-01 0.000000000000000e+00
2.607521902479528e-01 4.784239453518244e-01 0.000000000000000e+00
2.610663495133118e-01 4.780943124674846e-01 0.000000000000000e+00
2.613805087786708e-01 4.778000148224590e-01 0.000000000000000e+00
2.616946680440297e-01 4.775408133818975e-01 0.000000000000000e+00
2.620088273093887e-01 4.773164615053805e-01 0.000000000000000e+00
2.623229865747477e-01 4.771267050331140e-01 0.000000000000000e+00
2.626371458401067e-01 4.769712823737881e-01 0.000000000000000e+00
2.629513051054657e-01 4.768499245938561e-01 0.000000000000000e+00
2.632654643708247e-01 4.767623555084050e-01 0.000000000000000e+00
2.635796236361836e-01 4.767082917734762e-01 0.000000000000000e+00
2.638937829015426e-01 4.766874429798216e-01 0.000000000000000e+00
2.642079421669016e-01 4.766995117481182e-01 0.000000000000000e+00
2.645221014322606e-01 4.767441938255672e-01 0.000000000000000e+00
2.648362606976196e-01 4.768211781838484e-01 0.000000000000000e+00
2.651504199629786e-01 4.769301471184468e-01 0.000000000000000e+00
2.654645792283375e-01 4.770707763492770e-01 0.000000000000000e+00
2.657787384936965e-01 4.772427351225778e-01 0.000000000000000e+00
2.660928977590555e-01 4.774456863141073e-01 0.000000000000000e+00
2.664070570244145e-01 4.776792865335300e-01 0.000000000000000e+00
2.667212162897734e-01 4.779431862300064e-01 0.000000000000000e+00
2.670353755551324e-01 4.782370297989659e-01 0.000000000000000e+00
2.673495348204914e-01 4.785604556900183e-01 0.000000000000000e+00
2.676636940858504e-01 4.789130965159620e-01 0.000000000000000e+00
2.679778533512093e-01 4.792945791628971e-01 0.000000000000000e+00
2.682920126165683e-01 4.797045249013620e-01 0.000000000000000e+00
2.686061718819273e-01 4.801425494985148e-01 0.000000000000000e+00
2.689203311472863e-01 4.806082633312849e-01 0.000000000000000e+00
2.692344904126452e-01 4.811012715005016e-01 0.000000000000000e+00
2.695486496780042e-01 4.816211739459357e-01 0.000000000000000e+00
2.698628089433632e-01 4.821675655622633e-01 0.000000000000000e+00
2.701769682087222e-01 4.827400363158670e-01 0.000000000000000e+00
2.704911274740812e-01 4.833381713624952e-01 0.000000000000000e+00
2.708052867394402e-01 4.839615511657128e-01 0.000000000000000e+00
2.711194460047991e-01 4.846097516161514e-01 0.000000000000000e+00
2.714336052701581e-01 4.852823441514682e-01 0.000000000000000e+00
2.717477645355171e-01 4.859788958770365e-01 0.000000000000000e+00
2.720619238008761e-01 4.866989696873214e-01 0.000000000000000e+00
2.723760830662351e-01 4.874421243878876e-01 0.000000000000000e+00
2.726902423315941e-01 4.882079148180299e-01 0.000000000000000e+00
2.730044015969530e-01 4.889958919740019e-01 0.000000000000000e+00
2.733185608623120e-01 4.898056031327698e-01 0.000000000000000e+00
2.736327201276710e-01 4.906365919763365e-01 0.000000000000000e+00
2.739468793930300e-01 4.914883987164910e-01 0.000000000000000e+00
2.742610386583889e-01 4.923605602200763e-01 0.000000000000000e+00
2.745751979237479e-01 4.932526101346387e-01 0.000000000000000e+00
2.748893571891069e-01 4.941640790145059e-01 0.000000000000000e+00
2.752035164544659e-01 4.950944944472059e-01 0.000000000000000e+00
2.755176757198248e-01 4.960433811802318e-01 0.000000000000000e+00
2.758318349851838e-01 4.970102612480864e-01 0.000000000000000e+00
2.761459942505428e-01 4.979946540996130e-01 0.000000000000000e+00
2.764601535159018e-01 4.989960767255606e-01 0.000000000000000e+00
2.767743127812607e-01 5.000140437863299e-01 0.000000000000000e+00
2.770884720466197e-01 5.010480677399382e-01 0.000000000000000e+00
2.774026313119787e-01 5.020976589700583e-01 0.000000000000000e+00
2.777167905773377e-01 5.031623259142481e-01 0.000000000000000e+00
2.780309498426967e-01 5.042415751921747e-01 0.000000000000000e+00
2.783451091080557e-01 5.053349117339424e-01 0.000000000000000e+00
2.786592683734146e-01 5.064418389084243e-01 0.000000000000000e+00
2.789734276387736e-01 5.075618586515509e-01 0.000000000000000e+00
2.792875869041326e-01 5.086944715945941e-01 0.000000000000000e+00
2.796017461694916e-01 5.098391771923219e-01 0.000000000000000e+00
2.799159054348506e-01 5.109954738510940e-01 0.000000000000000e+00
2.802300647002096e-01 5.121628590567843e-01 0.000000000000000e+00
2.805442239655685e-01 5.133408295025393e-01 0.000000000000000e+00
2.808583832309275e-01 5.145288812163398e-01 0.000000000000000e+00
2.811725424962865e-01 5.157265096883268e-01 0.000000000000000e+00
2.814867017616455e-01 5.169332099978730e-01 0.000000000000000e+00
2.818008610270045e-01 5.181484769403367e-01 0.000000000000000e+00
2.821150202923634e-01 5.193718051535283e-01 0.000000000000000e+00
2.824291795577224e-01 5.206026892437993e-01 0.000000000000000e+00
2.827433388230814e-01 5.218406239117479e-01 0.000000000000000e+00
2.830574980884404e-01 5.230851040775334e-01 0.000000000000000e+00
2.833716573537993e-01 5.243356250057465e-01 0.000000000000000e+00
2.836858166191583e-01 5.255916824297607e-01 0.000000000000000e+00
2.839999758845173e-01 5.268527726756697e-01 0.000000000000000e+00
2.843141351498763e-01 5.281183927856291e-01 0.000000000000000e+00
2.846282944152352e-01 5.293880406406549e-01 0.000000000000000e+00
2.849424536805942e-01 5.306612150828708e-01 0.000000000000000e+00
2.852566129459532e-01 5.319374160371045e-01 0.000000000000000e+00
2.855707722113122e-01 5.332161446318497e-01 0.000000000000000e+00
2.858849314766712e-01 5.344969033195864e-01 0.000000000000000e+00
2.861990907420301e-01 5.357791959963736e-01 0.000000000000000e+00
2.865132500073891e-01 5.370625281207299e-01 0.000000000000000e+00
2.868274092727481e-01 5.383464068317825e-01 0.000000000000000e+00
2.871415685381071e-01 5.396303410666096e-01 0.000000000000000e+00
2.874557278034661e-01 5.409138416767967e-01 0.000000000000000e+00
2.877698870688251e-01 5.421964215441724e-01 0.000000000000000e+00
2.880840463341841e-01 5.434775956956717e-01 0.000000000000000e+00
2.883982055995430e-01 5.447568814173288e-01 0.000000000000000e+00
2.887123648649020e-01 5.460337983673583e-01 0.000000000000000e+00
2.890265241302610e-01 5.473078686883220e-01 0.000000000000000e+00
2.893406833956200e-01 5.485786171183228e-01 0.000000000000000e+00
2.896548426609789e-01 5.498455711012219e-01 0.000000000000000e+00
2.899690019263379e-01 5.511082608958698e-01 0.000000000000000e+00
2.902831611916969e-01 5.523662196842807e-01 0.000000000000000e+00
2.905973204570559e-01 5.536189836787752e-01 0.000000000000000e+00
2.909114797224148e-01 5.548660922280699e-01 0.000000000000000e+00
2.912256389877738e-01 5.561070879222122e-01 0.000000000000000e+00
2.915397982531328e-01 5.573415166964482e-01 0.000000000000000e+00
2.918539575184918e-01 5.585689279339363e-01 0.000000000000000e+00
2.921681167838507e-01 5.597888745672819e-01 0.000000000000000e+00
2.924822760492097e-01 5.610009131789030e-01 0.000000000000000e+00
2.927964353145687e-01 5.622046041001996e-01 0.000000000000000e+00
2.931105945799277e-01 5.633995115094546e-01 0.000000000000000e+00
2.934247538452867e-01 5.645852035285419e-01 0.000000000000000e+00
2.937389131106456e-01 5.657612523183344e-01 0.000000000000000e+00
2.940530723760046e-01 5.669272341728304e-01 0.000000000000000e+00
2.943672316413636e-01 5.680827296119757e-01 0.000000000000000e+00
2.946813909067226e-01 5.692273234731717e-01 0.000000000000000e+00
2.949955501720816e-01 5.703606050014096e-01 0.000000000000000e+00
2.953097094374406e-01 5.714821679380937e-01 0.000000000000000e+00
2.956238687027996e-01 5.725916106084373e-01 0.000000000000000e+00
2.959380279681585e-01 5.736885360074696e-01 0.000000000000000e+00
2.962521872335175e-01 5.747725518846643e-01 0.000000000000000e+00
2.965663464988765e-01 5.758432708270881e-01 0.000000000000000e+00
2.968805057642355e-01 5.769003103411456e-01 0.000000000000000e+00
2.971946650295944e-01 5.779432929328193e-01 0.000000000000000e+00
2.975088242949534e-01 5.789718461864808e-01 0.000000000000000e+00
2.978229835603124e-01 5.799856028421576e-01 0.000000000000000e+00
2.981371428256714e-01 5.809842008713247e-01 0.000000000000000e+00
2.984513020910303e-01 5.819672835511707e-01 0.000000000000000e+00
2.987654613563893e-01 5.829344995373109e-01 0.000000000000000e+00
2.990796206217483e-01 5.838855029349702e-01 0.000000000000000e+00
2.993937798871073e-01 5.848199533685929e-01 0.000000000000000e+00
2.997079391524662e-01 5.857375160498683e-01 0.000000000000000e+00
3.000220984178252e-01 5.866378618442022e-01 0.000000000000000e+00
3.003362576831842e-01 5.875206673355351e-01 0.000000000000000e+00
3.006504169485432e-01 5.883856148896097e-01 0.000000000000000e+00
3.009645762139022e-01 5.892323927155739e-01 0.000000000000000e+00
3.012787354792612e-01 5.900606949259563e-01 0.000000000000000e+00
3.015928947446201e-01 5.908702215950324e-01 0.000000000000000e+00
3.019070540099791e-01 5.916606788154957e-01 0.000000000000000e+00
3.022212132753381e-01 5.924317787534850e-01 0.000000000000000e+00
3.025353725406971e-01 5.931832397019600e-01 0.000000000000000e+00
3.028495318060561e-01 5.939147861323625e-01 0.000000000000000e+00
3.031636910714151e-01 5.946261487446293e-01 0.000000000000000e+00
3.034778503367740e-01 5.953170645154684e-01 0.000000000000000e+00
3.037920096021330e-01 5.959872767449865e-01 0.000000000000000e+00
3.041061688674920e-01 5.966365351015496e-01 0.000000000000000e+00
3.044203281328510e-01 5.972645956649866e-01 0.000000000000000e+00
3.047344873982099e-01 5.978712209680325e-01 0.000000000000000e+00
3.050486466635689e-01 5.984561800360600e-01 0.000000000000000e+00
3.053628059289279e-01 5.990192484250886e-01 0.000000000000000e+00
3.056769651942869e-01 5.995602082580468e-01 0.000000000000000e+00
3.059911244596458e-01 6.000788482593009e-01 0.000000000000000e+00
3.063052837250048e-01 6.005749637874542e-01 0.000000000000000e+00
3.066194429903638e-01 6.010483568663579e-01 0.000000000000000e+00
3.069336022557228e-01 6.014988362144481e-01 0.000000000000000e+00
3.072477615210817e-01 6.019262172722494e-01 0.000000000000000e+00
3.075619207864407e-01 6.023303222281817e-01 0.000000000000000e+00
3.078760800517997e-01 6.027109800425976e-01 0.000000000000000e+00
3.081902393171587e-01 6.030680264700667e-01 0.000000000000000e+00
3.085043985825177e-01 6.034013040798808e-01 0.000000000000000e+00
3.088185578478767e-01 6.037106622748549e-01 0.000000000000000e+00
3.091327171132356e-01 6.039959573083202e-01 0.000000000000000e+00
3.094468763785946e-01 6.042570522993905e-01 0.000000000000000e+00
3.097610356439536e-01 6.044938172464664e-01 0.000000000000000e+00
3.100751949093126e-01 6.047061290389961e-01 0.000000000000000e+00
3.103893541746716e-01 6.048938714674712e-01 0.000000000000000e+00
3.107035134400306e-01 6.050569352316919e-01 0.000000000000000e+00
3.110176727053895e-01 6.051952179472695e-01 0.000000000000000e+00
3.113318319707485e-01 6.053086241503981e-01 0.000000000000000e+00
3.116459912361075e-01 6.053970653008953e-01 0.000000000000000e+00
3.119601505014665e-01 6.054604597834838e-01 0.000000000000000e+00
3.122743097668254e-01 6.054987329073742e-01 0.000000000000000e+00
3.125884690321844e-01 6.055118169040995e-01 0.000000000000000e+00
3.129026282975434e-01 6.054996509236409e-01 0.000000000000000e+00
3.132167875629024e-01 6.054621810288393e-01 0.000000000000000e+00
3.135309468282613e-01 6.053993601880958e-01 0.000000000000000e+00
3.138451060936203e-01 6.053111482663683e-01 0.000000000000000e+00
3.141592653589793e-01 6.051975120144852e-01 0.000000000000000e+00
3.144734246243383e-01 6.050584250567693e-01 0.000000000000000e+00
3.147875838896972e-01 6.048938678769562e-01 0.000000000000000e+00
3.151017431550562e-01 6.047038278024915e-01 0.000000000000000e+00
3.154159024204152e-01 6.044882989871128e-01 0.000000000000000e+00
3.157300616857742e-01 6.042472823918195e-01 0.000000000000000e+00
3.160442209511332e-01 6.039807857641718e-01 0.000000000000000e+00
3.163583802164922e-01 6.036888236159595e-01 0.000000000000000e+00
3.166725394818511e-01 6.033714171992585e-01 0.000000000000000e+00
3.169866987472101e-01 6.030285944808483e-01 0.000000000000000e+00
3.173008580125691e-01 6.026603901150543e-01 0.000000000000000e+00
3.176150172779281e-01 6.022668454149767e-01 0.000000000000000e+00
3.179291765432871e-01 6.018480083221399e-01 0.000000000000000e+00
3.182433358086461e-01 6.014039333745883e-01 0.000000000000000e+00
3.185574950740050e-01 6.009346816733856e-01 0.000000000000000e+00
3.188716543393640e-01 6.004403208476217e-01 0.000000000000000e+00
3.191858136047230e-01 5.999209250178509e-01 0.000000000000000e+00
3.194999728700820e-01 5.993765747580124e-01 0.000000000000000e+00
3.198141321354409e-01 5.988073570558660e-01 0.000000000000000e+00
3.201282914007999e-01 5.982133652719124e-01 0.000000000000000e+00
3.204424506661589e-01 5.975946990968486e-01 0.000000000000000e+00
3.207566099315179e-01 5.969514645075655e-01 0.000000000000000e+00
3.210707691968768e-01 5.962837737216836e-01 0.000000000000000e+00
3.213849284622358e-01 5.955917451506532e-01 0.000000000000000e+00
3.216990877275948e-01 5.948755033514627e-01 0.000000000000000e+00
3.220132469929538e-01 5.941351789769120e-01 0.000000000000000e+00
3.223274062583128e-01 5.933709087245221e-01 0.000000000000000e+00
3.226415655236717e-01 5.925828352840667e-01 0.000000000000000e+00
3.229557247890307e-01 5.917711072837621e-01 0.000000000000000e+00
3.232698840543897e-01 5.909358792350851e-01 0.000000000000000e+00
3.235840433197487e-01 5.900773114763357e-01 0.000000000000000e+00
3.238982025851077e-01 5.891955701148206e-01 0.000000000000000e+00
3.242123618504666e-01 5.882908269678363e-01 0.000000000000000e+00
3.245265211158256e-01 5.873632595023084e-01 0.000000000000000e+00
3.248406803811846e-01 5.864130507732447e-01 0.000000000000000e+00
3.251548396465436e-01 5.854403893609219e-01 0.000000000000000e+00
3.254689989119026e-01 5.844454693068837e-01 0.000000000000000e+00
3.257831581772616e-01 5.834284900487271e-01 0.000000000000000e+00
3.260973174426205e-01 5.823896563537568e-01 0.000000000000000e+00
3.264114767079795e-01 5.813291782514354e-01 0.000000000000000e+00
3.267256359733385e-01 5.802472709647448e-01 0.000000000000000e+00
3.270397952386975e-01 5.791441548404053e-01 0.000000000000000e+00
3.273539545040565e-01 5.780200552780376e-01 0.000000000000000e+00
3.276681137694154e-01 5.768752026582079e-01 0.000000000000000e+00
3.279822730347744e-01 5.757098322694750e-01 0.000000000000000e+00
3.282964323001334e-01 5.745241842343580e-01 0.000000000000000e+00
3.286105915654924e-01 5.733185034343227e-01 0.000000000000000e+00
3.289247508308513e-01 5.720930394337844e-01 0.000000000000000e+00
3.292389100962103e-01 5.708480464031301e-01 0.000000000000000e+00
3.295530693615693e-01 5.695837830408017e-01 0.000000000000000e+00
3.298672286269283e-01 5.683005124944617e-01 0.000000000000000e+00
3.301813878922872e-01 5.669985022812476e-01 0.000000000000000e+00
3.304955471576462e-01 5.656780242071687e-01 0.000000000000000e+00
3.308097064230052e-01 5.643393542856153e-01 0.000000000000000e+00
3.311238656883642e-01 5.629827726550608e-01 0.000000000000000e+00
3.314380249537232e-01 5.616085634959505e-01 0.000000000000000e+00
3.317521842190821e-01 5.602170149467902e-01 0.000000000000000e+00
3.320663434844411e-01 5.588084190194696e-01 0.000000000000000e+00
3.323805027498001e-01 5.573830715138643e-01 0.000000000000000e+00
3.326946620151591e-01 5.559412719316960e-01 0.000000000000000e+00
3.330088212805181e-01 5.544833233896956e-01 0.000000000000000e+00
3.333229805458771e-01 5.530095325321226e-01 0.000000000000000e+00
3.336371398112360e-01 5.515202094426013e-01 0.000000000000000e+00
3.339512990765950e-01 5.500156675553537e-01 0.000000000000000e+00
3.342654583419540e-01 5.484962235658217e-01 0.000000000000000e+00
3.345796176073130e-01 5.469621973407124e-01 0.000000000000000e+00
3.348937768726720e-01 5.454139118274985e-01 0.000000000000000e+00
3.352079361380309e-01 5.438516929633679e-01 0.000000000000000e+00
3.355220954033899e-01 5.422758695836845e-01 0.000000000000000e+00
3.358362546687489e-01 5.406867733299728e-01 0.000000000000000e+00
3.361504139341079e-01 5.390847385574215e-01 0.000000000000000e+00
3.364645731994668e-01 5.374701022419689e-01 0.000000000000000e+00
3.367787324648258e-01 5.358432038869878e-01 0.000000000000000e+00
3.370928917301848e-01 5.342043854295462e-01 0.000000000000000e+00
3.374070509955438e-01 5.325539911463688e-01 0.000000000000000e+00
3.377212102609027e-01 5.308923675594108e-01 0.000000000000000e+00
3.380353695262617e-01 5.292198633411233e-01 0.000000000000000e+00
3.383495287916207e-01 5.275368292194734e-01 0.000000000000000e+00
3.386636880569797e-01 5.258436178826442e-01 0.000000000000000e+00
3.389778473223387e-01 5.241405838835430e-01 0.000000000000000e+00
3.392920065876976e-01 5.224280835440555e-01 0.000000000000000e+00
3.396061658530566e-01 5.207064748591441e-01 0.000000000000000e+00
3.399203251184156e-01 5.189761174007657e-01 0.000000000000000e+00
3.402344843837746e-01 5.172373722216310e-01 0.000000000000000e+00
3.405486436491336e-01 5.154906017588762e-01 0.000000000000000e+00
3.408628029144926e-01 5.137361697376283e-01 0.000000000000000e+00
3.411769621798516e-01 5.119744410744901e-01 0.000000000000000e+00
3.414911214452105e-01 5.102057817810089e-01 0.000000000000000e+00
3.418052807105695e-01 5.084305588670862e-01 0.000000000000000e+00
3.421194399759285e-01 5.066491402444349e-01 0.000000000000000e+00
3.424335992412875e-01 5.048618946300253e-01 0.000000000000000e+00
3.427477585066464e-01 5.030691914496034e-01 0.000000000000000e+00
3.430619177720054e-01 5.012714007412963e-01 0.000000000000000e+00
3.433760770373644e-01 4.994688930592636e-01 0.000000000000000e+00
3.436902363027234e-01 4.976620393775635e-01 0.000000000000000e+00
3.440043955680823e-01 4.958512109940588e-01 0.000000000000000e+00
3.443185548334413e-01 4.940367794345858e-01 0.000000000000000e+00
3.446327140988003e-01 4.922191163572548e-01 0.000000000000000e+00
3.449468733641593e-01 4.903985934570031e-01 0.000000000000000e+00
3.452610326295182e-01 4.885755823703672e-01 0.000000000000000e+00
3.455751918948772e-01 4.867504545805387e-01 0.000000000000000e+00
3.458893511602362e-01 4.849235813226878e-01 0.000000000000000e+00
3.462035104255952e-01 4.830953334896039e-01 0.000000000000000e+00
3.465176696909542e-01 4.812660815376685e-01 0.000000000000000e+00
3.468318289563131e-01 4.794361953931933e-01 0.000000000000000e+00
3.471459882216721e-01 4.776060443591073e-01 0.000000000000000e+00
3.474601474870311e-01 4.757759970220830e-01 0.000000000000000e+00
3.477743067523901e-01 4.739464211600428e-01 0.000000000000000e+00
3.480884660177491e-01 4.721176836501464e-01 0.000000000000000e+00
3.484026252831081e-01 4.702901503772084e-01 0.000000000000000e+00
3.487167845484671e-01 4.684641861426431e-01 0.000000000000000e+00
3.490309438138260e-01 4.666401545738838e-01 0.000000000000000e+00
3.493451030791850e-01 4.648184180343495e-01 0.000000000000000e+00
3.496592623445440e-01 4.629993375339486e-01 0.000000000000000e+00
3.499734216099030e-01 4.611832726401827e-01 0.000000000000000e+00
3.502875808752619e-01 4.593705813898157e-01 0.000000000000000e+00
3.506017401406209e-01 4.575616202011675e-01 0.000000000000000e+00
3.509158994059799e-01 4.557567437870327e-01 0.000000000000000e+00
3.512300586713389e-01 4.539563050682819e-01 0.000000000000000e+00
3.515442179366978e-01 4.521606550880970e-01 0.000000000000000e+00
3.518583772020568e-01 4.503701429269314e-01 0.000000000000000e+00
3.521725364674158e-01 4.485851156181663e-01 0.000000000000000e+00
3.524866957327748e-01 4.468059180645039e-01 0.000000000000000e+00
3.528008549981337e-01 4.450328929551279e-01 0.000000000000000e+00
3.531150142634927e-01 4.432663806836034e-01 0.000000000000000e+00
3.534291735288517e-01 4.415067192665860e-01 0.000000000000000e+00
3.537433327942107e-01 4.397542442633519e-01 0.000000000000000e+00
3.540574920595697e-01 4.380092886961192e-01 0.000000000000000e+00
3.543716513249286e-01 4.362721829712311e-01 0.000000000000000e+00
3.546858105902876e-01 4.345432548012154e-01 0.000000000000000e+00
3.549999698556466e-01 4.328228291276948e-01 0.000000000000000e+00
3.553141291210056e-01 4.311112280452030e-01 0.000000000000000e+00
3.556282883863646e-01 4.294087707259263e-01 0.000000000000000e+00
3.559424476517236e-01 4.277157733453532e-01 0.000000000000000e+00
3.562566069170826e-01 4.260325490088840e-01 0.000000000000000e+00
3.565707661824415e-01 4.243594076793916e-01 0.000000000000000e+00
3.568849254478005e-01 4.226966561057761e-01 0.000000000000000e+00
3.571990847131595e-01 4.210445977524862e-01 0.000000000000000e+00
3.575132439785185e-01 4.194035327300759e-01 0.000000000000000e+00
3.578274032438774e-01 4.177737577267585e-01 0.000000000000000e+00
3.581415625092364e-01 4.161555659410183e-01 0.000000000000000e+00
3.584557217745954e-01 4.145492470152647e-01 0.000000000000000e+00
3.587698810399544e-01 4.129550869705475e-01 0.000000000000000e+00
3.590840403053133e-01 4.113733681423679e-01 0.000000000000000e+00
3.593981995706723e-01 4.098043691175510e-01 0.000000000000000e+00
3.597123588360313e-01 4.082483646722712e-01 0.000000000000000e+00
3.600265181013903e-01 4.067056257111471e-01 0.000000000000000e+00
3.603406773667492e-01 4.051764192075037e-01 0.000000000000000e+00
3.606548366321082e-01 4.036610081447596e-01 0.000000000000000e+00
3.609689958974672e-01 4.021596514589663e-01 0.000000000000000e+00
3.612831551628262e-01 4.006726039825459e-01 0.000000000000000e+00
3.615973144281852e-01 3.992001163891526e-01 0.000000000000000e+00
3.619114736935442e-01 3.977424351397799e-01 0.000000000000000e+00
3.622256329589031e-01 3.962998024300298e-01 0.000000000000000e+00
3.625397922242621e-01 3.948724561386113e-01 0.000000000000000e+00
3.628539514896211e-01 3.934606297770412e-01 0.000000000000000e+00
3.631681107549801e-01 3.920645524405965e-01 0.000000000000000e+00
3.634822700203391e-01 3.906844487604897e-01 0.000000000000000e+00
3.637964292856981e-01 3.893205388572946e-01 0.000000000000000e+00
3.641105885510570e-01 3.879730382956437e-01 0.000000000000000e+00
3.644247478164160e-01 3.866421580401537e-01 0.000000000000000e+00
3.647389070817750e-01 3.853281044126797e-01 0.000000000000000e+00
3.650530663471340e-01 3.840310790507873e-01 0.000000000000000e+00
3.653672256124930e-01 3.827512788675715e-01 0.000000000000000e+00
3.656813848778519e-01 3.814888960127236e-01 0.000000000000000e+00
3.659955441432109e-01 3.802441178349312e-01 0.000000000000000e+00
3.663097034085699e-01 3.790171268455653e-01 0.000000000000000e+00
3.666238626739289e-01 3.778081006836969e-01 0.000000000000000e+00
3.669380219392878e-01 3.766172120824243e-01 0.000000000000000e+00
3.672521812046468e-01 3.754446288365225e-01 0.000000000000000e+00
3.675663404700058e-01 3.742905137714391e-01 0.000000000000000e+00
3.678804997353648e-01 3.731550247135939e-01 0.000000000000000e+00
3.681946590007237e-01 3.720383144620557e-01 0.000000000000000e+00
3.685088182660827e-01 3.709405307615278e-01 0.000000000000000e+00
3.688229775314417e-01 3.698618162766972e-01 0.000000000000000e+00
3.691371367968007e-01 3.688023085679322e-01 0.000000000000000e+00
3.694512960621597e-01 3.677621400683264e-01 0.000000000000000e+00
3.697654553275186e-01 3.667414380620968e-01 0.000000000000000e+00
3.700796145928776e-01 3.657403246643545e-01 0.000000000000000e+00
3.703937738582366e-01 3.647589168022048e-01 0.000000000000000e+00
3.707079331235956e-01 3.637973261972438e-01 0.000000000000000e+00
3.710220923889546e-01 3.628556593493780e-01 0.000000000000000e+00
3.713362516543136e-01 3.619340175220472e-01 0.000000000000000e+00
3.716504109196725e-01 3.610324967287651e-01 0.000000000000000e+00
3.719645701850315e-01 3.601511877210717e-01 0.000000000000000e+00
3.722787294503905e-01 3.592901759778049e-01 0.000000000000000e+00
3.725928887157495e-01 3.584495416957594e-01 0.000000000000000e+00
3.729070479811085e-01 3.576293597817028e-01 0.000000000000000e+00
3.732212072464674e-01 3.568296998457461e-01 0.000000000000000e+00
3.735353665118264e-01 3.560506261960804e-01 0.000000000000000e+00
3.738495257771854e-01 3.552921978350636e-01 0.000000000000000e+00
3.741636850425444e-01 3.545544684566599e-01 0.000000000000000e+00
3.744778443079033e-01 3.538374864452519e-01 0.000000000000000e+00
3.747920035732623e-01 3.531412948757648e-01 0.000000000000000e+00
3.751061628386213e-01 3.524659315151792e-01 0.000000000000000e+00
3.754203221039803e-01 3.518114288253451e-01 0.000000000000000e+00
3.757344813693392e-01 3.511778139671721e-01 0.000000000000000e+00
3.760486406346982e-01 3.505651088061216e-01 0.000000000000000e+00
3.763627999000572e-01 3.499733299190519e-01 0.000000000000000e+00
3.766769591654162e-01 3.494024886023858e-01 0.000000000000000e+00
3.769911184307752e-01 3.488525908815752e-01 0.000000000000000e+00
3.773052776961341e-01 3.483236375219133e-01 0.000000000000000e+00
3.776194369614931e-01 3.478156240406349e-01 0.000000000000000e+00
3.779335962268521e-01 3.473285407203189e-01 0.000000000000000e+00
3.782477554922111e-01 3.468623726236060e-01 0.000000000000000e+00
3.785619147575701e-01 3.464170996091726e-01 0.000000000000000e+00
3.788760740229291e-01 3.459926963490283e-01 0.000000000000000e+00
3.791902332882880e-01 3.455891323470464e-01 0.000000000000000e+00
3.795043925536470e-01 3.452063719588038e-01 0.000000000000000e+00
3.798185518190060e-01 3.448443744126415e-01 0.000000000000000e+00
3.801327110843650e-01 3.445030938320062e-01 0.000000000000000e+00
3.804468703497240e-01 3.441824792590134e-01 0.000000000000000e+00
3.807610296150829e-01 3.438824746792697e-01 0.000000000000000e+00
3.810751888804419e-01 3.436030190478852e-01 0.000000000000000e+00
3.813893481458009e-01 3.433440463167390e-01 0.000000000000000e+00
3.817035074111599e-01 3.431054854629207e-01 0.000000000000000e+00
3.820176666765188e-01 3.428872605183897e-01 0.000000000000000e+00
3.823318259418778e-01 3.426892906008013e-01 0.000000000000000e+00
3.826459852072368e-01 3.425114899455257e-01 0.000000000000000e+00
3.829601444725958e-01 3.423537679388194e-01 0.000000000000000e+00
3.832743037379547e-01 3.422160291521584e-01 0.000000000000000e+00
3.835884630033137e-01 3.420981733777040e-01 0.000000000000000e+00
3.839026222686727e-01 3.420000956649103e-01 0.000000000000000e+00
3.842167815340317e-01 3.419216863582428e-01 0.000000000000000e+00
3.845309407993907e-01 3.418628311360096e-01 0.000000000000000e+00
3.848451000647496e-01 3.418234110502796e-01 0.000000000000000e+00
3.851592593301086e-01 3.418033025678904e-01 0.000000000000000e+00
3.854734185954676e-01 3.418023776125242e-01 0.000000000000000e+00
3.857875778608266e-01 3.418205036078356e-01 0.000000000000000e+00
3.861017371261856e-01 3.418575435216207e-01 0.000000000000000e+00
3.864158963915446e-01 3.419133559110323e-01 0.000000000000000e+00
3.867300556569035e-01 3.419877949687846e-01 0.000000000000000e+00
3.870442149222625e-01 3.420807105703811e-01 0.000000000000000e+00
3.873583741876215e-01 3.421919483223209e-01 0.000000000000000e+00
3.876725334529805e-01 3.423213496112805e-01 0.000000000000000e+00
3.879866927183395e-01 3.424687516542509e-01 0.000000000000000e+00
3.883008519836984e-01 3.426339875496279e-01 0.000000000000000e+00
3.886150112490574e-01 3.428168863292119e-01 0.000000000000000e+00
3.889291705144164e-01 3.430172730111468e-01 0.000000000000000e+00
3.892433297797754e-01 3.432349686537393e-01 0.000000000000000e+00
3.895574890451343e-01 3.434697904101632e-01 0.000000000000000e+00
3.898716483104933e-01 3.437215515840347e-01 0.000000000000000e+00
3.901858075758523e-01 3.439900616858372e-01 0.000000000000000e+00
3.904999668412113e-01 3.442751264901843e-01 0.000000000000000e+00
3.908141261065702e-01 3.445765480938897e-01 0.000000000000000e+00
3.911282853719292e-01 3.448941249748520e-01 0.000000000000000e+00
3.914424446372882e-01 3.452276520517211e-01 0.000000000000000e+00
3.917566039026472e-01 3.455769207443238e-01 0.000000000000000e+00
3.920707631680062e-01 3.459417190348593e-01 0.000000000000000e+00
3.923849224333651e-01 3.463218315298078e-01 0.000000000000000e+00
3.926990816987241e-01 3.467170395225765e-01 0.000000000000000e+00
3.930132409640831e-01 3.471271210568308e-01 0.000000000000000e+00
3.933274002294421e-01 3.475518509905136e-01 0.000000000000000e+00
3.936415594948011e-01 3.479910010605258e-01 0.000000000000000e+00
3.939557187601601e-01 3.484443399480630e-01 0.000000000000000e+00
3.942698780255190e-01 3.489116333445678e-01 0.000000000000000e+00
3.945840372908780e-01 3.493926440182991e-01 0.000000000000000e+00
3.948981965562370e-01 3.498871318814996e-01 0.000000000000000e+00
3.952123558215960e-01 3.503948540581278e-01 0.000000000000000e+00
3.955265150869550e-01 3.509155649521523e-01 0.000000000000000e+00
3.958406743523139e-01 3.514490163163791e-01 0.000000000000000e+00
3.961548336176729e-01 3.519949573218051e-01 0.000000000000000e+00
3.964689928830319e-01 3.525531346274660e-01 0.000000000000000e+00
3.967831521483909e-01 3.531232924507625e-01 0.000000000000000e+00
3.970973114137498e-01 3.537051726382580e-01 0.000000000000000e+00
3.974114706791088e-01 3.542985147369213e-01 0.000000000000000e+00
3.977256299444678e-01 3.549030560657791e-01 0.000000000000000e+00
3.980397892098268e-01 3.555185317879909e-01 0.000000000000000e+00
3.983539484751857e-01 3.561446749833034e-01 0.000000000000000e+00
3.986681077405447e-01 3.567812167208720e-01 0.000000000000000e+00
3.989822670059037e-01 3.574278861324344e-01 0.000000000000000e+00
3.992964262712627e-01 3.580844104858099e-01 0.000000000000000e+00
3.996105855366217e-01 3.587505152587093e-01 0.000000000000000e+00
3.999247448019806e-01 3.594259242128380e-01 0.000000000000000e+00
4.002389040673396e-01 3.601103594682690e-01 0.000000000000000e+00
4.005530633326986e-01 3.608035415780645e-01 0.000000000000000e+00
4.008672225980576e-01 3.615051896031399e-01 0.000000000000000e+00
4.011813818634166e-01 3.622150211873232e-01 0.000000000000000e+00
4.014955411287756e-01 3.629327526326263e-01 0.000000000000000e+00
4.018097003941346e-01 3.636580989746884e-01 0.000000000000000e+00
4.021238596594935e-01 3.643907740583517e-01 0.000000000000000e+00
4.024380189248525e-01 3.651304906134119e-01 0.000000000000000e+00
4.027521781902115e-01 3.658769603304439e-01 0.000000000000000e+00
4.030663374555705e-01 3.666298939367511e-01 0.000000000000000e+00
4.033804967209295e-01 3.673890012723885e-01 0.000000000000000e+00
4.036946559862884e-01 3.681539913662246e-01 0.000000000000000e+00
4.040088152516474e-01 3.689245725120694e-01 0.000000000000000e+00
4.043229745170064e-01 3.697004523448020e-01 0.000000000000000e+00
4.046371337823654e-01 3.704813379165023e-01 0.000000000000000e+00
4.049512930477243e-01 3.712669357725696e-01 0.000000000000000e+00
4.052654523130833e-01 3.720569520277945e-01 0.000000000000000e+00
4.055796115784423e-01 3.728510924423740e-01 0.000000000000000e+00
4.058937708438013e-01 3.736490624978649e-01 0.000000000000000e+00
4.062079301091602e-01 3.744505674730090e-01 0.000000000000000e+00
4.065220893745192e-01 3.752553125194827e-01 0.000000000000000e+00
4.068362486398782e-01 3.760630027374801e-01 0.000000000000000e+00
4.071504079052372e-01 3.768733432511635e-01 0.000000000000000e+00
4.074645671705961e-01 3.776860392839353e-01 0.000000000000000e+00
4.077787264359551e-01 3.785007962335200e-01 0.000000000000000e+00
4.080928857013141e-01 3.793173197468383e-01 0.000000000000000e+00
4.084070449666731e-01 3.801353157946544e-01 0.000000000000000e+00
4.087212042320321e-01 3.809544907459776e-01 0.000000000000000e+00
4.090353634973911e-01 3.817745514422090e-01 0.000000000000000e+00
4.093495227627501e-01 3.825952052709812e-01 0.000000000000000e+00
4.096636820281090e-01 3.834161602397311e-01 0.000000000000000e+00
4.099778412934680e-01 3.842371250489324e-01 0.000000000000000e+00
4.102920005588270e-01 3.850578091649943e-01 0.000000000000000e+00
4.106061598241860e-01 3.858779228928225e-01 0.000000000000000e+00
4.109203190895450e-01 3.866971774479873e-01 0.000000000000000e+00
4.112344783549039e-01 3.875152850285201e-01 0.000000000000000e+00
4.115486376202629e-01 3.883319588862955e-01 0.000000000000000e+00
4.118627968856219e-01 3.891469133979933e-01 0.000000000000000e+00
4.121769561509809e-01 3.899598641356222e-01 0.000000000000000e+00
4.124911154163398e-01 3.907705279365805e-01 0.000000000000000e+00
4.128052746816988e-01 3.915786229732506e-01 0.000000000000000e+00
4.131194339470578e-01 3.923838688220996e-01 0.000000000000000e+00
4.134335932124168e-01 3.931859865322693e-01 0.000000000000000e+00
4.137477524777757e-01 3.939846986936520e-01 0.000000000000000e+00
4.140619117431347e-01 3.947797295044190e-01 0.000000000000000e+00
4.143760710084937e-01 3.955708048380004e-01 0.000000000000000e+00
4.146902302738527e-01 3.963576523094910e-01 0.000000000000000e+00
4.150043895392116e-01 3.971400013414642e-01 0.000000000000000e+00
4.153185488045706e-01 3.979175832291982e-01 0.000000000000000e+00
4.156327080699296e-01 3.986901312052715e-01 0.000000000000000e+00
4.159468673352886e-01 3.994573805035321e-01 0.000000000000000e+00
4.162610266006476e-01 4.002190684224173e-01 0.000000000000000e+00
4.165751858660066e-01 4.009749343876209e-01 0.000000000000000e+00
4.168893451313656e-01 4.017247200140693e-01 0.000000000000000e+00
4.172035043967245e-01 4.024681691672164e-01 0.000000000000000e+00
4.175176636620835e-01 4.032050280236378e-01 0.000000000000000e+00
4.178318229274425e-01 4.039350451308966e-01 0.000000000000000e+00
4.181459821928015e-01 4.046579714666799e-01 0.000000000000000e+00
4.184601414581605e-01 4.053735604972010e-01 0.000000000000000e+00
4.187743007235194e-01 4.060815682348290e-01 0.000000000000000e+00
4.190884599888784e-01 4.067817532949492e-01 0.000000000000000e+00
4.194026192542374e-01 4.074738769520473e-01 0.000000000000000e+00
4.197167785195964e-01 4.081577031949869e-01 0.000000000000000e+00
4.200309377849553e-01 4.088329987814909e-01 0.000000000000000e+00
4.203450970503143e-01 4.094995332917805e-01 0.000000000000000e+00
4.206592563156733e-01 4.101570791814022e-01 0.000000000000000e+00
4.209734155810323e-01 4.108054118331971e-01 0.000000000000000e+00
4.212875748463912e-01 4.114443096084225e-01 0.000000000000000e+00
4.216017341117502e-01 4.120735538969942e-01 0.000000000000000e+00
4.219158933771092e-01 4.126929291668652e-01 0.000000000000000e+00
4.222300526424682e-01 4.133022230125044e-01 0.000000000000000e+00
4.225442119078271e-01 4.139012262024755e-01 0.000000000000000e+00
4.228583711731861e-01 4.144897327261188e-01 0.000000000000000e+00
4.231725304385451e-01 4.150675398392978e-01 0.000000000000000e+00
4.234866897039041e-01 4.156344481092286e-01 0.000000000000000e+00
4.238008489692631e-01 4.161902614583572e-01 0.000000000000000e+00
4.241150082346221e-01 4.167347872073064e-01 0.000000000000000e+00
4.244291674999811e-01 4.172678361168530e-01 0.000000000000000e+00
4.247433267653400e-01 4.177892224289426e-01 0.000000000000000e+00
4.250574860306990e-01 4.182987639067308e-01 0.000000000000000e+00
4.253716452960580e-01 4.187962818736466e-01 0.000000000000000e+00
4.256858045614170e-01 4.192816012514574e-01 0.000000000000000e+00
4.259999638267760e-01 4.197545505973434e-01 0.000000000000000e+00
4.263141230921349e-01 4.202149621399677e-01 0.000000000000000e+00
4.266282823574939e-01 4.206626718145312e-01 0.000000000000000e+00
4.269424416228529e-01 4.210975192968030e-01 0.000000000000000e+00
4.272566008882119e-01 4.215193480361445e-01 0.000000000000000e+00
4.275707601535708e-01 4.219280052874779e-01 0.000000000000000e+00
4.278849194189298e-01 4.223233421422368e-01 0.000000000000000e+00
4.281990786842888e-01 4.227052135582666e-01 0.000000000000000e+00
4.285132379496478e-01 4.230734783886712e-01 0.000000000000000e+00
4.288273972150067e-01 4.234279994096114e-01 0.000000000000000e+00
4.291415564803657e-01 4.237686433470488e-01 0.000000000000000e+00
4.294557157457247e-01 4.240952809024161e-01 0.000000000000000e+00
4.297698750110837e-01 4.244077867772291e-01 0.000000000000000e+00
4.300840342764427e-01 4.247060396966206e-01 0.000000000000000e+00
4.303981935418016e-01 4.249899224318032e-01 0.000000000000000e+00
4.307123528071606e-01 4.252593218214510e-01 0.000000000000000e+00
4.310265120725196e-01 4.255141287920018e-01 0.000000000000000e+00
4.313406713378786e-01 4.257542383768658e-01 0.000000000000000e+00
4.316548306032376e-01 4.259795497345611e-01 0.000000000000000e+00
4.319689898685966e-01 4.261899661657469e-01 0.000000000000000e+00
4.322831491339555e-01 4.263853951291695e-01 0.000000000000000e+00
4.325973083993145e-01 4.265657482565122e-01 0.000000000000000e+00
4.329114676646735e-01 4.267309413661501e-01 0.000000000000000e+00
4.332256269300325e-01 4.268808944758116e-01 0.000000000000000e+00
4.335397861953915e-01 4.270155318141409e-01 0.000000000000000e+00
4.338539454607504e-01 4.271347818311503e-01 0.000000000000000e+00
4.341681047261094e-01 4.272385772075962e-01 0.000000000000000e+00
4.344822639914684e-01 4.273268548632336e-01 0.000000000000000e+00
4.347964232568274e-01 4.273995559639874e-01 0.000000000000000e+00
4.351105825221863e-01 4.274566259280158e-01 0.000000000000000e+00
4.354247417875453e-01 4.274980144306822e-01 0.000000000000000e+00
4.357389010529043e-01 4.275236754084210e-01 0.000000000000000e+00
4.360530603182633e-01 4.275335670615217e-01 0.000000000000000e+00
4.363672195836222e-01 4.275276518558048e-01 0.000000000000000e+00
4.366813788489812e-01 4.275058965232144e-01 0.000000000000000e+00
4.369955381143402e-01 4.274682720613164e-01 0.000000000000000e+00
4.373096973796992e-01 4.274147537317082e-01 0.000000000000000e+00
4.376238566450582e-01 4.273453210573492e-01 0.000000000000000e+00
4.379380159104171e-01 4.272599578187974e-01 0.000000000000000e+00
4.382521751757761e-01 4.271586520493758e-01 0.000000000000000e+00
4.385663344411351e-01 4.270413960292673e-01 0.000000000000000e+00
4.388804937064941e-01 4.269081862785134e-01 0.000000000000000e+00
4.391946529718531e-01 4.267590235489789e-01 0.000000000000000e+00
4.395088122372121e-01 4.265939128152220e-01 0.000000000000000e+00
4.398229715025710e-01 4.264128632643208e-01 0.000000000000000e+00
4.401371307679300e-01 4.262158882846447e-01 0.000000000000000e+00
4.404512900332890e-01 4.260030054535659e-01 0.000000000000000e+00
4.407654492986480e-01 4.257742365241299e-01 0.000000000000000e+00
4.410796085640070e-01 4.255296074107001e-01 0.000000000000000e+00
4.413937678293659e-01 4.252691481735451e-01 0.000000000000000e+00
4.417079270947249e-01 4.249928930024144e-01 0.000000000000000e+00
4.420220863600839e-01 4.247008801990866e-01 0.000000000000000e+00
4.423362456254429e-01 4.243931521589070e-01 0.000000000000000e+00
4.426504048908019e-01 4.240697553513141e-01 0.000000000000000e+00
4.429645641561608e-01 4.237307402993585e-01 0.000000000000000e+00
4.432787234215198e-01 4.233761615582394e-01 0.000000000000000e+00
4.435928826868788e-01 4.230060776928489e-01 0.000000000000000e+00
4.439070419522378e-01 4.226205512543281e-01 0.000000000000000e+00
4.442212012175967e-01 4.222196487556729e-01 0.000000000000000e+00
4.445353604829557e-01 4.218034406463536e-01 0.000000000000000e+00
4.448495197483147e-01 4.213720012859971e-01 0.000000000000000e+00
4.451636790136737e-01 4.209254089171119e-01 0.000000000000000e+00
4.454778382790326e-01 4.204637456368828e-01 0.000000000000000e+00
4.457919975443916e-01 4.199870973680346e-01 0.000000000000000e+00
4.461061568097506e-01 4.194955538287714e-01 0.000000000000000e+00
4.464203160751096e-01 4.189892085018170e-01 0.000000000000000e+00
4.467344753404686e-01 4.184681586025495e-01 0.000000000000000e+00
4.470486346058276e-01 4.179325050462398e-01 0.000000000000000e+00
4.473627938711865e-01 4.173823524144227e-01 0.000000000000000e+00
4.476769531365455e-01 4.168178089203880e-01 0.000000000000000e+00
4.479911124019045e-01 4.162389863738172e-01 0.000000000000000e+00
4.483052716672635e-01 4.156460001445688e-01 0.000000000000000e+00
4.486194309326225e-01 4.150389691256280e-01 0.000000000000000e+00
4.489335901979815e-01 4.144180156952290e-01 0.000000000000000e+00
4.492477494633404e-01 4.137832656781643e-01 0.000000000000000e+00
4.495619087286994e-01 4.131348483062799e-01 0.000000000000000e+00
4.498760679940584e-01 4.124728961781943e-01 0.000000000000000e+00
4.501902272594174e-01 4.117975452182259e-01 0.000000000000000e+00
4.505043865247763e-01 4.111089346345481e-01 0.000000000000000e+00
4.508185457901353e-01 4.104072068766059e-01 0.000000000000000e+00
4.511327050554943e-01 4.096925075917622e-01 0.000000000000000e+00
4.514468643208533e-01 4.089649855812397e-01 0.000000000000000e+00
4.517610235862122e-01 4.082247927553216e-01 0.000000000000000e+00
4.520751828515712e-01 4.074720840878590e-01 0.000000000000000e+00
4.523893421169302e-01 4.067070175700832e-01 0.000000000000000e+00
4.527035013822892e-01 4.059297541637296e-01 0.000000000000000e+00
4.530176606476481e-01 4.051404577535040e-01 0.000000000000000e+00
4.533318199130071e-01 4.043392950988966e-01 0.000000000000000e+00
4.536459791783661e-01 4.035264357853404e-01 0.000000000000000e+00
4.539601384437251e-01 4.027020521747641e-01 0.000000000000000e+00
4.542742977090841e-01 4.018663193555205e-01 0.000000000000000e+00
4.545884569744431e-01 4.010194150917106e-01 0.000000000000000e+00
4.549026162398020e-01 4.001615197719421e-01 0.000000000000000e+00
4.552167755051610e-01 3.992928163574982e-01 0.000000000000000e+00
4.555309347705200e-01 3.984134903299602e-01 0.000000000000000e+00
4.558450940358790e-01 3.975237296382828e-01 0.000000000000000e+00
4.561592533012380e-01 3.966237246453544e-01 0.000000000000000e+00
4.564734125665970e-01 3.957136680740279e-01 0.000000000000000e+00
4.567875718319559e-01 3.947937549526593e-01 0.000000000000000e+00
4.571017310973149e-01 3.938641825601757e-01 0.000000000000000e+00
4.574158903626739e-01 3.929251503706573e-01 0.000000000000000e+00
4.577300496280329e-01 3.919768599974731e-01 0.000000000000000e+00
4.580442088933918e-01 3.910195151369849e-01 0.000000000000000e+00
4.583583681587508e-01 3.900533215118143e-01 0.000000000000000e+00
4.586725274241098e-01 3.890784868137188e-01 0.000000000000000e+00
4.589866866894688e-01 3.880952206460655e-01 0.000000000000000e+00
4.593008459548277e-01 3.871037344659217e-01 0.000000000000000e+00
4.596150052201867e-01 3.861042415258030e-01 0.000000000000000e+00
4.599291644855457e-01 3.850969568150572e-01 0.000000000000000e+00
4.602433237509047e-01 3.840820970009251e-01 0.000000000000000e+00
4.605574830162636e-01 3.830598803692887e-01 0.000000000000000e+00
4.608716422816226e-01 3.820305267651185e-01 0.000000000000000e+00
4.611858015469816e-01 3.809942575326336e-01 0.000000000000000e+00
4.614999608123406e-01 3.799512954552006e-01 0.000000000000000e+00
4.618141200776996e-01 3.789018646949748e-01 0.000000000000000e+00
4.621282793430586e-01 3.778461907323124e-01 0.000000000000000e+00
4.624424386084175e-01 3.767845003049573e-01 0.000000000000000e+00
4.627565978737765e-01 3.757170213470212e-01 0.000000000000000e+00
4.630707571391355e-01 3.746439829277883e-01 0.000000000000000e+00
4.633849164044945e-01 3.735656151903287e-01 0.000000000000000e+00
4.636990756698535e-01 3.724821492899736e-01 0.000000000000000e+00
4.640132349352125e-01 3.713938173326391e-01 0.000000000000000e+00
4.643273942005714e-01 3.703008523130338e-01 0.000000000000000e+00
4.646415534659304e-01 3.692034880527422e-01 0.000000000000000e+00
4.649557127312894e-01 3.681019591382405e-01 0.000000000000000e+00
4.652698719966484e-01 3.669965008588139e-01 0.000000000000000e+00
4.655840312620073e-01 3.658873491444226e-01 0.000000000000000e+00
4.658981905273663e-01 3.647747405035252e-01 0.000000000000000e+00
4.662123497927253e-01 3.636589119608693e-01 0.000000000000000e+00
4.665265090580843e-01 3.625401009952715e-01 0.000000000000000e+00
4.668406683234432e-01 3.614185454773995e-01 0.000000000000000e+00
4.671548275888022e-01 3.602944836075717e-01 0.000000000000000e+00
4.674689868541612e-01 3.591681538536025e-01 0.000000000000000e+00
4.677831461195202e-01 3.580397948886768e-01 0.000000000000000e+00
4.680973053848791e-01 3.569096455293114e-01 0.000000000000000e+00
4.684114646502381e-01 3.557779446733899e-01 0.000000000000000e+00
4.687256239155971e-01 3.546449312382946e-01 0.000000000000000e+00
4.690397831809561e-01 3.535108440991536e-01 0.000000000000000e+00
4.693539424463151e-01 3.523759220272140e-01 0.000000000000000e+00
4.696681017116741e-01 3.512404036283633e-01 0.000000000000000e+00
4.699822609770331e-01 3.501045272818087e-01 0.000000000000000e+00
4.702964202423920e-01 3.489685310789326e-01 0.000000000000000e+00
4.706105795077510e-01 3.478326527623319e-01 0.000000000000000e+00
4.709247387731100e-01 3.466971296650708e-01 0.000000000000000e+00
4.712388980384690e-01 3.455621986501543e-01 0.000000000000000e+00
4.715530573038280e-01 3.444280960502238e-01 0.000000000000000e+00
4.718672165691869e-01 3.432950576075266e-01 0.000000000000000e+00
4.721813758345459e-01 3.421633184141273e-01 0.000000000000000e+00
4.724955350999049e-01 3.410331128524117e-01 0.000000000000000e+00
4.728096943652639e-01 3.399046745358873e-01 0.000000000000000e+00
4.731238536306228e-01 3.387782362502805e-01 0.000000000000000e+00
4.734380128959818e-01 3.376540298949701e-01 0.000000000000000e+00
4.737521721613408e-01 3.365322864247602e-01 0.000000000000000e+00
4.740663314266998e-01 3.354132357919885e-01 0.000000000000000e+00
4.743804906920587e-01 3.342971068890165e-01 0.000000000000000e+00
4.746946499574177e-01 3.331841274910979e-01 0.000000000000000e+00
4.750088092227767e-01 3.320745241996348e-01 0.000000000000000e+00
4.753229684881357e-01 3.309685223858475e-01 0.000000000000000e+00
4.756371277534946e-01 3.298663461348628e-01 0.000000000000000e+00
4.759512870188536e-01 3.287682181902405e-01 0.000000000000000e+00
4.762654462842126e-01 3.276743598989417e-01 0.000000000000000e+00
4.765796055495716e-01 3.265849911567679e-01 0.000000000000000e+00
4.768937648149306e-01 3.255003303542672e-01 0.000000000000000e+00
4.772079240802896e-01 3.244205943231302e-01 0.000000000000000e+00
4.775220833456486e-01 3.233459982830882e-01 0.000000000000000e+00
4.778362426110075e-01 3.222767557893230e-01 0.000000000000000e+00
4.781504018763665e-01 3.212130786803989e-01 0.000000000000000e+00
4.784645611417255e-01 3.201551770267382e-01 0.000000000000000e+00
4.787787204070845e-01 3.191032590796440e-01 0.000000000000000e+00
4.790928796724435e-01 3.180575312208780e-01 0.000000000000000e+00
4.794070389378024e-01 3.170181979128311e-01 0.000000000000000e+00
4.797211982031614e-01 3.159854616492516e-01 0.000000000000000e+00
4.800353574685204e-01 3.149595229065992e-01 0.000000000000000e+00
4.803495167338794e-01 3.139405800959825e-01 0.000000000000000e+00
4.806636759992383e-01 3.129288295157317e-01 0.000000000000000e+00
4.809778352645973e-01 3.119244653045988e-01 0.000000000000000e+00
4.812919945299563e-01 3.109276793955881e-01 0.000000000000000e+00
4.816061537953153e-01 3.099386614704552e-01 0.000000000000000e+00
4.819203130606742e-01 3.089575989148554e-01 0.000000000000000e+00
4.822344723260332e-01 3.079846767741691e-01 0.000000000000000e+00
4.825486315913922e-01 3.070200777100099e-01 0.000000000000000e+00
4.828627908567512e-01 3.060639819574213e-01 0.000000000000000e+00
4.831769501221102e-01 3.051165672827835e-01 0.000000000000000e+00
4.834911093874691e-01 3.041780089424187e-01 0.000000000000000e+00
4.838052686528281e-01 3.032484796419320e-01 0.000000000000000e+00
4.841194279181871e-01 3.023281494962667e-01 0.000000000000000e+00
4.844335871835461e-01 3.014171859905114e-01 0.000000000000000e+00
4.847477464489051e-01 3.005157539414473e-01 0.000000000000000e+00
4.850619057142641e-01 2.996240154598498e-01 0.000000000000000e+00
4.853760649796230e-01 2.987421299135615e-01 0.000000000000000e+00
4.856902242449820e-01 2.978702538913273e-01 0.000000000000000e+00
4.860043835103410e-01 2.970085411674172e-01 0.000000000000000e+00
4.863185427757000e-01 2.961571426670332e-01 0.000000000000000e+00
4.866327020410590e-01 2.953162064325118e-01 0.000000000000000e+00
4.869468613064180e-01 2.944858775903255e-01 0.000000000000000e+00
4.872610205717769e-01 2.936662983189000e-01 0.000000000000000e+00
4.875751798371359e-01 2.928576078172408e-01 0.000000000000000e+00
4.878893391024949e-01 2.920599422743824e-01 0.000000000000000e+00
4.882034983678539e-01 2.912734348396713e-01 0.000000000000000e+00
4.885176576332128e-01 2.904982155938801e-01 0.000000000000000e+00
4.888318168985718e-01 2.897344115211583e-01 0.000000000000000e+00
4.891459761639308e-01 2.889821464818390e-01 0.000000000000000e+00
4.894601354292898e-01 2.882415411860882e-01 0.000000000000000e+00
4.897742946946487e-01 2.875127131684130e-01 0.000000000000000e+00
4.900884539600077e-01 2.867957767630371e-01 0.000000000000000e+00
4.904026132253667e-01 2.860908430801370e-01 0.000000000000000e+00
4.907167724907257e-01 2.853980199829487e-01 0.000000000000000e+00
4.910309317560846e-01 2.847174120657515e-01 0.000000000000000e+00
4.913450910214436e-01 2.840491206327395e-01 0.000000000000000e+00
4.916592502868026e-01 2.833932436777558e-01 0.000000000000000e+00
4.919734095521616e-01 2.827498758649361e-01 0.000000000000000e+00
4.922875688175206e-01 2.821191085102292e-01 0.000000000000000e+00
4.926017280828796e-01 2.815010295638118e-01 0.000000000000000e+00
4.929158873482385e-01 2.808957235934059e-01 0.000000000000000e+00
4.932300466135975e-01 2.803032717684869e-01 0.000000000000000e+00
4.935442058789565e-01 2.797237518453985e-01 0.000000000000000e+00
4.938583651443155e-01 2.791572381533716e-01 0.000000000000000e+00
4.941725244096745e-01 2.786038015814404e-01 0.000000000000000e+00
4.944866836750335e-01 2.780635095662804e-01 0.000000000000000e+00
4.948008429403924e-01 2.775364260809391e-01 0.000000000000000e+00
4.951150022057514e-01 2.770226116244870e-01 0.000000000000000e+00
4.954291614711104e-01 2.765221232125761e-01 0.000000000000000e+00
4.957433207364694e-01 2.760350143689106e-01 0.000000000000000e+00
4.960574800018283e-01 2.755613351176301e-01 0.000000000000000e+00
4.963716392671873e-01 2.751011319766037e-01 0.000000000000000e+00
4.966857985325463e-01 2.746544479516396e-01 0.000000000000000e+00
4.969999577979053e-01 2.742213225316070e-01 0.000000000000000e+00
4.973141170632642e-01 2.738017916844658e-01 0.000000000000000e+00
4.976282763286232e-01 2.733958878542148e-01 0.000000000000000e+00
4.979424355939822e-01 2.730036399587428e-01 0.000000000000000e+00
4.982565948593412e-01 2.726250733886019e-01 0.000000000000000e+00
4.985707541247001e-01 2.722602100066697e-01 0.000000000000000e+00
4.988849133900591e-01 2.719090681487407e-01 0.000000000000000e+00
4.991990726554181e-01 2.715716626250049e-01 0.000000000000000e+00
4.995132319207771e-01 2.712480047224394e-01 0.000000000000000e+00
4.998273911861361e-01 2.709381022080998e-01 0.000000000000000e+00
5.001415504514951e-01 2.706419593333038e-01 0.000000000000000e+00
5.004557097168540e-01 2.703595768387205e-01 0.000000000000000e+00
5.007698689822130e-01 2.700909519603457e-01 0.000000000000000e+00
5.010840282475720e-01 2.698360784363696e-01 0.000000000000000e+00
5.013981875129310e-01 2.695949465149300e-01 0.000000000000000e+00
5.017123467782899e-01 2.693675429627504e-01 0.000000000000000e+00
5.020265060436490e-01 2.691538510746568e-01 0.000000000000000e+00
5.023406653090079e-01 2.689538506839673e-01 0.000000000000000e+00
5.026548245743669e-01 2.687675181737576e-01 0.000000000000000e+00
5.029689838397259e-01 2.685948264889879e-01 0.000000000000000e+00
5.032831431050848e-01 2.684357451494977e-01 0.000000000000000e+00
5.035973023704439e-01 2.682902402638540e-01 0.000000000000000e+00
5.039114616358028e-01 2.681582745440496e-01 0.000000000000000e+00
5.042256209011617e-01 2.680398073210576e-01 0.000000000000000e+00
5.045397801665208e-01 2.679347945612152e-01 0.000000000000000e+00
5.048539394318797e-01 2.678431888834545e-01 0.000000000000000e+00
5.051680986972388e-01 2.677649395773550e-01 0.000000000000000e+00
5.054822579625977e-01 2.676999926220260e-01 0.000000000000000e+00
5.057964172279567e-01 2.676482907058033e-01 0.000000000000000e+00
5.061105764933157e-01 2.676097732467581e-01 0.000000000000000e+00
5.064247357586746e-01 2.675843764140110e-01 0.000000000000000e+00
5.067388950240336e-01 2.675720331498424e-01 0.000000000000000e+00
5.070530542893926e-01 2.675726731925974e-01 0.000000000000000e+00
5.073672135547516e-01 2.675862231003669e-01 0.000000000000000e+00
5.076813728201106e-01 2.676126062754549e-01 0.000000000000000e+00
5.079955320854695e-01 2.676517429896039e-01 0.000000000000000e+00
5.083096913508285e-01 2.677035504099868e-01 0.000000000000000e+00
5.086238506161875e-01 2.677679426259534e-01 0.000000000000000e+00
5.089380098815465e-01 2.678448306765155e-01 0.000000000000000e+00
5.092521691469054e-01 2.679341225785726e-01 0.000000000000000e+00
5.095663284122645e-01 2.680357233558634e-01 0.000000000000000e+00
5.098804876776234e-01 2.681495350686379e-01 0.000000000000000e+00
5.101946469429824e-01 2.682754568440412e-01 0.000000000000000e+00
5.105088062083414e-01 2.684133849071909e-01 0.000000000000000e+00
5.108229654737003e-01 2.685632126129577e-01 0.000000000000000e+00
5.111371247390594e-01 2.687248304784207e-01 0.000000000000000e+00
5.114512840044183e-01 2.688981262159986e-01 0.000000000000000e+00
5.117654432697772e-01 2.690829847672459e-01 0.000000000000000e+00
5.120796025351363e-01 2.692792883372996e-01 0.000000000000000e+00
5.123937618004952e-01 2.694869164299758e-01 0.000000000000000e+00
5.127079210658543e-01 2.697057458834913e-01 0.000000000000000e+00
5.130220803312132e-01 2.699356509068178e-01 0.000000000000000e+00
5.133362395965722e-01 2.701765031166442e-01 0.000000000000000e+00
5.136503988619312e-01 2.704281715749432e-01 0.000000000000000e+00
5.139645581272901e-01 2.706905228271293e-01 0.000000000000000e+00
5.142787173926491e-01 2.709634209407990e-01 0.000000000000000e+00
5.145928766580081e-01 2.712467275450416e-01 0.000000000000000e+00
5.149070359233671e-01 2.715403018703080e-01 0.000000000000000e+00
5.152211951887261e-01 2.718440007888295e-01 0.000000000000000e+00
5.155353544540850e-01 2.721576788555720e-01 0.000000000000000e+00
5.158495137194440e-01 2.724811883497173e-01 0.000000000000000e+00
5.161636729848030e-01 2.728143793166558e-01 0.000000000000000e+00
5.164778322501620e-01 2.731570996104857e-01 0.000000000000000e+00
5.167919915155209e-01 2.735091949369999e-01 0.000000000000000e+00
5.171061507808800e-01 2.738705088971526e-01 0.000000000000000e+00
5.174203100462389e-01 2.742408830309905e-01 0.000000000000000e+00
5.177344693115979e-01 2.746201568620458e-01 0.000000000000000e+00
5.180486285769569e-01 2.750081679421617e-01 0.000000000000000e+00
5.183627878423158e-01 2.754047518967576e-01 0.000000000000000e+00
5.186769471076749e-01 2.758097424705094e-01 0.000000000000000e+00
5.189911063730338e-01 2.762229715734295e-01 0.000000000000000e+00
5.193052656383927e-01 2.766442693273550e-01 0.000000000000000e+00
5.196194249037518e-01 2.770734641127955e-01 0.000000000000000e+00
5.199335841691107e-01 2.775103826161721e-01 0.000000000000000e+00
5.202477434344698e-01 2.779548498773939e-01 0.000000000000000e+00
5.205619026998287e-01 2.784066893377823e-01 0.000000000000000e+00
5.208760619651877e-01 2.788657228883306e-01 0.000000000000000e+00
5.211902212305467e-01 2.793317709182768e-01 0.000000000000000e+00
5.215043804959056e-01 2.798046523639725e-01 0.000000000000000e+00
5.218185397612646e-01 2.802841847580582e-01 0.000000000000000e+00
5.221326990266236e-01 2.807701842789018e-01 0.000000000000000e+00
5.224468582919826e-01 2.812624658003119e-01 0.000000000000000e+00
5.227610175573416e-01 2.817608429414945e-01 0.000000000000000e+00
5.230751768227005e-01 2.822651281172550e-01 0.000000000000000e+00
5.233893360880595e-01 2.827751325884215e-01 0.000000000000000e+00
5.237034953534185e-01 2.832906665124770e-01 0.000000000000000e+00
5.240176546187775e-01 2.838115389943979e-01 0.000000000000000e+00
5.243318138841365e-01 2.843375581376708e-01 0.000000000000000e+00
5.246459731494955e-01 2.848685310954800e-01 0.000000000000000e+00
5.249601324148544e-01 2.854042641220613e-01 0.000000000000000e+00
5.252742916802134e-01 2.859445626241917e-01 0.000000000000000e+00
5.255884509455724e-01 2.864892312128154e-01 0.000000000000000e+00
5.259026102109313e-01 2.870380737547852e-01 0.000000000000000e+00
5.262167694762904e-01 2.875908934247128e-01 0.000000000000000e+00
5.265309287416493e-01 2.881474927569023e-01 0.000000000000000e+00
5.268450880070084e-01 2.887076736973698e-01 0.000000000000000e+00
5.271592472723673e-01 2.892712376559210e-01 0.000000000000000e+00
5.274734065377262e-01 2.898379855582822e-01 0.000000000000000e+00
5.277875658030853e-01 2.904077178982685e-01 0.000000000000000e+00
5.281017250684442e-01 2.909802347899720e-01 0.000000000000000e+00
5.284158843338032e-01 2.915553360199691e-01 0.000000000000000e+00
5.287300435991622e-01 2.921328210995153e-01 0.000000000000000e+00
5.290442028645211e-01 2.927124893167249e-01 0.000000000000000e+00
5.293583621298802e-01 2.932941397887308e-01 0.000000000000000e+00
5.296725213952391e-01 2.938775715137871e-01 0.000000000000000e+00
5.299866806605981e-01 2.944625834233265e-01 0.000000000000000e+00
5.303008399259571e-01 2.950489744339402e-01 0.000000000000000e+00
5.306149991913161e-01 2.956365434992825e-01 0.000000000000000e+00
5.309291584566750e-01 2.962250896618709e-01 0.000000000000000e+00
5.312433177220340e-01 2.968144121047872e-01 0.000000000000000e+00
5.315574769873930e-01 2.974043102032466e-01 0.000000000000000e+00
5.318716362527520e-01 2.979945835760359e-01 0.000000000000000e+00
5.321857955181110e-01 2.985850321368065e-01 0.000000000000000e+00
5.324999547834699e-01 2.991754561452020e-01 0.000000000000000e+00
5.328141140488289e-01 2.997656562578127e-01 0.000000000000000e+00
5.331282733141879e-01 3.003554335789469e-01 0.000000000000000e+00
5.334424325795468e-01 3.009445897111946e-01 0.000000000000000e+00
5.337565918449059e-01 3.015329268057918e-01 0.000000000000000e+00
5.340707511102648e-01 3.021202476127454e-01 0.000000000000000e+00
5.343849103756239e-01 3.027063555307379e-01 0.000000000000000e+00
5.346990696409828e-01 3.032910546567651e-01 0.000000000000000e+00
5.350132289063417e-01 3.038741498355243e-01 0.000000000000000e+00
5.353273881717008e-01 3.044554467085258e-01 0.000000000000000e+00
5.356415474370597e-01 3.050347517629147e-01 0.000000000000000e+00
5.359557067024187e-01 3.056118723799984e-01 0.000000000000000e+00
5.362698659677777e-01 3.061866168834622e-01 0.000000000000000e+00
5.365840252331366e-01 3.067587945872640e-01 0.000000000000000e+00
5.368981844984957e-01 3.073282158431933e-01 0.000000000000000e+00
5.372123437638546e-01 3.078946920880862e-01 0.000000000000000e+00
5.375265030292136e-01 3.084580358906849e-01 0.000000000000000e+00
5.378406622945726e-01 3.090180609981248e-01 0.000000000000000e+00
5.381548215599316e-01 3.095745823820469e-01 0.000000000000000e+00
5.384689808252905e-01 3.101274162843147e-01 0.000000000000000e+00
5.387831400906495e-01 3.106763802623319e-01 0.000000000000000e+00
5.390972993560085e-01 3.112212932339454e-01 0.000000000000000e+00
5.394114586213675e-01 3.117619755219299e-01 0.000000000000000e+00
5.397256178867265e-01 3.122982488980258e-01 0.000000000000000e+00
5.400397771520854e-01 3.128299366265477e-01 0.000000000000000e+00
5.403539364174444e-01 3.133568635075245e-01 0.000000000000000e+00
5.406680956828034e-01 3.138788559193795e-01 0.000000000000000e+00
5.409822549481623e-01 3.143957418611352e-01 0.000000000000000e+00
5.412964142135214e-01 3.149073509941290e-01 0.000000000000000e+00
5.416105734788803e-01 3.154135146832320e-01 0.000000000000000e+00
5.419247327442394e-01 3.159140660375683e-01 0.000000000000000e+00
5.422388920095983e-01 3.164088399507128e-01 0.000000000000000e+00
5.425530512749572e-01 3.168976731403624e-01 0.000000000000000e+00
5.428672105403163e-01 3.173804041874831e-01 0.000000000000000e+00
5.431813698056752e-01 3.178568735749001e-01 0.000000000000000e+00
5.434955290710342e-01 3.183269237253479e-01 0.000000000000000e+00
5.438096883363932e-01 3.187903990389532e-01 0.000000000000000e+00
5.441238476017521e-01 3.192471459301404e-01 0.000000000000000e+00
5.444380068671112e-01 3.196970128639776e-01 0.000000000000000e+00
5.447521661324701e-01 3.201398503919157e-01 0.000000000000000e+00
5.450663253978291e-01 3.205755111869438e-01 0.000000000000000e+00
5.453804846631881e-01 3.210038500781397e-01 0.000000000000000e+00
5.456946439285471e-01 3.214247240846055e-01 0.000000000000000e+00
5.460088031939060e-01 3.218379924487864e-01 0.000000000000000e+00
5.463229624592650e-01 3.222435166691676e-01 0.000000000000000e+00
5.466371217246240e-01 3.226411605323269e-01 0.000000000000000e+00
5.469512809899830e-01 3.230307901443569e-01 0.000000000000000e+00
5.472654402553420e-01 3.234122739616332e-01 0.000000000000000e+00
5.475795995207009e-01 3.237854828209303e-01 0.000000000000000e+00
5.478937587860599e-01 3.241502899688717e-01 0.000000000000000e+00
5.482079180514189e-01 3.245065710907193e-01 0.000000000000000e+00
5.485220773167778e-01 3.248542043384788e-01 0.000000000000000e+00
5.488362365821369e-01 3.251930703583356e-01 0.000000000000000e+00
5.491503958474958e-01 3.255230523173919e-01 0.000000000000000e+00
5.494645551128549e-01 3.258440359297239e-01 0.000000000000000e+00
5.497787143782138e-01 3.261559094817308e-01 0.000000000000000e+00
5.500928736435727e-01 3.264585638567860e-01 0.000000000000000e+00
5.504070329089318e-01 3.267518925591802e-01 0.000000000000000e+00
5.507211921742907e-01 3.270357917373468e-01 0.000000000000000e+00
5.510353514396497e-01 3.273101602063727e-01 0.000000000000000e+00
5.513495107050087e-01 3.275748994697872e-01 0.000000000000000e+00
5.516636699703676e-01 3.278299137406154e-01 0.000000000000000e+00
5.519778292357267e-01 3.280751099617142e-01 0.000000000000000e+00
5.522919885010856e-01 3.283103978253559e-01 0.000000000000000e+00
5.526061477664446e-01 3.285356897920858e-01 0.000000000000000e+00
5.529203070318036e-01 3.287509011088305e-01 0.000000000000000e+00
5.532344662971626e-01 3.289559498262568e-01 0.000000000000000e+00
5.535486255625215e-01 3.291507568153894e-01 0.000000000000000e+00
5.538627848278805e-01 3.293352457834658e-01 0.000000000000000e+00
5.541769440932395e-01 3.295093432890412e-01 0.000000000000000e+00
5.544911033585985e-01 3.296729787563334e-01 0.000000000000000e+00
5.548052626239575e-01 3.298260844888050e-01 0.000000000000000e+00
5.551194218893164e-01 3.299685956819861e-01 0.000000000000000e+00
5.554335811546754e-01 3.301004504355239e-01 0.000000000000000e+00
5.557477404200344e-01 3.302215897644765e-01 0.000000000000000e+00
5.560618996853933e-01 3.303319576098248e-01 0.000000000000000e+00
5.563760589507524e-01 3.304315008482224e-01 0.000000000000000e+00
5.566902182161113e-01 3.305201693009729e-01 0.000000000000000e+00
5.570043774814704e-01 3.305979157422295e-01 0.000000000000000e+00
5.573185367468293e-01 3.306646959064246e-01 0.000000000000000e+00
5.576326960121882e-01 3.307204684949263e-01 0.000000000000000e+00
5.579468552775473e-01 3.307651951819133e-01 0.000000000000000e+00
5.582610145429062e-01 3.307988406194813e-01 0.000000000000000e+00
5.585751738082652e-01 3.308213724419721e-01 0.000000000000000e+00
5.588893330736242e-01 3.308327612695239e-01 0.000000000000000e+00
5.592034923389831e-01 3.308329807108501e-01 0.000000000000000e+00
5.595176516043422e-01 3.308220073652454e-01 0.000000000000000e+00
5.598318108697011e-01 3.307998208238115e-01 0.000000000000000e+00
5.601459701350601e-01 3.307664036699148e-01 0.000000000000000e+00
5.604601294004191e-01 3.307217414788716e-01 0.000000000000000e+00
5.607742886657781e-01 3.306658228168622e-01 0.000000000000000e+00
5.610884479311370e-01 3.305986392390767e-01 0.000000000000000e+00
5.614026071964960e-01 3.305201852870887e-01 0.000000000000000e+00
5.617167664618550e-01 3.304304584854728e-01 0.000000000000000e+00
5.620309257272140e-01 3.303294593376485e-01 0.000000000000000e+00
5.623450849925730e-01 3.302171913209695e-01 0.000000000000000e+00
5.626592442579319e-01 3.300936608810524e-01 0.000000000000000e+00
5.629734035232909e-01 3.299588774253455e-01 0.000000000000000e+00
5.632875627886499e-01 3.298128533159544e-01 0.000000000000000e+00
5.636017220540089e-01 3.296556038617026e-01 0.000000000000000e+00
5.639158813193679e-01 3.294871473094589e-01 0.000000000000000e+00
5.642300405847268e-01 3.293075048347106e-01 0.000000000000000e+00
5.645441998500859e-01 3.291167005314049e-01 0.000000000000000e+00
5.648583591154448e-01 3.289147614010462e-01 0.000000000000000e+00
5.651725183808037e-01 3.287017173410672e-01 0.000000000000000e+00
5.654866776461628e-01 3.284776011324691e-01 0.000000000000000e+00
5.658008369115217e-01 3.282424484267334e-01 0.000000000000000e+00
5.661149961768808e-01 3.279962977320243e-01 0.000000000000000e+00
5.664291554422397e-01 3.277391903986658e-01 0.000000000000000e+00
5.667433147075986e-01 3.274711706039152e-01 0.000000000000000e+00
5.670574739729577e-01 3.271922853360286e-01 0.000000000000000e+00
5.673716332383166e-01 3.269025843776264e-01 0.000000000000000e+00
5.676857925036756e-01 3.266021202883672e-01 0.000000000000000e+00
5.679999517690346e-01 3.262909483869284e-01 0.000000000000000e+00
5.683141110343936e-01 3.259691267323068e-01 0.000000000000000e+00
5.686282702997526e-01 3.256367161044386e-01 0.000000000000000e+00
5.689424295651115e-01 3.252937799841539e-01 0.000000000000000e+00
5.692565888304705e-01 3.249403845324557e-01 0.000000000000000e+00
5.695707480958295e-01 3.245765985691498e-01 0.000000000000000e+00
5.698849073611885e-01 3.242024935508183e-01 0.000000000000000e+00
5.701990666265474e-01 3.238181435481456e-01 0.000000000000000e+00
5.705132258919065e-01 3.234236252226083e-01 0.000000000000000e+00
5.708273851572654e-01 3.230190178025314e-01 0.000000000000000e+00
5.711415444226244e-01 3.226044030585198e-01 0.000000000000000e+00
5.714557036879834e-01 3.221798652782732e-01 0.000000000000000e+00
5.717698629533423e-01 3.217454912407897e-01 0.000000000000000e+00
5.720840222187014e-01 3.213013701899649e-01 0.000000000000000e+00
5.723981814840603e-01 3.208475938076031e-01 0.000000000000000e+00
5.727123407494192e-01 3.203842561858300e-01 0.000000000000000e+00
5.730265000147783e-01 3.199114537989369e-01 0.000000000000000e+00
5.733406592801372e-01 3.194292854746499e-01 0.000000000000000e+00
5.736548185454963e-01 3.189378523648320e-01 0.000000000000000e+00
5.739689778108552e-01 3.184372579156389e-01 0.000000000000000e+00
5.742831370762141e-01 3.179276078371228e-01 0.000000000000000e+00
5.745972963415732e-01 3.174090100723019e-01 0.000000000000000e+00
5.749114556069321e-01 3.168815747656992e-01 0.000000000000000e+00
5.752256148722911e-01 3.163454142313647e-01 0.000000000000000e+00
5.755397741376501e-01 3.158006429203834e-01 0.000000000000000e+00
5.758539334030091e-01 3.152473773878857e-01 0.000000000000000e+00
5.761680926683681e-01 3.146857362595626e-01 0.000000000000000e+00
5.764822519337270e-01 3.141158401976989e-01 0.000000000000000e+00
5.767964111990860e-01 3.135378118667329e-01 0.000000000000000e+00
5.771105704644450e-01 3.129517758983537e-01 0.000000000000000e+00
5.774247297298040e-01 3.123578588561430e-01 0.000000000000000e+00
5.777388889951629e-01 3.117561891997716e-01 0.000000000000000e+00
5.780530482605220e-01 3.111468972487616e-01 0.000000000000000e+00
5.783672075258809e-01 3.105301151458292e-01 0.000000000000000e+00
5.786813667912399e-01 3.099059768198027e-01 0.000000000000000e+00
5.789955260565989e-01 3.092746179481462e-01 0.000000000000000e+00
5.793096853219578e-01 3.086361759190850e-01 0.000000000000000e+00
5.796238445873169e-01 3.079907897933460e-01 0.000000000000000e+00
5.799380038526758e-01 3.073386002655259e-01 0.000000000000000e+00
5.802521631180347e-01 3.066797496250981e-01 0.000000000000000e+00
5.805663223833938e-01 3.060143817170656e-01 0.000000000000000e+00
5.808804816487527e-01 3.053426419022726e-01 0.000000000000000e+00
5.811946409141118e-01 3.046646770173835e-01 0.000000000000000e+00
5.815088001794707e-01 3.039806353345489e-01 0.000000000000000e+00
5.818229594448296e-01 3.032906665207487e-01 0.000000000000000e+00
5.821371187101887e-01 3.025949215968528e-01 0.000000000000000e+00
5.824512779755476e-01 3.018935528963821e-01 0.000000000000000e+00
5.827654372409066e-01 3.011867140239987e-01 0.000000000000000e+00
5.830795965062656e-01 3.004745598137296e-01 0.000000000000000e+00
5.833937557716246e-01 2.997572462869387e-01 0.000000000000000e+00
5.837079150369836e-01 2.990349306100507e-01 0.000000000000000e+00
5.840220743023425e-01 2.983077710520470e-01 0.000000000000000e+00
5.843362335677015e-01 2.975759269417402e-01 0.000000000000000e+00
5.846503928330605e-01 2.968395586248398e-01 0.000000000000000e+00
5.849645520984195e-01 2.960988274208224e-01 0.000000000000000e+00
5.852787113637784e-01 2.953538955796078e-01 0.000000000000000e+00
5.855928706291375e-01 2.946049262380693e-01 0.000000000000000e+00
5.859070298944964e-01 2.938520833763750e-01 0.000000000000000e+00
5.862211891598554e-01 2.930955317741792e-01 0.000000000000000e+00
5.865353484252144e-01 2.923354369666732e-01 0.000000000000000e+00
5.868495076905733e-01 2.915719652005033e-01 0.000000000000000e+00
5.871636669559324e-01 2.908052833895776e-01 0.000000000000000e+00
5.874778262212913e-01 2.900355590707639e-01 0.000000000000000e+00
5.877919854866502e-01 2.892629603594892e-01 0.000000000000000e+00
5.881061447520093e-01 2.884876559052622e-01 0.000000000000000e+00
5.884203040173682e-01 2.877098148471258e-01 0.000000000000000e+00
5.887344632827273e-01 2.869296067690384e-01 0.000000000000000e+00
5.890486225480862e-01 2.861472016552220e-01 0.000000000000000e+00
5.893627818134451e-01 2.853627698454629e-01 0.000000000000000e+00
5.896769410788042e-01 2.845764819903915e-01 0.000000000000000e+00
5.899911003441631e-01 2.837885090067500e-01 0.000000000000000e+00
5.903052596095221e-01 2.829990220326528e-01 0.000000000000000e+00
5.906194188748811e-01 2.822081923828625e-01 0.000000000000000e+00
5.909335781402401e-01 2.814161915040838e-01 0.000000000000000e+00
5.912477374055991e-01 2.806231909302887e-01 0.000000000000000e+00
5.915618966709580e-01 2.798293622380881e-01 0.000000000000000e+00
5.918760559363170e-01 2.790348770021577e-01 0.000000000000000e+00
5.921902152016760e-01 2.782399067507301e-01 0.000000000000000e+00
5.925043744670350e-01 2.774446229211659e-01 0.000000000000000e+00
5.928185337323939e-01 2.766491968156142e-01 0.000000000000000e+00
5.931326929977530e-01 2.758537995567716e-01 0.000000000000000e+00
5.934468522631119e-01 2.750586020437561e-01 0.000000000000000e+00
5.937610115284709e-01 2.742637749081032e-01 0.000000000000000e+00
5.940751707938299e-01 2.734694884698943e-01 0.000000000000000e+00
5.943893300591888e-01 2.726759126940329e-01 0.000000000000000e+00
5.947034893245479e-01 2.718832171466741e-01 0.000000000000000e+00
5.950176485899068e-01 2.710915709518270e-01 0.000000000000000e+00
5.953318078552657e-01 2.703011427481284e-01 0.000000000000000e+00
5.956459671206248e-01 2.695121006458098e-01 0.000000000000000e+00
5.959601263859837e-01 2.687246121838648e-01 0.000000000000000e+00
5.962742856513428e-01 2.679388442874229e-01 0.000000000000000e+00
5.965884449167017e-01 2.671549632253522e-01 0.000000000000000e+00
5.969026041820606e-01 2.663731345680841e-01 0.000000000000000e+00
5.972167634474197e-01 2.655935231456868e-01 0.000000000000000e+00
5.975309227127786e-01 2.648162930061937e-01 0.000000000000000e+00
5.978450819781376e-01 2.640416073741867e-01 0.000000000000000e+00
5.981592412434966e-01 2.632696286096609e-01 0.000000000000000e+00
5.984734005088556e-01 2.625005181671708e-01 0.000000000000000e+00
5.987875597742146e-01 2.617344365552653e-01 0.000000000000000e+00
5.991017190395735e-01 2.609715432962360e-01 0.000000000000000e+00
5.994158783049325e-01 2.602119968861665e-01 0.000000000000000e+00
5.997300375702915e-01 2.594559547553202e-01 0.000000000000000e+00
6.000441968356505e-01 2.587035732288505e-01 0.000000000000000e+00
6.003583561010094e-01 2.579550074878538e-01 0.000000000000000e+00
6.006725153663685e-01 2.572104115307798e-01 0.000000000000000e+00
6.009866746317274e-01 2.564699381352065e-01 0.000000000000000e+00
6.013008338970864e-01 2.557337388199750e-01 0.000000000000000e+00
6.016149931624454e-01 2.550019638077143e-01 0.000000000000000e+00
6.019291524278043e-01 2.542747619877520e-01 0.000000000000000e+00
6.022433116931634e-01 2.535522808794252e-01 0.000000000000000e+00
6.025574709585223e-01 2.528346665957948e-01 0.000000000000000e+00
6.028716302238812e-01 2.521220638077800e-01 0.000000000000000e+00
6.031857894892403e-01 2.514146157087170e-01 0.000000000000000e+00
6.034999487545992e-01 2.507124639793475e-01 0.000000000000000e+00
6.038141080199583e-01 2.500157487532514e-01 0.000000000000000e+00
6.041282672853172e-01 2.493246085827328e-01 0.000000000000000e+00
6.044424265506761e-01 2.486391804051529e-01 0.000000000000000e+00
6.047565858160352e-01 2.479595995097424e-01 0.000000000000000e+00
6.050707450813941e-01 2.472859995048798e-01 0.000000000000000e+00
6.053849043467532e-01 2.466185122858505e-01 0.000000000000000e+00
6.056990636121121e-01 2.459572680031022e-01 0.000000000000000e+00
6.060132228774711e-01 2.453023950309876e-01 0.000000000000000e+00
6.063273821428301e-01 2.446540199370184e-01 0.000000000000000e+00
6.066415414081890e-01 2.440122674516285e-01 0.000000000000000e+00
6.069557006735480e-01 2.433772604384529e-01 0.000000000000000e+00
6.072698599389070e-01 2.427491198651352e-01 0.000000000000000e+00
6.075840192042660e-01 2.421279647746649e-01 0.000000000000000e+00
6.078981784696250e-01 2.415139122572549e-01 0.000000000000000e+00
6.082123377349840e-01 2.409070774227623e-01 0.000000000000000e+00
6.085264970003429e-01 2.403075733736616e-01 0.000000000000000e+00
6.088406562657019e-01 2.397155111785747e-01 0.000000000000000e+00
6.091548155310609e-01 2.391309998463656e-01 0.000000000000000e+00
6.094689747964198e-01 2.385541463008042e-01 0.000000000000000e+00
6.097831340617789e-01 2.379850553558031e-01 0.000000000000000e+00
6.100972933271378e-01 2.374238296912385e-01 0.000000000000000e+00
6.104114525924969e-01 2.368705698293550e-01 0.000000000000000e+00
6.107256118578558e-01 2.363253741117612e-01 0.000000000000000e+00
6.110397711232147e-01 2.357883386770247e-01 0.000000000000000e+00
6.113539303885738e-01 2.352595574388646e-01 0.000000000000000e+00
6.116680896539327e-01 2.347391220649527e-01 0.000000000000000e+00
6.119822489192916e-01 2.342271219563259e-01 0.000000000000000e+00
6.122964081846507e-01 2.337236442274086e-01 0.000000000000000e+00
6.126105674500096e-01 2.332287736866639e-01 0.000000000000000e+00
6.129247267153687e-01 2.327425928178576e-01 0.000000000000000e+00
6.132388859807276e-01 2.322651817619582e-01 0.000000000000000e+00
6.135530452460866e-01 2.317966182996630e-01 0.000000000000000e+00
6.138672045114456e-01 2.313369778345614e-01 0.000000000000000e+00
6.141813637768045e-01 2.308863333769355e-01 0.000000000000000e+00
6.144955230421635e-01 2.304447555282034e-01 0.000000000000000e+00
6.148096823075225e-01 2.300123124660049e-01 0.000000000000000e+00
6.151238415728815e-01 2.295890699299386e-01 0.000000000000000e+00
6.154380008382405e-01 2.291750912079436e-01 0.000000000000000e+00
6.157521601035995e-01 2.287704371233398e-01 0.000000000000000e+00
6.160663193689584e-01 2.283751660225219e-01 0.000000000000000e+00
6.163804786343174e-01 2.279893337633065e-01 0.000000000000000e+00
6.166946378996764e-01 2.276129937039485e-01 0.000000000000000e+00
6.170087971650353e-01 2.272461966928069e-01 0.000000000000000e+00
6.173229564303944e-01 2.268889910586846e-01 0.000000000000000e+00
6.176371156957533e-01 2.265414226018284e-01 0.000000000000000e+00
6.179512749611124e-01 2.262035345855931e-01 0.000000000000000e+00
6.182654342264713e-01 2.258753677287778e-01 0.000000000000000e+00
6.185795934918302e-01 2.255569601986290e-01 0.000000000000000e+00
6.188937527571893e-01 2.252483476045072e-01 0.000000000000000e+00
6.192079120225482e-01 2.249495629922374e-01 0.000000000000000e+00
6.195220712879072e-01 2.246606368391145e-01 0.000000000000000e+00
6.198362305532662e-01 2.243815970495898e-01 0.000000000000000e+00
6.201503898186251e-01 2.241124689516260e-01 0.000000000000000e+00
6.204645490839842e-01 2.238532752937210e-01 0.000000000000000e+00
6.207787083493431e-01 2.236040362426062e-01 0.000000000000000e+00
6.210928676147021e-01 2.233647693816116e-01 0.000000000000000e+00
6.214070268800611e-01 2.231354897097067e-01 0.000000000000000e+00
6.217211861454200e-01 2.229162096412032e-01 0.000000000000000e+00
6.220353454107790e-01 2.227069390061336e-01 0.000000000000000e+00
6.223495046761380e-01 2.225076850512907e-01 0.000000000000000e+00
6.226636639414970e-01 2.223184524419383e-01 0.000000000000000e+00
6.229778232068560e-01 2.221392432641862e-01 0.000000000000000e+00
6.232919824722150e-01 2.219700570280254e-01 0.000000000000000e+00
6.236061417375739e-01 2.218108906710292e-01 0.000000000000000e+00
6.239203010029329e-01 2.216617385627098e-01 0.000000000000000e+00
6.242344602682919e-01 2.215225925095372e-01 0.000000000000000e+00
6.245486195336508e-01 2.213934417606105e-01 0.000000000000000e+00
6.248627787990099e-01 2.212742730139831e-01 0.000000000000000e+00
6.251769380643688e-01 2.211650704236393e-01 0.000000000000000e+00
6.254910973297279e-01 2.210658156071190e-01 0.000000000000000e+00
6.258052565950868e-01 2.209764876537861e-01 0.000000000000000e+00
6.261194158604457e-01 2.208970631337398e-01 0.000000000000000e+00
6.264335751258048e-01 2.208275161073662e-01 0.000000000000000e+00
6.267477343911637e-01 2.207678181355225e-01 0.000000000000000e+00
6.270618936565227e-01 2.207179382903564e-01 0.000000000000000e+00
6.273760529218817e-01 2.206778431667518e-01 0.000000000000000e+00
6.276902121872406e-01 2.206474968943992e-01 0.000000000000000e+00
6.280043714525997e-01 2.206268611504887e-01 0.000000000000000e+00
6.283185307179586e-01 2.206158951730173e-01 0.000000000000000e+00
6.286326899833176e-01 2.206145557747081e-01 0.000000000000000e+00
6.289468492486766e-01 2.206227973575410e-01 0.000000000000000e+00
6.292610085140355e-01 2.206405719278821e-01 0.000000000000000e+00
6.295751677793945e-01 2.206678291122134e-01 0.000000000000000e+00
6.298893270447535e-01 2.207045161734567e-01 0.000000000000000e+00
6.302034863101125e-01 2.207505780278869e-01 0.000000000000000e+00
6.305176455754715e-01 2.208059572626242e-01 0.000000000000000e+00
6.308318048408305e-01 2.208705941537111e-01 0.000000000000000e+00
6.311459641061894e-01 2.209444266847565e-01 0.000000000000000e+00
6.314601233715484e-01 2.210273905661490e-01 0.000000000000000e+00
6.317742826369074e-01 2.211194192548322e-01 0.000000000000000e+00
6.320884419022663e-01 2.212204439746342e-01 0.000000000000000e+00
6.324026011676254e-01 2.213303937371485e-01 0.000000000000000e+00
6.327167604329843e-01 2.214491953631535e-01 0.000000000000000e+00
6.330309196983434e-01 2.215767735045769e-01 0.000000000000000e+00
6.333450789637023e-01 2.217130506669827e-01 0.000000000000000e+00
6.336592382290612e-01 2.218579472325869e-01 0.000000000000000e+00
6.339733974944203e-01 2.220113814837920e-01 0.000000000000000e+00
6.342875567597792e-01 2.221732696272266e-01 0.000000000000000e+00
6.346017160251382e-01 2.223435258182948e-01 0.000000000000000e+00
6.349158752904972e-01 2.225220621862186e-01 0.000000000000000e+00
6.352300345558561e-01 2.227087888595714e-01 0.000000000000000e+00
6.355441938212152e-01 2.229036139922959e-01 0.000000000000000e+00
6.358583530865741e-01 2.231064437901905e-01 0.000000000000000e+00
6.361725123519331e-01 2.233171825378738e-01 0.000000000000000e+00
6.364866716172921e-01 2.235357326261977e-01 0.000000000000000e+00
6.368008308826510e-01 2.237619945801224e-01 0.000000000000000e+00
6.371149901480100e-01 2.239958670870302e-01 0.000000000000000e+00
6.374291494133690e-01 2.242372470254761e-01 0.000000000000000e+00
6.377433086787280e-01 2.244860294943720e-01 0.000000000000000e+00
6.380574679440870e-01 2.247421078425853e-01 0.000000000000000e+00
6.383716272094460e-01 2.250053736989533e-01 0.000000000000000e+00
6.386857864748049e-01 2.252757170027009e-01 0.000000000000000e+00
6.389999457401639e-01 2.255530260342547e-01 0.000000000000000e+00
6.393141050055229e-01 2.258371874464415e-01 0.000000000000000e+00
6.396282642708818e-01 2.261280862960683e-01 0.000000000000000e+00
6.399424235362409e-01 2.264256060758735e-01 0.000000000000000e+00
6.402565828015998e-01 2.267296287468323e-01 0.000000000000000e+00
6.405707420669589e-01 2.270400347708235e-01 0.000000000000000e+00
6.408849013323178e-01 2.273567031436338e-01 0.000000000000000e+00
6.411990605976767e-01 2.276795114282989e-01 0.000000000000000e+00
6.415132198630358e-01 2.280083357887693e-01 0.000000000000000e+00
6.418273791283947e-01 2.283430510238919e-01 0.000000000000000e+00
6.421415383937537e-01 2.286835306017013e-01 0.000000000000000e+00
6.424556976591127e-01 2.290296466940057e-01 0.000000000000000e+00
6.427698569244716e-01 2.293812702112640e-01 0.000000000000000e+00
6.430840161898307e-01 2.297382708377405e-01 0.000000000000000e+00
6.433981754551896e-01 2.301005170669297e-01 0.000000000000000e+00
6.437123347205486e-01 2.304678762372424e-01 0.000000000000000e+00
6.440264939859076e-01 2.308402145679414e-01 0.000000000000000e+00
6.443406532512665e-01 2.312173971953186e-01 0.000000000000000e+00
6.446548125166256e-01 2.315992882091021e-01 0.000000000000000e+00
6.449689717819845e-01 2.319857506890900e-01 0.000000000000000e+00
6.452831310473435e-01 2.323766467419888e-01 0.000000000000000e+00
6.455972903127025e-01 2.327718375384615e-01 0.000000000000000e+00
6.459114495780615e-01 2.331711833503617e-01 0.000000000000000e+00
6.462256088434204e-01 2.335745435881555e-01 0.000000000000000e+00
6.465397681087794e-01 2.339817768385118e-01 0.000000000000000e+00
6.468539273741384e-01 2.343927409020582e-01 0.000000000000000e+00
6.471680866394974e-01 2.348072928312885e-01 0.000000000000000e+00
6.474822459048564e-01 2.352252889686141e-01 0.000000000000000e+00
6.477964051702153e-01 2.356465849845460e-01 0.000000000000000e+00
6.481105644355744e-01 2.360710359160005e-01 0.000000000000000e+00
6.484247237009333e-01 2.364984962047199e-01 0.000000000000000e+00
6.487388829662922e-01 2.369288197357912e-01 0.000000000000000e+00
6.490530422316513e-01 2.373618598762638e-01 0.000000000000000e+00
6.493672014970102e-01 2.377974695138421e-01 0.000000000000000e+00
6.496813607623693e-01 2.382355010956563e-01 0.000000000000000e+00
6.499955200277282e-01 2.386758066670945e-01 0.000000000000000e+00
6.503096792930871e-01 2.391182379106835e-01 0.000000000000000e+00
6.506238385584462e-01 2.395626461850172e-01 0.000000000000000e+00
6.509379978238051e-01 2.400088825637136e-01 0.000000000000000e+00
6.512521570891641e-01 2.404567978743908e-01 0.000000000000000e+00
6.515663163545231e-01 2.409062427376638e-01 0.000000000000000e+00
6.518804756198820e-01 2.413570676061334e-01 0.000000000000000e+00
6.521946348852411e-01 2.418091228033733e-01 0.000000000000000e+00
6.525087941506000e-01 2.422622585628955e-01 0.000000000000000e+00
6.528229534159590e-01 2.427163250670883e-01 0.000000000000000e+00
6.531371126813180e-01 2.431711724861168e-01 0.000000000000000e+00
6.534512719466770e-01 2.436266510167733e-01 0.000000000000000e+00
6.537654312120359e-01 2.440826109212718e-01 0.000000000000000e+00
6.540795904773949e-01 2.445389025659702e-01 0.000000000000000e+00
6.543937497427539e-01 2.449953764600198e-01 0.000000000000000e+00
6.547079090081129e-01 2.454518832939219e-01 0.000000000000000e+00
6.550220682734719e-01 2.459082739779894e-01 0.000000000000000e+00
6.553362275388308e-01 2.463643996806986e-01 0.000000000000000e+00
6.556503868041899e-01 2.468201118669282e-01 0.000000000000000e+00
6.559645460695488e-01 2.472752623360621e-01 0.000000000000000e+00
6.562787053349077e-01 2.477297032599681e-01 0.000000000000000e+00
6.565928646002668e-01 2.481832872208172e-01 0.000000000000000e+00
6.569070238656257e-01 2.486358672487566e-01 0.000000000000000e+00
6.572211831309848e-01 2.490872968594119e-01 0.000000000000000e+00
6.575353423963437e-01 2.495374300912165e-01 0.000000000000000e+00
6.578495016617026e-01 2.499861215425572e-01 0.000000000000000e+00
6.581636609270617e-01 2.504332264087235e-01 0.000000000000000e+00
6.584778201924206e-01 2.508786005186562e-01 0.000000000000000e+00
6.587919794577796e-01 2.513221003714830e-01 0.000000000000000e+00
6.591061387231386e-01 2.517635831728332e-01 0.000000000000000e+00
6.594202979884976e-01 2.522029068709218e-01 0.000000000000000e+00
6.597344572538566e-01 2.526399301923932e-01 0.000000000000000e+00
6.600486165192155e-01 2.530745126779166e-01 0.000000000000000e+00
6.603627757845745e-01 2.535065147175292e-01 0.000000000000000e+00
6.606769350499335e-01 2.539357975857026e-01 0.000000000000000e+00
6.609910943152925e-01 2.543622234761455e-01 0.000000000000000e+00
6.613052535806514e-01 2.547856555363183e-01 0.000000000000000e+00
6.616194128460104e-01 2.552059579016532e-01 0.000000000000000e+00
6.619335721113694e-01 2.556229957294802e-01 0.000000000000000e+00
6.622477313767284e-01 2.560366352326369e-01 0.000000000000000e+00
6.625618906420874e-01 2.564467437127699e-01 0.000000000000000e+00
6.628760499074463e-01 2.568531895933027e-01 0.000000000000000e+00
6.631902091728054e-01 2.572558424520766e-01 0.000000000000000e+00
6.635043684381643e-01 2.576545730536454e-01 0.000000000000000e+00
6.638185277035232e-01 2.580492533812268e-01 0.000000000000000e+00
6.641326869688823e-01 2.584397566682909e-01 0.000000000000000e+00
6.644468462342412e-01 2.588259574297868e-01 0.000000000000000e+00
6.647610054996003e-01 2.592077314929972e-01 0.000000000000000e+00
6.650751647649592e-01 2.595849560280147e-01 0.000000000000000e+00
6.653893240303181e-01 2.599575095778259e-01 0.000000000000000e+00
6.657034832956772e-01 2.603252720880075e-01 0.000000000000000e+00
6.660176425610361e-01 2.606881249360166e-01 0.000000000000000e+00
6.663318018263951e-01 2.610459509600726e-01 0.000000000000000e+00
6.666459610917541e-01 2.613986344876292e-01 0.000000000000000e+00
6.669601203571131e-01 2.617460613634123e-01 0.000000000000000e+00
6.672742796224721e-01 2.620881189770448e-01 0.000000000000000e+00
6.675884388878310e-01 2.624246962902206e-01 0.000000000000000e+00
6.679025981531900e-01 2.627556838634466e-01 0.000000000000000e+00
6.682167574185490e-01 2.630809738823339e-01 0.000000000000000e+00
6.685309166839080e-01 2.634004601834314e-01 0.000000000000000e+00
6.688450759492669e-01 2.637140382796005e-01 0.000000000000000e+00
6.691592352146259e-01 2.640216053849284e-01 0.000000000000000e+00
6.694733944799849e-01 2.643230604391577e-01 0.000000000000000e+00
6.697875537453439e-01 2.646183041316498e-01 0.000000000000000e+00
6.701017130107029e-01 2.649072389248563e-01 0.000000000000000e+00
6.704158722760618e-01 2.651897690773052e-01 0.000000000000000e+00
6.707300315414209e-01 2.654658006660924e-01 0.000000000000000e+00
6.710441908067798e-01 2.657352416088697e-01 0.000000000000000e+00
6.713583500721387e-01 2.659980016853354e-01 0.000000000000000e+00
6.716725093374978e-01 2.662539925582074e-01 0.000000000000000e+00
6.719866686028567e-01 2.665031277936883e-01 0.000000000000000e+00
6.723008278682158e-01 2.667453228814075e-01 0.000000000000000e+00
6.726149871335747e-01 2.669804952538405e-01 0.000000000000000e+00
6.729291463989336e-01 2.672085643052051e-01 0.000000000000000e+00
6.732433056642927e-01 2.674294514098148e-01 0.000000000000000e+00
6.735574649296516e-01 2.676430799399100e-01 0.000000000000000e+00
6.738716241950106e-01 2.678493752829380e-01 0.000000000000000e+00
6.741857834603696e-01 2.680482648582931e-01 0.000000000000000e+00
6.744999427257286e-01 2.682396781335132e-01 0.000000000000000e+00
6.748141019910876e-01 2.684235466399176e-01 0.000000000000000e+00
6.751282612564465e-01 2.685998039876982e-01 0.000000000000000e+00
6.754424205218055e-01 2.687683858804474e-01 0.000000000000000e+00
6.757565797871645e-01 2.689292301291300e-01 0.000000000000000e+00
6.760707390525235e-01 2.690822766654885e-01 0.000000000000000e+00
6.763848983178824e-01 2.692274675548852e-01 0.000000000000000e+00
6.766990575832414e-01 2.693647470085715e-01 0.000000000000000e+00
6.770132168486004e-01 2.694940613953906e-01 0.000000000000000e+00
6.773273761139594e-01 2.696153592529055e-01 0.000000000000000e+00
6.776415353793184e-01 2.697285912979470e-01 0.000000000000000e+00
6.779556946446773e-01 2.698337104365902e-01 0.000000000000000e+00
6.782698539100364e-01 2.699306717735514e-01 0.000000000000000e+00
6.785840131753953e-01 2.700194326209946e-01 0.000000000000000e+00
6.788981724407542e-01 2.700999525067699e-01 0.000000000000000e+00
6.792123317061133e-01 2.701721931820549e-01 0.000000000000000e+00
6.795264909714722e-01 2.702361186284168e-01 0.000000000000000e+00
6.798406502368313e-01 2.702916950642918e-01 0.000000000000000e+00
6.801548095021902e-01 2.703388909508646e-01 0.000000000000000e+00
6.804689687675491e-01 2.703776769973761e-01 0.000000000000000e+00
6.807831280329082e-01 2.704080261658278e-01 0.000000000000000e+00
6.810972872982671e-01 2.704299136751075e-01 0.000000000000000e+00
6.814114465636261e-01 2.704433170045188e-01 0.000000000000000e+00
6.817256058289851e-01 2.704482158967240e-01 0.000000000000000e+00
6.820397650943441e-01 2.704445923600970e-01 0.000000000000000e+00
6.823539243597031e-01 2.704324306704858e-01 0.000000000000000e+00
6.826680836250620e-01 2.704117173723865e-01 0.000000000000000e+00
6.829822428904210e-01 2.703824412795260e-01 0.000000000000000e+00
6.832964021557800e-01 2.703445934748614e-01 0.000000000000000e+00
6.836105614211390e-01 2.702981673099862e-01 0.000000000000000e+00
6.839247206864980e-01 2.702431584039551e-01 0.000000000000000e+00
6.842388799518569e-01 2.701795646415170e-01 0.000000000000000e+00
6.845530392172159e-01 2.701073861707695e-01 0.000000000000000e+00
6.848671984825749e-01 2.700266254002269e-01 0.000000000000000e+00
6.851813577479339e-01 2.699372869953080e-01 0.000000000000000e+00
6.854955170132928e-01 2.698393778742427e-01 0.000000000000000e+00
6.858096762786519e-01 2.697329072034019e-01 0.000000000000000e+00
6.861238355440108e-01 2.696178863920489e-01 0.000000000000000e+00
6.864379948093698e-01 2.694943290865190e-01 0.000000000000000e+00
6.867521540747288e-01 2.693622511638262e-01 0.000000000000000e+00
6.870663133400877e-01 2.692216707246988e-01 0.000000000000000e+00
6.873804726054468e-01 2.690726080860504e-01 0.000000000000000e+00
6.876946318708057e-01 2.689150857728846e-01 0.000000000000000e+00
6.880087911361646e-01 2.687491285096393e-01 0.000000000000000e+00
6.883229504015237e-01 2.685747632109698e-01 0.000000000000000e+00
6.886371096668826e-01 2.683920189719797e-01 0.000000000000000e+00
6.889512689322417e-01 2.682009270578973e-01 0.000000000000000e+00
6.892654281976006e-01 2.680015208932021e-01 0.000000000000000e+00
6.895795874629596e-01 2.677938360502075e-01 0.000000000000000e+00
6.898937467283186e-01 2.675779102371012e-01 0.000000000000000e+00
6.902079059936775e-01 2.673537832854459e-01 0.000000000000000e+00
6.905220652590365e-01 2.671214971371469e-01 0.000000000000000e+00
6.908362245243955e-01 2.668810958308894e-01 0.000000000000000e+00
6.911503837897545e-01 2.666326254880496e-01 0.000000000000000e+00
6.914645430551135e-01 2.663761342980822e-01 0.000000000000000e+00
6.917787023204724e-01 2.661116725033948e-01 0.000000000000000e+00
6.920928615858314e-01 2.658392923837023e-01 0.000000000000000e+00
6.924070208511904e-01 2.655590482398816e-01 0.000000000000000e+00
6.927211801165494e-01 2.652709963773162e-01 0.000000000000000e+00
6.930353393819083e-01 2.649751950887445e-01 0.000000000000000e+00
6.933494986472674e-01 2.646717046366155e-01 0.000000000000000e+00
6.936636579126263e-01 2.643605872349558e-01 0.000000000000000e+00
6.939778171779853e-01 2.640419070307520e-01 0.000000000000000e+00
6.942919764433443e-01 2.637157300848582e-01 0.000000000000000e+00
6.946061357087032e-01 2.633821243524291e-01 0.000000000000000e+00
6.949202949740623e-01 2.630411596628862e-01 0.000000000000000e+00
6.952344542394212e-01 2.626929076994284e-01 0.000000000000000e+00
6.955486135047801e-01 2.623374419780792e-01 0.000000000000000e+00
6.958627727701392e-01 2.619748378262937e-01 0.000000000000000e+00
6.961769320354981e-01 2.616051723611162e-01 0.000000000000000e+00
6.964910913008572e-01 2.612285244669051e-01 0.000000000000000e+00
6.968052505662161e-01 2.608449747726263e-01 0.000000000000000e+00
6.971194098315751e-01 2.604546056287222e-01 0.000000000000000e+00
6.974335690969341e-01 2.600575010835621e-01 0.000000000000000e+00
6.977477283622930e-01 2.596537468594876e-01 0.000000000000000e+00
6.980618876276520e-01 2.592434303284443e-01 0.000000000000000e+00
6.983760468930110e-01 2.588266404872253e-01 0.000000000000000e+00
6.986902061583700e-01 2.584034679323189e-01 0.000000000000000e+00
6.990043654237290e-01 2.579740048343727e-01 0.000000000000000e+00
6.993185246890880e-01 2.575383449122871e-01 0.000000000000000e+00
6.996326839544469e-01 2.570965834069295e-01 0.000000000000000e+00
6.999468432198059e-01 2.566488170544969e-01 0.000000000000000e+00
7.002610024851649e-01 2.561951440595170e-01 0.000000000000000e+00
7.005751617505238e-01 2.557356640675033e-01 0.000000000000000e+00
7.008893210158829e-01 2.552704781372733e-01 0.000000000000000e+00
7.012034802812418e-01 2.547996887129301e-01 0.000000000000000e+00
7.015176395466008e-01 2.543233995955232e-01 0.000000000000000e+00
7.018317988119598e-01 2.538417159143898e-01 0.000000000000000e+00
7.021459580773187e-01 2.533547440981881e-01 0.000000000000000e+00
7.024601173426778e-01 2.528625918456295e-01 0.000000000000000e+00
7.027742766080367e-01 2.523653680959178e-01 0.000000000000000e+00
7.030884358733956e-01 2.518631829989005e-01 0.000000000000000e+00
7.034025951387547e-01 2.513561478849465e-01 0.000000000000000e+00
7.037167544041136e-01 2.508443752345543e-01 0.000000000000000e+00
7.040309136694727e-01 2.503279786476941e-01 0.000000000000000e+00
7.043450729348316e-01 2.498070728129055e-01 0.000000000000000e+00
7.046592322001906e-01 2.492817734761423e-01 0.000000000000000e+00
7.049733914655496e-01 2.487521974093879e-01 0.000000000000000e+00
7.052875507309085e-01 2.482184623790404e-01 0.000000000000000e+00
7.056017099962675e-01 2.476806871140765e-01 0.000000000000000e+00
7.059158692616265e-01 2.471389912740078e-01 0.000000000000000e+00
7.062300285269855e-01 2.465934954166344e-01 0.000000000000000e+00
7.065441877923445e-01 2.460443209656026e-01 0.000000000000000e+00
7.068583470577035e-01 2.454915901777807e-01 0.000000000000000e+00
7.071725063230624e-01 2.449354261104565e-01 0.000000000000000e+00
7.074866655884214e-01 2.443759525883659e-01 0.000000000000000e+00
7.078008248537804e-01 2.438132941705669e-01 0.000000000000000e+00
7.081149841191393e-01 2.432475761171584e-01 0.000000000000000e+00
7.084291433844984e-01 2.426789243558621e-01 0.000000000000000e+00
7.087433026498573e-01 2.421074654484671e-01 0.000000000000000e+00
7.090574619152163e-01 2.415333265571554e-01 0.000000000000000e+00
7.093716211805753e-01 2.409566354107102e-01 0.000000000000000e+00
7.096857804459342e-01 2.403775202706160e-01 0.000000000000000e+00
7.099999397112933e-01 2.397961098970676e-01 0.000000000000000e+00
7.103140989766522e-01 2.392125335148837e-01 0.000000000000000e+00
7.106282582420111e-01 2.386269207793469e-01 0.000000000000000e+00
7.109424175073702e-01 2.380394017419694e-01 0.000000000000000e+00
7.112565767727291e-01 2.374501068162000e-01 0.000000000000000e+00
7.115707360380882e-01 2.368591667430779e-01 0.000000000000000e+00
7.118848953034471e-01 2.362667125568401e-01 0.000000000000000e+00
7.121990545688061e-01 2.356728755504982e-01 0.000000000000000e+00
7.125132138341651e-01 2.350777872413892e-01 0.000000000000000e+00
7.128273730995240e-01 2.344815793367036e-01 0.000000000000000e+00
7.131415323648830e-01 2.338843836990153e-01 0.000000000000000e+00
7.134556916302420e-01 2.332863323118043e-01 0.000000000000000e+00
7.137698508956010e-01 2.326875572449938e-01 0.000000000000000e+00
7.140840101609600e-01 2.320881906205040e-01 0.000000000000000e+00
7.143981694263190e-01 2.314883645778354e-01 0.000000000000000e+00
7.147123286916779e-01 2.308882112396883e-01 0.000000000000000e+00
7.150264879570369e-01 2.302878626776258e-01 0.000000000000000e+00
7.153406472223959e-01 2.296874508777955e-01 0.000000000000000e+00
7.156548064877548e-01 2.290871077067082e-01 0.000000000000000e+00
7.159689657531139e-01 2.284869648770949e-01 0.000000000000000e+00
7.162831250184728e-01 2.278871539138396e-01 0.000000000000000e+00
7.165972842838318e-01 2.272878061200039e-01 0.000000000000000e+00
7.169114435491908e-01 2.266890525429479e-01 0.000000000000000e+00
7.172256028145497e-01 2.260910239405612e-01 0.000000000000000e+00
7.175397620799088e-01 2.254938507476038e-01 0.000000000000000e+00
7.178539213452677e-01 2.248976630421758e-01 0.000000000000000e+00
7.181680806106266e-01 2.243025905123164e-01 0.000000000000000e+00
7.184822398759857e-01 2.237087624227451e-01 0.000000000000000e+00
7.187963991413446e-01 2.231163075817520e-01 0.000000000000000e+00
7.191105584067037e-01 2.225253543082455e-01 0.000000000000000e+00
7.194247176720626e-01 2.219360303989663e-01 0.000000000000000e+00
7.197388769374216e-01 2.213484630958736e-01 0.000000000000000e+00
7.200530362027806e-01 2.207627790537188e-01 0.000000000000000e+00
7.203671954681395e-01 2.201791043078040e-01 0.000000000000000e+00
7.206813547334985e-01 2.195975642419435e-01 0.000000000000000e+00
7.209955139988575e-01 2.190182835566296e-01 0.000000000000000e+00
7.213096732642165e-01 2.184413862374140e-01 0.000000000000000e+00
7.216238325295755e-01 2.178669955235143e-01 0.000000000000000e+00
7.219379917949345e-01 2.172952338766456e-01 0.000000000000000e+00
7.222521510602934e-01 2.167262229500968e-01 0.000000000000000e+00
7.225663103256524e-01 2.161600835580487e-01 0.000000000000000e+00
7.228804695910114e-01 2.155969356451460e-01 0.000000000000000e+00
7.231946288563703e-01 2.150368982563347e-01 0.000000000000000e+00
7.235087881217294e-01 2.144800895069622e-01 0.000000000000000e+00
7.238229473870883e-01 2.139266265531597e-01 0.000000000000000e+00
7.241371066524473e-01 2.133766255625026e-01 0.000000000000000e+00
7.244512659178063e-01 2.128302016849661e-01 0.000000000000000e+00
7.247654251831652e-01 2.122874690241782e-01 0.000000000000000e+00
7.250795844485243e-01 2.117485406089721e-01 0.000000000000000e+00
7.253937437138832e-01 2.112135283652606e-01 0.000000000000000e+00
7.257079029792423e-01 2.106825430882216e-01 0.000000000000000e+00
7.260220622446012e-01 2.101556944148112e-01 0.000000000000000e+00
7.263362215099601e-01 2.096330907966121e-01 0.000000000000000e+00
7.266503807753192e-01 2.091148394730175e-01 0.000000000000000e+00
7.269645400406781e-01 2.086010464447635e-01 0.000000000000000e+00
7.272786993060371e-01 2.080918164478106e-01 0.000000000000000e+00
7.275928585713961e-01 2.075872529275886e-01 0.000000000000000e+00
7.279070178367550e-01 2.070874580136015e-01 0.000000000000000e+00
7.282211771021141e-01 2.065925324944042e-01 0.000000000000000e+00
7.285353363674730e-01 2.061025757929586e-01 0.000000000000000e+00
7.288494956328320e-01 2.056176859423703e-01 0.000000000000000e+00
7.291636548981910e-01 2.051379595620148e-01 0.000000000000000e+00
7.294778141635500e-01 2.046634918340579e-01 0.000000000000000e+00
7.297919734289089e-01 2.041943764803749e-01 0.000000000000000e+00
7.301061326942679e-01 2.037307057398794e-01 0.000000000000000e+00
7.304202919596269e-01 2.032725703462584e-01 0.000000000000000e+00
7.307344512249859e-01 2.028200595061247e-01 0.000000000000000e+00
7.310486104903449e-01 2.023732608775939e-01 0.000000000000000e+00
7.313627697557038e-01 2.019322605492827e-01 0.000000000000000e+00
7.316769290210628e-01 2.014971430197438e-01 0.000000000000000e+00
7.319910882864218e-01 2.010679911773329e-01 0.000000000000000e+00
7.323052475517807e-01 2.006448862805180e-01 0.000000000000000e+00
7.326194068171398e-01 2.002279079386363e-01 0.000000000000000e+00
7.329335660824987e-01 1.998171340930967e-01 0.000000000000000e+00
7.332477253478578e-01 1.994126409990404e-01 0.000000000000000e+00
7.335618846132167e-01 1.990145032074586e-01 0.000000000000000e+00
7.338760438785756e-01 1.986227935477731e-01 0.000000000000000e+00
7.341902031439347e-01 1.982375831108814e-01 0.000000000000000e+00
7.345043624092936e-01 1.978589412326771e-01 0.000000000000000e+00
7.348185216746526e-01 1.974869354780391e-01 0.000000000000000e+00
7.351326809400116e-01 1.971216316253013e-01 0.000000000000000e+00
7.354468402053705e-01 1.967630936512036e-01 0.000000000000000e+00
7.357609994707296e-01 1.964113837163270e-01 0.000000000000000e+00
7.360751587360885e-01 1.960665621510168e-01 0.000000000000000e+00
7.363893180014475e-01 1.957286874417944e-01 0.000000000000000e+00
7.367034772668065e-01 1.953978162182669e-01 0.000000000000000e+00
7.370176365321655e-01 1.950740032405310e-01 0.000000000000000e+00
7.373317957975244e-01 1.947573013870754e-01 0.000000000000000e+00
7.376459550628834e-01 1.944477616431863e-01 0.000000000000000e+00
7.379601143282424e-01 1.941454330898583e-01 0.000000000000000e+00
7.382742735936014e-01 1.938503628932092e-01 0.000000000000000e+00
7.385884328589604e-01 1.935625962944058e-01 0.000000000000000e+00
7.389025921243193e-01 1.932821766000993e-01 0.000000000000000e+00
7.392167513896784e-01 1.930091451733738e-01 0.000000000000000e+00
7.395309106550373e-01 1.927435414252091e-01 0.000000000000000e+00
7.398450699203962e-01 1.924854028064600e-01 0.000000000000000e+00
7.401592291857553e-01 1.922347648003520e-01 0.000000000000000e+00
7.404733884511142e-01 1.919916609154969e-01 0.000000000000000e+00
7.407875477164733e-01 1.917561226794287e-01 0.000000000000000e+00
7.411017069818322e-01 1.915281796326599e-01 0.000000000000000e+00
7.414158662471911e-01 1.913078593232596e-01 0.000000000000000e+00
7.417300255125502e-01 1.910951873019561e-01 0.000000000000000e+00
7.420441847779091e-01 1.908901871177616e-01 0.000000000000000e+00
7.423583440432681e-01 1.906928803141210e-01 0.000000000000000e+00
7.426725033086271e-01 1.905032864255881e-01 0.000000000000000e+00
7.429866625739860e-01 1.903214229750210e-01 0.000000000000000e+00
7.433008218393451e-01 1.901473054713089e-01 0.000000000000000e+00
7.436149811047040e-01 1.899809474076188e-01 0.000000000000000e+00
7.439291403700630e-01 1.898223602601697e-01 0.000000000000000e+00
7.442432996354220e-01 1.896715534875298e-01 0.000000000000000e+00
7.445574589007810e-01 1.895285345304401e-01 0.000000000000000e+00
7.448716181661399e-01 1.893933088121575e-01 0.000000000000000e+00
7.451857774314989e-01 1.892658797393256e-01 0.000000000000000e+00
7.454999366968579e-01 1.891462487033638e-01 0.000000000000000e+00
7.458140959622169e-01 1.890344150823792e-01 0.000000000000000e+00
7.461282552275759e-01 1.889303762435993e-01 0.000000000000000e+00
7.464424144929348e-01 1.888341275463197e-01 0.000000000000000e+00
7.467565737582939e-01 1.887456623453752e-01 0.000000000000000e+00
7.470707330236528e-01 1.886649719951214e-01 0.000000000000000e+00
7.473848922890117e-01 1.885920458539338e-01 0.000000000000000e+00
7.476990515543708e-01 1.885268712892185e-01 0.000000000000000e+00
7.480132108197297e-01 1.884694336829346e-01 0.000000000000000e+00
7.483273700850888e-01 1.884197164376219e-01 0.000000000000000e+00
7.486415293504477e-01 1.883777009829410e-01 0.000000000000000e+00
7.489556886158066e-01 1.883433667827125e-01 0.000000000000000e+00
7.492698478811657e-01 1.883166913424617e-01 0.000000000000000e+00
7.495840071465246e-01 1.882976502174594e-01 0.000000000000000e+00
7.498981664118836e-01 1.882862170212632e-01 0.000000000000000e+00
7.502123256772426e-01 1.882823634347493e-01 0.000000000000000e+00
7.505264849426015e-01 1.882860592156395e-01 0.000000000000000e+00
7.508406442079606e-01 1.882972722085107e-01 0.000000000000000e+00
7.511548034733195e-01 1.883159683552958e-01 0.000000000000000e+00
7.514689627386785e-01 1.883421117062607e-01 0.000000000000000e+00
7.517831220040375e-01 1.883756644314641e-01 0.000000000000000e+00
7.520972812693965e-01 1.884165868326885e-01 0.000000000000000e+00
7.524114405347554e-01 1.884648373558454e-01 0.000000000000000e+00
7.527255998001144e-01 1.885203726038454e-01 0.000000000000000e+00
7.530397590654734e-01 1.885831473499344e-01 0.000000000000000e+00
7.533539183308324e-01 1.886531145514873e-01 0.000000000000000e+00
7.536680775961914e-01 1.887302253642585e-01 0.000000000000000e+00
7.539822368615503e-01 1.888144291570840e-01 0.000000000000000e+00
7.542963961269094e-01 1.889056735270295e-01 0.000000000000000e+00
7.546105553922683e-01 1.890039043149820e-01 0.000000000000000e+00
7.549247146576272e-01 1.891090656216793e-01 0.000000000000000e+00
7.552388739229863e-01 1.892210998241728e-01 0.000000000000000e+00
7.555530331883452e-01 1.893399475927190e-01 0.000000000000000e+00
7.558671924537043e-01 1.894655479080966e-01 0.000000000000000e+00
7.561813517190632e-01 1.895978380793384e-01 0.000000000000000e+00
7.564955109844221e-01 1.897367537618822e-01 0.000000000000000e+00
7.568096702497812e-01 1.898822289761264e-01 0.000000000000000e+00
7.571238295151401e-01 1.900341961263918e-01 0.000000000000000e+00
7.574379887804991e-01 1.901925860202798e-01 0.000000000000000e+00
7.577521480458581e-01 1.903573278884239e-01 0.000000000000000e+00
7.580663073112170e-01 1.905283494046271e-01 0.000000000000000e+00
7.583804665765761e-01 1.907055767063846e-01 0.000000000000000e+00
7.586946258419350e-01 1.908889344157778e-01 0.000000000000000e+00
7.590087851072940e-01 1.910783456607396e-01 0.000000000000000e+00
7.593229443726530e-01 1.912737320966849e-01 0.000000000000000e+00
7.596371036380120e-01 1.914750139284990e-01 0.000000000000000e+00
7.599512629033709e-01 1.916821099328752e-01 0.000000000000000e+00
7.602654221687299e-01 1.918949374810022e-01 0.000000000000000e+00
7.605795814340889e-01 1.921134125615882e-01 0.000000000000000e+00
7.608937406994479e-01 1.923374498042184e-01 0.000000000000000e+00
7.612078999648069e-01 1.925669625030398e-01 0.000000000000000e+00
7.615220592301658e-01 1.928018626407681e-01 0.000000000000000e+00
7.618362184955249e-01 1.930420609130032e-01 0.000000000000000e+00
7.621503777608838e-01 1.932874667528580e-01 0.000000000000000e+00
7.624645370262427e-01 1.935379883558818e-01 0.000000000000000e+00
7.627786962916018e-01 1.937935327052829e-01 0.000000000000000e+00
7.630928555569607e-01 1.940540055974312e-01 0.000000000000000e+00
7.634070148223198e-01 1.943193116676484e-01 0.000000000000000e+00
7.637211740876787e-01 1.945893544162621e-01 0.000000000000000e+00
7.640353333530376e-01 1.948640362349363e-01 0.000000000000000e+00
7.643494926183967e-01 1.951432584332490e-01 0.000000000000000e+00
7.646636518837556e-01 1.954269212655297e-01 0.000000000000000e+00
7.649778111491147e-01 1.957149239579393e-01 0.000000000000000e+00
7.652919704144736e-01 1.960071647357832e-01 0.000000000000000e+00
7.656061296798325e-01 1.963035408510597e-01 0.000000000000000e+00
7.659202889451916e-01 1.966039486102262e-01 0.000000000000000e+00
7.662344482105505e-01 1.969082834021825e-01 0.000000000000000e+00
7.665486074759095e-01 1.972164397264598e-01 0.000000000000000e+00
7.668627667412685e-01 1.975283112216135e-01 0.000000000000000e+00
7.671769260066275e-01 1.978437906938006e-01 0.000000000000000e+00
7.674910852719865e-01 1.981627701455518e-01 0.000000000000000e+00
7.678052445373454e-01 1.984851408047104e-01 0.000000000000000e+00
7.681194038027044e-01 1.988107931535485e-01 0.000000000000000e+00
7.684335630680634e-01 1.991396169580406e-01 0.000000000000000e+00
7.687477223334224e-01 1.994715012972917e-01 0.000000000000000e+00
7.690618815987813e-01 1.998063345931127e-01 0.000000000000000e+00
7.693760408641404e-01 2.001440046397327e-01 0.000000000000000e+00
7.696902001294993e-01 2.004843986336416e-01 0.000000000000000e+00
7.700043593948583e-01 2.008274032035569e-01 0.000000000000000e+00
7.703185186602173e-01 2.011729044405016e-01 0.000000000000000e+00
7.706326779255762e-01 2.015207879279954e-01 0.000000000000000e+00
7.709468371909353e-01 2.018709387723361e-01 0.000000000000000e+00
7.712609964562942e-01 2.022232416329774e-01 0.000000000000000e+00
7.715751557216531e-01 2.025775807529908e-01 0.000000000000000e+00
7.718893149870122e-01 2.029338399895963e-01 0.000000000000000e+00
7.722034742523711e-01 2.032919028447657e-01 0.000000000000000e+00
7.725176335177302e-01 2.036516524958828e-01 0.000000000000000e+00
7.728317927830891e-01 2.040129718264528e-01 0.000000000000000e+00
7.731459520484480e-01 2.043757434568579e-01 0.000000000000000e+00
7.734601113138071e-01 2.047398497751459e-01 0.000000000000000e+00
7.737742705791660e-01 2.051051729678439e-01 0.000000000000000e+00
7.740884298445250e-01 2.054715950507959e-01 0.000000000000000e+00
7.744025891098840e-01 2.058389979000053e-01 0.000000000000000e+00
7.747167483752430e-01 2.062072632824857e-01 0.000000000000000e+00
7.750309076406020e-01 2.065762728871013e-01 0.000000000000000e+00
7.753450669059609e-01 2.069459083553987e-01 0.000000000000000e+00
7.756592261713199e-01 2.073160513124161e-01 0.000000000000000e+00
7.759733854366789e-01 2.076865833974613e-01 0.000000000000000e+00
7.762875447020379e-01 2.080573862948562e-01 0.000000000000000e+00
7.766017039673968e-01 2.084283417646340e-01 0.000000000000000e+00
7.769158632327559e-01 2.087993316731854e-01 0.000000000000000e+00
7.772300224981148e-01 2.091702380238412e-01 0.000000000000000e+00
7.775441817634738e-01 2.095409429873897e-01 0.000000000000000e+00
7.778583410288328e-01 2.099113289325161e-01 0.000000000000000e+00
7.781725002941917e-01 2.102812784561581e-01 0.000000000000000e+00
7.784866595595508e-01 2.106506744137681e-01 0.000000000000000e+00
7.788008188249097e-01 2.110193999494789e-01 0.000000000000000e+00
7.791149780902686e-01 2.113873385261580e-01 0.000000000000000e+00
7.794291373556277e-01 2.117543739553520e-01 0.000000000000000e+00
7.797432966209866e-01 2.121203904271011e-01 0.000000000000000e+00
7.800574558863457e-01 2.124852725396315e-01 0.000000000000000e+00
7.803716151517046e-01 2.128489053289036e-01 0.000000000000000e+00
7.806857744170635e-01 2.132111742980183e-01 0.000000000000000e+00
7.809999336824226e-01 2.135719654464684e-01 0.000000000000000e+00
7.813140929477815e-01 2.139311652992328e-01 0.000000000000000e+00
7.816282522131405e-01 2.142886609356989e-01 0.000000000000000e+00
7.819424114784995e-01 2.146443400184148e-01 0.000000000000000e+00
7.822565707438585e-01 2.149980908216542e-01 0.000000000000000e+00
7.825707300092175e-01 2.153498022597972e-01 0.000000000000000e+00
7.828848892745764e-01 2.156993639155117e-01 0.000000000000000e+00
7.831990485399354e-01 2.160466660677300e-01 0.000000000000000e+00
7.835132078052944e-01 2.163915997194187e-01 0.000000000000000e+00
7.838273670706534e-01 2.167340566251272e-01 0.000000000000000e+00
7.841415263360123e-01 2.170739293183142e-01 0.000000000000000e+00
7.844556856013714e-01 2.174111111384414e-01 0.000000000000000e+00
7.847698448667303e-01 2.177454962578301e-01 0.000000000000000e+00
7.850840041320893e-01 2.180769797082729e-01 0.000000000000000e+00
7.853981633974483e-01 2.184054574073924e-01 0.000000000000000e+00
7.857123226628072e-01 2.187308261847440e-01 0.000000000000000e+00
7.860264819281663e-01 2.190529838076540e-01 0.000000000000000e+00
7.863406411935252e-01 2.193718290067853e-01 0.000000000000000e+00
7.866548004588841e-01 2.196872615014275e-01 0.000000000000000e+00
7.869689597242432e-01 2.199991820245013e-01 0.000000000000000e+00
7.872831189896021e-01 2.203074923472769e-01 0.000000000000000e+00
7.875972782549612e-01 2.206120953037926e-01 0.000000000000000e+00
7.879114375203201e-01 2.209128948149752e-01 0.000000000000000e+00
7.882255967856791e-01 2.212097959124487e-01 0.000000000000000e+00
7.885397560510381e-01 2.215027047620350e-01 0.000000000000000e+00
7.888539153163970e-01 2.217915286869289e-01 0.000000000000000e+00
7.891680745817560e-01 2.220761761905531e-01 0.000000000000000e+00
7.894822338471150e-01 2.223565569790809e-01 0.000000000000000e+00
7.897963931124740e-01 2.226325819836223e-01 0.000000000000000e+00
7.901105523778330e-01 2.229041633820690e-01 0.000000000000000e+00
7.904247116431919e-01 2.231712146205938e-01 0.000000000000000e+00
7.907388709085509e-01 2.234336504347964e-01 0.000000000000000e+00
7.910530301739099e-01 2.236913868704933e-01 0.000000000000000e+00
7.913671894392689e-01 2.239443413041460e-01 0.000000000000000e+00
7.916813487046278e-01 2.241924324629197e-01 0.000000000000000e+00
7.919955079699869e-01 2.244355804443746e-01 0.000000000000000e+00
7.923096672353458e-01 2.246737067357763e-01 0.000000000000000e+00
7.926238265007048e-01 2.249067342330279e-01 0.000000000000000e+00
7.929379857660638e-01 2.251345872592151e-01 0.000000000000000e+00
7.932521450314227e-01 2.253571915827635e-01 0.000000000000000e+00
7.935663042967818e-01 2.255744744351979e-01 0.000000000000000e+00
7.938804635621407e-01 2.257863645285064e-01 0.000000000000000e+00
7.941946228274996e-01 2.259927920721010e-01 0.000000000000000e+00
7.945087820928587e-01 2.261936887893706e-01 0.000000000000000e+00
7.948229413582176e-01 2.263889879338252e-01 0.000000000000000e+00
7.951371006235767e-01 2.265786243048257e-01 0.000000000000000e+00
7.954512598889356e-01 2.267625342628941e-01 0.000000000000000e+00
7.957654191542946e-01 2.269406557446050e-01 0.000000000000000e+00
7.960795784196536e-01 2.271129282770502e-01 0.000000000000000e+00
7.963937376850125e-01 2.272792929918773e-01 0.000000000000000e+00
7.967078969503715e-01 2.274396926388952e-01 0.000000000000000e+00
7.970220562157305e-01 2.275940715992466e-01 0.000000000000000e+00
7.973362154810895e-01 2.277423758981420e-01 0.000000000000000e+00
7.976503747464485e-01 2.278845532171547e-01 0.000000000000000e+00
7.979645340118074e-01 2.280205529060734e-01 0.000000000000000e+00
7.982786932771664e-01 2.281503259943076e-01 0.000000000000000e+00
7.985928525425254e-01 2.282738252018457e-01 0.000000000000000e+00
7.989070118078844e-01 2.283910049497647e-01 0.000000000000000e+00
7.992211710732433e-01 2.285018213702837e-01 0.000000000000000e+00
7.995353303386024e-01 2.286062323163674e-01 0.000000000000000e+00
7.998494896039613e-01 2.287041973708673e-01 0.000000000000000e+00
8.001636488693203e-01 2.287956778552094e-01 0.000000000000000e+00
8.004778081346793e-01 2.288806368376186e-01 0.000000000000000e+00
8.007919674000382e-01 2.289590391408823e-01 0.000000000000000e+00
8.011061266653973e-01 2.290308513496489e-01 0.000000000000000e+00
8.014202859307562e-01 2.290960418172635e-01 0.000000000000000e+00
8.017344451961151e-01 2.291545806721358e-01 0.000000000000000e+00
8.020486044614742e-01 2.292064398236414e-01 0.000000000000000e+00
8.023627637268331e-01 2.292515929675534e-01 0.000000000000000e+00
8.026769229921922e-01 2.292900155910061e-01 0.000000000000000e+00
8.029910822575511e-01 2.293216849769872e-01 0.000000000000000e+00
8.033052415229101e-01 2.293465802083604e-01 0.000000000000000e+00
8.036194007882691e-01 2.293646821714155e-01 0.000000000000000e+00
8.039335600536280e-01 2.293759735589475e-01 0.000000000000000e+00
8.042477193189870e-01 2.293804388728617e-01 0.000000000000000e+00
8.045618785843460e-01 2.293780644263090e-01 0.000000000000000e+00
8.048760378497050e-01 2.293688383453471e-01 0.000000000000000e+00
8.051901971150640e-01 2.293527505701298e-01 0.000000000000000e+00
8.055043563804229e-01 2.293297928556240e-01 0.000000000000000e+00
8.058185156457819e-01 2.292999587718543e-01 0.000000000000000e+00
8.061326749111409e-01 2.292632437036765e-01 0.000000000000000e+00
8.064468341764999e-01 2.292196448500827e-01 0.000000000000000e+00
8.067609934418589e-01 2.291691612230296e-01 0.000000000000000e+00
8.070751527072179e-01 2.291117936458051e-01 0.000000000000000e+00
8.073893119725768e-01 2.290475447509200e-01 0.000000000000000e+00
8.077034712379358e-01 2.289764189775360e-01 0.000000000000000e+00
8.080176305032948e-01 2.288984225684262e-01 0.000000000000000e+00
8.083317897686537e-01 2.288135635664698e-01 0.000000000000000e+00
8.086459490340128e-01 2.287218518106834e-01 0.000000000000000e+00
8.089601082993717e-01 2.286232989317902e-01 0.000000000000000e+00
8.092742675647308e-01 2.285179183473290e-01 0.000000000000000e+00
8.095884268300897e-01 2.284057252563036e-01 0.000000000000000e+00
8.099025860954486e-01 2.282867366333744e-01 0.000000000000000e+00
8.102167453608077e-01 2.281609712225977e-01 0.000000000000000e+00
8.105309046261666e-01 2.280284495307087e-01 0.000000000000000e+00
8.108450638915256e-01 2.278891938199556e-01 0.000000000000000e+00
8.111592231568846e-01 2.277432281004851e-01 0.000000000000000e+00
8.114733824222435e-01 2.275905781222815e-01 0.000000000000000e+00
8.117875416876026e-01 2.274312713666625e-01 0.000000000000000e+00
8.121017009529615e-01 2.272653370373338e-01 0.000000000000000e+00
8.124158602183205e-01 2.270928060510057e-01 0.000000000000000e+00
8.127300194836795e-01 2.269137110275762e-01 0.000000000000000e+00
8.130441787490384e-01 2.267280862798781e-01 0.000000000000000e+00
8.133583380143974e-01 2.265359678030008e-01 0.000000000000000e+00
8.136724972797564e-01 2.263373932631844e-01 0.000000000000000e+00
8.139866565451154e-01 2.261324019862922e-01 0.000000000000000e+00
8.143008158104744e-01 2.259210349458617e-01 0.000000000000000e+00
8.146149750758334e-01 2.257033347507428e-01 0.000000000000000e+00
8.149291343411923e-01 2.254793456323219e-01 0.000000000000000e+00
8.152432936065513e-01 2.252491134313401e-01 0.000000000000000e+00
8.155574528719103e-01 2.250126855843034e-01 0.000000000000000e+00
8.158716121372692e-01 2.247701111094959e-01 0.000000000000000e+00
8.161857714026283e-01 2.245214405925932e-01 0.000000000000000e+00
8.164999306679872e-01 2.242667261718873e-01 0.000000000000000e+00
8.168140899333463e-01 2.240060215231191e-01 0.000000000000000e+00
8.171282491987052e-01 2.237393818439314e-01 0.000000000000000e+00
8.174424084640641e-01 2.234668638379368e-01 0.000000000000000e+00
8.177565677294232e-01 2.231885256984187e-01 0.000000000000000e+00
8.180707269947821e-01 2.229044270916539e-01 0.000000000000000e+00
8.183848862601411e-01 2.226146291398734e-01 0.000000000000000e+00
8.186990455255001e-01 2.223191944038646e-01 0.000000000000000e+00
8.190132047908590e-01 2.220181868652133e-01 0.000000000000000e+00
8.193273640562181e-01 2.217116719081949e-01 0.000000000000000e+00
8.196415233215770e-01 2.213997163013258e-01 0.000000000000000e+00
8.199556825869360e-01 2.210823881785649e-01 0.000000000000000e+00
8.202698418522950e-01 2.207597570201864e-01 0.000000000000000e+00
8.205840011176539e-01 2.204318936333197e-01 0.000000000000000e+00
8.208981603830129e-01 2.200988701321650e-01 0.000000000000000e+00
8.212123196483719e-01 2.197607599178876e-01 0.000000000000000e+00
8.215264789137309e-01 2.194176376582021e-01 0.000000000000000e+00
8.218406381790899e-01 2.190695792666437e-01 0.000000000000000e+00
8.221547974444489e-01 2.187166618815408e-01 0.000000000000000e+00
8.224689567098078e-01 2.183589638446883e-01 0.000000000000000e+00
8.227831159751668e-01 2.179965646797303e-01 0.000000000000000e+00
8.230972752405258e-01 2.176295450702594e-01 0.000000000000000e+00
8.234114345058847e-01 2.172579868376330e-01 0.000000000000000e+00
8.237255937712438e-01 2.168819729185209e-01 0.000000000000000e+00
8.240397530366027e-01 2.165015873421825e-01 0.000000000000000e+00
8.243539123019618e-01 2.161169152074846e-01 0.000000000000000e+00
8.246680715673207e-01 2.157280426596640e-01 0.000000000000000e+00
8.249822308326796e-01 2.153350568668425e-01 0.000000000000000e+00
8.252963900980387e-01 2.149380459962978e-01 0.000000000000000e+00
8.256105493633976e-01 2.145370991905013e-01 0.000000000000000e+00
8.259247086287566e-01 2.141323065429248e-01 0.000000000000000e+00
8.262388678941156e-01 2.137237590736253e-01 0.000000000000000e+00
8.265530271594745e-01 2.133115487046133e-01 0.000000000000000e+00
8.268671864248336e-01 2.128957682350112e-01 0.000000000000000e+00
8.271813456901925e-01 2.124765113160099e-01 0.000000000000000e+00
8.274955049555515e-01 2.120538724256274e-01 0.000000000000000e+00
8.278096642209105e-01 2.116279468432794e-01 0.000000000000000e+00
8.281238234862695e-01 2.111988306241671e-01 0.000000000000000e+00
8.284379827516284e-01 2.107666205734873e-01 0.000000000000000e+00
8.287521420169874e-01 2.103314142204759e-01 0.000000000000000e+00
8.290663012823464e-01 2.098933097922878e-01 0.000000000000000e+00
8.293804605477054e-01 2.094524061877214e-01 0.000000000000000e+00
8.296946198130644e-01 2.090088029507954e-01 0.000000000000000e+00
8.300087790784233e-01 2.085626002441858e-01 0.000000000000000e+00
8.303229383437823e-01 2.081138988225242e-01 0.000000000000000e+00
8.306370976091413e-01 2.076628000055753e-01 0.000000000000000e+00
8.309512568745002e-01 2.072094056512874e-01 0.000000000000000e+00
8.312654161398593e-01 2.067538181287356e-01 0.000000000000000e+00
8.315795754052182e-01 2.062961402909573e-01 0.000000000000000e+00
8.318937346705773e-01 2.058364754476859e-01 0.000000000000000e+00
8.322078939359362e-01 2.053749273379988e-01 0.000000000000000e+00
8.325220532012951e-01 2.049116001028759e-01 0.000000000000000e+00
8.328362124666542e-01 2.044465982576830e-01 0.000000000000000e+00
8.331503717320131e-01 2.039800266645861e-01 0.000000000000000e+00
8.334645309973721e-01 2.035119905049018e-01 0.000000000000000e+00
8.337786902627311e-01 2.030425952513903e-01 0.000000000000000e+00
8.340928495280900e-01 2.025719466405067e-01 0.000000000000000e+00
8.344070087934491e-01 2.021001506446005e-01 0.000000000000000e+00
8.347211680588080e-01 2.016273134440950e-01 0.000000000000000e+00
8.350353273241670e-01 2.011535413996260e-01 0.000000000000000e+00
8.353494865895260e-01 2.006789410241719e-01 0.000000000000000e+00
8.356636458548850e-01 2.002036189551678e-01 0.000000000000000e+00
8.359778051202439e-01 1.997276819266119e-01 0.000000000000000e+00
8.362919643856029e-01 1.992512367411811e-01 0.000000000000000e+00
8.366061236509619e-01 1.987743902423501e-01 0.000000000000000e+00
8.369202829163209e-01 1.982972492865302e-01 0.000000000000000e+00
8.372344421816799e-01 1.978199207152325e-01 0.000000000000000e+00
8.375486014470388e-01 1.973425113272603e-01 0.000000000000000e+00
8.378627607123978e-01 1.968651278509427e-01 0.000000000000000e+00
8.381769199777568e-01 1.963878769164116e-01 0.000000000000000e+00
8.384910792431157e-01 1.959108650279326e-01 0.000000000000000e+00
8.388052385084748e-01 1.954341985362955e-01 0.000000000000000e+00
8.391193977738337e-01 1.949579836112723e-01 0.000000000000000e+00
8.394335570391928e-01 1.944823262141473e-01 0.000000000000000e+00
8.397477163045517e-01 1.940073320703319e-01 0.000000000000000e+00
8.400618755699106e-01 1.935331066420638e-01 0.000000000000000e+00
8.403760348352697e-01 1.930597551012041e-01 0.000000000000000e+00
8.406901941006286e-01 1.925873823021346e-01 0.000000000000000e+00
8.410043533659876e-01 1.921160927547660e-01 0.000000000000000e+00
8.413185126313466e-01 1.916459905976591e-01 0.000000000000000e+00
8.416326718967055e-01 1.911771795712733e-01 0.000000000000000e+00
8.419468311620646e-01 1.907097629913392e-01 0.000000000000000e+00
8.422609904274235e-01 1.902438437223734e-01 0.000000000000000e+00
8.425751496927825e-01 1.897795241513307e-01 0.000000000000000e+00
8.428893089581415e-01 1.893169061614105e-01 0.000000000000000e+00
8.432034682235005e-01 1.888560911060173e-01 0.000000000000000e+00
8.435176274888594e-01 1.883971797828859e-01 0.000000000000000e+00
8.438317867542184e-01 1.879402724083740e-01 0.000000000000000e+00
8.441459460195774e-01 1.874854685919329e-01 0.000000000000000e+00
8.444601052849364e-01 1.870328673107599e-01 0.000000000000000e+00
8.447742645502954e-01 1.865825668846398e-01 0.000000000000000e+00
8.450884238156543e-01 1.861346649509814e-01 0.000000000000000e+00
8.454025830810133e-01 1.856892584400565e-01 0.000000000000000e+00
8.457167423463723e-01 1.852464435504457e-01 0.000000000000000e+00
8.460309016117313e-01 1.848063157246980e-01 0.000000000000000e+00
8.463450608770903e-01 1.843689696252118e-01 0.000000000000000e+00
8.466592201424492e-01 1.839344991103407e-01 0.000000000000000e+00
8.469733794078083e-01 1.835029972107325e-01 0.000000000000000e+00
8.472875386731672e-01 1.830745561059052e-01 0.000000000000000e+00
8.476016979385261e-01 1.826492671010667e-01 0.000000000000000e+00
8.479158572038852e-01 1.822272206041866e-01 0.000000000000000e+00
8.482300164692441e-01 1.818085061033191e-01 0.000000000000000e+00
8.485441757346032e-01 1.813932121441909e-01 0.000000000000000e+00
8.488583349999621e-01 1.809814263080534e-01 0.000000000000000e+00
8.491724942653210e-01 1.805732351898077e-01 0.000000000000000e+00
8.494866535306801e-01 1.801687243764057e-01 0.000000000000000e+00
8.498008127960390e-01 1.797679784255371e-01 0.000000000000000e+00
8.501149720613980e-01 1.793710808446007e-01 0.000000000000000e+00
8.504291313267570e-01 1.789781140699713e-01 0.000000000000000e+00
8.507432905921160e-01 1.785891594465638e-01 0.000000000000000e+00
8.510574498574750e-01 1.782042972077011e-01 0.000000000000000e+00
8.513716091228339e-01 1.778236064552914e-01 0.000000000000000e+00
8.516857683881929e-01 1.774471651403151e-01 0.000000000000000e+00
8.519999276535519e-01 1.770750500436332e-01 0.000000000000000e+00
8.523140869189109e-01 1.767073367571163e-01 0.000000000000000e+00
8.526282461842698e-01 1.763440996651019e-01 0.000000000000000e+00
8.529424054496288e-01 1.759854119261809e-01 0.000000000000000e+00
8.532565647149878e-01 1.756313454553242e-01 0.000000000000000e+00
8.535707239803468e-01 1.752819709063446e-01 0.000000000000000e+00
8.538848832457058e-01 1.749373576547084e-01 0.000000000000000e+00
8.541990425110647e-01 1.745975737806909e-01 0.000000000000000e+00
8.545132017764238e-01 1.742626860528876e-01 0.000000000000000e+00
8.548273610417827e-01 1.739327599120830e-01 0.000000000000000e+00
8.551415203071416e-01 1.736078594554751e-01 0.000000000000000e+00
8.554556795725007e-01 1.732880474212689e-01 0.000000000000000e+00
8.557698388378596e-01 1.729733851736367e-01 0.000000000000000e+00
8.560839981032187e-01 1.726639326880479e-01 0.000000000000000e+00
8.563981573685776e-01 1.723597485369755e-01 0.000000000000000e+00
8.567123166339365e-01 1.720608898759811e-01 0.000000000000000e+00
8.570264758992956e-01 1.717674124301788e-01 0.000000000000000e+00
8.573406351646545e-01 1.714793704810882e-01 0.000000000000000e+00
8.576547944300135e-01 1.711968168538701e-01 0.000000000000000e+00
8.579689536953725e-01 1.709198029049561e-01 0.000000000000000e+00
8.582831129607315e-01 1.706483785100716e-01 0.000000000000000e+00
8.585972722260905e-01 1.703825920526528e-01 0.000000000000000e+00
8.589114314914494e-01 1.701224904126639e-01 0.000000000000000e+00
8.592255907568084e-01 1.698681189558176e-01 0.000000000000000e+00
8.595397500221674e-01 1.696195215231950e-01 0.000000000000000e+00
8.598539092875264e-01 1.693767404212749e-01 0.000000000000000e+00
8.601680685528853e-01 1.691398164123709e-01 0.000000000000000e+00
8.604822278182443e-01 1.689087887054772e-01 0.000000000000000e+00
8.607963870836033e-01 1.686836949475296e-01 0.000000000000000e+00
8.611105463489623e-01 1.684645712150776e-01 0.000000000000000e+00
8.614247056143213e-01 1.682514520063751e-01 0.000000000000000e+00
8.617388648796802e-01 1.680443702338865e-01 0.000000000000000e+00
8.620530241450393e-01 1.678433572172144e-01 0.000000000000000e+00
8.623671834103982e-01 1.676484426764454e-01 0.000000000000000e+00
8.626813426757571e-01 1.674596547259206e-01 0.000000000000000e+00
8.629955019411162e-01 1.672770198684264e-01 0.000000000000000e+00
8.633096612064751e-01 1.671005629898124e-01 0.000000000000000e+00
8.636238204718342e-01 1.669303073540324e-01 0.000000000000000e+00
8.639379797371931e-01 1.667662745986125e-01 0.000000000000000e+00
8.642521390025520e-01 1.666084847305470e-01 0.000000000000000e+00
8.645662982679111e-01 1.664569561226198e-01 0.000000000000000e+00
8.648804575332700e-01 1.663117055101556e-01 0.000000000000000e+00
8.651946167986290e-01 1.661727479882001e-01 0.000000000000000e+00
8.655087760639880e-01 1.660400970091271e-01 0.000000000000000e+00
8.658229353293470e-01 1.659137643806773e-01 0.000000000000000e+00
8.661370945947060e-01 1.657937602644240e-01 0.000000000000000e+00
8.664512538600649e-01 1.656800931746697e-01 0.000000000000000e+00
8.667654131254239e-01 1.655727699777712e-01 0.000000000000000e+00
8.670795723907829e-01 1.654717958918938e-01 0.000000000000000e+00
8.673937316561419e-01 1.653771744871941e-01 0.000000000000000e+00
8.677078909215008e-01 1.652889076864301e-01 0.000000000000000e+00
8.680220501868599e-01 1.652069957660004e-01 0.000000000000000e+00
8.683362094522188e-01 1.651314373574095e-01 0.000000000000000e+00
8.686503687175778e-01 1.650622294491583e-01 0.000000000000000e+00
8.689645279829368e-01 1.649993673890616e-01 0.000000000000000e+00
8.692786872482957e-01 1.649428448869897e-01 0.000000000000000e+00
8.695928465136548e-01 1.648926540180297e-01 0.000000000000000e+00
8.699070057790137e-01 1.648487852260750e-01 0.000000000000000e+00
8.702211650443726e-01 1.648112273278288e-01 0.000000000000000e+00
8.705353243097317e-01 1.647799675172315e-01 0.000000000000000e+00
8.708494835750906e-01 1.647549913703036e-01 0.000000000000000e+00
8.711636428404497e-01 1.647362828504047e-01 0.000000000000000e+00
8.714778021058086e-01 1.647238243139069e-01 0.000000000000000e+00
8.717919613711675e-01 1.647175965162815e-01 0.000000000000000e+00
8.721061206365266e-01 1.647175786185940e-01 0.000000000000000e+00
8.724202799018855e-01 1.647237481944092e-01 0.000000000000000e+00
8.727344391672445e-01 1.647360812371031e-01 0.000000000000000e+00
8.730485984326035e-01 1.647545521675753e-01 0.000000000000000e+00
8.733627576979625e-01 1.647791338423664e-01 0.000000000000000e+00
8.736769169633215e-01 1.648097975621738e-01 0.000000000000000e+00
8.739910762286804e-01 1.648465130807621e-01 0.000000000000000e+00
8.743052354940394e-01 1.648892486142690e-01 0.000000000000000e+00
8.746193947593984e-01 1.649379708509011e-01 0.000000000000000e+00
8.749335540247574e-01 1.649926449610200e-01 0.000000000000000e+00
8.752477132901163e-01 1.650532346076104e-01 0.000000000000000e+00
8.755618725554754e-01 1.651197019571319e-01 0.000000000000000e+00
8.758760318208343e-01 1.651920076907501e-01 0.000000000000000e+00
8.761901910861933e-01 1.652701110159437e-01 0.000000000000000e+00
8.765043503515523e-01 1.653539696784804e-01 0.000000000000000e+00
8.768185096169112e-01 1.654435399747669e-01 0.000000000000000e+00
8.771326688822703e-01 1.655387767645605e-01 0.000000000000000e+00
8.774468281476292e-01 1.656396334840425e-01 0.000000000000000e+00
8.777609874129881e-01 1.657460621592520e-01 0.000000000000000e+00
8.780751466783472e-01 1.658580134198707e-01 0.000000000000000e+00
8.783893059437061e-01 1.659754365133604e-01 0.000000000000000e+00
8.787034652090652e-01 1.660982793194452e-01 0.000000000000000e+00
8.790176244744241e-01 1.662264883649354e-01 0.000000000000000e+00
8.793317837397830e-01 1.663600088388925e-01 0.000000000000000e+00
8.796459430051421e-01 1.664987846081237e-01 0.000000000000000e+00
8.799601022705010e-01 1.666427582330081e-01 0.000000000000000e+00
8.802742615358600e-01 1.667918709836489e-01 0.000000000000000e+00
8.805884208012190e-01 1.669460628563429e-01 0.000000000000000e+00
8.809025800665780e-01 1.671052725903685e-01 0.000000000000000e+00
8.812167393319370e-01 1.672694376850846e-01 0.000000000000000e+00
8.815308985972959e-01 1.674384944173359e-01 0.000000000000000e+00
8.818450578626549e-01 1.676123778591588e-01 0.000000000000000e+00
8.821592171280139e-01 1.677910218957860e-01 0.000000000000000e+00
8.824733763933729e-01 1.679743592439416e-01 0.000000000000000e+00
8.827875356587318e-01 1.681623214704244e-01 0.000000000000000e+00
8.831016949240909e-01 1.683548390109720e-01 0.000000000000000e+00
8.834158541894498e-01 1.685518411894021e-01 0.000000000000000e+00
8.837300134548088e-01 1.687532562370242e-01 0.000000000000000e+00
8.840441727201678e-01 1.689590113123207e-01 0.000000000000000e+00
8.843583319855267e-01 1.691690325208838e-01 0.000000000000000e+00
8.846724912508858e-01 1.693832449356130e-01 0.000000000000000e+00
8.849866505162447e-01 1.696015726171587e-01 0.000000000000000e+00
8.853008097816037e-01 1.698239386346119e-01 0.000000000000000e+00
8.856149690469627e-01 1.700502650864323e-01 0.000000000000000e+00
8.859291283123216e-01 1.702804731216110e-01 0.000000000000000e+00
8.862432875776807e-01 1.705144829610576e-01 0.000000000000000e+00
8.865574468430396e-01 1.707522139192121e-01 0.000000000000000e+00
8.868716061083985e-01 1.709935844258714e-01 0.000000000000000e+00
8.871857653737576e-01 1.712385120482247e-01 0.000000000000000e+00
8.874999246391165e-01 1.714869135130956e-01 0.000000000000000e+00
8.878140839044756e-01 1.717387047293805e-01 0.000000000000000e+00
8.881282431698345e-01 1.719938008106796e-01 0.000000000000000e+00
8.884424024351935e-01 1.722521160981138e-01 0.000000000000000e+00
8.887565617005525e-01 1.725135641833225e-01 0.000000000000000e+00
8.890707209659114e-01 1.727780579316339e-01 0.000000000000000e+00
8.893848802312704e-01 1.730455095054053e-01 0.000000000000000e+00
8.896990394966294e-01 1.733158303875220e-01 0.000000000000000e+00
8.900131987619884e-01 1.735889314050531e-01 0.000000000000000e+00
8.903273580273474e-01 1.738647227530572e-01 0.000000000000000e+00
8.906415172927064e-01 1.741431140185290e-01 0.000000000000000e+00
8.909556765580653e-01 1.744240142044824e-01 0.000000000000000e+00
8.912698358234243e-01 1.747073317541658e-01 0.000000000000000e+00
8.915839950887833e-01 1.749929745753970e-01 0.000000000000000e+00
8.918981543541422e-01 1.752808500650201e-01 0.000000000000000e+00
8.922123136195013e-01 1.755708651334686e-01 0.000000000000000e+00
8.925264728848602e-01 1.758629262294345e-01 0.000000000000000e+00
8.928406321502192e-01 1.761569393646374e-01 0.000000000000000e+00
8.931547914155782e-01 1.764528101386802e-01 0.000000000000000e+00
8.934689506809371e-01 1.767504437639932e-01 0.000000000000000e+00
8.937831099462962e-01 1.770497450908549e-01 0.000000000000000e+00
8.940972692116551e-01 1.773506186324835e-01 0.000000000000000e+00
8.944114284770140e-01 1.776529685901962e-01 0.000000000000000e+00
8.947255877423731e-01 1.779566988786231e-01 0.000000000000000e+00
8.950397470077320e-01 1.782617131509757e-01 0.000000000000000e+00
8.953539062730911e-01 1.785679148243597e-01 0.000000000000000e+00
8.956680655384500e-01 1.788752071051259e-01 0.000000000000000e+00
8.959822248038090e-01 1.791834930142540e-01 0.000000000000000e+00
8.962963840691680e-01 1.794926754127611e-01 0.000000000000000e+00
8.966105433345269e-01 1.798026570271286e-01 0.000000000000000e+00
8.969247025998859e-01 1.801133404747420e-01 0.000000000000000e+00
8.972388618652449e-01 1.804246282893369e-01 0.000000000000000e+00
8.975530211306039e-01 1.807364229464402e-01 0.000000000000000e+00
8.978671803959629e-01 1.810486268888090e-01 0.000000000000000e+00
8.981813396613219e-01 1.813611425518507e-01 0.000000000000000e+00
8.984954989266808e-01 1.816738723890245e-01 0.000000000000000e+00
8.988096581920398e-01 1.819867188972149e-01 0.000000000000000e+00
8.991238174573988e-01 1.822995846420704e-01 0.000000000000000e+00
8.994379767227577e-01 1.826123722833031e-01 0.000000000000000e+00
8.997521359881168e-01 1.829249845999406e-01 0.000000000000000e+00
9.000662952534757e-01 1.832373245155221e-01 0.000000000000000e+00
9.003804545188347e-01 1.835492951232390e-01 0.000000000000000e+00
9.006946137841937e-01 1.838607997110042e-01 0.000000000000000e+00
9.010087730495526e-01 1.841717417864517e-01 0.000000000000000e+00
9.013229323149117e-01 1.844820251018545e-01 0.000000000000000e+00
9.016370915802706e-01 1.847915536789579e-01 0.000000000000000e+00
9.019512508456295e-01 1.851002318337201e-01 0.000000000000000e+00
9.022654101109886e-01 1.854079642009556e-01 0.000000000000000e+00
9.025795693763475e-01 1.857146557588699e-01 0.000000000000000e+00
9.028937286417066e-01 1.860202118534880e-01 0.000000000000000e+00
9.032078879070655e-01 1.863245382229626e-01 0.000000000000000e+00
9.035220471724245e-01 1.866275410217577e-01 0.000000000000000e+00
9.038362064377835e-01 1.869291268447066e-01 0.000000000000000e+00
9.041503657031424e-01 1.872292027509286e-01 0.000000000000000e+00
9.044645249685014e-01 1.875276762876088e-01 0.000000000000000e+00
9.047786842338604e-01 1.878244555136261e-01 0.000000000000000e+00
9.050928434992194e-01 1.881194490230282e-01 0.000000000000000e+00
9.054070027645784e-01 1.884125659683494e-01 0.000000000000000e+00
9.057211620299374e-01 1.887037160837570e-01 0.000000000000000e+00
9.060353212952963e-01 1.889928097080308e-01 0.000000000000000e+00
9.063494805606553e-01 1.892797578073641e-01 0.000000000000000e+00
9.066636398260143e-01 1.895644719979776e-01 0.000000000000000e+00
9.069777990913732e-01 1.898468645685497e-01 0.000000000000000e+00
9.072919583567323e-01 1.901268485024486e-01 0.000000000000000e+00
9.076061176220912e-01 1.904043374997651e-01 0.000000000000000e+00
9.079202768874503e-01 1.906792459991390e-01 0.000000000000000e+00
9.082344361528092e-01 1.909514891993760e-01 0.000000000000000e+00
9.085485954181681e-01 1.912209830808446e-01 0.000000000000000e+00
9.088627546835272e-01 1.914876444266540e-01 0.000000000000000e+00
9.091769139488861e-01 1.917513908436036e-01 0.000000000000000e+00
9.094910732142450e-01 1.920121407828982e-01 0.000000000000000e+00
9.098052324796041e-01 1.922698135606279e-01 0.000000000000000e+00
9.101193917449630e-01 1.925243293780034e-01 0.000000000000000e+00
9.104335510103221e-01 1.927756093413438e-01 0.000000000000000e+00
9.107477102756810e-01 1.930235754818116e-01 0.000000000000000e+00
9.110618695410400e-01 1.932681507748895e-01 0.000000000000000e+00
9.113760288063990e-01 1.935092591595947e-01 0.000000000000000e+00
9.116901880717579e-01 1.937468255574263e-01 0.000000000000000e+00
9.120043473371169e-01 1.939807758910388e-01 0.000000000000000e+00
9.123185066024759e-01 1.942110371026408e-01 0.000000000000000e+00
9.126326658678349e-01 1.944375371721125e-01 0.000000000000000e+00
9.129468251331939e-01 1.946602051348354e-01 0.000000000000000e+00
9.132609843985529e-01 1.948789710992332e-01 0.000000000000000e+00
9.135751436639118e-01 1.950937662640195e-01 0.000000000000000e+00
9.138893029292708e-01 1.953045229351440e-01 0.000000000000000e+00
9.142034621946298e-01 1.955111745424393e-01 0.000000000000000e+00
9.145176214599887e-01 1.957136556559572e-01 0.000000000000000e+00
9.148317807253478e-01 1.959119020019980e-01 0.000000000000000e+00
9.151459399907067e-01 1.961058504788216e-01 0.000000000000000e+00
9.154600992560658e-01 1.962954391720435e-01 0.000000000000000e+00
9.157742585214247e-01 1.964806073697050e-01 0.000000000000000e+00
9.160884177867836e-01 1.966612955770210e-01 0.000000000000000e+00
9.164025770521427e-01 1.968374455307953e-01 0.000000000000000e+00
9.167167363175016e-01 1.970090002135062e-01 0.000000000000000e+00
9.170308955828606e-01 1.971759038670531e-01 0.000000000000000e+00
9.173450548482196e-01 1.973381020061650e-01 0.000000000000000e+00
9.176592141135785e-01 1.974955414314659e-01 0.000000000000000e+00
9.179733733789376e-01 1.976481702421958e-01 0.000000000000000e+00
9.182875326442965e-01 1.977959378485799e-01 0.000000000000000e+00
9.186016919096555e-01 1.979387949838498e-01 0.000000000000000e+00
9.189158511750145e-01 1.980766937159067e-01 0.000000000000000e+00
9.192300104403734e-01 1.982095874586302e-01 0.000000000000000e+00
9.195441697057324e-01 1.983374309828260e-01 0.000000000000000e+00
9.198583289710914e-01 1.984601804268112e-01 0.000000000000000e+00
9.201724882364504e-01 1.985777933066345e-01 0.000000000000000e+00
9.204866475018094e-01 1.986902285259303e-01 0.000000000000000e+00
9.208008067671684e-01 1.987974463854028e-01 0.000000000000000e+00
9.211149660325273e-01 1.988994085919378e-01 0.000000000000000e+00
9.214291252978863e-01 1.989960782673432e-01 0.000000000000000e+00
9.217432845632453e-01 1.990874199567107e-01 0.000000000000000e+00
9.220574438286042e-01 1.991733996364035e-01 0.000000000000000e+00
9.223716030939633e-01 1.992539847216622e-01 0.000000000000000e+00
9.226857623593222e-01 1.993291440738315e-01 0.000000000000000e+00
9.229999216246813e-01 1.993988480072048e-01 0.000000000000000e+00
9.233140808900402e-01 1.994630682954829e-01 0.000000000000000e+00
9.236282401553991e-01 1.995217781778502e-01 0.000000000000000e+00
9.239423994207582e-01 1.995749523646634e-01 0.000000000000000e+00
9.242565586861171e-01 1.996225670427521e-01 0.000000000000000e+00
9.245707179514761e-01 1.996645998803326e-01 0.000000000000000e+00
9.248848772168351e-01 1.997010300315295e-01 0.000000000000000e+00
9.251990364821940e-01 1.997318381405101e-01 0.000000000000000e+00
9.255131957475531e-01 1.997570063452261e-01 0.000000000000000e+00
9.258273550129120e-01 1.997765182807623e-01 0.000000000000000e+00
9.261415142782710e-01 1.997903590822970e-01 0.000000000000000e+00
9.264556735436300e-01 1.997985153876648e-01 0.000000000000000e+00
9.267698328089889e-01 1.998009753395312e-01 0.000000000000000e+00
9.270839920743480e-01 1.997977285871694e-01 0.000000000000000e+00
9.273981513397069e-01 1.997887662878483e-01 0.000000000000000e+00
9.277123106050659e-01 1.997740811078233e-01 0.000000000000000e+00
9.280264698704249e-01 1.997536672229362e-01 0.000000000000000e+00
9.283406291357839e-01 1.997275203188210e-01 0.000000000000000e+00
9.286547884011428e-01 1.996956375907174e-01 0.000000000000000e+00
9.289689476665018e-01 1.996580177428907e-01 0.000000000000000e+00
9.292831069318608e-01 1.996146609876625e-01 0.000000000000000e+00
9.295972661972198e-01 1.995655690440458e-01 0.000000000000000e+00
9.299114254625788e-01 1.995107451359945e-01 0.000000000000000e+00
9.302255847279377e-01 1.994501939902570e-01 0.000000000000000e+00
9.305397439932968e-01 1.993839218338482e-01 0.000000000000000e+00
9.308539032586557e-01 1.993119363911255e-01 0.000000000000000e+00
9.311680625240146e-01 1.992342468804855e-01 0.000000000000000e+00
9.314822217893737e-01 1.991508640106676e-01 0.000000000000000e+00
9.317963810547326e-01 1.990617999766804e-01 0.000000000000000e+00
9.321105403200917e-01 1.989670684553392e-01 0.000000000000000e+00
9.324246995854506e-01 1.988666846004251e-01 0.000000000000000e+00
9.327388588508095e-01 1.987606650374636e-01 0.000000000000000e+00
9.330530181161686e-01 1.986490278581238e-01 0.000000000000000e+00
9.333671773815275e-01 1.985317926142426e-01 0.000000000000000e+00
9.336813366468865e-01 1.984089803114731e-01 0.000000000000000e+00
9.339954959122455e-01 1.982806134025609e-01 0.000000000000000e+00
9.343096551776044e-01 1.981467157802490e-01 0.000000000000000e+00
9.346238144429635e-01 1.980073127698164e-01 0.000000000000000e+00
9.349379737083224e-01 1.978624311212473e-01 0.000000000000000e+00
9.352521329736814e-01 1.977120990010382e-01 0.000000000000000e+00
9.355662922390404e-01 1.975563459836443e-01 0.000000000000000e+00
9.358804515043994e-01 1.973952030425655e-01 0.000000000000000e+00
9.361946107697583e-01 1.972287025410765e-01 0.000000000000000e+00
9.365087700351173e-01 1.970568782226043e-01 0.000000000000000e+00
9.368229293004763e-01 1.968797652007531e-01 0.000000000000000e+00
9.371370885658353e-01 1.966973999489830e-01 0.000000000000000e+00
9.374512478311943e-01 1.965098202899432e-01 0.000000000000000e+00
9.377654070965532e-01 1.963170653844623e-01 0.000000000000000e+00
9.380795663619123e-01 1.961191757202017e-01 0.000000000000000e+00
9.383937256272712e-01 1.959161930999732e-01 0.000000000000000e+00
9.387078848926301e-01 1.957081606297218e-01 0.000000000000000e+00
9.390220441579892e-01 1.954951227061842e-01 0.000000000000000e+00
9.393362034233481e-01 1.952771250042180e-01 0.000000000000000e+00
9.396503626887072e-01 1.950542144638112e-01 0.000000000000000e+00
9.399645219540661e-01 1.948264392767740e-01 0.000000000000000e+00
9.402786812194250e-01 1.945938488731143e-01 0.000000000000000e+00
9.405928404847841e-01 1.943564939071047e-01 0.000000000000000e+00
9.409069997501430e-01 1.941144262430414e-01 0.000000000000000e+00
9.412211590155020e-01 1.938676989407020e-01 0.000000000000000e+00
9.415353182808610e-01 1.936163662405019e-01 0.000000000000000e+00
9.418494775462199e-01 1.933604835483596e-01 0.000000000000000e+00
9.421636368115790e-01 1.931001074202682e-01 0.000000000000000e+00
9.424777960769379e-01 1.928352955465842e-01 0.000000000000000e+00
9.427919553422969e-01 1.925661067360306e-01 0.000000000000000e+00
9.431061146076559e-01 1.922926008994263e-01 0.000000000000000e+00
9.434202738730149e-01 1.920148390331399e-01 0.000000000000000e+00
9.437344331383738e-01 1.917328832022765e-01 0.000000000000000e+00
9.440485924037328e-01 1.914467965236001e-01 0.000000000000000e+00
9.443627516690918e-01 1.911566431481963e-01 0.000000000000000e+00
9.446769109344508e-01 1.908624882438814e-01 0.000000000000000e+00
9.449910701998098e-01 1.905643979773620e-01 0.000000000000000e+00
9.453052294651687e-01 1.902624394961483e-01 0.000000000000000e+00
9.456193887305278e-01 1.899566809102288e-01 0.000000000000000e+00
9.459335479958867e-01 1.896471912735100e-01 0.000000000000000e+00
9.462477072612456e-01 1.893340405650242e-01 0.000000000000000e+00
9.465618665266047e-01 1.890172996699156e-01 0.000000000000000e+00
9.468760257919636e-01 1.886970403602040e-01 0.000000000000000e+00
9.471901850573227e-01 1.883733352753347e-01 0.000000000000000e+00
9.475043443226816e-01 1.880462579025198e-01 0.000000000000000e+00
9.478185035880405e-01 1.877158825568737e-01 0.000000000000000e+00
9.481326628533996e-01 1.873822843613516e-01 0.000000000000000e+00
9.484468221187585e-01 1.870455392264937e-01 0.000000000000000e+00
9.487609813841175e-01 1.867057238299818e-01 0.000000000000000e+00
9.490751406494765e-01 1.863629155960126e-01 0.000000000000000e+00
9.493892999148354e-01 1.860171926744959e-01 0.000000000000000e+00
9.497034591801945e-01 1.856686339200784e-01 0.000000000000000e+00
9.500176184455534e-01 1.853173188710044e-01 0.000000000000000e+00
9.503317777109124e-01 1.849633277278156e-01 0.000000000000000e+00
9.506459369762714e-01 1.846067413318944e-01 0.000000000000000e+00
9.509600962416304e-01 1.842476411438625e-01 0.000000000000000e+00
9.512742555069893e-01 1.838861092218304e-01 0.000000000000000e+00
9.515884147723483e-01 1.835222281995161e-01 0.000000000000000e+00
9.519025740377073e-01 1.831560812642278e-01 0.000000000000000e+00
9.522167333030663e-01 1.827877521347213e-01 0.000000000000000e+00
9.525308925684253e-01 1.824173250389408e-01 0.000000000000000e+00
9.528450518337842e-01 1.820448846916405e-01 0.000000000000000e+00
9.531592110991433e-01 1.816705162719031e-01 0.000000000000000e+00
9.534733703645022e-01 1.812943054005526e-01 0.000000000000000e+00
9.537875296298611e-01 1.809163381174736e-01 0.000000000000000e+00
9.541016888952202e-01 1.805367008588383e-01 0.000000000000000e+00
9.544158481605791e-01 1.801554804342491e-01 0.000000000000000e+00
9.547300074259382e-01 1.797727640038063e-01 0.000000000000000e+00
9.550441666912971e-01 1.793886390550995e-01 0.000000000000000e+00
9.553583259566560e-01 1.790031933801336e-01 0.000000000000000e+00
9.556724852220151e-01 1.786165150521979e-01 0.000000000000000e+00
9.559866444873740e-01 1.782286924026779e-01 0.000000000000000e+00
9.563008037527330e-01 1.778398139978191e-01 0.000000000000000e+00
9.566149630180920e-01 1.774499686154503e-01 0.000000000000000e+00
9.569291222834510e-01 1.770592452216716e-01 0.000000000000000e+00
9.572432815488100e-01 1.766677329475103e-01 0.000000000000000e+00
9.575574408141689e-01 1.762755210655545e-01 0.000000000000000e+00
9.578716000795279e-01 1.758826989665696e-01 0.000000000000000e+00
9.581857593448869e-01 1.754893561361027e-01 0.000000000000000e+00
9.584999186102459e-01 1.750955821310813e-01 0.000000000000000e+00
9.588140778756048e-01 1.747014665564128e-01 0.000000000000000e+00
9.591282371409638e-01 1.743070990415911e-01 0.000000000000000e+00
9.594423964063228e-01 1.739125692173175e-01 0.000000000000000e+00
9.597565556716818e-01 1.735179666921352e-01 0.000000000000000e+00
9.600707149370408e-01 1.731233810290964e-01 0.000000000000000e+00
9.603848742023997e-01 1.727289017224542e-01 0.000000000000000e+00
9.606990334677588e-01 1.723346181743935e-01 0.000000000000000e+00
9.610131927331177e-01 1.719406196718067e-01 0.000000000000000e+00
9.613273519984766e-01 1.715469953631159e-01 0.000000000000000e+00
9.616415112638357e-01 1.711538342351503e-01 0.000000000000000e+00
9.619556705291946e-01 1.707612250900875e-01 0.000000000000000e+00
9.622698297945537e-01 1.703692565224574e-01 0.000000000000000e+00
9.625839890599126e-01 1.699780168962219e-01 0.000000000000000e+00
9.628981483252715e-01 1.695875943219338e-01 0.000000000000000e+00
9.632123075906306e-01 1.691980766339759e-01 0.000000000000000e+00
9.635264668559895e-01 1.688095513678979e-01 0.000000000000000e+00
9.638406261213485e-01 1.684221057378404e-01 0.000000000000000e+00
9.641547853867075e-01 1.680358266140707e-01 0.000000000000000e+00
9.644689446520665e-01 1.676508005006180e-01 0.000000000000000e+00
9.647831039174255e-01 1.672671135130275e-01 0.000000000000000e+00
9.650972631827844e-01 1.668848513562306e-01 0.000000000000000e+00
9.654114224481434e-01 1.665040993025426e-01 0.000000000000000e+00
9.657255817135024e-01 1.661249421697882e-01 0.000000000000000e+00
9.660397409788614e-01 1.657474642995655e-01 0.000000000000000e+00
9.663539002442204e-01 1.653717495356493e-01 0.000000000000000e+00
9.666680595095793e-01 1.649978812025431e-01 0.000000000000000e+00
9.669822187749383e-01 1.646259420841838e-01 0.000000000000000e+00
9.672963780402973e-01 1.642560144028019e-01 0.000000000000000e+00
9.676105373056563e-01 1.638881797979485e-01 0.000000000000000e+00
9.679246965710152e-01 1.635225193056891e-01 0.000000000000000e+00
9.682388558363743e-01 1.631591133379696e-01 0.000000000000000e+00
9.685530151017332e-01 1.627980416621652e-01 0.000000000000000e+00
9.688671743670922e-01 1.624393833808107e-01 0.000000000000000e+00
9.691813336324512e-01 1.620832169115217e-01 0.000000000000000e+00
9.694954928978101e-01 1.617296199671077e-01 0.000000000000000e+00
9.698096521631692e-01 1.613786695358894e-01 0.000000000000000e+00
9.701238114285281e-01 1.610304418622161e-01 0.000000000000000e+00
9.704379706938870e-01 1.606850124271937e-01 0.000000000000000e+00
9.707521299592461e-01 1.603424559296275e-01 0.000000000000000e+00
9.710662892246050e-01 1.600028462671843e-01 0.000000000000000e+00
9.713804484899641e-01 1.596662565177761e-01 0.000000000000000e+00
9.716946077553230e-01 1.593327589211742e-01 0.000000000000000e+00
9.720087670206820e-01 1.590024248608557e-01 0.000000000000000e+00
9.723229262860410e-01 1.586753248460859e-01 0.000000000000000e+00
9.726370855513999e-01 1.583515284942462e-01 0.000000000000000e+00
9.729512448167589e-01 1.580311045134034e-01 0.000000000000000e+00
9.732654040821179e-01 1.577141206851329e-01 0.000000000000000e+00
9.735795633474769e-01 1.574006438475983e-01 0.000000000000000e+00
9.738937226128359e-01 1.570907398788847e-01 0.000000000000000e+00
9.742078818781948e-01 1.567844736806003e-01 0.000000000000000e+00
9.745220411435538e-01 1.564819091617428e-01 0.000000000000000e+00
9.748362004089128e-01 1.561831092228375e-01 0.000000000000000e+00
9.751503596742718e-01 1.558881357403513e-01 0.000000000000000e+00
9.754645189396307e-01 1.555970495513838e-01 0.000000000000000e+00
9.757786782049898e-01 1.553099104386434e-01 0.000000000000000e+00
9.760928374703487e-01 1.550267771157084e-01 0.000000000000000e+00
9.764069967357077e-01 1.547477072125778e-01 0.000000000000000e+00
9.767211560010667e-01 1.544727572615173e-01 0.000000000000000e+00
9.770353152664256e-01 1.542019826832001e-01 0.000000000000000e+00
9.773494745317847e-01 1.539354377731501e-01 0.000000000000000e+00
9.776636337971436e-01 1.536731756884872e-01 0.000000000000000e+00
9.779777930625025e-01 1.534152484349803e-01 0.000000000000000e+00
9.782919523278616e-01 1.531617068544093e-01 0.000000000000000e+00
9.786061115932205e-01 1.529126006122417e-01 0.000000000000000e+00
9.789202708585796e-01 1.526679781856225e-01 0.000000000000000e+00
9.792344301239385e-01 1.524278868516870e-01 0.000000000000000e+00
9.795485893892975e-01 1.521923726761899e-01 0.000000000000000e+00
9.798627486546565e-01 1.519614805024634e-01 0.000000000000000e+00
9.801769079200154e-01 1.517352539406995e-01 0.000000000000000e+00
9.804910671853744e-01 1.515137353575624e-01 0.000000000000000e+00
9.808052264507334e-01 1.512969658661327e-01 0.000000000000000e+00
9.811193857160924e-01 1.510849853161875e-01 0.000000000000000e+00
9.814335449814514e-01 1.508778322848128e-01 0.000000000000000e+00
9.817477042468103e-01 1.506755440673585e-01 0.000000000000000e+00
9.820618635121693e-01 1.504781566687334e-01 0.000000000000000e+00
9.823760227775283e-01 1.502857047950410e-01 0.000000000000000e+00
9.826901820428873e-01 1.500982218455619e-01 0.000000000000000e+00
9.830043413082462e-01 1.499157399050811e-01 0.000000000000000e+00
9.833185005736053e-01 1.497382897365654e-01 0.000000000000000e+00
9.836326598389642e-01 1.495659007741883e-01 0.000000000000000e+00
9.839468191043232e-01 1.493986011167082e-01 0.000000000000000e+00
9.842609783696822e-01 1.492364175211977e-01 0.000000000000000e+00
9.845751376350411e-01 1.490793753971278e-01 0.000000000000000e+00
9.848892969004002e-01 1.489274988008087e-01 0.000000000000000e+00
9.852034561657591e-01 1.487808104301837e-01 0.000000000000000e+00
9.855176154311180e-01 1.486393316199841e-01 0.000000000000000e+00
9.858317746964771e-01 1.485030823372416e-01 0.000000000000000e+00
9.861459339618360e-01 1.483720811771596e-01 0.000000000000000e+00
9.864600932271951e-01 1.482463453593444e-01 0.000000000000000e+00
9.867742524925540e-01 1.481258907243995e-01 0.000000000000000e+00
9.870884117579130e-01 1.480107317308789e-01 0.000000000000000e+00
9.874025710232720e-01 1.479008814526036e-01 0.000000000000000e+00
9.877167302886309e-01 1.477963515763408e-01 0.000000000000000e+00
9.880308895539899e-01 1.476971523998458e-01 0.000000000000000e+00
9.883450488193489e-01 1.476032928302661e-01 0.000000000000000e+00
9.886592080847079e-01 1.475147803829095e-01 0.000000000000000e+00
9.889733673500669e-01 1.474316211803747e-01 0.000000000000000e+00
9.892875266154258e-01 1.473538199520466e-01 0.000000000000000e+00
9.896016858807848e-01 1.472813800339519e-01 0.000000000000000e+00
9.899158451461438e-01 1.472143033689795e-01 0.000000000000000e+00
9.902300044115028e-01 1.471525905074630e-01 0.000000000000000e+00
9.905441636768617e-01 1.470962406081237e-01 0.000000000000000e+00
9.908583229422208e-01 1.470452514393774e-01 0.000000000000000e+00
9.911724822075797e-01 1.469996193809999e-01 0.000000000000000e+00
9.914866414729387e-01 1.469593394261532e-01 0.000000000000000e+00
9.918008007382977e-01 1.469244051837716e-01 0.000000000000000e+00
9.921149600036566e-01 1.468948088813049e-01 0.000000000000000e+00
9.924291192690157e-01 1.468705413678210e-01 0.000000000000000e+00
9.927432785343746e-01 1.468515921174622e-01 0.000000000000000e+00
9.930574377997335e-01 1.468379492332584e-01 0.000000000000000e+00
9.933715970650926e-01 1.468295994512941e-01 0.000000000000000e+00
9.936857563304515e-01 1.468265281452265e-01 0.000000000000000e+00
9.939999155958106e-01 1.468287193311568e-01 0.000000000000000e+00
9.943140748611695e-01 1.468361556728481e-01 0.000000000000000e+00
9.946282341265285e-01 1.468488184872949e-01 0.000000000000000e+00
9.949423933918875e-01 1.468666877506346e-01 0.000000000000000e+00
9.952565526572464e-01 1.468897421044069e-01 0.000000000000000e+00
9.955707119226054e-01 1.469179588621537e-01 0.000000000000000e+00
9.958848711879644e-01 1.469513140163595e-01 0.000000000000000e+00
9.961990304533234e-01 1.469897822457312e-01 0.000000000000000e+00
9.965131897186824e-01 1.470333369228137e-01 0.000000000000000e+00
9.968273489840414e-01 1.470819501219384e-01 0.000000000000000e+00
9.971415082494003e-01 1.471355926275056e-01 0.000000000000000e+00
9.974556675147593e-01 1.471942339425943e-01 0.000000000000000e+00
9.977698267801183e-01 1.472578422978990e-01 0.000000000000000e+00
9.980839860454772e-01 1.473263846609920e-01 0.000000000000000e+00
9.983981453108363e-01 1.473998267459060e-01 0.000000000000000e+00
9.987123045761952e-01 1.474781330230356e-01 0.000000000000000e+00
9.990264638415542e-01 1.475612667293550e-01 0.000000000000000e+00
9.993406231069132e-01 1.476491898789495e-01 0.000000000000000e+00
9.996547823722721e-01 1.477418632738558e-01 0.000000000000000e+00
9.999689416376312e-01 1.478392465152100e-01 0.000000000000000e+00
1.000283100902990e+00 1.479412980147002e-01 0.000000000000000e+00
1.000597260168349e+00 1.480479750063179e-01 0.000000000000000e+00
1.000911419433708e+00 1.481592335584094e-01 0.000000000000000e+00
1.001225578699067e+00 1.482750285860188e-01 0.000000000000000e+00
1.001539737964426e+00 1.483953138635228e-01 0.000000000000000e+00
1.001853897229785e+00 1.485200420375534e-01 0.000000000000000e+00
1.002168056495144e+00 1.486491646402024e-01 0.000000000000000e+00
1.002482215760503e+00 1.487826321025069e-01 0.000000000000000e+00
1.002796375025862e+00 1.489203937682111e-01 0.000000000000000e+00
1.003110534291221e+00 1.490623979077990e-01 0.000000000000000e+00
1.003424693556580e+00 1.492085917327974e-01 0.000000000000000e+00
1.003738852821939e+00 1.493589214103436e-01 0.000000000000000e+00
1.004053012087298e+00 1.495133320780115e-01 0.000000000000000e+00
1.004367171352657e+00 1.496717678588964e-01 0.000000000000000e+00
1.004681330618016e+00 1.498341718769510e-01 0.000000000000000e+00
1.004995489883375e+00 1.500004862725710e-01 0.000000000000000e+00
1.005309649148734e+00 1.501706522184232e-01 0.000000000000000e+00
1.005623808414093e+00 1.503446099355136e-01 0.000000000000000e+00
1.005937967679452e+00 1.505222987094925e-01 0.000000000000000e+00
1.006252126944811e+00 1.507036569071884e-01 0.000000000000000e+00
1.006566286210170e+00 1.508886219933688e-01 0.000000000000000e+00
1.006880445475529e+00 1.510771305477248e-01 0.000000000000000e+00
1.007194604740888e+00 1.512691182820700e-01 0.000000000000000e+00
1.007508764006247e+00 1.514645200577548e-01 0.000000000000000e+00
1.007822923271606e+00 1.516632699032876e-01 0.000000000000000e+00
1.008137082536965e+00 1.518653010321586e-01 0.000000000000000e+00
1.008451241802323e+00 1.520705458608632e-01 0.000000000000000e+00
1.008765401067683e+00 1.522789360271194e-01 0.000000000000000e+00
1.009079560333042e+00 1.524904024082727e-01 0.000000000000000e+00
1.009393719598401e+00 1.527048751398847e-01 0.000000000000000e+00
1.009707878863759e+00 1.529222836345024e-01 0.000000000000000e+00
1.010022038129119e+00 1.531425566006002e-01 0.000000000000000e+00
1.010336197394478e+00 1.533656220616901e-01 0.000000000000000e+00
1.010650356659836e+00 1.535914073755964e-01 0.000000000000000e+00
1.010964515925195e+00 1.538198392538901e-01 0.000000000000000e+00
1.011278675190554e+00 1.540508437814739e-01 0.000000000000000e+00
1.011592834455913e+00 1.542843464363172e-01 0.000000000000000e+00
1.011906993721272e+00 1.545202721093352e-01 0.000000000000000e+00
1.012221152986631e+00 1.547585451244028e-01 0.000000000000000e+00
1.012535312251990e+00 1.549990892585027e-01 0.000000000000000e+00
1.012849471517349e+00 1.552418277620012e-01 0.000000000000000e+00
1.013163630782708e+00 1.554866833790440e-01 0.000000000000000e+00
1.013477790048067e+00 1.557335783680679e-01 0.000000000000000e+00
1.013791949313426e+00 1.559824345224272e-01 0.000000000000000e+00
1.014106108578785e+00 1.562331731911198e-01 0.000000000000000e+00
1.014420267844144e+00 1.564857152996180e-01 0.000000000000000e+00
1.014734427109503e+00 1.567399813707913e-01 0.000000000000000e+00
1.015048586374862e+00 1.569958915459195e-01 0.000000000000000e+00
1.015362745640221e+00 1.572533656057875e-01 0.000000000000000e+00
1.015676904905580e+00 1.575123229918590e-01 0.000000000000000e+00
1.015991064170939e+00 1.577726828275244e-01 0.000000000000000e+00
1.016305223436298e+00 1.580343639394105e-01 0.000000000000000e+00
1.016619382701657e+00 1.582972848787567e-01 0.000000000000000e+00
1.016933541967016e+00 1.585613639428443e-01 0.000000000000000e+00
1.017247701232375e+00 1.588265191964740e-01 0.000000000000000e+00
1.017561860497734e+00 1.590926684934912e-01 0.000000000000000e+00
1.017876019763093e+00 1.593597294983483e-01 0.000000000000000e+00
1.018190179028452e+00 1.596276197076986e-01 0.000000000000000e+00
1.018504338293811e+00 1.598962564720211e-01 0.000000000000000e+00
1.018818497559170e+00 1.601655570172631e-01 0.000000000000000e+00
1.019132656824529e+00 1.604354384665022e-01 0.000000000000000e+00
1.019446816089888e+00 1.607058178616164e-01 0.000000000000000e+00
1.019760975355247e+00 1.609766121849606e-01 0.000000000000000e+00
1.020075134620606e+00 1.612477383810424e-01 0.000000000000000e+00
1.020389293885965e+00 1.615191133781891e-01 0.000000000000000e+00
1.020703453151324e+00 1.617906541102057e-01 0.000000000000000e+00
1.021017612416683e+00 1.620622775380135e-01 0.000000000000000e+00
1.021331771682042e+00 1.623339006712656e-01 0.000000000000000e+00
1.021645930947401e+00 1.626054405899335e-01 0.000000000000000e+00
1.021960090212760e+00 1.628768144658602e-01 0.000000000000000e+00
1.022274249478119e+00 1.631479395842713e-01 0.000000000000000e+00
1.022588408743478e+00 1.634187333652419e-01 0.000000000000000e+00
1.022902568008837e+00 1.636891133851131e-01 0.000000000000000e+00
1.023216727274196e+00 1.639589973978487e-01 0.000000000000000e+00
1.023530886539554e+00 1.642283033563329e-01 0.000000000000000e+00
1.023845045804914e+00 1.644969494335998e-01 0.000000000000000e+00
1.024159205070273e+00 1.647648540439868e-01 0.000000000000000e+00
1.024473364335632e+00 1.650319358642135e-01 0.000000000000000e+00
1.024787523600990e+00 1.652981138543738e-01 0.000000000000000e+00
1.025101682866350e+00 1.655633072788401e-01 0.000000000000000e+00
1.025415842131709e+00 1.658274357270710e-01 0.000000000000000e+00
1.025730001397067e+00 1.660904191343200e-01 0.000000000000000e+00
1.026044160662426e+00 1.663521778022400e-01 0.000000000000000e+00
1.026358319927785e+00 1.666126324193744e-01 0.000000000000000e+00
1.026672479193144e+00 1.668717040815327e-01 0.000000000000000e+00
1.026986638458503e+00 1.671293143120482e-01 0.000000000000000e+00
1.027300797723862e+00 1.673853850819049e-01 0.000000000000000e+00
1.027614956989221e+00 1.676398388297353e-01 0.000000000000000e+00
1.027929116254580e+00 1.678925984816820e-01 0.000000000000000e+00
1.028243275519939e+00 1.681435874711159e-01 0.000000000000000e+00
1.028557434785298e+00 1.683927297582083e-01 0.000000000000000e+00
1.028871594050657e+00 1.686399498493533e-01 0.000000000000000e+00
1.029185753316016e+00 1.688851728164301e-01 0.000000000000000e+00
1.029499912581375e+00 1.691283243159072e-01 0.000000000000000e+00
1.029814071846734e+00 1.693693306077777e-01 0.000000000000000e+00
1.030128231112093e+00 1.696081185743255e-01 0.000000000000000e+00
1.030442390377452e+00 1.698446157387128e-01 0.000000000000000e+00
1.030756549642811e+00 1.700787502833913e-01 0.000000000000000e+00
1.031070708908170e+00 1.703104510683242e-01 0.000000000000000e+00
1.031384868173529e+00 1.705396476490191e-01 0.000000000000000e+00
1.031699027438888e+00 1.707662702943695e-01 0.000000000000000e+00
1.032013186704247e+00 1.709902500042932e-01 0.000000000000000e+00
1.032327345969606e+00 1.712115185271697e-01 0.000000000000000e+00
1.032641505234965e+00 1.714300083770703e-01 0.000000000000000e+00
1.032955664500324e+00 1.716456528507745e-01 0.000000000000000e+00
1.033269823765683e+00 1.718583860445717e-01 0.000000000000000e+00
1.033583983031042e+00 1.720681428708406e-01 0.000000000000000e+00
1.033898142296401e+00 1.722748590744060e-01 0.000000000000000e+00
1.034212301561760e+00 1.724784712486656e-01 0.000000000000000e+00
1.034526460827119e+00 1.726789168514836e-01 0.000000000000000e+00
1.034840620092478e+00 1.728761342208487e-01 0.000000000000000e+00
1.035154779357837e+00 1.730700625902921e-01 0.000000000000000e+00
1.035468938623196e+00 1.732606421040568e-01 0.000000000000000e+00
1.035783097888555e+00 1.734478138320255e-01 0.000000000000000e+00
1.036097257153914e+00 1.736315197843903e-01 0.000000000000000e+00
1.036411416419273e+00 1.738117029260701e-01 0.000000000000000e+00
1.036725575684632e+00 1.739883071908687e-01 0.000000000000000e+00
1.037039734949991e+00 1.741612774953688e-01 0.000000000000000e+00
1.037353894215350e+00 1.743305597525615e-01 0.000000000000000e+00
1.037668053480709e+00 1.744961008852060e-01 0.000000000000000e+00
1.037982212746068e+00 1.746578488389161e-01 0.000000000000000e+00
1.038296372011427e+00 1.748157525949710e-01 0.000000000000000e+00
1.038610531276785e+00 1.749697621828477e-01 0.000000000000000e+00
1.038924690542145e+00 1.751198286924713e-01 0.000000000000000e+00
1.039238849807504e+00 1.752659042861793e-01 0.000000000000000e+00
1.039553009072863e+00 1.754079422103989e-01 0.000000000000000e+00
1.039867168338221e+00 1.755458968070329e-01 0.000000000000000e+00
1.040181327603581e+00 1.756797235245534e-01 0.000000000000000e+00
1.040495486868940e+00 1.758093789287969e-01 0.000000000000000e+00
1.040809646134298e+00 1.759348207134640e-01 0.000000000000000e+00
1.041123805399657e+00 1.760560077103142e-01 0.000000000000000e+00
1.041437964665016e+00 1.761728998990599e-01 0.000000000000000e+00
1.041752123930375e+00 1.762854584169525e-01 0.000000000000000e+00
1.042066283195734e+00 1.763936455680608e-01 0.000000000000000e+00
1.042380442461093e+00 1.764974248322399e-01 0.000000000000000e+00
1.042694601726452e+00 1.765967608737852e-01 0.000000000000000e+00
1.043008760991811e+00 1.766916195497740e-01 0.000000000000000e+00
1.043322920257170e+00 1.767819679180891e-01 0.000000000000000e+00
1.043637079522529e+00 1.768677742451243e-01 0.000000000000000e+00
1.043951238787888e+00 1.769490080131705e-01 0.000000000000000e+00
1.044265398053247e+00 1.770256399274782e-01 0.000000000000000e+00
1.044579557318606e+00 1.770976419229981e-01 0.000000000000000e+00
1.044893716583965e+00 1.771649871707961e-01 0.000000000000000e+00
1.045207875849324e+00 1.772276500841414e-01 0.000000000000000e+00
1.045522035114683e+00 1.772856063242675e-01 0.000000000000000e+00
1.045836194380042e+00 1.773388328058035e-01 0.000000000000000e+00
1.046150353645401e+00 1.773873077018758e-01 0.000000000000000e+00
1.046464512910760e+00 1.774310104488778e-01 0.000000000000000e+00
1.046778672176119e+00 1.774699217509079e-01 0.000000000000000e+00
1.047092831441478e+00 1.775040235838738e-01 0.000000000000000e+00
1.047406990706837e+00 1.775332991992624e-01 0.000000000000000e+00
1.047721149972196e+00 1.775577331275765e-01 0.000000000000000e+00
1.048035309237555e+00 1.775773111814341e-01 0.000000000000000e+00
1.048349468502914e+00 1.775920204583318e-01 0.000000000000000e+00
1.048663627768273e+00 1.776018493430739e-01 0.000000000000000e+00
1.048977787033632e+00 1.776067875098620e-01 0.000000000000000e+00
1.049291946298991e+00 1.776068259240488e-01 0.000000000000000e+00
1.049606105564350e+00 1.776019568435541e-01 0.000000000000000e+00
1.049920264829709e+00 1.775921738199429e-01 0.000000000000000e+00
1.050234424095068e+00 1.775774716991673e-01 0.000000000000000e+00
1.050548583360427e+00 1.775578466219686e-01 0.000000000000000e+00
1.050862742625786e+00 1.775332960239446e-01 0.000000000000000e+00
1.051176901891145e+00 1.775038186352777e-01 0.000000000000000e+00
1.051491061156504e+00 1.774694144801270e-01 0.000000000000000e+00
1.051805220421863e+00 1.774300848756843e-01 0.000000000000000e+00
1.052119379687222e+00 1.773858324308925e-01 0.000000000000000e+00
1.052433538952581e+00 1.773366610448317e-01 0.000000000000000e+00
1.052747698217940e+00 1.772825759047665e-01 0.000000000000000e+00
1.053061857483299e+00 1.772235834838635e-01 0.000000000000000e+00
1.053376016748658e+00 1.771596915385720e-01 0.000000000000000e+00
1.053690176014017e+00 1.770909091056754e-01 0.000000000000000e+00
1.054004335279376e+00 1.770172464990090e-01 0.000000000000000e+00
1.054318494544735e+00 1.769387153058493e-01 0.000000000000000e+00
1.054632653810094e+00 1.768553283829732e-01 0.000000000000000e+00
1.054946813075452e+00 1.767670998523916e-01 0.000000000000000e+00
1.055260972340812e+00 1.766740450967531e-01 0.000000000000000e+00
1.055575131606171e+00 1.765761807544260e-01 0.000000000000000e+00
1.055889290871529e+00 1.764735247142550e-01 0.000000000000000e+00
1.056203450136888e+00 1.763660961099975e-01 0.000000000000000e+00
1.056517609402247e+00 1.762539153144381e-01 0.000000000000000e+00
1.056831768667606e+00 1.761370039331859e-01 0.000000000000000e+00
1.057145927932965e+00 1.760153847981555e-01 0.000000000000000e+00
1.057460087198324e+00 1.758890819607314e-01 0.000000000000000e+00
1.057774246463683e+00 1.757581206846230e-01 0.000000000000000e+00
1.058088405729042e+00 1.756225274384050e-01 0.000000000000000e+00
1.058402564994401e+00 1.754823298877534e-01 0.000000000000000e+00
1.058716724259760e+00 1.753375568873728e-01 0.000000000000000e+00
1.059030883525119e+00 1.751882384726206e-01 0.000000000000000e+00
1.059345042790478e+00 1.750344058508299e-01 0.000000000000000e+00
1.059659202055837e+00 1.748760913923330e-01 0.000000000000000e+00
1.059973361321196e+00 1.747133286211890e-01 0.000000000000000e+00
1.060287520586555e+00 1.745461522056175e-01 0.000000000000000e+00
1.060601679851914e+00 1.743745979481404e-01 0.000000000000000e+00
1.060915839117273e+00 1.741987027754364e-01 0.000000000000000e+00
1.061229998382632e+00 1.740185047279102e-01 0.000000000000000e+00
1.061544157647991e+00 1.738340429489763e-01 0.000000000000000e+00
1.061858316913350e+00 1.736453576740690e-01 0.000000000000000e+00
1.062172476178709e+00 1.734524902193683e-01 0.000000000000000e+00
1.062486635444068e+00 1.732554829702593e-01 0.000000000000000e+00
1.062800794709427e+00 1.730543793695168e-01 0.000000000000000e+00
1.063114953974786e+00 1.728492239052251e-01 0.000000000000000e+00
1.063429113240145e+00 1.726400620984337e-01 0.000000000000000e+00
1.063743272505504e+00 1.724269404905526e-01 0.000000000000000e+00
1.064057431770863e+00 1.722099066304905e-01 0.000000000000000e+00
1.064371591036222e+00 1.719890090615405e-01 0.000000000000000e+00
1.064685750301581e+00 1.717642973080159e-01 0.000000000000000e+00
1.064999909566940e+00 1.715358218616403e-01 0.000000000000000e+00
1.065314068832299e+00 1.713036341676932e-01 0.000000000000000e+00
1.065628228097658e+00 1.710677866109214e-01 0.000000000000000e+00
1.065942387363017e+00 1.708283325012110e-01 0.000000000000000e+00
1.066256546628376e+00 1.705853260590322e-01 0.000000000000000e+00
1.066570705893735e+00 1.703388224006552e-01 0.000000000000000e+00
1.066884865159094e+00 1.700888775231442e-01 0.000000000000000e+00
1.067199024424453e+00 1.698355482891313e-01 0.000000000000000e+00
1.067513183689812e+00 1.695788924113783e-01 0.000000000000000e+00
1.067827342955171e+00 1.693189684371255e-01 0.000000000000000e+00
1.068141502220530e+00 1.690558357322349e-01 0.000000000000000e+00
1.068455661485889e+00 1.687895544651319e-01 0.000000000000000e+00
1.068769820751248e+00 1.685201855905490e-01 0.000000000000000e+00
1.069083980016607e+00 1.682477908330766e-01 0.000000000000000e+00
1.069398139281966e+00 1.679724326705226e-01 0.000000000000000e+00
1.069712298547325e+00 1.676941743170922e-01 0.000000000000000e+00
1.070026457812683e+00 1.674130797063824e-01 0.000000000000000e+00
1.070340617078043e+00 1.671292134742040e-01 0.000000000000000e+00
1.070654776343402e+00 1.668426409412339e-01 0.000000000000000e+00
1.070968935608760e+00 1.665534280954976e-01 0.000000000000000e+00
1.071283094874119e+00 1.662616415746934e-01 0.000000000000000e+00
1.071597254139478e+00 1.659673486483583e-01 0.000000000000000e+00
1.071911413404837e+00 1.656706171998820e-01 0.000000000000000e+00
1.072225572670196e+00 1.653715157083739e-01 0.000000000000000e+00
1.072539731935555e+00 1.650701132303871e-01 0.000000000000000e+00
1.072853891200914e+00 1.647664793815061e-01 0.000000000000000e+00
1.073168050466273e+00 1.644606843177995e-01 0.000000000000000e+00
1.073482209731632e+00 1.641527987171471e-01 0.000000000000000e+00
1.073796368996991e+00 1.638428937604429e-01 0.000000000000000e+00
1.074110528262350e+00 1.635310411126815e-01 0.000000000000000e+00
1.074424687527709e+00 1.632173129039283e-01 0.000000000000000e+00
1.074738846793068e+00 1.629017817101871e-01 0.000000000000000e+00
1.075053006058427e+00 1.625845205341603e-01 0.000000000000000e+00
1.075367165323786e+00 1.622656027859123e-01 0.000000000000000e+00
1.075681324589145e+00 1.619451022634436e-01 0.000000000000000e+00
1.075995483854504e+00 1.616230931331723e-01 0.000000000000000e+00
1.076309643119863e+00 1.612996499103366e-01 0.000000000000000e+00
1.076623802385222e+00 1.609748474393194e-01 0.000000000000000e+00
1.076937961650581e+00 1.606487608739007e-01 0.000000000000000e+00
1.077252120915940e+00 1.603214656574411e-01 0.000000000000000e+00
1.077566280181299e+00 1.599930375030090e-01 0.000000000000000e+00
1.077880439446658e+00 1.596635523734449e-01 0.000000000000000e+00
1.078194598712017e+00 1.593330864613783e-01 0.000000000000000e+00
1.078508757977376e+00 1.590017161691983e-01 0.000000000000000e+00
1.078822917242735e+00 1.586695180889823e-01 0.000000000000000e+00
1.079137076508094e+00 1.583365689823897e-01 0.000000000000000e+00
1.079451235773453e+00 1.580029457605255e-01 0.000000000000000e+00
1.079765395038812e+00 1.576687254637786e-01 0.000000000000000e+00
1.080079554304171e+00 1.573339852416413e-01 0.000000000000000e+00
1.080393713569530e+00 1.569988023325115e-01 0.000000000000000e+00
1.080707872834889e+00 1.566632540434904e-01 0.000000000000000e+00
1.081022032100248e+00 1.563274177301719e-01 0.000000000000000e+00
1.081336191365607e+00 1.559913707764343e-01 0.000000000000000e+00
1.081650350630966e+00 1.556551905742411e-01 0.000000000000000e+00
1.081964509896325e+00 1.553189545034510e-01 0.000000000000000e+00
1.082278669161684e+00 1.549827399116439e-01 0.000000000000000e+00
1.082592828427043e+00 1.546466240939737e-01 0.000000000000000e+00
1.082906987692402e+00 1.543106842730447e-01 0.000000000000000e+00
1.083221146957761e+00 1.539749975788202e-01 0.000000000000000e+00
1.083535306223120e+00 1.536396410285740e-01 0.000000000000000e+00
1.083849465488479e+00 1.533046915068786e-01 0.000000000000000e+00
1.084163624753838e+00 1.529702257456471e-01 0.000000000000000e+00
1.084477784019197e+00 1.526363203042241e-01 0.000000000000000e+00
1.084791943284556e+00 1.523030515495397e-01 0.000000000000000e+00
1.085106102549914e+00 1.519704956363232e-01 0.000000000000000e+00
1.085420261815274e+00 1.516387284873871e-01 0.000000000000000e+00
1.085734421080633e+00 1.513078257739866e-01 0.000000000000000e+00
1.086048580345991e+00 1.509778628962561e-01 0.000000000000000e+00
1.086362739611350e+00 1.506489149637288e-01 0.000000000000000e+00
1.086676898876709e+00 1.503210567759489e-01 0.000000000000000e+00
1.086991058142068e+00 1.499943628031742e-01 0.000000000000000e+00
1.087305217407427e+00 1.496689071671790e-01 0.000000000000000e+00
1.087619376672786e+00 1.493447636221620e-01 0.000000000000000e+00
1.087933535938145e+00 1.490220055357608e-01 0.000000000000000e+00
1.088247695203504e+00 1.487007058701822e-01 0.000000000000000e+00
1.088561854468863e+00 1.483809371634477e-01 0.000000000000000e+00
1.088876013734222e+00 1.480627715107670e-01 0.000000000000000e+00
1.089190172999581e+00 1.477462805460359e-01 0.000000000000000e+00
1.089504332264940e+00 1.474315354234666e-01 0.000000000000000e+00
1.089818491530299e+00 1.471186067993591e-01 0.000000000000000e+00
1.090132650795658e+00 1.468075648140112e-01 0.000000000000000e+00
1.090446810061017e+00 1.464984790737758e-01 0.000000000000000e+00
1.090760969326376e+00 1.461914186332707e-01 0.000000000000000e+00
1.091075128591735e+00 1.458864519777443e-01 0.000000000000000e+00
1.091389287857094e+00 1.455836470055986e-01 0.000000000000000e+00
1.091703447122453e+00 1.452830710110811e-01 0.000000000000000e+00
1.092017606387812e+00 1.449847906671430e-01 0.000000000000000e+00
1.092331765653171e+00 1.446888720084707e-01 0.000000000000000e+00
1.092645924918530e+00 1.443953804146975e-01 0.000000000000000e+00
1.092960084183889e+00 1.441043805937945e-01 0.000000000000000e+00
1.093274243449248e+00 1.438159365656495e-01 0.000000000000000e+00
1.093588402714607e+00 1.435301116458348e-01 0.000000000000000e+00
1.093902561979966e+00 1.432469684295712e-01 0.000000000000000e+00
1.094216721245325e+00 1.429665687758885e-01 0.000000000000000e+00
1.094530880510684e+00 1.426889737919899e-01 0.000000000000000e+00
1.094845039776043e+00 1.424142438178223e-01 0.000000000000000e+00
1.095159199041402e+00 1.421424384108565e-01 0.000000000000000e+00
1.095473358306761e+00 1.418736163310822e-01 0.000000000000000e+00
1.095787517572120e+00 1.416078355262198e-01 0.000000000000000e+00
1.096101676837479e+00 1.413451531171548e-01 0.000000000000000e+00
1.096415836102838e+00 1.410856253835963e-01 0.000000000000000e+00
1.096729995368197e+00 1.408293077499660e-01 0.000000000000000e+00
1.097044154633556e+00 1.405762547715172e-01 0.000000000000000e+00
1.097358313898915e+00 1.403265201206904e-01 0.000000000000000e+00
1.097672473164274e+00 1.400801565737094e-01 0.000000000000000e+00
1.097986632429633e+00 1.398372159974175e-01 0.000000000000000e+00
1.098300791694992e+00 1.395977493363617e-01 0.000000000000000e+00
1.098614950960351e+00 1.393618066001230e-01 0.000000000000000e+00
1.098929110225710e+00 1.391294368509017e-01 0.000000000000000e+00
1.099243269491069e+00 1.389006881913564e-01 0.000000000000000e+00
1.099557428756428e+00 1.386756077526997e-01 0.000000000000000e+00
1.099871588021787e+00 1.384542416830582e-01 0.000000000000000e+00
1.100185747287145e+00 1.382366351360934e-01 0.000000000000000e+00
1.100499906552505e+00 1.380228322598897e-01 0.000000000000000e+00
1.100814065817864e+00 1.378128761861140e-01 0.000000000000000e+00
1.101128225083222e+00 1.376068090194441e-01 0.000000000000000e+00
1.101442384348581e+00 1.374046718272736e-01 0.000000000000000e+00
1.101756543613940e+00 1.372065046296936e-01 0.000000000000000e+00
1.102070702879299e+00 1.370123463897542e-01 0.000000000000000e+00
1.102384862144658e+00 1.368222350040059e-01 0.000000000000000e+00
1.102699021410017e+00 1.366362072933279e-01 0.000000000000000e+00
1.103013180675376e+00 1.364542989940404e-01 0.000000000000000e+00
1.103327339940735e+00 1.362765447493068e-01 0.000000000000000e+00
1.103641499206094e+00 1.361029781008251e-01 0.000000000000000e+00
1.103955658471453e+00 1.359336314808130e-01 0.000000000000000e+00
1.104269817736812e+00 1.357685362042866e-01 0.000000000000000e+00
1.104583977002171e+00 1.356077224616344e-01 0.000000000000000e+00
1.104898136267530e+00 1.354512193114920e-01 0.000000000000000e+00
1.105212295532889e+00 1.352990546739123e-01 0.000000000000000e+00
1.105526454798248e+00 1.351512553238402e-01 0.000000000000000e+00
1.105840614063607e+00 1.350078468848881e-01 0.000000000000000e+00
1.106154773328966e+00 1.348688538234160e-01 0.000000000000000e+00
1.106468932594325e+00 1.347342994429168e-01 0.000000000000000e+00
1.106783091859684e+00 1.346042058787085e-01 0.000000000000000e+00
1.107097251125043e+00 1.344785940929339e-01 0.000000000000000e+00
1.107411410390402e+00 1.343574838698683e-01 0.000000000000000e+00
1.107725569655761e+00 1.342408938115397e-01 0.000000000000000e+00
1.108039728921120e+00 1.341288413336568e-01 0.000000000000000e+00
1.108353888186479e+00 1.340213426618508e-01 0.000000000000000e+00
1.108668047451838e+00 1.339184128282283e-01 0.000000000000000e+00
1.108982206717197e+00 1.338200656682385e-01 0.000000000000000e+00
1.109296365982556e+00 1.337263138178536e-01 0.000000000000000e+00
1.109610525247915e+00 1.336371687110630e-01 0.000000000000000e+00
1.109924684513274e+00 1.335526405776833e-01 0.000000000000000e+00
1.110238843778633e+00 1.334727384414828e-01 0.000000000000000e+00
1.110553003043992e+00 1.333974701186205e-01 0.000000000000000e+00
1.110867162309351e+00 1.333268422164032e-01 0.000000000000000e+00
1.111181321574710e+00 1.332608601323554e-01 0.000000000000000e+00
1.111495480840069e+00 1.331995280536061e-01 0.000000000000000e+00
1.111809640105428e+00 1.331428489565923e-01 0.000000000000000e+00
1.112123799370787e+00 1.330908246070770e-01 0.000000000000000e+00
1.112437958636146e+00 1.330434555604814e-01 0.000000000000000e+00
1.112752117901505e+00 1.330007411625346e-01 0.000000000000000e+00
1.113066277166864e+00 1.329626795502364e-01 0.000000000000000e+00
1.113380436432223e+00 1.329292676531348e-01 0.000000000000000e+00
1.113694595697582e+00 1.329005011949162e-01 0.000000000000000e+00
1.114008754962941e+00 1.328763746953106e-01 0.000000000000000e+00
1.114322914228300e+00 1.328568814723066e-01 0.000000000000000e+00
1.114637073493659e+00 1.328420136446816e-01 0.000000000000000e+00
1.114951232759018e+00 1.328317621348382e-01 0.000000000000000e+00
1.115265392024376e+00 1.328261166719528e-01 0.000000000000000e+00
1.115579551289736e+00 1.328250657954352e-01 0.000000000000000e+00
1.115893710555095e+00 1.328285968586897e-01 0.000000000000000e+00
1.116207869820453e+00 1.328366960331897e-01 0.000000000000000e+00
1.116522029085812e+00 1.328493483128521e-01 0.000000000000000e+00
1.116836188351171e+00 1.328665375187186e-01 0.000000000000000e+00
1.117150347616530e+00 1.328882463039380e-01 0.000000000000000e+00
1.117464506881889e+00 1.329144561590499e-01 0.000000000000000e+00
1.117778666147248e+00 1.329451474175682e-01 0.000000000000000e+00
1.118092825412607e+00 1.329802992618614e-01 0.000000000000000e+00
1.118406984677966e+00 1.330198897293299e-01 0.000000000000000e+00
1.118721143943325e+00 1.330638957188766e-01 0.000000000000000e+00
1.119035303208684e+00 1.331122929976708e-01 0.000000000000000e+00
1.119349462474043e+00 1.331650562082013e-01 0.000000000000000e+00
1.119663621739402e+00 1.332221588756190e-01 0.000000000000000e+00
1.119977781004761e+00 1.332835734153655e-01 0.000000000000000e+00
1.120291940270120e+00 1.333492711410841e-01 0.000000000000000e+00
1.120606099535479e+00 1.334192222728164e-01 0.000000000000000e+00
1.120920258800838e+00 1.334933959454743e-01 0.000000000000000e+00
1.121234418066197e+00 1.335717602175917e-01 0.000000000000000e+00
1.121548577331556e+00 1.336542820803502e-01 0.000000000000000e+00
1.121862736596915e+00 1.337409274668769e-01 0.000000000000000e+00
1.122176895862274e+00 1.338316612618110e-01 0.000000000000000e+00
1.122491055127633e+00 1.339264473111403e-01 0.000000000000000e+00
1.122805214392992e+00 1.340252484322967e-01 0.000000000000000e+00
1.123119373658351e+00 1.341280264245185e-01 0.000000000000000e+00
1.123433532923710e+00 1.342347420794673e-01 0.000000000000000e+00
1.123747692189069e+00 1.343453551921031e-01 0.000000000000000e+00
1.124061851454428e+00 1.344598245718096e-01 0.000000000000000e+00
1.124376010719787e+00 1.345781080537710e-01 0.000000000000000e+00
1.124690169985146e+00 1.347001625105946e-01 0.000000000000000e+00
1.125004329250505e+00 1.348259438641761e-01 0.000000000000000e+00
1.125318488515864e+00 1.349554070978047e-01 0.000000000000000e+00
1.125632647781223e+00 1.350885062685071e-01 0.000000000000000e+00
1.125946807046582e+00 1.352251945196215e-01 0.000000000000000e+00
1.126260966311941e+00 1.353654240936036e-01 0.000000000000000e+00
1.126575125577300e+00 1.355091463450593e-01 0.000000000000000e+00
1.126889284842659e+00 1.356563117539985e-01 0.000000000000000e+00
1.127203444108018e+00 1.358068699393093e-01 0.000000000000000e+00
1.127517603373377e+00 1.359607696724484e-01 0.000000000000000e+00
1.127831762638736e+00 1.361179588913421e-01 0.000000000000000e+00
1.128145921904095e+00 1.362783847144965e-01 0.000000000000000e+00
1.128460081169454e+00 1.364419934553114e-01 0.000000000000000e+00
1.128774240434813e+00 1.366087306365953e-01 0.000000000000000e+00
1.129088399700172e+00 1.367785410052766e-01 0.000000000000000e+00
1.129402558965531e+00 1.369513685473069e-01 0.000000000000000e+00
1.129716718230890e+00 1.371271565027554e-01 0.000000000000000e+00
1.130030877496249e+00 1.373058473810843e-01 0.000000000000000e+00
1.130345036761607e+00 1.374873829766073e-01 0.000000000000000e+00
1.130659196026967e+00 1.376717043841242e-01 0.000000000000000e+00
1.130973355292326e+00 1.378587520147262e-01 0.000000000000000e+00
1.131287514557684e+00 1.380484656117713e-01 0.000000000000000e+00
1.131601673823043e+00 1.382407842670214e-01 0.000000000000000e+00
1.131915833088402e+00 1.384356464369403e-01 0.000000000000000e+00
1.132229992353762e+00 1.386329899591460e-01 0.000000000000000e+00
1.132544151619120e+00 1.388327520690135e-01 0.000000000000000e+00
1.132858310884479e+00 1.390348694164255e-01 0.000000000000000e+00
1.133172470149838e+00 1.392392780826615e-01 0.000000000000000e+00
1.133486629415197e+00 1.394459135974286e-01 0.000000000000000e+00
1.133800788680556e+00 1.396547109560216e-01 0.000000000000000e+00
1.134114947945915e+00 1.398656046366129e-01 0.000000000000000e+00
1.134429107211274e+00 1.400785286176657e-01 0.000000000000000e+00
1.134743266476633e+00 1.402934163954673e-01 0.000000000000000e+00
1.135057425741992e+00 1.405102010017744e-01 0.000000000000000e+00
1.135371585007351e+00 1.407288150215705e-01 0.000000000000000e+00
1.135685744272710e+00 1.409491906109287e-01 0.000000000000000e+00
1.135999903538069e+00 1.411712595149714e-01 0.000000000000000e+00
1.136314062803428e+00 1.413949530859300e-01 0.000000000000000e+00
1.136628222068787e+00 1.416202023012919e-01 0.000000000000000e+00
1.136942381334146e+00 1.418469377820367e-01 0.000000000000000e+00
1.137256540599505e+00 1.420750898109505e-01 0.000000000000000e+00
1.137570699864864e+00 1.423045883510194e-01 0.000000000000000e+00
1.137884859130223e+00 1.425353630638934e-01 0.000000000000000e+00
1.138199018395582e+00 1.427673433284165e-01 0.000000000000000e+00
1.138513177660941e+00 1.430004582592198e-01 0.000000000000000e+00
1.138827336926300e+00 1.432346367253718e-01 0.000000000000000e+00
1.139141496191659e+00 1.434698073690792e-01 0.000000000000000e+00
1.139455655457018e+00 1.437058986244369e-01 0.000000000000000e+00
1.139769814722377e+00 1.439428387362197e-01 0.000000000000000e+00
1.140083973987736e+00 1.441805557787103e-01 0.000000000000000e+00
1.140398133253095e+00 1.444189776745612e-01 0.000000000000000e+00
1.140712292518454e+00 1.446580322136840e-01 0.000000000000000e+00
1.141026451783813e+00 1.448976470721612e-01 0.000000000000000e+00
1.141340611049172e+00 1.451377498311744e-01 0.000000000000000e+00
1.141654770314531e+00 1.453782679959477e-01 0.000000000000000e+00
1.141968929579890e+00 1.456191290146973e-01 0.000000000000000e+00
1.142283088845249e+00 1.458602602975843e-01 0.000000000000000e+00
1.142597248110608e+00 1.461015892356652e-01 0.000000000000000e+00
1.142911407375967e+00 1.463430432198365e-01 0.000000000000000e+00
1.143225566641326e+00 1.465845496597663e-01 0.000000000000000e+00
1.143539725906685e+00 1.468260360028091e-01 0.000000000000000e+00
1.143853885172044e+00 1.470674297529003e-01 0.000000000000000e+00
1.144168044437403e+00 1.473086584894217e-01 0.000000000000000e+00
1.144482203702762e+00 1.475496498860374e-01 0.000000000000000e+00
1.144796362968121e+00 1.477903317294939e-01 0.000000000000000e+00
1.145110522233480e+00 1.480306319383752e-01 0.000000000000000e+00
1.145424681498838e+00 1.482704785818166e-01 0.000000000000000e+00
1.145738840764198e+00 1.485097998981642e-01 0.000000000000000e+00
1.146053000029557e+00 1.487485243135799e-01 0.000000000000000e+00
1.146367159294915e+00 1.489865804605852e-01 0.000000000000000e+00
1.146681318560274e+00 1.492238971965410e-01 0.000000000000000e+00
1.146995477825633e+00 1.494604036220550e-01 0.000000000000000e+00
1.147309637090993e+00 1.496960290993161e-01 0.000000000000000e+00
1.147623796356351e+00 1.499307032703484e-01 0.000000000000000e+00
1.147937955621710e+00 1.501643560751817e-01 0.000000000000000e+00
1.148252114887069e+00 1.503969177699304e-01 0.000000000000000e+00
1.148566274152428e+00 1.506283189447825e-01 0.000000000000000e+00
1.148880433417787e+00 1.508584905418882e-01 0.000000000000000e+00
1.149194592683146e+00 1.510873638731449e-01 0.000000000000000e+00
1.149508751948505e+00 1.513148706378765e-01 0.000000000000000e+00
1.149822911213864e+00 1.515409429404009e-01 0.000000000000000e+00
1.150137070479223e+00 1.517655133074778e-01 0.000000000000000e+00
1.150451229744582e+00 1.519885147056403e-01 0.000000000000000e+00
1.150765389009941e+00 1.522098805583977e-01 0.000000000000000e+00
1.151079548275300e+00 1.524295447633096e-01 0.000000000000000e+00
1.151393707540659e+00 1.526474417089254e-01 0.000000000000000e+00
1.151707866806018e+00 1.528635062915878e-01 0.000000000000000e+00
1.152022026071377e+00 1.530776739320887e-01 0.000000000000000e+00
1.152336185336736e+00 1.532898805921830e-01 0.000000000000000e+00
1.152650344602095e+00 1.535000627909485e-01 0.000000000000000e+00
1.152964503867454e+00 1.537081576209915e-01 0.000000000000000e+00
1.153278663132813e+00 1.539141027644919e-01 0.000000000000000e+00
1.153592822398172e+00 1.541178365090862e-01 0.000000000000000e+00
1.153906981663531e+00 1.543192977635812e-01 0.000000000000000e+00
1.154221140928890e+00 1.545184260734978e-01 0.000000000000000e+00
1.154535300194249e+00 1.547151616364379e-01 0.000000000000000e+00
1.154849459459608e+00 1.549094453172735e-01 0.000000000000000e+00
1.155163618724967e+00 1.551012186631500e-01 0.000000000000000e+00
1.155477777990326e+00 1.552904239183057e-01 0.000000000000000e+00
1.155791937255685e+00 1.554770040386979e-01 0.000000000000000e+00
1.156106096521044e+00 1.556609027064351e-01 0.000000000000000e+00
1.156420255786403e+00 1.558420643440128e-01 0.000000000000000e+00
1.156734415051762e+00 1.560204341283455e-01 0.000000000000000e+00
1.157048574317121e+00 1.561959580045937e-01 0.000000000000000e+00
1.157362733582480e+00 1.563685826997840e-01 0.000000000000000e+00
1.157676892847839e+00 1.565382557362152e-01 0.000000000000000e+00
1.157991052113198e+00 1.567049254446500e-01 0.000000000000000e+00
1.158305211378557e+00 1.568685409772867e-01 0.000000000000000e+00
1.158619370643916e+00 1.570290523205108e-01 0.000000000000000e+00
1.158933529909275e+00 1.571864103074206e-01 0.000000000000000e+00
1.159247689174634e+00 1.573405666301230e-01 0.000000000000000e+00
1.159561848439993e+00 1.574914738517998e-01 0.000000000000000e+00
1.159876007705352e+00 1.576390854185399e-01 0.000000000000000e+00
1.160190166970711e+00 1.577833556709320e-01 0.000000000000000e+00
1.160504326236069e+00 1.579242398554194e-01 0.000000000000000e+00
1.160818485501429e+00 1.580616941354108e-01 0.000000000000000e+00
1.161132644766788e+00 1.581956756021453e-01 0.000000000000000e+00
1.161446804032146e+00 1.583261422853086e-01 0.000000000000000e+00
1.161760963297505e+00 1.584530531634004e-01 0.000000000000000e+00
1.162075122562864e+00 1.585763681738449e-01 0.000000000000000e+00
1.162389281828224e+00 1.586960482228477e-01 0.000000000000000e+00
1.162703441093582e+00 1.588120551949942e-01 0.000000000000000e+00
1.163017600358941e+00 1.589243519625854e-01 0.000000000000000e+00
1.163331759624300e+00 1.590329023947126e-01 0.000000000000000e+00
1.163645918889659e+00 1.591376713660657e-01 0.000000000000000e+00
1.163960078155018e+00 1.592386247654744e-01 0.000000000000000e+00
1.164274237420377e+00 1.593357295041812e-01 0.000000000000000e+00
1.164588396685736e+00 1.594289535238396e-01 0.000000000000000e+00
1.164902555951095e+00 1.595182658042436e-01 0.000000000000000e+00
1.165216715216454e+00 1.596036363707778e-01 0.000000000000000e+00
1.165530874481813e+00 1.596850363015932e-01 0.000000000000000e+00
1.165845033747172e+00 1.597624377345030e-01 0.000000000000000e+00
1.166159193012531e+00 1.598358138735991e-01 0.000000000000000e+00
1.166473352277890e+00 1.599051389955859e-01 0.000000000000000e+00
1.166787511543249e+00 1.599703884558304e-01 0.000000000000000e+00
1.167101670808608e+00 1.600315386941299e-01 0.000000000000000e+00
1.167415830073967e+00 1.600885672401905e-01 0.000000000000000e+00
1.167729989339326e+00 1.601414527188208e-01 0.000000000000000e+00
1.168044148604685e+00 1.601901748548358e-01 0.000000000000000e+00
1.168358307870044e+00 1.602347144776712e-01 0.000000000000000e+00
1.168672467135403e+00 1.602750535257083e-01 0.000000000000000e+00
1.168986626400762e+00 1.603111750503062e-01 0.000000000000000e+00
1.169300785666121e+00 1.603430632195414e-01 0.000000000000000e+00
1.169614944931480e+00 1.603707033216550e-01 0.000000000000000e+00
1.169929104196839e+00 1.603940817682064e-01 0.000000000000000e+00
1.170243263462198e+00 1.604131860969299e-01 0.000000000000000e+00
1.170557422727557e+00 1.604280049742998e-01 0.000000000000000e+00
1.170871581992916e+00 1.604385281977967e-01 0.000000000000000e+00
1.171185741258275e+00 1.604447466978792e-01 0.000000000000000e+00
1.171499900523634e+00 1.604466525396595e-01 0.000000000000000e+00
1.171814059788993e+00 1.604442389242813e-01 0.000000000000000e+00
1.172128219054352e+00 1.604375001900015e-01 0.000000000000000e+00
1.172442378319711e+00 1.604264318129754e-01 0.000000000000000e+00
1.172756537585070e+00 1.604110304077441e-01 0.000000000000000e+00
1.173070696850429e+00 1.603912937274251e-01 0.000000000000000e+00
1.173384856115788e+00 1.603672206636068e-01 0.000000000000000e+00
1.173699015381147e+00 1.603388112459462e-01 0.000000000000000e+00
1.174013174646506e+00 1.603060666414692e-01 0.000000000000000e+00
1.174327333911865e+00 1.602689891535771e-01 0.000000000000000e+00
1.174641493177224e+00 1.602275822207554e-01 0.000000000000000e+00
1.174955652442583e+00 1.601818504149895e-01 0.000000000000000e+00
1.175269811707942e+00 1.601317994398846e-01 0.000000000000000e+00
1.175583970973300e+00 1.600774361284928e-01 0.000000000000000e+00
1.175898130238660e+00 1.600187684408465e-01 0.000000000000000e+00
1.176212289504019e+00 1.599558054612001e-01 0.000000000000000e+00
1.176526448769378e+00 1.598885573949812e-01 0.000000000000000e+00
1.176840608034736e+00 1.598170355654492e-01 0.000000000000000e+00
1.177154767300095e+00 1.597412524100672e-01 0.000000000000000e+00
1.177468926565455e+00 1.596612214765843e-01 0.000000000000000e+00
1.177783085830813e+00 1.595769574188316e-01 0.000000000000000e+00
1.178097245096172e+00 1.594884759922316e-01 0.000000000000000e+00
1.178411404361531e+00 1.593957940490244e-01 0.000000000000000e+00
1.178725563626890e+00 1.592989295332108e-01 0.000000000000000e+00
1.179039722892249e+00 1.591979014752127e-01 0.000000000000000e+00
1.179353882157608e+00 1.590927299862554e-01 0.000000000000000e+00
1.179668041422967e+00 1.589834362524707e-01 0.000000000000000e+00
1.179982200688326e+00 1.588700425287229e-01 0.000000000000000e+00
1.180296359953685e+00 1.587525721321612e-01 0.000000000000000e+00
1.180610519219044e+00 1.586310494354991e-01 0.000000000000000e+00
1.180924678484403e+00 1.585054998600210e-01 0.000000000000000e+00
1.181238837749762e+00 1.583759498683223e-01 0.000000000000000e+00
1.181552997015121e+00 1.582424269567806e-01 0.000000000000000e+00
1.181867156280480e+00 1.581049596477630e-01 0.000000000000000e+00
1.182181315545839e+00 1.579635774815697e-01 0.000000000000000e+00
1.182495474811198e+00 1.578183110081193e-01 0.000000000000000e+00
1.182809634076557e+00 1.576691917783726e-01 0.000000000000000e+00
1.183123793341916e+00 1.575162523355043e-01 0.000000000000000e+00
1.183437952607275e+00 1.573595262058186e-01 0.000000000000000e+00
1.183752111872634e+00 1.571990478894157e-01 0.000000000000000e+00
1.184066271137993e+00 1.570348528506095e-01 0.000000000000000e+00
1.184380430403352e+00 1.568669775080991e-01 0.000000000000000e+00
1.184694589668711e+00 1.566954592248994e-01 0.000000000000000e+00
1.185008748934070e+00 1.565203362980293e-01 0.000000000000000e+00
1.185322908199429e+00 1.563416479479638e-01 0.000000000000000e+00
1.185637067464788e+00 1.561594343078526e-01 0.000000000000000e+00
1.185951226730147e+00 1.559737364125048e-01 0.000000000000000e+00
1.186265385995506e+00 1.557845961871479e-01 0.000000000000000e+00
1.186579545260865e+00 1.555920564359599e-01 0.000000000000000e+00
1.186893704526224e+00 1.553961608303793e-01 0.000000000000000e+00
1.187207863791583e+00 1.551969538971958e-01 0.000000000000000e+00
1.187522023056942e+00 1.549944810064266e-01 0.000000000000000e+00
1.187836182322301e+00 1.547887883589786e-01 0.000000000000000e+00
1.188150341587660e+00 1.545799229741011e-01 0.000000000000000e+00
1.188464500853019e+00 1.543679326766351e-01 0.000000000000000e+00
1.188778660118378e+00 1.541528660840573e-01 0.000000000000000e+00
1.189092819383737e+00 1.539347725933267e-01 0.000000000000000e+00
1.189406978649096e+00 1.537137023675360e-01 0.000000000000000e+00
1.189721137914455e+00 1.534897063223707e-01 0.000000000000000e+00
1.190035297179814e+00 1.532628361123796e-01 0.000000000000000e+00
1.190349456445173e+00 1.530331441170625e-01 0.000000000000000e+00
1.190663615710531e+00 1.528006834267754e-01 0.000000000000000e+00
1.190977774975891e+00 1.525655078284596e-01 0.000000000000000e+00
1.191291934241250e+00 1.523276717911977e-01 0.000000000000000e+00
1.191606093506609e+00 1.520872304516009e-01 0.000000000000000e+00
1.191920252771967e+00 1.518442395990288e-01 0.000000000000000e+00
1.192234412037326e+00 1.515987556606499e-01 0.000000000000000e+00
1.192548571302686e+00 1.513508356863450e-01 0.000000000000000e+00
1.192862730568044e+00 1.511005373334547e-01 0.000000000000000e+00
1.193176889833403e+00 1.508479188513798e-01 0.000000000000000e+00
1.193491049098762e+00 1.505930390660356e-01 0.000000000000000e+00
1.193805208364121e+00 1.503359573641651e-01 0.000000000000000e+00
1.194119367629480e+00 1.500767336775154e-01 0.000000000000000e+00
1.194433526894839e+00 1.498154284668815e-01 0.000000000000000e+00
1.194747686160198e+00 1.495521027060207e-01 0.000000000000000e+00
1.195061845425557e+00 1.492868178654438e-01 0.000000000000000e+00
1.195376004690916e+00 1.490196358960861e-01 0.000000000000000e+00
1.195690163956275e+00 1.487506192128623e-01 0.000000000000000e+00
1.196004323221634e+00 1.484798306781092e-01 0.000000000000000e+00
1.196318482486993e+00 1.482073335849256e-01 0.000000000000000e+00
1.196632641752352e+00 1.479331916404036e-01 0.000000000000000e+00
1.196946801017711e+00 1.476574689487664e-01 0.000000000000000e+00
1.197260960283070e+00 1.473802299944106e-01 0.000000000000000e+00
1.197575119548429e+00 1.471015396248592e-01 0.000000000000000e+00
1.197889278813788e+00 1.468214630336321e-01 0.000000000000000e+00
1.198203438079147e+00 1.465400657430316e-01 0.000000000000000e+00
1.198517597344506e+00 1.462574135868585e-01 0.000000000000000e+00
1.198831756609865e+00 1.459735726930514e-01 0.000000000000000e+00
1.199145915875224e+00 1.456886094662632e-01 0.000000000000000e+00
1.199460075140583e+00 1.454025905703739e-01 0.000000000000000e+00
1.199774234405942e+00 1.451155829109466e-01 0.000000000000000e+00
1.200088393671301e+00 1.448276536176300e-01 0.000000000000000e+00
1.200402552936660e+00 1.445388700265141e-01 0.000000000000000e+00
1.200716712202019e+00 1.442492996624408e-01 0.000000000000000e+00
1.201030871467378e+00 1.439590102212761e-01 0.000000000000000e+00
1.201345030732737e+00 1.436680695521489e-01 0.000000000000000e+00
1.201659189998096e+00 1.433765456396583e-01 0.000000000000000e+00
1.201973349263455e+00 1.430845065860588e-01 0.000000000000000e+00
1.202287508528814e+00 1.427920205934202e-01 0.000000000000000e+00
1.202601667794173e+00 1.424991559457788e-01 0.000000000000000e+00
1.202915827059532e+00 1.422059809912705e-01 0.000000000000000e+00
1.203229986324891e+00 1.419125641242618e-01 0.000000000000000e+00
1.203544145590250e+00 1.416189737674790e-01 0.000000000000000e+00
1.203858304855609e+00 1.413252783541379e-01 0.000000000000000e+00
1.204172464120968e+00 1.410315463100824e-01 0.000000000000000e+00
1.204486623386327e+00 1.407378460359368e-01 0.000000000000000e+00
1.204800782651686e+00 1.404442458892725e-01 0.000000000000000e+00
1.205114941917045e+00 1.401508141667968e-01 0.000000000000000e+00
1.205429101182404e+00 1.398576190865696e-01 0.000000000000000e+00
1.205743260447762e+00 1.395647287702487e-01 0.000000000000000e+00
1.206057419713122e+00 1.392722112253708e-01 0.000000000000000e+00
1.206371578978481e+00 1.389801343276741e-01 0.000000000000000e+00
1.206685738243840e+00 1.386885658034628e-01 0.000000000000000e+00
1.206999897509198e+00 1.383975732120233e-01 0.000000000000000e+00
1.207314056774557e+00 1.381072239280917e-01 0.000000000000000e+00
1.207628216039917e+00 1.378175851243808e-01 0.000000000000000e+00
1.207942375305275e+00 1.375287237541709e-01 0.000000000000000e+00
1.208256534570634e+00 1.372407065339632e-01 0.000000000000000e+00
1.208570693835993e+00 1.369535999262117e-01 0.000000000000000e+00
1.208884853101352e+00 1.366674701221250e-01 0.000000000000000e+00
1.209199012366711e+00 1.363823830245516e-01 0.000000000000000e+00
1.209513171632070e+00 1.360984042309505e-01 0.000000000000000e+00
1.209827330897429e+00 1.358155990164500e-01 0.000000000000000e+00
1.210141490162788e+00 1.355340323169994e-01 0.000000000000000e+00
1.210455649428147e+00 1.352537687126217e-01 0.000000000000000e+00
1.210769808693506e+00 1.349748724107653e-01 0.000000000000000e+00
1.211083967958865e+00 1.346974072297646e-01 0.000000000000000e+00
1.211398127224224e+00 1.344214365824097e-01 0.000000000000000e+00
1.211712286489583e+00 1.341470234596330e-01 0.000000000000000e+00
1.212026445754942e+00 1.338742304143140e-01 0.000000000000000e+00
1.212340605020301e+00 1.336031195452064e-01 0.000000000000000e+00
1.212654764285660e+00 1.333337524809957e-01 0.000000000000000e+00
1.212968923551019e+00 1.330661903644854e-01 0.000000000000000e+00
1.213283082816378e+00 1.328004938369202e-01 0.000000000000000e+00
1.213597242081737e+00 1.325367230224488e-01 0.000000000000000e+00
1.213911401347096e+00 1.322749375127300e-01 0.000000000000000e+00
1.214225560612455e+00 1.320151963516867e-01 0.000000000000000e+00
1.214539719877814e+00 1.317575580204108e-01 0.000000000000000e+00
1.214853879143173e+00 1.315020804222237e-01 0.000000000000000e+00
1.215168038408532e+00 1.312488208678958e-01 0.000000000000000e+00
1.215482197673891e+00 1.309978360610285e-01 0.000000000000000e+00
1.215796356939250e+00 1.307491820836039e-01 0.000000000000000e+00
1.216110516204609e+00 1.305029143817025e-01 0.000000000000000e+00
1.216424675469968e+00 1.302590877513967e-01 0.000000000000000e+00
1.216738834735327e+00 1.300177563248213e-01 0.000000000000000e+00
1.217052994000686e+00 1.297789735564243e-01 0.000000000000000e+00
1.217367153266045e+00 1.295427922094018e-01 0.000000000000000e+00
1.217681312531404e+00 1.293092643423225e-01 0.000000000000000e+00
1.217995471796763e+00 1.290784412959417e-01 0.000000000000000e+00
1.218309631062122e+00 1.288503736802092e-01 0.000000000000000e+00
1.218623790327481e+00 1.286251113614788e-01 0.000000000000000e+00
1.218937949592840e+00 1.284027034499133e-01 0.000000000000000e+00
1.219252108858199e+00 1.281831982870984e-01 0.000000000000000e+00
1.219566268123558e+00 1.279666434338614e-01 0.000000000000000e+00
1.219880427388917e+00 1.277530856583007e-01 0.000000000000000e+00
1.220194586654276e+00 1.275425709240290e-01 0.000000000000000e+00
1.220508745919635e+00 1.273351443786329e-01 0.000000000000000e+00
1.220822905184994e+00 1.271308503423506e-01 0.000000000000000e+00
1.221137064450353e+00 1.269297322969736e-01 0.000000000000000e+00
1.221451223715712e+00 1.267318328749698e-01 0.000000000000000e+00
1.221765382981071e+00 1.265371938488387e-01 0.000000000000000e+00
1.222079542246429e+00 1.263458561206926e-01 0.000000000000000e+00
1.222393701511788e+00 1.261578597120721e-01 0.000000000000000e+00
1.222707860777148e+00 1.259732437539976e-01 0.000000000000000e+00
1.223022020042506e+00 1.257920464772567e-01 0.000000000000000e+00
1.223336179307865e+00 1.256143052029334e-01 0.000000000000000e+00
1.223650338573224e+00 1.254400563331783e-01 0.000000000000000e+00
1.223964497838583e+00 1.252693353422249e-01 0.000000000000000e+00
1.224278657103942e+00 1.251021767676503e-01 0.000000000000000e+00
1.224592816369301e+00 1.249386142018887e-01 0.000000000000000e+00
1.224906975634660e+00 1.247786802839923e-01 0.000000000000000e+00
1.225221134900019e+00 1.246224066916471e-01 0.000000000000000e+00
1.225535294165378e+00 1.244698241334440e-01 0.000000000000000e+00
1.225849453430737e+00 1.243209623414051e-01 0.000000000000000e+00
1.226163612696096e+00 1.241758500637712e-01 0.000000000000000e+00
1.226477771961455e+00 1.240345150580469e-01 0.000000000000000e+00
1.226791931226814e+00 1.238969840843103e-01 0.000000000000000e+00
1.227106090492173e+00 1.237632828987846e-01 0.000000000000000e+00
1.227420249757532e+00 1.236334362476758e-01 0.000000000000000e+00
1.227734409022891e+00 1.235074678612776e-01 0.000000000000000e+00
1.228048568288250e+00 1.233854004483421e-01 0.000000000000000e+00
1.228362727553609e+00 1.232672556907227e-01 0.000000000000000e+00
1.228676886818968e+00 1.231530542382858e-01 0.000000000000000e+00
1.228991046084327e+00 1.230428157040949e-01 0.000000000000000e+00
1.229305205349686e+00 1.229365586598676e-01 0.000000000000000e+00
1.229619364615045e+00 1.228343006317063e-01 0.000000000000000e+00
1.229933523880404e+00 1.227360580961040e-01 0.000000000000000e+00
1.230247683145763e+00 1.226418464762258e-01 0.000000000000000e+00
1.230561842411122e+00 1.225516801384668e-01 0.000000000000000e+00
1.230876001676481e+00 1.224655723892878e-01 0.000000000000000e+00
1.231190160941840e+00 1.223835354723292e-01 0.000000000000000e+00
1.231504320207199e+00 1.223055805658013e-01 0.000000000000000e+00
1.231818479472558e+00 1.222317177801578e-01 0.000000000000000e+00
1.232132638737917e+00 1.221619561560444e-01 0.000000000000000e+00
1.232446798003276e+00 1.220963036625313e-01 0.000000000000000e+00
1.232760957268635e+00 1.220347671956229e-01 0.000000000000000e+00
1.233075116533994e+00 1.219773525770498e-01 0.000000000000000e+00
1.233389275799353e+00 1.219240645533409e-01 0.000000000000000e+00
1.233703435064712e+00 1.218749067951758e-01 0.000000000000000e+00
1.234017594330071e+00 1.218298818970194e-01 0.000000000000000e+00
1.234331753595430e+00 1.217889913770355e-01 0.000000000000000e+00
1.234645912860789e+00 1.217522356772815e-01 0.000000000000000e+00
1.234960072126148e+00 1.217196141641842e-01 0.000000000000000e+00
1.235274231391507e+00 1.216911251292949e-01 0.000000000000000e+00
1.235588390656866e+00 1.216667657903251e-01 0.000000000000000e+00
1.235902549922225e+00 1.216465322924591e-01 0.000000000000000e+00
1.236216709187584e+00 1.216304197099496e-01 0.000000000000000e+00
1.236530868452943e+00 1.216184220479871e-01 0.000000000000000e+00
1.236845027718302e+00 1.216105322448503e-01 0.000000000000000e+00
1.237159186983660e+00 1.216067421743316e-01 0.000000000000000e+00
1.237473346249020e+00 1.216070426484386e-01 0.000000000000000e+00
1.237787505514379e+00 1.216114234203728e-01 0.000000000000000e+00
1.238101664779737e+00 1.216198731877794e-01 0.000000000000000e+00
1.238415824045096e+00 1.216323795962743e-01 0.000000000000000e+00
1.238729983310455e+00 1.216489292432397e-01 0.000000000000000e+00
1.239044142575814e+00 1.216695076818932e-01 0.000000000000000e+00
1.239358301841173e+00 1.216940994256268e-01 0.000000000000000e+00
1.239672461106532e+00 1.217226879526118e-01 0.000000000000000e+00
1.239986620371891e+00 1.217552557106759e-01 0.000000000000000e+00
1.240300779637250e+00 1.217917841224405e-01 0.000000000000000e+00
1.240614938902609e+00 1.218322535907274e-01 0.000000000000000e+00
1.240929098167968e+00 1.218766435042253e-01 0.000000000000000e+00
1.241243257433327e+00 1.219249322434178e-01 0.000000000000000e+00
1.241557416698686e+00 1.219770971867732e-01 0.000000000000000e+00
1.241871575964045e+00 1.220331147171889e-01 0.000000000000000e+00
1.242185735229404e+00 1.220929602286940e-01 0.000000000000000e+00
1.242499894494763e+00 1.221566081334055e-01 0.000000000000000e+00
1.242814053760122e+00 1.222240318687361e-01 0.000000000000000e+00
1.243128213025481e+00 1.222952039048526e-01 0.000000000000000e+00
1.243442372290840e+00 1.223700957523822e-01 0.000000000000000e+00
1.243756531556199e+00 1.224486779703650e-01 0.000000000000000e+00
1.244070690821558e+00 1.225309201744495e-01 0.000000000000000e+00
1.244384850086917e+00 1.226167910453305e-01 0.000000000000000e+00
1.244699009352276e+00 1.227062583374249e-01 0.000000000000000e+00
1.245013168617635e+00 1.227992888877858e-01 0.000000000000000e+00
1.245327327882994e+00 1.228958486252493e-01 0.000000000000000e+00
1.245641487148353e+00 1.229959025798138e-01 0.000000000000000e+00
1.245955646413712e+00 1.230994148922487e-01 0.000000000000000e+00
1.246269805679071e+00 1.232063488239294e-01 0.000000000000000e+00
1.246583964944430e+00 1.233166667668957e-01 0.000000000000000e+00
1.246898124209789e+00 1.234303302541328e-01 0.000000000000000e+00
1.247212283475148e+00 1.235472999700685e-01 0.000000000000000e+00
1.247526442740507e+00 1.236675357612881e-01 0.000000000000000e+00
1.247840602005866e+00 1.237909966474599e-01 0.000000000000000e+00
1.248154761271225e+00 1.239176408324723e-01 0.000000000000000e+00
1.248468920536584e+00 1.240474257157759e-01 0.000000000000000e+00
1.248783079801943e+00 1.241803079039300e-01 0.000000000000000e+00
1.249097239067302e+00 1.243162432223489e-01 0.000000000000000e+00
1.249411398332661e+00 1.244551867272466e-01 0.000000000000000e+00
1.249725557598020e+00 1.245970927177742e-01 0.000000000000000e+00
1.250039716863379e+00 1.247419147483490e-01 0.000000000000000e+00
1.250353876128738e+00 1.248896056411705e-01 0.000000000000000e+00
1.250668035394097e+00 1.250401174989215e-01 0.000000000000000e+00
1.250982194659456e+00 1.251934017176484e-01 0.000000000000000e+00
1.251296353924815e+00 1.253494089998201e-01 0.000000000000000e+00
1.251610513190174e+00 1.255080893675602e-01 0.000000000000000e+00
1.251924672455533e+00 1.256693921760485e-01 0.000000000000000e+00
1.252238831720891e+00 1.258332661270913e-01 0.000000000000000e+00
1.252552990986251e+00 1.259996592828527e-01 0.000000000000000e+00
1.252867150251610e+00 1.261685190797458e-01 0.000000000000000e+00
1.253181309516968e+00 1.263397923424802e-01 0.000000000000000e+00
1.253495468782327e+00 1.265134252982609e-01 0.000000000000000e+00
1.253809628047686e+00 1.266893635911352e-01 0.000000000000000e+00
1.254123787313045e+00 1.268675522964836e-01 0.000000000000000e+00
1.254437946578404e+00 1.270479359356534e-01 0.000000000000000e+00
1.254752105843763e+00 1.272304584907254e-01 0.000000000000000e+00
1.255066265109122e+00 1.274150634194154e-01 0.000000000000000e+00
1.255380424374481e+00 1.276016936701045e-01 0.000000000000000e+00
1.255694583639840e+00 1.277902916969940e-01 0.000000000000000e+00
1.256008742905199e+00 1.279807994753795e-01 0.000000000000000e+00
1.256322902170558e+00 1.281731585170436e-01 0.000000000000000e+00
1.256637061435917e+00 1.283673098857609e-01 0.000000000000000e+00
1.256951220701276e+00 1.285631942129103e-01 0.000000000000000e+00
1.257265379966635e+00 1.287607517131926e-01 0.000000000000000e+00
1.257579539231994e+00 1.289599222004484e-01 0.000000000000000e+00
1.257893698497353e+00 1.291606451035725e-01 0.000000000000000e+00
1.258207857762712e+00 1.293628594825179e-01 0.000000000000000e+00
1.258522017028071e+00 1.295665040443914e-01 0.000000000000000e+00
1.258836176293430e+00 1.297715171596276e-01 0.000000000000000e+00
1.259150335558789e+00 1.299778368782469e-01 0.000000000000000e+00
1.259464494824148e+00 1.301854009461861e-01 0.000000000000000e+00
1.259778654089507e+00 1.303941468216979e-01 0.000000000000000e+00
1.260092813354866e+00 1.306040116918213e-01 0.000000000000000e+00
1.260406972620225e+00 1.308149324889080e-01 0.000000000000000e+00
1.260721131885584e+00 1.310268459072131e-01 0.000000000000000e+00
1.261035291150943e+00 1.312396884195328e-01 0.000000000000000e+00
1.261349450416302e+00 1.314533962938947e-01 0.000000000000000e+00
1.261663609681661e+00 1.316679056102928e-01 0.000000000000000e+00
1.261977768947020e+00 1.318831522774598e-01 0.000000000000000e+00
1.262291928212379e+00 1.320990720496777e-01 0.000000000000000e+00
1.262606087477738e+00 1.323156005436198e-01 0.000000000000000e+00
1.262920246743097e+00 1.325326732552179e-01 0.000000000000000e+00
1.263234406008456e+00 1.327502255765534e-01 0.000000000000000e+00
1.263548565273815e+00 1.329681928127666e-01 0.000000000000000e+00
1.263862724539174e+00 1.331865101989781e-01 0.000000000000000e+00
1.264176883804533e+00 1.334051129172225e-01 0.000000000000000e+00
1.264491043069892e+00 1.336239361133843e-01 0.000000000000000e+00
1.264805202335251e+00 1.338429149141356e-01 0.000000000000000e+00
1.265119361600610e+00 1.340619844438686e-01 0.000000000000000e+00
1.265433520865969e+00 1.342810798416225e-01 0.000000000000000e+00
1.265747680131328e+00 1.345001362779949e-01 0.000000000000000e+00
1.266061839396687e+00 1.347190889720372e-01 0.000000000000000e+00
1.266375998662046e+00 1.349378732081276e-01 0.000000000000000e+00
1.266690157927405e+00 1.351564243528214e-01 0.000000000000000e+00
1.267004317192764e+00 1.353746778716659e-01 0.000000000000000e+00
1.267318476458122e+00 1.355925693459849e-01 0.000000000000000e+00
1.267632635723482e+00 1.358100344896228e-01 0.000000000000000e+00
1.267946794988841e+00 1.360270091656444e-01 0.000000000000000e+00
1.268260954254199e+00 1.362434294029883e-01 0.000000000000000e+00
1.268575113519558e+00 1.364592314130690e-01 0.000000000000000e+00
1.268889272784917e+00 1.366743516063199e-01 0.000000000000000e+00
1.269203432050276e+00 1.368887266086789e-01 0.000000000000000e+00
1.269517591315635e+00 1.371022932780076e-01 0.000000000000000e+00
1.269831750580994e+00 1.373149887204415e-01 0.000000000000000e+00
1.270145909846353e+00 1.375267503066671e-01 0.000000000000000e+00
1.270460069111712e+00 1.377375156881219e-01 0.000000000000000e+00
1.270774228377071e+00 1.379472228131127e-01 0.000000000000000e+00
1.271088387642430e+00 1.381558099428468e-01 0.000000000000000e+00
1.271402546907789e+00 1.383632156673757e-01 0.000000000000000e+00
1.271716706173148e+00 1.385693789214428e-01 0.000000000000000e+00
1.272030865438507e+00 1.387742390002328e-01 0.000000000000000e+00
1.272345024703866e+00 1.389777355750207e-01 0.000000000000000e+00
1.272659183969225e+00 1.391798087087143e-01 0.000000000000000e+00
1.272973343234584e+00 1.393803988712838e-01 0.000000000000000e+00
1.273287502499943e+00 1.395794469550805e-01 0.000000000000000e+00
1.273601661765302e+00 1.397768942900374e-01 0.000000000000000e+00
1.273915821030661e+00 1.399726826587443e-01 0.000000000000000e+00
1.274229980296020e+00 1.401667543114009e-01 0.000000000000000e+00
1.274544139561379e+00 1.403590519806392e-01 0.000000000000000e+00
1.274858298826738e+00 1.405495188962106e-01 0.000000000000000e+00
1.275172458092097e+00 1.407380987995387e-01 0.000000000000000e+00
1.275486617357456e+00 1.409247359581285e-01 0.000000000000000e+00
1.275800776622815e+00 1.411093751798335e-01 0.000000000000000e+00
1.276114935888174e+00 1.412919618269718e-01 0.000000000000000e+00
1.276429095153533e+00 1.414724418302929e-01 0.000000000000000e+00
1.276743254418892e+00 1.416507617027880e-01 0.000000000000000e+00
1.277057413684251e+00 1.418268685533405e-01 0.000000000000000e+00
1.277371572949610e+00 1.420007101002157e-01 0.000000000000000e+00
1.277685732214969e+00 1.421722346843846e-01 0.000000000000000e+00
1.277999891480328e+00 1.423413912826760e-01 0.000000000000000e+00
1.278314050745687e+00 1.425081295207596e-01 0.000000000000000e+00
1.278628210011046e+00 1.426723996859515e-01 0.000000000000000e+00
1.278942369276405e+00 1.428341527398392e-01 0.000000000000000e+00
1.279256528541764e+00 1.429933403307278e-01 0.000000000000000e+00
1.279570687807123e+00 1.431499148058973e-01 0.000000000000000e+00
1.279884847072482e+00 1.433038292236737e-01 0.000000000000000e+00
1.280199006337841e+00 1.434550373653076e-01 0.000000000000000e+00
1.280513165603200e+00 1.436034937466575e-01 0.000000000000000e+00
1.280827324868559e+00 1.437491536296781e-01 0.000000000000000e+00
1.281141484133918e+00 1.438919730337050e-01 0.000000000000000e+00
1.281455643399277e+00 1.440319087465382e-01 0.000000000000000e+00
1.281769802664636e+00 1.441689183353194e-01 0.000000000000000e+00
1.282083961929995e+00 1.443029601572001e-01 0.000000000000000e+00
1.282398121195353e+00 1.444339933697978e-01 0.000000000000000e+00
1.282712280460713e+00 1.445619779414402e-01 0.000000000000000e+00
1.283026439726072e+00 1.446868746611898e-01 0.000000000000000e+00
1.283340598991430e+00 1.448086451486519e-01 0.000000000000000e+00
1.283654758256789e+00 1.449272518635604e-01 0.000000000000000e+00
1.283968917522148e+00 1.450426581151390e-01 0.000000000000000e+00
1.284283076787507e+00 1.451548280712362e-01 0.000000000000000e+00
1.284597236052866e+00 1.452637267672339e-01 0.000000000000000e+00
1.284911395318225e+00 1.453693201147216e-01 0.000000000000000e+00
1.285225554583584e+00 1.454715749099411e-01 0.000000000000000e+00
1.285539713848943e+00 1.455704588419947e-01 0.000000000000000e+00
1.285853873114302e+00 1.456659405008165e-01 0.000000000000000e+00
1.286168032379661e+00 1.457579893849050e-01 0.000000000000000e+00
1.286482191645020e+00 1.458465759088154e-01 0.000000000000000e+00
1.286796350910379e+00 1.459316714104081e-01 0.000000000000000e+00
1.287110510175738e+00 1.460132481578538e-01 0.000000000000000e+00
1.287424669441097e+00 1.460912793563929e-01 0.000000000000000e+00
1.287738828706456e+00 1.461657391548453e-01 0.000000000000000e+00
1.288052987971815e+00 1.462366026518728e-01 0.000000000000000e+00
1.288367147237174e+00 1.463038459019905e-01 0.000000000000000e+00
1.288681306502533e+00 1.463674459213242e-01 0.000000000000000e+00
1.288995465767892e+00 1.464273806931169e-01 0.000000000000000e+00
1.289309625033251e+00 1.464836291729776e-01 0.000000000000000e+00
1.289623784298610e+00 1.465361712938767e-01 0.000000000000000e+00
1.289937943563969e+00 1.465849879708814e-01 0.000000000000000e+00
1.290252102829328e+00 1.466300611056354e-01 0.000000000000000e+00
1.290566262094687e+00 1.466713735905764e-01 0.000000000000000e+00
1.290880421360046e+00 1.467089093128950e-01 0.000000000000000e+00
1.291194580625405e+00 1.467426531582323e-01 0.000000000000000e+00
1.291508739890764e+00 1.467725910141134e-01 0.000000000000000e+00
1.291822899156123e+00 1.467987097731218e-01 0.000000000000000e+00
1.292137058421482e+00 1.468209973358051e-01 0.000000000000000e+00
1.292451217686841e+00 1.468394426133204e-01 0.000000000000000e+00
1.292765376952200e+00 1.468540355298147e-01 0.000000000000000e+00
1.293079536217559e+00 1.468647670245367e-01 0.000000000000000e+00
1.293393695482918e+00 1.468716290536873e-01 0.000000000000000e+00
1.293707854748277e+00 1.468746145920004e-01 0.000000000000000e+00
1.294022014013636e+00 1.468737176340598e-01 0.000000000000000e+00
1.294336173278995e+00 1.468689331953488e-01 0.000000000000000e+00
1.294650332544354e+00 1.468602573130323e-01 0.000000000000000e+00
1.294964491809713e+00 1.468476870464734e-01 0.000000000000000e+00
1.295278651075072e+00 1.468312204774826e-01 0.000000000000000e+00
1.295592810340431e+00 1.468108567103006e-01 0.000000000000000e+00
1.295906969605790e+00 1.467865958713142e-01 0.000000000000000e+00
1.296221128871149e+00 1.467584391085066e-01 0.000000000000000e+00
1.296535288136508e+00 1.467263885906404e-01 0.000000000000000e+00
1.296849447401867e+00 1.466904475061766e-01 0.000000000000000e+00
1.297163606667226e+00 1.466506200619264e-01 0.000000000000000e+00
1.297477765932584e+00 1.466069114814402e-01 0.000000000000000e+00
1.297791925197944e+00 1.465593280031307e-01 0.000000000000000e+00
1.298106084463303e+00 1.465078768781330e-01 0.000000000000000e+00
1.298420243728661e+00 1.464525663679022e-01 0.000000000000000e+00
1.298734402994020e+00 1.463934057415478e-01 0.000000000000000e+00
1.299048562259379e+00 1.463304052729076e-01 0.000000000000000e+00
1.299362721524739e+00 1.462635762373614e-01 0.000000000000000e+00
1.299676880790097e+00 1.461929309083840e-01 0.000000000000000e+00
1.299991040055456e+00 1.461184825538398e-01 0.000000000000000e+00
1.300305199320815e+00 1.460402454320223e-01 0.000000000000000e+00
1.300619358586174e+00 1.459582347874345e-01 0.000000000000000e+00
1.300933517851533e+00 1.458724668463150e-01 0.000000000000000e+00
1.301247677116892e+00 1.457829588119124e-01 0.000000000000000e+00
1.301561836382251e+00 1.456897288595048e-01 0.000000000000000e+00
1.301875995647610e+00 1.455927961311690e-01 0.000000000000000e+00
1.302190154912969e+00 1.454921807303021e-01 0.000000000000000e+00
1.302504314178328e+00 1.453879037158923e-01 0.000000000000000e+00
1.302818473443687e+00 1.452799870965454e-01 0.000000000000000e+00
1.303132632709046e+00 1.451684538242672e-01 0.000000000000000e+00
1.303446791974405e+00 1.450533277880003e-01 0.000000000000000e+00
1.303760951239764e+00 1.449346338069228e-01 0.000000000000000e+00
1.304075110505123e+00 1.448123976235062e-01 0.000000000000000e+00
1.304389269770482e+00 1.446866458963367e-01 0.000000000000000e+00
1.304703429035841e+00 1.445574061927009e-01 0.000000000000000e+00
1.305017588301200e+00 1.444247069809383e-01 0.000000000000000e+00
1.305331747566559e+00 1.442885776225626e-01 0.000000000000000e+00
1.305645906831918e+00 1.441490483641550e-01 0.000000000000000e+00
1.305960066097277e+00 1.440061503290282e-01 0.000000000000000e+00
1.306274225362636e+00 1.438599155086706e-01 0.000000000000000e+00
1.306588384627995e+00 1.437103767539623e-01 0.000000000000000e+00
1.306902543893354e+00 1.435575677661774e-01 0.000000000000000e+00
1.307216703158713e+00 1.434015230877641e-01 0.000000000000000e+00
1.307530862424072e+00 1.432422780929147e-01 0.000000000000000e+00
1.307845021689431e+00 1.430798689779179e-01 0.000000000000000e+00
1.308159180954790e+00 1.429143327513071e-01 0.000000000000000e+00
1.308473340220149e+00 1.427457072237986e-01 0.000000000000000e+00
1.308787499485508e+00 1.425740309980255e-01 0.000000000000000e+00
1.309101658750867e+00 1.423993434580724e-01 0.000000000000000e+00
1.309415818016226e+00 1.422216847588090e-01 0.000000000000000e+00
1.309729977281585e+00 1.420410958150301e-01 0.000000000000000e+00
1.310044136546944e+00 1.418576182904009e-01 0.000000000000000e+00
1.310358295812303e+00 1.416712945862144e-01 0.000000000000000e+00
1.310672455077662e+00 1.414821678299610e-01 0.000000000000000e+00
1.310986614343021e+00 1.412902818637137e-01 0.000000000000000e+00
1.311300773608380e+00 1.410956812323345e-01 0.000000000000000e+00
1.311614932873739e+00 1.408984111715021e-01 0.000000000000000e+00
1.311929092139098e+00 1.406985175955652e-01 0.000000000000000e+00
1.312243251404457e+00 1.404960470852263e-01 0.000000000000000e+00
1.312557410669815e+00 1.402910468750558e-01 0.000000000000000e+00
1.312871569935175e+00 1.400835648408428e-01 0.000000000000000e+00
1.313185729200534e+00 1.398736494867860e-01 0.000000000000000e+00
1.313499888465892e+00 1.396613499325248e-01 0.000000000000000e+00
1.313814047731251e+00 1.394467159000175e-01 0.000000000000000e+00
1.314128206996610e+00 1.392297977002697e-01 0.000000000000000e+00
1.314442366261970e+00 1.390106462199135e-01 0.000000000000000e+00
1.314756525527328e+00 1.387893129076456e-01 0.000000000000000e+00
1.315070684792687e+00 1.385658497605231e-01 0.000000000000000e+00
1.315384844058046e+00 1.383403093101253e-01 0.000000000000000e+00
1.315699003323405e+00 1.381127446085813e-01 0.000000000000000e+00
1.316013162588764e+00 1.378832092144688e-01 0.000000000000000e+00
1.316327321854123e+00 1.376517571785892e-01 0.000000000000000e+00
1.316641481119482e+00 1.374184430296198e-01 0.000000000000000e+00
1.316955640384841e+00 1.371833217596481e-01 0.000000000000000e+00
1.317269799650200e+00 1.369464488095945e-01 0.000000000000000e+00
1.317583958915559e+00 1.367078800545223e-01 0.000000000000000e+00
1.317898118180918e+00 1.364676717888439e-01 0.000000000000000e+00
1.318212277446277e+00 1.362258807114237e-01 0.000000000000000e+00
1.318526436711636e+00 1.359825639105830e-01 0.000000000000000e+00
1.318840595976995e+00 1.357377788490110e-01 0.000000000000000e+00
1.319154755242354e+00 1.354915833485847e-01 0.000000000000000e+00
1.319468914507713e+00 1.352440355751037e-01 0.000000000000000e+00
1.319783073773072e+00 1.349951940229418e-01 0.000000000000000e+00
1.320097233038431e+00 1.347451174996200e-01 0.000000000000000e+00
1.320411392303790e+00 1.344938651103077e-01 0.000000000000000e+00
1.320725551569149e+00 1.342414962422504e-01 0.000000000000000e+00
1.321039710834508e+00 1.339880705491335e-01 0.000000000000000e+00
1.321353870099867e+00 1.337336479353847e-01 0.000000000000000e+00
1.321668029365226e+00 1.334782885404168e-01 0.000000000000000e+00
1.321982188630585e+00 1.332220527228178e-01 0.000000000000000e+00
1.322296347895944e+00 1.329650010444917e-01 0.000000000000000e+00
1.322610507161303e+00 1.327071942547544e-01 0.000000000000000e+00
1.322924666426662e+00 1.324486932743856e-01 0.000000000000000e+00
1.323238825692021e+00 1.321895591796488e-01 0.000000000000000e+00
1.323552984957380e+00 1.319298531862726e-01 0.000000000000000e+00
1.323867144222739e+00 1.316696366334084e-01 0.000000000000000e+00
1.324181303488098e+00 1.314089709675601e-01 0.000000000000000e+00
1.324495462753457e+00 1.311479177264955e-01 0.000000000000000e+00
1.324809622018816e+00 1.308865385231415e-01 0.000000000000000e+00
1.325123781284175e+00 1.306248950294659e-01 0.000000000000000e+00
1.325437940549534e+00 1.303630489603533e-01 0.000000000000000e+00
1.325752099814893e+00 1.301010620574777e-01 0.000000000000000e+00
1.326066259080252e+00 1.298389960731738e-01 0.000000000000000e+00
1.326380418345611e+00 1.295769127543151e-01 0.000000000000000e+00
1.326694577610970e+00 1.293148738262011e-01 0.000000000000000e+00
1.327008736876329e+00 1.290529409764564e-01 0.000000000000000e+00
1.327322896141688e+00 1.287911758389492e-01 0.000000000000000e+00
1.327637055407046e+00 1.285296399777303e-01 0.000000000000000e+00
1.327951214672406e+00 1.282683948709982e-01 0.000000000000000e+00
1.328265373937765e+00 1.280075018950945e-01 0.000000000000000e+00
1.328579533203124e+00 1.277470223085337e-01 0.000000000000000e+00
1.328893692468482e+00 1.274870172360705e-01 0.000000000000000e+00
1.329207851733841e+00 1.272275476528101e-01 0.000000000000000e+00
1.329522010999201e+00 1.269686743683665e-01 0.000000000000000e+00
1.329836170264559e+00 1.267104580110685e-01 0.000000000000000e+00
1.330150329529918e+00 1.264529590122225e-01 0.000000000000000e+00
1.330464488795277e+00 1.261962375904349e-01 0.000000000000000e+00
1.330778648060636e+00 1.259403537359955e-01 0.000000000000000e+00
1.331092807325995e+00 1.256853671953286e-01 0.000000000000000e+00
1.331406966591354e+00 1.254313374555159e-01 0.000000000000000e+00
1.331721125856713e+00 1.251783237288933e-01 0.000000000000000e+00
1.332035285122072e+00 1.249263849377271e-01 0.000000000000000e+00
1.332349444387431e+00 1.246755796989733e-01 0.000000000000000e+00
1.332663603652790e+00 1.244259663091236e-01 0.000000000000000e+00
1.332977762918149e+00 1.241776027291416e-01 0.000000000000000e+00
1.333291922183508e+00 1.239305465694946e-01 0.000000000000000e+00
1.333606081448867e+00 1.236848550752836e-01 0.000000000000000e+00
1.333920240714226e+00 1.234405851114754e-01 0.000000000000000e+00
1.334234399979585e+00 1.231977931482399e-01 0.000000000000000e+00
1.334548559244944e+00 1.229565352463996e-01 0.000000000000000e+00
1.334862718510303e+00 1.227168670429911e-01 0.000000000000000e+00
1.335176877775662e+00 1.224788437369430e-01 0.000000000000000e+00
1.335491037041021e+00 1.222425200748777e-01 0.000000000000000e+00
1.335805196306380e+00 1.220079503370356e-01 0.000000000000000e+00
1.336119355571739e+00 1.217751883233271e-01 0.000000000000000e+00
1.336433514837098e+00 1.215442873395189e-01 0.000000000000000e+00
1.336747674102457e+00 1.213153001835539e-01 0.000000000000000e+00
1.337061833367816e+00 1.210882791320088e-01 0.000000000000000e+00
1.337375992633175e+00 1.208632759266981e-01 0.000000000000000e+00
1.337690151898534e+00 1.206403417614190e-01 0.000000000000000e+00
1.338004311163893e+00 1.204195272688490e-01 0.000000000000000e+00
1.338318470429252e+00 1.202008825075939e-01 0.000000000000000e+00
1.338632629694611e+00 1.199844569493930e-01 0.000000000000000e+00
1.338946788959970e+00 1.197702994664823e-01 0.000000000000000e+00
1.339260948225329e+00 1.195584583191202e-01 0.000000000000000e+00
1.339575107490688e+00 1.193489811432793e-01 0.000000000000000e+00
1.339889266756047e+00 1.191419149385062e-01 0.000000000000000e+00
1.340203426021406e+00 1.189373060559521e-01 0.000000000000000e+00
1.340517585286765e+00 1.187352001865798e-01 0.000000000000000e+00
1.340831744552124e+00 1.185356423495482e-01 0.000000000000000e+00
1.341145903817483e+00 1.183386768807745e-01 0.000000000000000e+00
1.341460063082842e+00 1.181443474216847e-01 0.000000000000000e+00
1.341774222348201e+00 1.179526969081465e-01 0.000000000000000e+00
1.342088381613560e+00 1.177637675595928e-01 0.000000000000000e+00
1.342402540878919e+00 1.175776008683375e-01 0.000000000000000e+00
1.342716700144277e+00 1.173942375890852e-01 0.000000000000000e+00
1.343030859409637e+00 1.172137177286383e-01 0.000000000000000e+00
1.343345018674996e+00 1.170360805358045e-01 0.000000000000000e+00
1.343659177940355e+00 1.168613644915055e-01 0.000000000000000e+00
1.343973337205713e+00 1.166896072990916e-01 0.000000000000000e+00
1.344287496471072e+00 1.165208458748627e-01 0.000000000000000e+00
1.344601655736432e+00 1.163551163388004e-01 0.000000000000000e+00
1.344915815001790e+00 1.161924540055096e-01 0.000000000000000e+00
1.345229974267149e+00 1.160328933753770e-01 0.000000000000000e+00
1.345544133532508e+00 1.158764681259443e-01 0.000000000000000e+00
1.345858292797867e+00 1.157232111035005e-01 0.000000000000000e+00
1.346172452063226e+00 1.155731543148944e-01 0.000000000000000e+00
1.346486611328585e+00 1.154263289195710e-01 0.000000000000000e+00
1.346800770593944e+00 1.152827652218316e-01 0.000000000000000e+00
1.347114929859303e+00 1.151424926633195e-01 0.000000000000000e+00
1.347429089124662e+00 1.150055398157367e-01 0.000000000000000e+00
1.347743248390021e+00 1.148719343737890e-01 0.000000000000000e+00
1.348057407655380e+00 1.147417031483625e-01 0.000000000000000e+00
1.348371566920739e+00 1.146148720599360e-01 0.000000000000000e+00
1.348685726186098e+00 1.144914661322257e-01 0.000000000000000e+00
1.348999885451457e+00 1.143715094860704e-01 0.000000000000000e+00
1.349314044716816e+00 1.142550253335498e-01 0.000000000000000e+00
1.349628203982175e+00 1.141420359723481e-01 0.000000000000000e+00
1.349942363247534e+00 1.140325627803550e-01 0.000000000000000e+00
1.350256522512893e+00 1.139266262105093e-01 0.000000000000000e+00
1.350570681778252e+00 1.138242457858878e-01 0.000000000000000e+00
1.350884841043611e+00 1.137254400950378e-01 0.000000000000000e+00
1.351199000308970e+00 1.136302267875546e-01 0.000000000000000e+00
1.351513159574329e+00 1.135386225699080e-01 0.000000000000000e+00
1.351827318839688e+00 1.134506432015148e-01 0.000000000000000e+00
1.352141478105047e+00 1.133663034910604e-01 0.000000000000000e+00
1.352455637370406e+00 1.132856172930710e-01 0.000000000000000e+00
1.352769796635765e+00 1.132085975047349e-01 0.000000000000000e+00
1.353083955901124e+00 1.131352560629760e-01 0.000000000000000e+00
1.353398115166483e+00 1.130656039417776e-01 0.000000000000000e+00
1.353712274431842e+00 1.129996511497609e-01 0.000000000000000e+00
1.354026433697201e+00 1.129374067280127e-01 0.000000000000000e+00
1.354340592962560e+00 1.128788787481706e-01 0.000000000000000e+00
1.354654752227919e+00 1.128240743107586e-01 0.000000000000000e+00
1.354968911493278e+00 1.127729995437780e-01 0.000000000000000e+00
1.355283070758637e+00 1.127256596015527e-01 0.000000000000000e+00
1.355597230023996e+00 1.126820586638287e-01 0.000000000000000e+00
1.355911389289355e+00 1.126421999351272e-01 0.000000000000000e+00
1.356225548554714e+00 1.126060856443541e-01 0.000000000000000e+00
1.356539707820073e+00 1.125737170446626e-01 0.000000000000000e+00
1.356853867085432e+00 1.125450944135713e-01 0.000000000000000e+00
1.357168026350791e+00 1.125202170533352e-01 0.000000000000000e+00
1.357482185616150e+00 1.124990832915728e-01 0.000000000000000e+00
1.357796344881508e+00 1.124816904821451e-01 0.000000000000000e+00
1.358110504146868e+00 1.124680350062901e-01 0.000000000000000e+00
1.358424663412227e+00 1.124581122740084e-01 0.000000000000000e+00
1.358738822677586e+00 1.124519167257025e-01 0.000000000000000e+00
1.359052981942944e+00 1.124494418340687e-01 0.000000000000000e+00
1.359367141208303e+00 1.124506801062390e-01 0.000000000000000e+00
1.359681300473663e+00 1.124556230861752e-01 0.000000000000000e+00
1.359995459739021e+00 1.124642613573120e-01 0.000000000000000e+00
1.360309619004380e+00 1.124765845454501e-01 0.000000000000000e+00
1.360623778269739e+00 1.124925813218974e-01 0.000000000000000e+00
1.360937937535098e+00 1.125122394068576e-01 0.000000000000000e+00
1.361252096800457e+00 1.125355455730652e-01 0.000000000000000e+00
1.361566256065816e+00 1.125624856496669e-01 0.000000000000000e+00
1.361880415331175e+00 1.125930445263449e-01 0.000000000000000e+00
1.362194574596534e+00 1.126272061576863e-01 0.000000000000000e+00
1.362508733861893e+00 1.126649535677921e-01 0.000000000000000e+00
1.362822893127252e+00 1.127062688551279e-01 0.000000000000000e+00
1.363137052392611e+00 1.127511331976130e-01 0.000000000000000e+00
1.363451211657970e+00 1.127995268579482e-01 0.000000000000000e+00
1.363765370923329e+00 1.128514291891785e-01 0.000000000000000e+00
1.364079530188688e+00 1.129068186404921e-01 0.000000000000000e+00
1.364393689454047e+00 1.129656727632512e-01 0.000000000000000e+00
1.364707848719406e+00 1.130279682172545e-01 0.000000000000000e+00
1.365022007984765e+00 1.130936807772298e-01 0.000000000000000e+00
1.365336167250124e+00 1.131627853395541e-01 0.000000000000000e+00
1.365650326515483e+00 1.132352559291992e-01 0.000000000000000e+00
1.365964485780842e+00 1.133110657069025e-01 0.000000000000000e+00
1.366278645046201e+00 1.133901869765598e-01 0.000000000000000e+00
1.366592804311560e+00 1.134725911928361e-01 0.000000000000000e+00
1.366906963576919e+00 1.135582489689980e-01 0.000000000000000e+00
1.367221122842278e+00 1.136471300849589e-01 0.000000000000000e+00
1.367535282107637e+00 1.137392034955394e-01 0.000000000000000e+00
1.367849441372996e+00 1.138344373389385e-01 0.000000000000000e+00
1.368163600638355e+00 1.139327989454149e-01 0.000000000000000e+00
1.368477759903714e+00 1.140342548461738e-01 0.000000000000000e+00
1.368791919169073e+00 1.141387707824587e-01 0.000000000000000e+00
1.369106078434432e+00 1.142463117148453e-01 0.000000000000000e+00
1.369420237699791e+00 1.143568418327346e-01 0.000000000000000e+00
1.369734396965150e+00 1.144703245640427e-01 0.000000000000000e+00
1.370048556230509e+00 1.145867225850847e-01 0.000000000000000e+00
1.370362715495868e+00 1.147059978306518e-01 0.000000000000000e+00
1.370676874761227e+00 1.148281115042730e-01 0.000000000000000e+00
1.370991034026586e+00 1.149530240886693e-01 0.000000000000000e+00
1.371305193291945e+00 1.150806953563852e-01 0.000000000000000e+00
1.371619352557304e+00 1.152110843806036e-01 0.000000000000000e+00
1.371933511822663e+00 1.153441495461381e-01 0.000000000000000e+00
1.372247671088022e+00 1.154798485605999e-01 0.000000000000000e+00
1.372561830353381e+00 1.156181384657345e-01 0.000000000000000e+00
1.372875989618740e+00 1.157589756489301e-01 0.000000000000000e+00
1.373190148884099e+00 1.159023158548886e-01 0.000000000000000e+00
1.373504308149458e+00 1.160481141974610e-01 0.000000000000000e+00
1.373818467414817e+00 1.161963251716408e-01 0.000000000000000e+00
1.374132626680175e+00 1.163469026657135e-01 0.000000000000000e+00
1.374446785945534e+00 1.164997999735607e-01 0.000000000000000e+00
1.374760945210894e+00 1.166549698071108e-01 0.000000000000000e+00
1.375075104476252e+00 1.168123643089379e-01 0.000000000000000e+00
1.375389263741611e+00 1.169719350650038e-01 0.000000000000000e+00
1.375703423006970e+00 1.171336331175380e-01 0.000000000000000e+00
1.376017582272329e+00 1.172974089780548e-01 0.000000000000000e+00
1.376331741537688e+00 1.174632126405028e-01 0.000000000000000e+00
1.376645900803047e+00 1.176309935945439e-01 0.000000000000000e+00
1.376960060068406e+00 1.178007008389567e-01 0.000000000000000e+00
1.377274219333765e+00 1.179722828951642e-01 0.000000000000000e+00
1.377588378599124e+00 1.181456878208769e-01 0.000000000000000e+00
1.377902537864483e+00 1.183208632238540e-01 0.000000000000000e+00
1.378216697129842e+00 1.184977562757732e-01 0.000000000000000e+00
1.378530856395201e+00 1.186763137262105e-01 0.000000000000000e+00
1.378845015660560e+00 1.188564819167217e-01 0.000000000000000e+00
1.379159174925919e+00 1.190382067950246e-01 0.000000000000000e+00
1.379473334191278e+00 1.192214339292801e-01 0.000000000000000e+00
1.379787493456637e+00 1.194061085224612e-01 0.000000000000000e+00
1.380101652721996e+00 1.195921754268158e-01 0.000000000000000e+00
1.380415811987355e+00 1.197795791584116e-01 0.000000000000000e+00
1.380729971252714e+00 1.199682639117633e-01 0.000000000000000e+00
1.381044130518073e+00 1.201581735745361e-01 0.000000000000000e+00
1.381358289783432e+00 1.203492517423257e-01 0.000000000000000e+00
1.381672449048791e+00 1.205414417335035e-01 0.000000000000000e+00
1.381986608314150e+00 1.207346866041319e-01 0.000000000000000e+00
1.382300767579509e+00 1.209289291629387e-01 0.000000000000000e+00
1.382614926844868e+00 1.211241119863502e-01 0.000000000000000e+00
1.382929086110227e+00 1.213201774335789e-01 0.000000000000000e+00
1.383243245375586e+00 1.215170676617596e-01 0.000000000000000e+00
1.383557404640945e+00 1.217147246411345e-01 0.000000000000000e+00
1.383871563906304e+00 1.219130901702763e-01 0.000000000000000e+00
1.384185723171663e+00 1.221121058913535e-01 0.000000000000000e+00
1.384499882437022e+00 1.223117133054273e-01 0.000000000000000e+00
1.384814041702381e+00 1.225118537877784e-01 0.000000000000000e+00
1.385128200967740e+00 1.227124686032621e-01 0.000000000000000e+00
1.385442360233099e+00 1.229134989216835e-01 0.000000000000000e+00
1.385756519498458e+00 1.231148858331911e-01 0.000000000000000e+00
1.386070678763817e+00 1.233165703636852e-01 0.000000000000000e+00
1.386384838029176e+00 1.235184934902362e-01 0.000000000000000e+00
1.386698997294535e+00 1.237205961565077e-01 0.000000000000000e+00
1.387013156559894e+00 1.239228192881831e-01 0.000000000000000e+00
1.387327315825253e+00 1.241251038083895e-01 0.000000000000000e+00
1.387641475090612e+00 1.243273906531157e-01 0.000000000000000e+00
1.387955634355971e+00 1.245296207866196e-01 0.000000000000000e+00
1.388269793621330e+00 1.247317352168226e-01 0.000000000000000e+00
1.388583952886689e+00 1.249336750106848e-01 0.000000000000000e+00
1.388898112152048e+00 1.251353813095591e-01 0.000000000000000e+00
1.389212271417406e+00 1.253367953445177e-01 0.000000000000000e+00
1.389526430682765e+00 1.255378584516514e-01 0.000000000000000e+00
1.389840589948125e+00 1.257385120873314e-01 0.000000000000000e+00
1.390154749213483e+00 1.259386978434356e-01 0.000000000000000e+00
1.390468908478842e+00 1.261383574625324e-01 0.000000000000000e+00
1.390783067744201e+00 1.263374328530174e-01 0.000000000000000e+00
1.391097227009560e+00 1.265358661042021e-01 0.000000000000000e+00
1.391411386274919e+00 1.267335995013484e-01 0.000000000000000e+00
1.391725545540278e+00 1.269305755406443e-01 0.000000000000000e+00
1.392039704805637e+00 1.271267369441189e-01 0.000000000000000e+00
1.392353864070996e+00 1.273220266744937e-01 0.000000000000000e+00
1.392668023336355e+00 1.275163879499616e-01 0.000000000000000e+00
1.392982182601714e+00 1.277097642588950e-01 0.000000000000000e+00
1.393296341867073e+00 1.279020993744764e-01 0.000000000000000e+00
1.393610501132432e+00 1.280933373692499e-01 0.000000000000000e+00
1.393924660397791e+00 1.282834226295847e-01 0.000000000000000e+00
1.394238819663150e+00 1.284722998700548e-01 0.000000000000000e+00
1.394552978928509e+00 1.286599141477248e-01 0.000000000000000e+00
1.394867138193868e+00 1.288462108763394e-01 0.000000000000000e+00
1.395181297459227e+00 1.290311358404161e-01 0.000000000000000e+00
1.395495456724586e+00 1.292146352092329e-01 0.000000000000000e+00
1.395809615989945e+00 1.293966555507112e-01 0.000000000000000e+00
1.396123775255304e+00 1.295771438451884e-01 0.000000000000000e+00
1.396437934520663e+00 1.297560474990765e-01 0.000000000000000e+00
1.396752093786022e+00 1.299333143584036e-01 0.000000000000000e+00
1.397066253051381e+00 1.301088927222367e-01 0.000000000000000e+00
1.397380412316740e+00 1.302827313559786e-01 0.000000000000000e+00
1.397694571582099e+00 1.304547795045379e-01 0.000000000000000e+00
1.398008730847458e+00 1.306249869053695e-01 0.000000000000000e+00
1.398322890112817e+00 1.307933038013795e-01 0.000000000000000e+00
1.398637049378176e+00 1.309596809536940e-01 0.000000000000000e+00
1.398951208643535e+00 1.311240696542867e-01 0.000000000000000e+00
1.399265367908894e+00 1.312864217384626e-01 0.000000000000000e+00
1.399579527174253e+00 1.314466895971950e-01 0.000000000000000e+00
1.399893686439612e+00 1.316048261893121e-01 0.000000000000000e+00
1.400207845704971e+00 1.317607850535301e-01 0.000000000000000e+00
1.400522004970330e+00 1.319145203203314e-01 0.000000000000000e+00
1.400836164235689e+00 1.320659867236805e-01 0.000000000000000e+00
1.401150323501048e+00 1.322151396125809e-01 0.000000000000000e+00
1.401464482766407e+00 1.323619349624638e-01 0.000000000000000e+00
1.401778642031766e+00 1.325063293864110e-01 0.000000000000000e+00
1.402092801297125e+00 1.326482801462048e-01 0.000000000000000e+00
1.402406960562484e+00 1.327877451632050e-01 0.000000000000000e+00
1.402721119827843e+00 1.329246830290495e-01 0.000000000000000e+00
1.403035279093202e+00 1.330590530161744e-01 0.000000000000000e+00
1.403349438358561e+00 1.331908150881538e-01 0.000000000000000e+00
1.403663597623920e+00 1.333199299098537e-01 0.000000000000000e+00
1.403977756889279e+00 1.334463588573983e-01 0.000000000000000e+00
1.404291916154637e+00 1.335700640279485e-01 0.000000000000000e+00
1.404606075419996e+00 1.336910082492867e-01 0.000000000000000e+00
1.404920234685356e+00 1.338091550892067e-01 0.000000000000000e+00
1.405234393950714e+00 1.339244688647077e-01 0.000000000000000e+00
1.405548553216073e+00 1.340369146509897e-01 0.000000000000000e+00
1.405862712481432e+00 1.341464582902446e-01 0.000000000000000e+00
1.406176871746791e+00 1.342530664002463e-01 0.000000000000000e+00
1.406491031012150e+00 1.343567063827336e-01 0.000000000000000e+00
1.406805190277509e+00 1.344573464315856e-01 0.000000000000000e+00
1.407119349542868e+00 1.345549555407866e-01 0.000000000000000e+00
1.407433508808227e+00 1.346495035121795e-01 0.000000000000000e+00
1.407747668073586e+00 1.347409609630051e-01 0.000000000000000e+00
1.408061827338945e+00 1.348292993332249e-01 0.000000000000000e+00
1.408375986604304e+00 1.349144908926276e-01 0.000000000000000e+00
1.408690145869663e+00 1.349965087477150e-01 0.000000000000000e+00
1.409004305135022e+00 1.350753268483676e-01 0.000000000000000e+00
1.409318464400381e+00 1.351509199942869e-01 0.000000000000000e+00
1.409632623665740e+00 1.352232638412133e-01 0.000000000000000e+00
1.409946782931099e+00 1.352923349069192e-01 0.000000000000000e+00
1.410260942196458e+00 1.353581105769730e-01 0.000000000000000e+00
1.410575101461817e+00 1.354205691102766e-01 0.000000000000000e+00
1.410889260727176e+00 1.354796896443704e-01 0.000000000000000e+00
1.411203419992535e+00 1.355354522005088e-01 0.000000000000000e+00
1.411517579257894e+00 1.355878376885025e-01 0.000000000000000e+00
1.411831738523253e+00 1.356368279113265e-01 0.000000000000000e+00
1.412145897788612e+00 1.356824055694945e-01 0.000000000000000e+00
1.412460057053971e+00 1.357245542651958e-01 0.000000000000000e+00
1.412774216319330e+00 1.357632585061966e-01 0.000000000000000e+00
1.413088375584689e+00 1.357985037095033e-01 0.000000000000000e+00
1.413402534850048e+00 1.358302762047864e-01 0.000000000000000e+00
1.413716694115407e+00 1.358585632375657e-01 0.000000000000000e+00
1.414030853380766e+00 1.358833529721556e-01 0.000000000000000e+00
1.414345012646125e+00 1.359046344943677e-01 0.000000000000000e+00
1.414659171911484e+00 1.359223978139752e-01 0.000000000000000e+00
1.414973331176843e+00 1.359366338669315e-01 0.000000000000000e+00
1.415287490442202e+00 1.359473345173498e-01 0.000000000000000e+00
1.415601649707561e+00 1.359544925592376e-01 0.000000000000000e+00
1.415915808972920e+00 1.359581017179883e-01 0.000000000000000e+00
1.416229968238279e+00 1.359581566516307e-01 0.000000000000000e+00
1.416544127503638e+00 1.359546529518322e-01 0.000000000000000e+00
1.416858286768997e+00 1.359475871446614e-01 0.000000000000000e+00
1.417172446034356e+00 1.359369566911031e-01 0.000000000000000e+00
1.417486605299715e+00 1.359227599873321e-01 0.000000000000000e+00
1.417800764565074e+00 1.359049963647419e-01 0.000000000000000e+00
1.418114923830433e+00 1.358836660897289e-01 0.000000000000000e+00
1.418429083095792e+00 1.358587703632342e-01 0.000000000000000e+00
1.418743242361151e+00 1.358303113200408e-01 0.000000000000000e+00
1.419057401626510e+00 1.357982920278278e-01 0.000000000000000e+00
1.419371560891868e+00 1.357627164859823e-01 0.000000000000000e+00
1.419685720157227e+00 1.357235896241672e-01 0.000000000000000e+00
1.419999879422587e+00 1.356809173006495e-01 0.000000000000000e+00
1.420314038687945e+00 1.356347063003847e-01 0.000000000000000e+00
1.420628197953304e+00 1.355849643328611e-01 0.000000000000000e+00
1.420942357218663e+00 1.355317000297052e-01 0.000000000000000e+00
1.421256516484022e+00 1.354749229420456e-01 0.000000000000000e+00
1.421570675749381e+00 1.354146435376390e-01 0.000000000000000e+00
1.421884835014740e+00 1.353508731977590e-01 0.000000000000000e+00
1.422198994280099e+00 1.352836242138468e-01 0.000000000000000e+00
1.422513153545458e+00 1.352129097839266e-01 0.000000000000000e+00
1.422827312810817e+00 1.351387440087857e-01 0.000000000000000e+00
1.423141472076176e+00 1.350611418879212e-01 0.000000000000000e+00
1.423455631341535e+00 1.349801193152536e-01 0.000000000000000e+00
1.423769790606894e+00 1.348956930746087e-01 0.000000000000000e+00
1.424083949872253e+00 1.348078808349698e-01 0.000000000000000e+00
1.424398109137612e+00 1.347167011455007e-01 0.000000000000000e+00
1.424712268402971e+00 1.346221734303411e-01 0.000000000000000e+00
1.425026427668330e+00 1.345243179831764e-01 0.000000000000000e+00
1.425340586933689e+00 1.344231559615822e-01 0.000000000000000e+00
1.425654746199048e+00 1.343187093811462e-01 0.000000000000000e+00
1.425968905464407e+00 1.342110011093694e-01 0.000000000000000e+00
1.426283064729766e+00 1.341000548593462e-01 0.000000000000000e+00
1.426597223995125e+00 1.339858951832277e-01 0.000000000000000e+00
1.426911383260484e+00 1.338685474654684e-01 0.000000000000000e+00
1.427225542525843e+00 1.337480379158590e-01 0.000000000000000e+00
1.427539701791202e+00 1.336243935623453e-01 0.000000000000000e+00
1.427853861056561e+00 1.334976422436395e-01 0.000000000000000e+00
1.428168020321920e+00 1.333678126016197e-01 0.000000000000000e+00
1.428482179587279e+00 1.332349340735260e-01 0.000000000000000e+00
1.428796338852638e+00 1.330990368839501e-01 0.000000000000000e+00
1.429110498117997e+00 1.329601520366243e-01 0.000000000000000e+00
1.429424657383356e+00 1.328183113060098e-01 0.000000000000000e+00
1.429738816648715e+00 1.326735472286877e-01 0.000000000000000e+00
1.430052975914074e+00 1.325258930945548e-01 0.000000000000000e+00
1.430367135179433e+00 1.323753829378267e-01 0.000000000000000e+00
1.430681294444792e+00 1.322220515278496e-01 0.000000000000000e+00
1.430995453710151e+00 1.320659343597251e-01 0.000000000000000e+00
1.431309612975510e+00 1.319070676447486e-01 0.000000000000000e+00
1.431623772240869e+00 1.317454883006660e-01 0.000000000000000e+00
1.431937931506228e+00 1.315812339417487e-01 0.000000000000000e+00
1.432252090771587e+00 1.314143428686918e-01 0.000000000000000e+00
1.432566250036946e+00 1.312448540583376e-01 0.000000000000000e+00
1.432880409302305e+00 1.310728071532256e-01 0.000000000000000e+00
1.433194568567664e+00 1.308982424509749e-01 0.000000000000000e+00
1.433508727833023e+00 1.307212008934988e-01 0.000000000000000e+00
1.433822887098382e+00 1.305417240560559e-01 0.000000000000000e+00
1.434137046363741e+00 1.303598541361409e-01 0.000000000000000e+00
1.434451205629099e+00 1.301756339422169e-01 0.000000000000000e+00
1.434765364894458e+00 1.299891068822931e-01 0.000000000000000e+00
1.435079524159818e+00 1.298003169523524e-01 0.000000000000000e+00
1.435393683425176e+00 1.296093087246269e-01 0.000000000000000e+00
1.435707842690535e+00 1.294161273357308e-01 0.000000000000000e+00
1.436022001955894e+00 1.292208184746494e-01 0.000000000000000e+00
1.436336161221253e+00 1.290234283705901e-01 0.000000000000000e+00
1.436650320486612e+00 1.288240037806951e-01 0.000000000000000e+00
1.436964479751971e+00 1.286225919776246e-01 0.000000000000000e+00
1.437278639017330e+00 1.284192407370073e-01 0.000000000000000e+00
1.437592798282689e+00 1.282139983247668e-01 0.000000000000000e+00
1.437906957548048e+00 1.280069134843246e-01 0.000000000000000e+00
1.438221116813407e+00 1.277980354236841e-01 0.000000000000000e+00
1.438535276078766e+00 1.275874138023972e-01 0.000000000000000e+00
1.438849435344125e+00 1.273750987184200e-01 0.000000000000000e+00
1.439163594609484e+00 1.271611406948589e-01 0.000000000000000e+00
1.439477753874843e+00 1.269455906666109e-01 0.000000000000000e+00
1.439791913140202e+00 1.267284999669012e-01 0.000000000000000e+00
1.440106072405561e+00 1.265099203137244e-01 0.000000000000000e+00
1.440420231670920e+00 1.262899037961880e-01 0.000000000000000e+00
1.440734390936279e+00 1.260685028607667e-01 0.000000000000000e+00
1.441048550201638e+00 1.258457702974679e-01 0.000000000000000e+00
1.441362709466997e+00 1.256217592259139e-01 0.000000000000000e+00
1.441676868732356e+00 1.253965230813420e-01 0.000000000000000e+00
1.441991027997715e+00 1.251701156005306e-01 0.000000000000000e+00
1.442305187263074e+00 1.249425908076496e-01 0.000000000000000e+00
1.442619346528433e+00 1.247140030000434e-01 0.000000000000000e+00
1.442933505793792e+00 1.244844067339460e-01 0.000000000000000e+00
1.443247665059151e+00 1.242538568101373e-01 0.000000000000000e+00
1.443561824324510e+00 1.240224082595398e-01 0.000000000000000e+00
1.443875983589869e+00 1.237901163287587e-01 0.000000000000000e+00
1.444190142855228e+00 1.235570364655767e-01 0.000000000000000e+00
1.444504302120587e+00 1.233232243043971e-01 0.000000000000000e+00
1.444818461385946e+00 1.230887356516465e-01 0.000000000000000e+00
1.445132620651305e+00 1.228536264711378e-01 0.000000000000000e+00
1.445446779916664e+00 1.226179528693987e-01 0.000000000000000e+00
1.445760939182023e+00 1.223817710809670e-01 0.000000000000000e+00
1.446075098447382e+00 1.221451374536605e-01 0.000000000000000e+00
1.446389257712741e+00 1.219081084338214e-01 0.000000000000000e+00
1.446703416978100e+00 1.216707405515415e-01 0.000000000000000e+00
1.447017576243459e+00 1.214330904058722e-01 0.000000000000000e+00
1.447331735508818e+00 1.211952146500209e-01 0.000000000000000e+00
1.447645894774177e+00 1.209571699765402e-01 0.000000000000000e+00
1.447960054039536e+00 1.207190131025114e-01 0.000000000000000e+00
1.448274213304895e+00 1.204808007547295e-01 0.000000000000000e+00
1.448588372570254e+00 1.202425896548899e-01 0.000000000000000e+00
1.448902531835613e+00 1.200044365047817e-01 0.000000000000000e+00
1.449216691100972e+00 1.197663979714944e-01 0.000000000000000e+00
1.449530850366330e+00 1.195285306726375e-01 0.000000000000000e+00
1.449845009631689e+00 1.192908911615786e-01 0.000000000000000e+00
1.450159168897049e+00 1.190535359127059e-01 0.000000000000000e+00
1.450473328162407e+00 1.188165213067156e-01 0.000000000000000e+00
1.450787487427766e+00 1.185799036159288e-01 0.000000000000000e+00
1.451101646693125e+00 1.183437389896458e-01 0.000000000000000e+00
1.451415805958485e+00 1.181080834395338e-01 0.000000000000000e+00
1.451729965223843e+00 1.178729928250591e-01 0.000000000000000e+00
1.452044124489202e+00 1.176385228389639e-01 0.000000000000000e+00
1.452358283754561e+00 1.174047289927928e-01 0.000000000000000e+00
1.452672443019920e+00 1.171716666024708e-01 0.000000000000000e+00
1.452986602285279e+00 1.169393907739393e-01 0.000000000000000e+00
1.453300761550638e+00 1.167079563888520e-01 0.000000000000000e+00
1.453614920815997e+00 1.164774180903356e-01 0.000000000000000e+00
1.453929080081356e+00 1.162478302688160e-01 0.000000000000000e+00
1.454243239346715e+00 1.160192470479188e-01 0.000000000000000e+00
1.454557398612074e+00 1.157917222704438e-01 0.000000000000000e+00
1.454871557877433e+00 1.155653094844168e-01 0.000000000000000e+00
1.455185717142792e+00 1.153400619292255e-01 0.000000000000000e+00
1.455499876408151e+00 1.151160325218416e-01 0.000000000000000e+00
1.455814035673510e+00 1.148932738431298e-01 0.000000000000000e+00
1.456128194938869e+00 1.146718381242524e-01 0.000000000000000e+00
1.456442354204228e+00 1.144517772331698e-01 0.000000000000000e+00
1.456756513469587e+00 1.142331426612399e-01 0.000000000000000e+00
1.457070672734946e+00 1.140159855099214e-01 0.000000000000000e+00
1.457384832000305e+00 1.138003564775847e-01 0.000000000000000e+00
1.457698991265664e+00 1.135863058464332e-01 0.000000000000000e+00
1.458013150531023e+00 1.133738834695354e-01 0.000000000000000e+00
1.458327309796382e+00 1.131631387579784e-01 0.000000000000000e+00
1.458641469061741e+00 1.129541206681380e-01 0.000000000000000e+00
1.458955628327100e+00 1.127468776890738e-01 0.000000000000000e+00
1.459269787592459e+00 1.125414578300512e-01 0.000000000000000e+00
1.459583946857818e+00 1.123379086081930e-01 0.000000000000000e+00
1.459898106123177e+00 1.121362770362636e-01 0.000000000000000e+00
1.460212265388536e+00 1.119366096105909e-01 0.000000000000000e+00
1.460526424653895e+00 1.117389522991267e-01 0.000000000000000e+00
1.460840583919254e+00 1.115433505296484e-01 0.000000000000000e+00
1.461154743184613e+00 1.113498491781080e-01 0.000000000000000e+00
1.461468902449972e+00 1.111584925571296e-01 0.000000000000000e+00
1.461783061715331e+00 1.109693244046560e-01 0.000000000000000e+00
1.462097220980690e+00 1.107823878727514e-01 0.000000000000000e+00
1.462411380246049e+00 1.105977255165613e-01 0.000000000000000e+00
1.462725539511408e+00 1.104153792834314e-01 0.000000000000000e+00
1.463039698776767e+00 1.102353905021894e-01 0.000000000000000e+00
1.463353858042126e+00 1.100577998725931e-01 0.000000000000000e+00
1.463668017307485e+00 1.098826474549457e-01 0.000000000000000e+00
1.463982176572844e+00 1.097099726598819e-01 0.000000000000000e+00
1.464296335838203e+00 1.095398142383280e-01 0.000000000000000e+00
1.464610495103561e+00 1.093722102716374e-01 0.000000000000000e+00
1.464924654368920e+00 1.092071981619043e-01 0.000000000000000e+00
1.465238813634280e+00 1.090448146224595e-01 0.000000000000000e+00
1.465552972899638e+00 1.088850956685478e-01 0.000000000000000e+00
1.465867132164997e+00 1.087280766081919e-01 0.000000000000000e+00
1.466181291430356e+00 1.085737920332449e-01 0.000000000000000e+00
1.466495450695716e+00 1.084222758106313e-01 0.000000000000000e+00
1.466809609961074e+00 1.082735610737826e-01 0.000000000000000e+00
1.467123769226433e+00 1.081276802142651e-01 0.000000000000000e+00
1.467437928491792e+00 1.079846648736063e-01 0.000000000000000e+00
1.467752087757151e+00 1.078445459353195e-01 0.000000000000000e+00
1.468066247022510e+00 1.077073535171284e-01 0.000000000000000e+00
1.468380406287869e+00 1.075731169633955e-01 0.000000000000000e+00
1.468694565553228e+00 1.074418648377545e-01 0.000000000000000e+00
1.469008724818587e+00 1.073136249159486e-01 0.000000000000000e+00
1.469322884083946e+00 1.071884241788789e-01 0.000000000000000e+00
1.469637043349305e+00 1.070662888058603e-01 0.000000000000000e+00
1.469951202614664e+00 1.069472441680905e-01 0.000000000000000e+00
1.470265361880023e+00 1.068313148223327e-01 0.000000000000000e+00
1.470579521145382e+00 1.067185245048119e-01 0.000000000000000e+00
1.470893680410741e+00 1.066088961253275e-01 0.000000000000000e+00
1.471207839676100e+00 1.065024517615853e-01 0.000000000000000e+00
1.471521998941459e+00 1.063992126537469e-01 0.000000000000000e+00
1.471836158206818e+00 1.062991991992011e-01 0.000000000000000e+00
1.472150317472177e+00 1.062024309475546e-01 0.000000000000000e+00
1.472464476737536e+00 1.061089265958500e-01 0.000000000000000e+00
1.472778636002895e+00 1.060187039840033e-01 0.000000000000000e+00
1.473092795268254e+00 1.059317800904695e-01 0.000000000000000e+00
1.473406954533613e+00 1.058481710281343e-01 0.000000000000000e+00
1.473721113798972e+00 1.057678920404323e-01 0.000000000000000e+00
1.474035273064331e+00 1.056909574976939e-01 0.000000000000000e+00
1.474349432329690e+00 1.056173808937206e-01 0.000000000000000e+00
1.474663591595049e+00 1.055471748425922e-01 0.000000000000000e+00
1.474977750860408e+00 1.054803510757018e-01 0.000000000000000e+00
1.475291910125767e+00 1.054169204390247e-01 0.000000000000000e+00
1.475606069391126e+00 1.053568928906179e-01 0.000000000000000e+00
1.475920228656485e+00 1.053002774983520e-01 0.000000000000000e+00
1.476234387921844e+00 1.052470824378777e-01 0.000000000000000e+00
1.476548547187203e+00 1.051973149908235e-01 0.000000000000000e+00
1.476862706452562e+00 1.051509815432288e-01 0.000000000000000e+00
1.477176865717921e+00 1.051080875842116e-01 0.000000000000000e+00
1.477491024983280e+00 1.050686377048689e-01 0.000000000000000e+00
1.477805184248639e+00 1.050326355974132e-01 0.000000000000000e+00
1.478119343513998e+00 1.050000840545432e-01 0.000000000000000e+00
1.478433502779357e+00 1.049709849690497e-01 0.000000000000000e+00
1.478747662044716e+00 1.049453393336556e-01 0.000000000000000e+00
1.479061821310075e+00 1.049231472410921e-01 0.000000000000000e+00
1.479375980575434e+00 1.049044078844079e-01 0.000000000000000e+00
1.479690139840792e+00 1.048891195575149e-01 0.000000000000000e+00
1.480004299106151e+00 1.048772796559663e-01 0.000000000000000e+00
1.480318458371511e+00 1.048688846779699e-01 0.000000000000000e+00
1.480632617636869e+00 1.048639302256349e-01 0.000000000000000e+00
1.480946776902228e+00 1.048624110064519e-01 0.000000000000000e+00
1.481260936167587e+00 1.048643208350055e-01 0.000000000000000e+00
1.481575095432947e+00 1.048696526349199e-01 0.000000000000000e+00
1.481889254698305e+00 1.048783984410344e-01 0.000000000000000e+00
1.482203413963664e+00 1.048905494018126e-01 0.000000000000000e+00
1.482517573229023e+00 1.049060957819796e-01 0.000000000000000e+00
1.482831732494382e+00 1.049250269653893e-01 0.000000000000000e+00
1.483145891759741e+00 1.049473314581220e-01 0.000000000000000e+00
1.483460051025100e+00 1.049729968918071e-01 0.000000000000000e+00
1.483774210290459e+00 1.050020100271747e-01 0.000000000000000e+00
1.484088369555818e+00 1.050343567578323e-01 0.000000000000000e+00
1.484402528821177e+00 1.050700221142665e-01 0.000000000000000e+00
1.484716688086536e+00 1.051089902680682e-01 0.000000000000000e+00
1.485030847351895e+00 1.051512445363805e-01 0.000000000000000e+00
1.485345006617254e+00 1.051967673865670e-01 0.000000000000000e+00
1.485659165882613e+00 1.052455404411014e-01 0.000000000000000e+00
1.485973325147972e+00 1.052975444826749e-01 0.000000000000000e+00
1.486287484413331e+00 1.053527594595207e-01 0.000000000000000e+00
1.486601643678690e+00 1.054111644909539e-01 0.000000000000000e+00
1.486915802944049e+00 1.054727378731270e-01 0.000000000000000e+00
1.487229962209408e+00 1.055374570849962e-01 0.000000000000000e+00
1.487544121474767e+00 1.056052987944998e-01 0.000000000000000e+00
1.487858280740126e+00 1.056762388649454e-01 0.000000000000000e+00
1.488172440005485e+00 1.057502523616052e-01 0.000000000000000e+00
1.488486599270844e+00 1.058273135585164e-01 0.000000000000000e+00
1.488800758536203e+00 1.059073959454852e-01 0.000000000000000e+00
1.489114917801562e+00 1.059904722352945e-01 0.000000000000000e+00
1.489429077066921e+00 1.060765143711094e-01 0.000000000000000e+00
1.489743236332280e+00 1.061654935340821e-01 0.000000000000000e+00
1.490057395597639e+00 1.062573801511527e-01 0.000000000000000e+00
1.490371554862998e+00 1.063521439030439e-01 0.000000000000000e+00
1.490685714128357e+00 1.064497537324467e-01 0.000000000000000e+00
1.490999873393716e+00 1.065501778523955e-01 0.000000000000000e+00
1.491314032659075e+00 1.066533837548332e-01 0.000000000000000e+00
1.491628191924434e+00 1.067593382193569e-01 0.000000000000000e+00
1.491942351189793e+00 1.068680073221492e-01 0.000000000000000e+00
1.492256510455152e+00 1.069793564450898e-01 0.000000000000000e+00
1.492570669720511e+00 1.070933502850432e-01 0.000000000000000e+00
1.492884828985870e+00 1.072099528633226e-01 0.000000000000000e+00
1.493198988251229e+00 1.073291275353271e-01 0.000000000000000e+00
1.493513147516588e+00 1.074508370003480e-01 0.000000000000000e+00
1.493827306781947e+00 1.075750433115434e-01 0.000000000000000e+00
1.494141466047306e+00 1.077017078860779e-01 0.000000000000000e+00
1.494455625312665e+00 1.078307915154237e-01 0.000000000000000e+00
1.494769784578023e+00 1.079622543758218e-01 0.000000000000000e+00
1.495083943843383e+00 1.080960560388996e-01 0.000000000000000e+00
1.495398103108742e+00 1.082321554824429e-01 0.000000000000000e+00
1.495712262374101e+00 1.083705111013177e-01 0.000000000000000e+00
1.496026421639459e+00 1.085110807185420e-01 0.000000000000000e+00
1.496340580904818e+00 1.086538215965005e-01 0.000000000000000e+00
1.496654740170178e+00 1.087986904483035e-01 0.000000000000000e+00
1.496968899435536e+00 1.089456434492832e-01 0.000000000000000e+00
1.497283058700895e+00 1.090946362486284e-01 0.000000000000000e+00
1.497597217966254e+00 1.092456239811493e-01 0.000000000000000e+00
1.497911377231613e+00 1.093985612791746e-01 0.000000000000000e+00
1.498225536496972e+00 1.095534022845751e-01 0.000000000000000e+00
1.498539695762331e+00 1.097101006609092e-01 0.000000000000000e+00
1.498853855027690e+00 1.098686096056906e-01 0.000000000000000e+00
1.499168014293049e+00 1.100288818627728e-01 0.000000000000000e+00
1.499482173558408e+00 1.101908697348467e-01 0.000000000000000e+00
1.499796332823767e+00 1.103545250960495e-01 0.000000000000000e+00
1.500110492089126e+00 1.105197994046808e-01 0.000000000000000e+00
1.500424651354485e+00 1.106866437160221e-01 0.000000000000000e+00
1.500738810619844e+00 1.108550086952574e-01 0.000000000000000e+00
1.501052969885203e+00 1.110248446304905e-01 0.000000000000000e+00
1.501367129150562e+00 1.111961014458571e-01 0.000000000000000e+00
1.501681288415921e+00 1.113687287147248e-01 0.000000000000000e+00
1.501995447681280e+00 1.115426756729821e-01 0.000000000000000e+00
1.502309606946639e+00 1.117178912324102e-01 0.000000000000000e+00
1.502623766211998e+00 1.118943239941334e-01 0.000000000000000e+00
1.502937925477357e+00 1.120719222621473e-01 0.000000000000000e+00
1.503252084742716e+00 1.122506340569190e-01 0.000000000000000e+00
1.503566244008075e+00 1.124304071290553e-01 0.000000000000000e+00
1.503880403273434e+00 1.126111889730386e-01 0.000000000000000e+00
1.504194562538793e+00 1.127929268410235e-01 0.000000000000000e+00
1.504508721804152e+00 1.129755677566910e-01 0.000000000000000e+00
1.504822881069511e+00 1.131590585291587e-01 0.000000000000000e+00
1.505137040334870e+00 1.133433457669414e-01 0.000000000000000e+00
1.505451199600229e+00 1.135283758919595e-01 0.000000000000000e+00
1.505765358865588e+00 1.137140951535891e-01 0.000000000000000e+00
1.506079518130947e+00 1.139004496427562e-01 0.000000000000000e+00
1.506393677396306e+00 1.140873853060627e-01 0.000000000000000e+00
1.506707836661665e+00 1.142748479599481e-01 0.000000000000000e+00
1.507021995927024e+00 1.144627833048786e-01 0.000000000000000e+00
1.507336155192383e+00 1.146511369395625e-01 0.000000000000000e+00
1.507650314457742e+00 1.148398543751861e-01 0.000000000000000e+00
1.507964473723101e+00 1.150288810496673e-01 0.000000000000000e+00
1.508278632988460e+00 1.152181623419256e-01 0.000000000000000e+00
1.508592792253819e+00 1.154076435861584e-01 0.000000000000000e+00
1.508906951519178e+00 1.155972700861276e-01 0.000000000000000e+00
1.509221110784537e+00 1.157869871294476e-01 0.000000000000000e+00
1.509535270049896e+00 1.159767400018717e-01 0.000000000000000e+00
1.509849429315254e+00 1.161664740015749e-01 0.000000000000000e+00
1.510163588580614e+00 1.163561344534297e-01 0.000000000000000e+00
1.510477747845973e+00 1.165456667232664e-01 0.000000000000000e+00
1.510791907111332e+00 1.167350162321211e-01 0.000000000000000e+00
1.511106066376690e+00 1.169241284704626e-01 0.000000000000000e+00
1.511420225642049e+00 1.171129490123965e-01 0.000000000000000e+00
1.511734384907409e+00 1.173014235298427e-01 0.000000000000000e+00
1.512048544172767e+00 1.174894978066816e-01 0.000000000000000e+00
1.512362703438126e+00 1.176771177528680e-01 0.000000000000000e+00
1.512676862703485e+00 1.178642294185048e-01 0.000000000000000e+00
1.512991021968844e+00 1.180507790078763e-01 0.000000000000000e+00
1.513305181234203e+00 1.182367128934374e-01 0.000000000000000e+00
1.513619340499562e+00 1.184219776297518e-01 0.000000000000000e+00
1.513933499764921e+00 1.186065199673797e-01 0.000000000000000e+00
1.514247659030280e+00 1.187902868667092e-01 0.000000000000000e+00
1.514561818295639e+00 1.189732255117265e-01 0.000000000000000e+00
1.514875977560998e+00 1.191552833237250e-01 0.000000000000000e+00
1.515190136826357e+00 1.193364079749474e-01 0.000000000000000e+00
1.515504296091716e+00 1.195165474021563e-01 0.000000000000000e+00
1.515818455357075e+00 1.196956498201322e-01 0.000000000000000e+00
1.516132614622434e+00 1.198736637350931e-01 0.000000000000000e+00
1.516446773887793e+00 1.200505379580362e-01 0.000000000000000e+00
1.516760933153152e+00 1.202262216179914e-01 0.000000000000000e+00
1.517075092418511e+00 1.204006641751902e-01 0.000000000000000e+00
1.517389251683870e+00 1.205738154341429e-01 0.000000000000000e+00
1.517703410949229e+00 1.207456255566210e-01 0.000000000000000e+00
1.518017570214588e+00 1.209160450745417e-01 0.000000000000000e+00
1.518331729479947e+00 1.210850249027529e-01 0.000000000000000e+00
1.518645888745306e+00 1.212525163517115e-01 0.000000000000000e+00
1.518960048010665e+00 1.214184711400563e-01 0.000000000000000e+00
1.519274207276024e+00 1.215828414070694e-01 0.000000000000000e+00
1.519588366541383e+00 1.217455797250221e-01 0.000000000000000e+00
1.519902525806742e+00 1.219066391114056e-01 0.000000000000000e+00
1.520216685072101e+00 1.220659730410409e-01 0.000000000000000e+00
1.520530844337460e+00 1.222235354580639e-01 0.000000000000000e+00
1.520845003602819e+00 1.223792807877853e-01 0.000000000000000e+00
1.521159162868178e+00 1.225331639484204e-01 0.000000000000000e+00
1.521473322133537e+00 1.226851403626868e-01 0.000000000000000e+00
1.521787481398896e+00 1.228351659692646e-01 0.000000000000000e+00
1.522101640664255e+00 1.229831972341212e-01 0.000000000000000e+00
1.522415799929614e+00 1.231291911616919e-01 0.000000000000000e+00
1.522729959194973e+00 1.232731053059171e-01 0.000000000000000e+00
1.523044118460332e+00 1.234148977811327e-01 0.000000000000000e+00
1.523358277725691e+00 1.235545272728108e-01 0.000000000000000e+00
1.523672436991050e+00 1.236919530481462e-01 0.000000000000000e+00
1.523986596256409e+00 1.238271349664890e-01 0.000000000000000e+00
1.524300755521768e+00 1.239600334896193e-01 0.000000000000000e+00
1.524614914787127e+00 1.240906096918598e-01 0.000000000000000e+00
1.524929074052485e+00 1.242188252700260e-01 0.000000000000000e+00
1.525243233317845e+00 1.243446425532110e-01 0.000000000000000e+00
1.525557392583204e+00 1.244680245124016e-01 0.000000000000000e+00
1.525871551848563e+00 1.245889347699226e-01 0.000000000000000e+00
1.526185711113921e+00 1.247073376087104e-01 0.000000000000000e+00
1.526499870379280e+00 1.248231979814089e-01 0.000000000000000e+00
1.526814029644640e+00 1.249364815192884e-01 0.000000000000000e+00
1.527128188909998e+00 1.250471545409844e-01 0.000000000000000e+00
1.527442348175357e+00 1.251551840610547e-01 0.000000000000000e+00
1.527756507440716e+00 1.252605377983503e-01 0.000000000000000e+00
1.528070666706075e+00 1.253631841842019e-01 0.000000000000000e+00
1.528384825971434e+00 1.254630923704166e-01 0.000000000000000e+00
1.528698985236793e+00 1.255602322370829e-01 0.000000000000000e+00
1.529013144502152e+00 1.256545744001861e-01 0.000000000000000e+00
1.529327303767511e+00 1.257460902190259e-01 0.000000000000000e+00
1.529641463032870e+00 1.258347518034390e-01 0.000000000000000e+00
1.529955622298229e+00 1.259205320208241e-01 0.000000000000000e+00
1.530269781563588e+00 1.260034045029655e-01 0.000000000000000e+00
1.530583940828947e+00 1.260833436526561e-01 0.000000000000000e+00
1.530898100094306e+00 1.261603246501164e-01 0.000000000000000e+00
1.531212259359665e+00 1.262343234592084e-01 0.000000000000000e+00
1.531526418625024e+00 1.263053168334439e-01 0.000000000000000e+00
1.531840577890383e+00 1.263732823217842e-01 0.000000000000000e+00
1.532154737155742e+00 1.264381982742292e-01 0.000000000000000e+00
1.532468896421101e+00 1.265000438471981e-01 0.000000000000000e+00
1.532783055686460e+00 1.265587990086956e-01 0.000000000000000e+00
1.533097214951819e+00 1.266144445432659e-01 0.000000000000000e+00
1.533411374217178e+00 1.266669620567323e-01 0.000000000000000e+00
1.533725533482537e+00 1.267163339807193e-01 0.000000000000000e+00
1.534039692747896e+00 1.267625435769597e-01 0.000000000000000e+00
1.534353852013255e+00 1.268055749413823e-01 0.000000000000000e+00
1.534668011278614e+00 1.268454130079814e-01 0.000000000000000e+00
1.534982170543973e+00 1.268820435524662e-01 0.000000000000000e+00
1.535296329809332e+00 1.269154531956888e-01 0.000000000000000e+00
1.535610489074691e+00 1.269456294068522e-01 0.000000000000000e+00
1.535924648340050e+00 1.269725605064934e-01 0.000000000000000e+00
1.536238807605409e+00 1.269962356692458e-01 0.000000000000000e+00
1.536552966870768e+00 1.270166449263769e-01 0.000000000000000e+00
1.536867126136127e+00 1.270337791681009e-01 0.000000000000000e+00
1.537181285401486e+00 1.270476301456685e-01 0.000000000000000e+00
1.537495444666845e+00 1.270581904732285e-01 0.000000000000000e+00
1.537809603932204e+00 1.270654536294668e-01 0.000000000000000e+00
1.538123763197563e+00 1.270694139590173e-01 0.000000000000000e+00
1.538437922462922e+00 1.270700666736463e-01 0.000000000000000e+00
1.538752081728281e+00 1.270674078532121e-01 0.000000000000000e+00
1.539066240993640e+00 1.270614344463957e-01 0.000000000000000e+00
1.539380400258999e+00 1.270521442712064e-01 0.000000000000000e+00
1.539694559524358e+00 1.270395360152589e-01 0.000000000000000e+00
1.540008718789717e+00 1.270236092358249e-01 0.000000000000000e+00
1.540322878055076e+00 1.270043643596564e-01 0.000000000000000e+00
1.540637037320435e+00 1.269818026825838e-01 0.000000000000000e+00
1.540951196585794e+00 1.269559263688857e-01 0.000000000000000e+00
1.541265355851152e+00 1.269267384504338e-01 0.000000000000000e+00
1.541579515116511e+00 1.268942428256113e-01 0.000000000000000e+00
1.541893674381871e+00 1.268584442580051e-01 0.000000000000000e+00
1.542207833647229e+00 1.268193483748733e-01 0.000000000000000e+00
1.542521992912588e+00 1.267769616653878e-01 0.000000000000000e+00
1.542836152177947e+00 1.267312914786528e-01 0.000000000000000e+00
1.543150311443306e+00 1.266823460214990e-01 0.000000000000000e+00
1.543464470708665e+00 1.266301343560556e-01 0.000000000000000e+00
1.543778629974024e+00 1.265746663970993e-01 0.000000000000000e+00
1.544092789239383e+00 1.265159529091822e-01 0.000000000000000e+00
1.544406948504742e+00 1.264540055035387e-01 0.000000000000000e+00
1.544721107770101e+00 1.263888366347725e-01 0.000000000000000e+00
1.545035267035460e+00 1.263204595973257e-01 0.000000000000000e+00
1.545349426300819e+00 1.262488885217281e-01 0.000000000000000e+00
1.545663585566178e+00 1.261741383706306e-01 0.000000000000000e+00
1.545977744831537e+00 1.260962249346240e-01 0.000000000000000e+00
1.546291904096896e+00 1.260151648278412e-01 0.000000000000000e+00
1.546606063362255e+00 1.259309754833468e-01 0.000000000000000e+00
1.546920222627614e+00 1.258436751483155e-01 0.000000000000000e+00
1.547234381892973e+00 1.257532828789981e-01 0.000000000000000e+00
1.547548541158332e+00 1.256598185354788e-01 0.000000000000000e+00
1.547862700423691e+00 1.255633027762257e-01 0.000000000000000e+00
1.548176859689050e+00 1.254637570524323e-01 0.000000000000000e+00
1.548491018954409e+00 1.253612036021566e-01 0.000000000000000e+00
1.548805178219768e+00 1.252556654442550e-01 0.000000000000000e+00
1.549119337485127e+00 1.251471663721161e-01 0.000000000000000e+00
1.549433496750486e+00 1.250357309471924e-01 0.000000000000000e+00
1.549747656015845e+00 1.249213844923360e-01 0.000000000000000e+00
1.550061815281204e+00 1.248041530849367e-01 0.000000000000000e+00
1.550375974546563e+00 1.246840635498653e-01 0.000000000000000e+00
1.550690133811922e+00 1.245611434522248e-01 0.000000000000000e+00
1.551004293077281e+00 1.244354210899104e-01 0.000000000000000e+00
1.551318452342640e+00 1.243069254859817e-01 0.000000000000000e+00
1.551632611607999e+00 1.241756863808465e-01 0.000000000000000e+00
1.551946770873358e+00 1.240417342242619e-01 0.000000000000000e+00
1.552260930138717e+00 1.239051001671516e-01 0.000000000000000e+00
1.552575089404076e+00 1.237658160532430e-01 0.000000000000000e+00
1.552889248669435e+00 1.236239144105284e-01 0.000000000000000e+00
1.553203407934794e+00 1.234794284425468e-01 0.000000000000000e+00
1.553517567200153e+00 1.233323920194950e-01 0.000000000000000e+00
1.553831726465512e+00 1.231828396691681e-01 0.000000000000000e+00
1.554145885730871e+00 1.230308065677285e-01 0.000000000000000e+00
1.554460044996230e+00 1.228763285303115e-01 0.000000000000000e+00
1.554774204261589e+00 1.227194420014663e-01 0.000000000000000e+00
1.555088363526948e+00 1.225601840454353e-01 0.000000000000000e+00
1.555402522792307e+00 1.223985923362764e-01 0.000000000000000e+00
1.555716682057666e+00 1.222347051478273e-01 0.000000000000000e+00
1.556030841323025e+00 1.220685613435189e-01 0.000000000000000e+00
1.556345000588383e+00 1.219002003660364e-01 0.000000000000000e+00
1.556659159853742e+00 1.217296622268332e-01 0.000000000000000e+00
1.556973319119102e+00 1.215569874955000e-01 0.000000000000000e+00
1.557287478384460e+00 1.213822172889923e-01 0.000000000000000e+00
1.557601637649819e+00 1.212053932607168e-01 0.000000000000000e+00
1.557915796915178e+00 1.210265575894831e-01 0.000000000000000e+00
1.558229956180537e+00 1.208457529683211e-01 0.000000000000000e+00
1.558544115445896e+00 1.206630225931679e-01 0.000000000000000e+00
1.558858274711255e+00 1.204784101514275e-01 0.000000000000000e+00
1.559172433976614e+00 1.202919598104060e-01 0.000000000000000e+00
1.559486593241973e+00 1.201037162056238e-01 0.000000000000000e+00
1.559800752507332e+00 1.199137244290122e-01 0.000000000000000e+00
1.560114911772691e+00 1.197220300169924e-01 0.000000000000000e+00
1.560429071038050e+00 1.195286789384432e-01 0.000000000000000e+00
1.560743230303409e+00 1.193337175825593e-01 0.000000000000000e+00
1.561057389568768e+00 1.191371927466055e-01 0.000000000000000e+00
1.561371548834127e+00 1.189391516235654e-01 0.000000000000000e+00
1.561685708099486e+00 1.187396417896939e-01 0.000000000000000e+00
1.561999867364845e+00 1.185387111919713e-01 0.000000000000000e+00
1.562314026630204e+00 1.183364081354669e-01 0.000000000000000e+00
1.562628185895563e+00 1.181327812706106e-01 0.000000000000000e+00
1.562942345160922e+00 1.179278795803806e-01 0.000000000000000e+00
1.563256504426281e+00 1.177217523674081e-01 0.000000000000000e+00
1.563570663691640e+00 1.175144492410013e-01 0.000000000000000e+00
1.563884822956999e+00 1.173060201040960e-01 0.000000000000000e+00
1.564198982222358e+00 1.170965151401310e-01 0.000000000000000e+00
1.564513141487717e+00 1.168859847998561e-01 0.000000000000000e+00
1.564827300753076e+00 1.166744797880750e-01 0.000000000000000e+00
1.565141460018435e+00 1.164620510503249e-01 0.000000000000000e+00
1.565455619283794e+00 1.162487497594982e-01 0.000000000000000e+00
1.565769778549153e+00 1.160346273024081e-01 0.000000000000000e+00
1.566083937814512e+00 1.158197352663051e-01 0.000000000000000e+00
1.566398097079871e+00 1.156041254253432e-01 0.000000000000000e+00
1.566712256345230e+00 1.153878497270016e-01 0.000000000000000e+00
1.567026415610589e+00 1.151709602784674e-01 0.000000000000000e+00
1.567340574875948e+00 1.149535093329797e-01 0.000000000000000e+00
1.567654734141307e+00 1.147355492761386e-01 0.000000000000000e+00
1.567968893406666e+00 1.145171326121869e-01 0.000000000000000e+00
1.568283052672025e+00 1.142983119502639e-01 0.000000000000000e+00
1.568597211937384e+00 1.140791399906339e-01 0.000000000000000e+00
1.568911371202743e+00 1.138596695108997e-01 0.000000000000000e+00
1.569225530468102e+00 1.136399533521963e-01 0.000000000000000e+00
1.569539689733461e+00 1.134200444053748e-01 0.000000000000000e+00
1.569853848998820e+00 1.131999955971765e-01 0.000000000000000e+00
1.570168008264179e+00 1.129798598764021e-01 0.000000000000000e+00
1.570482167529538e+00 1.127596902000805e-01 0.000000000000000e+00
1.570796326794897e+00 1.125395395196383e-01 0.000000000000000e+00
1.571110486060256e+00 1.123194607670761e-01 0.000000000000000e+00
1.571424645325614e+00 1.120995068411543e-01 0.000000000000000e+00
1.571738804590973e+00 1.118797305935905e-01 0.000000000000000e+00
1.572052963856333e+00 1.116601848152758e-01 0.000000000000000e+00
1.572367123121691e+00 1.114409222225097e-01 0.000000000000000e+00
1.572681282387050e+00 1.112219954432581e-01 0.000000000000000e+00
1.572995441652409e+00 1.110034570034412e-01 0.000000000000000e+00
1.573309600917768e+00 1.107853593132497e-01 0.000000000000000e+00
1.573623760183127e+00 1.105677546534968e-01 0.000000000000000e+00
1.573937919448486e+00 1.103506951620082e-01 0.000000000000000e+00
1.574252078713845e+00 1.101342328200529e-01 0.000000000000000e+00
1.574566237979204e+00 1.099184194388203e-01 0.000000000000000e+00
1.574880397244563e+00 1.097033066459442e-01 0.000000000000000e+00
1.575194556509922e+00 1.094889458720806e-01 0.000000000000000e+00
1.575508715775281e+00 1.092753883375404e-01 0.000000000000000e+00
1.575822875040640e+00 1.090626850389801e-01 0.000000000000000e+00
1.576137034305999e+00 1.088508867361571e-01 0.000000000000000e+00
1.576451193571358e+00 1.086400439387490e-01 0.000000000000000e+00
1.576765352836717e+00 1.084302068932431e-01 0.000000000000000e+00
1.577079512102076e+00 1.082214255698984e-01 0.000000000000000e+00
1.577393671367435e+00 1.080137496497850e-01 0.000000000000000e+00
1.577707830632794e+00 1.078072285118997e-01 0.000000000000000e+00
1.578021989898153e+00 1.076019112203682e-01 0.000000000000000e+00
1.578336149163512e+00 1.073978465117311e-01 0.000000000000000e+00
1.578650308428871e+00 1.071950827823195e-01 0.000000000000000e+00
1.578964467694230e+00 1.069936680757246e-01 0.000000000000000e+00
1.579278626959589e+00 1.067936500703615e-01 0.000000000000000e+00
1.579592786224948e+00 1.065950760671327e-01 0.000000000000000e+00
1.579906945490307e+00 1.063979929771945e-01 0.000000000000000e+00
1.580221104755666e+00 1.062024473098288e-01 0.000000000000000e+00
1.580535264021025e+00 1.060084851604220e-01 0.000000000000000e+00
1.580849423286384e+00 1.058161521985573e-01 0.000000000000000e+00
1.581163582551743e+00 1.056254936562212e-01 0.000000000000000e+00
1.581477741817102e+00 1.054365543161277e-01 0.000000000000000e+00
1.581791901082461e+00 1.052493785001624e-01 0.000000000000000e+00
1.582106060347820e+00 1.050640100579529e-01 0.000000000000000e+00
1.582420219613179e+00 1.048804923555631e-01 0.000000000000000e+00
1.582734378878538e+00 1.046988682643184e-01 0.000000000000000e+00
1.583048538143897e+00 1.045191801497637e-01 0.000000000000000e+00
1.583362697409256e+00 1.043414698607564e-01 0.000000000000000e+00
1.583676856674615e+00 1.041657787186967e-01 0.000000000000000e+00
1.583991015939974e+00 1.039921475069008e-01 0.000000000000000e+00
1.584305175205333e+00 1.038206164601156e-01 0.000000000000000e+00
1.584619334470692e+00 1.036512252541809e-01 0.000000000000000e+00
1.584933493736051e+00 1.034840129958404e-01 0.000000000000000e+00
1.585247653001410e+00 1.033190182127039e-01 0.000000000000000e+00
1.585561812266769e+00 1.031562788433646e-01 0.000000000000000e+00
1.585875971532128e+00 1.029958322276714e-01 0.000000000000000e+00
1.586190130797487e+00 1.028377150971624e-01 0.000000000000000e+00
1.586504290062845e+00 1.026819635656583e-01 0.000000000000000e+00
1.586818449328204e+00 1.025286131200210e-01 0.000000000000000e+00
1.587132608593564e+00 1.023776986110777e-01 0.000000000000000e+00
1.587446767858922e+00 1.022292542447145e-01 0.000000000000000e+00
1.587760927124281e+00 1.020833135731398e-01 0.000000000000000e+00
1.588075086389640e+00 1.019399094863226e-01 0.000000000000000e+00
1.588389245654999e+00 1.017990742036051e-01 0.000000000000000e+00
1.588703404920358e+00 1.016608392654916e-01 0.000000000000000e+00
1.589017564185717e+00 1.015252355256200e-01 0.000000000000000e+00
1.589331723451076e+00 1.013922931429123e-01 0.000000000000000e+00
1.589645882716435e+00 1.012620415739101e-01 0.000000000000000e+00
1.589960041981794e+00 1.011345095652944e-01 0.000000000000000e+00
1.590274201247153e+00 1.010097251465946e-01 0.000000000000000e+00
1.590588360512512e+00 1.008877156230856e-01 0.000000000000000e+00
1.590902519777871e+00 1.007685075688757e-01 0.000000000000000e+00
1.591216679043230e+00 1.006521268201885e-01 0.000000000000000e+00
1.591530838308589e+00 1.005385984688388e-01 0.000000000000000e+00
1.591844997573948e+00 1.004279468559038e-01 0.000000000000000e+00
1.592159156839307e+00 1.003201955655940e-01 0.000000000000000e+00
1.592473316104666e+00 1.002153674193214e-01 0.000000000000000e+00
1.592787475370025e+00 1.001134844699692e-01 0.000000000000000e+00
1.593101634635384e+00 1.000145679963650e-01 0.000000000000000e+00
1.593415793900743e+00 9.991863849795565e-02 0.000000000000000e+00
1.593729953166102e+00 9.982571568968759e-02 0.000000000000000e+00
1.594044112431461e+00 9.973581849709434e-02 0.000000000000000e+00
1.594358271696820e+00 9.964896505159047e-02 0.000000000000000e+00
1.594672430962179e+00 9.956517268597459e-02 0.000000000000000e+00
1.594986590227538e+00 9.948445793014150e-02 0.000000000000000e+00
1.595300749492897e+00 9.940683650700571e-02 0.000000000000000e+00
1.595614908758256e+00 9.933232332863663e-02 0.000000000000000e+00
1.595929068023615e+00 9.926093249260602e-02 0.000000000000000e+00
1.596243227288974e+00 9.919267727854926e-02 0.000000000000000e+00
1.596557386554333e+00 9.912757014494167e-02 0.000000000000000e+00
1.596871545819692e+00 9.906562272608857e-02 0.000000000000000e+00
1.597185705085051e+00 9.900684582933307e-02 0.000000000000000e+00
1.597499864350410e+00 9.895124943247827e-02 0.000000000000000e+00
1.597814023615769e+00 9.889884268142943e-02 0.000000000000000e+00
1.598128182881128e+00 9.884963388805103e-02 0.000000000000000e+00
1.598442342146487e+00 9.880363052824372e-02 0.000000000000000e+00
1.598756501411846e+00 9.876083924024009e-02 0.000000000000000e+00
1.599070660677205e+00 9.872126582311827e-02 0.000000000000000e+00
1.599384819942564e+00 9.868491523553605e-02 0.000000000000000e+00
1.599698979207923e+00 9.865179159468393e-02 0.000000000000000e+00
1.600013138473282e+00 9.862189817545824e-02 0.000000000000000e+00
1.600327297738641e+00 9.859523740985468e-02 0.000000000000000e+00
1.600641457004000e+00 9.857181088658139e-02 0.000000000000000e+00
1.600955616269359e+00 9.855161935089171e-02 0.000000000000000e+00
1.601269775534718e+00 9.853466270463858e-02 0.000000000000000e+00
1.601583934800076e+00 9.852094000654743e-02 0.000000000000000e+00
1.601898094065435e+00 9.851044947270965e-02 0.000000000000000e+00
1.602212253330795e+00 9.850318847729567e-02 0.000000000000000e+00
1.602526412596153e+00 9.849915355348758e-02 0.000000000000000e+00
1.602840571861512e+00 9.849834039463071e-02 0.000000000000000e+00
1.603154731126871e+00 9.850074385560387e-02 0.000000000000000e+00
1.603468890392230e+00 9.850635795440825e-02 0.000000000000000e+00
1.603783049657589e+00 9.851517587397410e-02 0.000000000000000e+00
1.604097208922948e+00 9.852718996418476e-02 0.000000000000000e+00
1.604411368188307e+00 9.854239174411705e-02 0.000000000000000e+00
1.604725527453666e+00 9.856077190449833e-02 0.000000000000000e+00
1.605039686719025e+00 9.858232031037859e-02 0.000000000000000e+00
1.605353845984384e+00 9.860702600401740e-02 0.000000000000000e+00
1.605668005249743e+00 9.863487720798467e-02 0.000000000000000e+00
1.605982164515102e+00 9.866586132847367e-02 0.000000000000000e+00
1.606296323780461e+00 9.869996495882755e-02 0.000000000000000e+00
1.606610483045820e+00 9.873717388327487e-02 0.000000000000000e+00
1.606924642311179e+00 9.877747308087752e-02 0.000000000000000e+00
1.607238801576538e+00 9.882084672968557e-02 0.000000000000000e+00
1.607552960841897e+00 9.886727821110033e-02 0.000000000000000e+00
1.607867120107256e+00 9.891675011444506e-02 0.000000000000000e+00
1.608181279372615e+00 9.896924424173986e-02 0.000000000000000e+00
1.608495438637974e+00 9.902474161268050e-02 0.000000000000000e+00
1.608809597903333e+00 9.908322246982133e-02 0.000000000000000e+00
1.609123757168692e+00 9.914466628395718e-02 0.000000000000000e+00
1.609437916434051e+00 9.920905175970757e-02 0.000000000000000e+00
1.609752075699410e+00 9.927635684129710e-02 0.000000000000000e+00
1.610066234964769e+00 9.934655871853364e-02 0.000000000000000e+00
1.610380394230128e+00 9.941963383298159e-02 0.000000000000000e+00
1.610694553495487e+00 9.949555788432764e-02 0.000000000000000e+00
1.611008712760846e+00 9.957430583694019e-02 0.000000000000000e+00
1.611322872026205e+00 9.965585192661625e-02 0.000000000000000e+00
1.611637031291564e+00 9.974016966751788e-02 0.000000000000000e+00
1.611951190556923e+00 9.982723185929562e-02 0.000000000000000e+00
1.612265349822282e+00 9.991701059439433e-02 0.000000000000000e+00
1.612579509087641e+00 1.000094772655432e-01 0.000000000000000e+00
1.612893668353000e+00 1.001046025734249e-01 0.000000000000000e+00
1.613207827618359e+00 1.002023565345239e-01 0.000000000000000e+00
1.613521986883718e+00 1.003027084891511e-01 0.000000000000000e+00
1.613836146149077e+00 1.004056271096409e-01 0.000000000000000e+00
1.614150305414436e+00 1.005110804087235e-01 0.000000000000000e+00
1.614464464679795e+00 1.006190357480631e-01 0.000000000000000e+00
1.614778623945154e+00 1.007294598469663e-01 0.000000000000000e+00
1.615092783210513e+00 1.008423187912545e-01 0.000000000000000e+00
1.615406942475872e+00 1.009575780422984e-01 0.000000000000000e+00
1.615721101741231e+00 1.010752024462148e-01 0.000000000000000e+00
1.616035261006590e+00 1.011951562432188e-01 0.000000000000000e+00
1.616349420271949e+00 1.013174030771334e-01 0.000000000000000e+00
1.616663579537307e+00 1.014419060050515e-01 0.000000000000000e+00
1.616977738802666e+00 1.015686275071470e-01 0.000000000000000e+00
1.617291898068026e+00 1.016975294966351e-01 0.000000000000000e+00
1.617606057333384e+00 1.018285733298774e-01 0.000000000000000e+00
1.617920216598743e+00 1.019617198166288e-01 0.000000000000000e+00
1.618234375864102e+00 1.020969292304248e-01 0.000000000000000e+00
1.618548535129462e+00 1.022341613191046e-01 0.000000000000000e+00
1.618862694394820e+00 1.023733753154700e-01 0.000000000000000e+00
1.619176853660179e+00 1.025145299480749e-01 0.000000000000000e+00
1.619491012925538e+00 1.026575834521421e-01 0.000000000000000e+00
1.619805172190897e+00 1.028024935806077e-01 0.000000000000000e+00
1.620119331456256e+00 1.029492176152875e-01 0.000000000000000e+00
1.620433490721615e+00 1.030977123781621e-01 0.000000000000000e+00
1.620747649986974e+00 1.032479342427801e-01 0.000000000000000e+00
1.621061809252333e+00 1.033998391457747e-01 0.000000000000000e+00
1.621375968517692e+00 1.035533825984908e-01 0.000000000000000e+00
1.621690127783051e+00 1.037085196987197e-01 0.000000000000000e+00
1.622004287048410e+00 1.038652051425391e-01 0.000000000000000e+00
1.622318446313769e+00 1.040233932362532e-01 0.000000000000000e+00
1.622632605579128e+00 1.041830379084330e-01 0.000000000000000e+00
1.622946764844487e+00 1.043440927220499e-01 0.000000000000000e+00
1.623260924109846e+00 1.045065108867025e-01 0.000000000000000e+00
1.623575083375205e+00 1.046702452709315e-01 0.000000000000000e+00
1.623889242640564e+00 1.048352484146208e-01 0.000000000000000e+00
1.624203401905923e+00 1.050014725414799e-01 0.000000000000000e+00
1.624517561171282e+00 1.051688695716062e-01 0.000000000000000e+00
1.624831720436641e+00 1.053373911341222e-01 0.000000000000000e+00
1.625145879702000e+00 1.055069885798863e-01 0.000000000000000e+00
1.625460038967359e+00 1.056776129942703e-01 0.000000000000000e+00
1.625774198232718e+00 1.058492152100056e-01 0.000000000000000e+00
1.626088357498077e+00 1.060217458200898e-01 0.000000000000000e+00
1.626402516763436e+00 1.061951551907521e-01 0.000000000000000e+00
1.626716676028795e+00 1.063693934744749e-01 0.000000000000000e+00
1.627030835294154e+00 1.065444106230682e-01 0.000000000000000e+00
1.627344994559513e+00 1.067201564007912e-01 0.000000000000000e+00
1.627659153824872e+00 1.068965803975195e-01 0.000000000000000e+00
1.627973313090231e+00 1.070736320419560e-01 0.000000000000000e+00
1.628287472355590e+00 1.072512606148772e-01 0.000000000000000e+00
1.628601631620949e+00 1.074294152624161e-01 0.000000000000000e+00
1.628915790886308e+00 1.076080450093773e-01 0.000000000000000e+00
1.629229950151667e+00 1.077870987725781e-01 0.000000000000000e+00
1.629544109417026e+00 1.079665253742156e-01 0.000000000000000e+00
1.629858268682385e+00 1.081462735552533e-01 0.000000000000000e+00
1.630172427947744e+00 1.083262919888278e-01 0.000000000000000e+00
1.630486587213103e+00 1.085065292936661e-01 0.000000000000000e+00
1.630800746478462e+00 1.086869340475155e-01 0.000000000000000e+00
1.631114905743821e+00 1.088674548005809e-01 0.000000000000000e+00
1.631429065009180e+00 1.090480400889634e-01 0.000000000000000e+00
1.631743224274538e+00 1.092286384481011e-01 0.000000000000000e+00
1.632057383539897e+00 1.094091984262049e-01 0.000000000000000e+00
1.632371542805257e+00 1.095896685976882e-01 0.000000000000000e+00
1.632685702070615e+00 1.097699975765849e-01 0.000000000000000e+00
1.632999861335974e+00 1.099501340299552e-01 0.000000000000000e+00
1.633314020601333e+00 1.101300266912716e-01 0.000000000000000e+00
1.633628179866693e+00 1.103096243737857e-01 0.000000000000000e+00
1.633942339132051e+00 1.104888759838700e-01 0.000000000000000e+00
1.634256498397410e+00 1.106677305343310e-01 0.000000000000000e+00
1.634570657662769e+00 1.108461371576920e-01 0.000000000000000e+00
1.634884816928128e+00 1.110240451194399e-01 0.000000000000000e+00
1.635198976193487e+00 1.112014038312350e-01 0.000000000000000e+00
1.635513135458846e+00 1.113781628640777e-01 0.000000000000000e+00
1.635827294724205e+00 1.115542719614308e-01 0.000000000000000e+00
1.636141453989564e+00 1.117296810522931e-01 0.000000000000000e+00
1.636455613254923e+00 1.119043402642209e-01 0.000000000000000e+00
1.636769772520282e+00 1.120781999362940e-01 0.000000000000000e+00
1.637083931785641e+00 1.122512106320234e-01 0.000000000000000e+00
1.637398091051000e+00 1.124233231521964e-01 0.000000000000000e+00
1.637712250316359e+00 1.125944885476567e-01 0.000000000000000e+00
1.638026409581718e+00 1.127646581320159e-01 0.000000000000000e+00
1.638340568847077e+00 1.129337834942920e-01 0.000000000000000e+00
1.638654728112436e+00 1.131018165114736e-01 0.000000000000000e+00
1.638968887377795e+00 1.132687093610057e-01 0.000000000000000e+00
1.639283046643154e+00 1.134344145331927e-01 0.000000000000000e+00
1.639597205908513e+00 1.135988848435173e-01 0.000000000000000e+00
1.639911365173872e+00 1.137620734448705e-01 0.000000000000000e+00
1.640225524439231e+00 1.139239338396912e-01 0.000000000000000e+00
1.640539683704590e+00 1.140844198920099e-01 0.000000000000000e+00
1.640853842969949e+00 1.142434858393964e-01 0.000000000000000e+00
1.641168002235308e+00 1.144010863048059e-01 0.000000000000000e+00
1.641482161500667e+00 1.145571763083212e-01 0.000000000000000e+00
1.641796320766026e+00 1.147117112787881e-01 0.000000000000000e+00
1.642110480031385e+00 1.148646470653423e-01 0.000000000000000e+00
1.642424639296744e+00 1.150159399488218e-01 0.000000000000000e+00
1.642738798562103e+00 1.151655466530640e-01 0.000000000000000e+00
1.643052957827462e+00 1.153134243560855e-01 0.000000000000000e+00
1.643367117092821e+00 1.154595307011386e-01 0.000000000000000e+00
1.643681276358180e+00 1.156038238076443e-01 0.000000000000000e+00
1.643995435623539e+00 1.157462622819977e-01 0.000000000000000e+00
1.644309594888898e+00 1.158868052282452e-01 0.000000000000000e+00
1.644623754154257e+00 1.160254122586259e-01 0.000000000000000e+00
1.644937913419616e+00 1.161620435039798e-01 0.000000000000000e+00
1.645252072684975e+00 1.162966596240178e-01 0.000000000000000e+00
1.645566231950334e+00 1.164292218174501e-01 0.000000000000000e+00
1.645880391215693e+00 1.165596918319711e-01 0.000000000000000e+00
1.646194550481052e+00 1.166880319741002e-01 0.000000000000000e+00
1.646508709746411e+00 1.168142051188722e-01 0.000000000000000e+00
1.646822869011769e+00 1.169381747193769e-01 0.000000000000000e+00
1.647137028277128e+00 1.170599048161473e-01 0.000000000000000e+00
1.647451187542488e+00 1.171793600463894e-01 0.000000000000000e+00
1.647765346807846e+00 1.172965056530555e-01 0.000000000000000e+00
1.648079506073205e+00 1.174113074937570e-01 0.000000000000000e+00
1.648393665338564e+00 1.175237320495138e-01 0.000000000000000e+00
1.648707824603924e+00 1.176337464333389e-01 0.000000000000000e+00
1.649021983869282e+00 1.177413183986560e-01 0.000000000000000e+00
1.649336143134641e+00 1.178464163475479e-01 0.000000000000000e+00
1.649650302400000e+00 1.179490093388331e-01 0.000000000000000e+00
1.649964461665359e+00 1.180490670959690e-01 0.000000000000000e+00
1.650278620930718e+00 1.181465600147799e-01 0.000000000000000e+00
1.650592780196077e+00 1.182414591710072e-01 0.000000000000000e+00
1.650906939461436e+00 1.183337363276802e-01 0.000000000000000e+00
1.651221098726795e+00 1.184233639423058e-01 0.000000000000000e+00
1.651535257992154e+00 1.185103151738751e-01 0.000000000000000e+00
1.651849417257513e+00 1.185945638896850e-01 0.000000000000000e+00
1.652163576522872e+00 1.186760846719731e-01 0.000000000000000e+00
1.652477735788231e+00 1.187548528243650e-01 0.000000000000000e+00
1.652791895053590e+00 1.188308443781302e-01 0.000000000000000e+00
1.653106054318949e+00 1.189040360982483e-01 0.000000000000000e+00
1.653420213584308e+00 1.189744054892810e-01 0.000000000000000e+00
1.653734372849667e+00 1.190419308010498e-01 0.000000000000000e+00
1.654048532115026e+00 1.191065910341178e-01 0.000000000000000e+00
1.654362691380385e+00 1.191683659450750e-01 0.000000000000000e+00
1.654676850645744e+00 1.192272360516229e-01 0.000000000000000e+00
1.654991009911103e+00 1.192831826374616e-01 0.000000000000000e+00
1.655305169176462e+00 1.193361877569742e-01 0.000000000000000e+00
1.655619328441821e+00 1.193862342397091e-01 0.000000000000000e+00
1.655933487707180e+00 1.194333056946598e-01 0.000000000000000e+00
1.656247646972539e+00 1.194773865143388e-01 0.000000000000000e+00
1.656561806237898e+00 1.195184618786470e-01 0.000000000000000e+00
1.656875965503257e+00 1.195565177585367e-01 0.000000000000000e+00
1.657190124768616e+00 1.195915409194665e-01 0.000000000000000e+00
1.657504284033975e+00 1.196235189246487e-01 0.000000000000000e+00
1.657818443299334e+00 1.196524401380870e-01 0.000000000000000e+00
1.658132602564693e+00 1.196782937274058e-01 0.000000000000000e+00
1.658446761830052e+00 1.197010696664671e-01 0.000000000000000e+00
1.658760921095411e+00 1.197207587377784e-01 0.000000000000000e+00
1.659075080360770e+00 1.197373525346874e-01 0.000000000000000e+00
1.659389239626129e+00 1.197508434633659e-01 0.000000000000000e+00
1.659703398891488e+00 1.197612247445796e-01 0.000000000000000e+00
1.660017558156847e+00 1.197684904152465e-01 0.000000000000000e+00
1.660331717422206e+00 1.197726353297807e-01 0.000000000000000e+00
1.660645876687565e+00 1.197736551612234e-01 0.000000000000000e+00
1.660960035952924e+00 1.197715464021592e-01 0.000000000000000e+00
1.661274195218283e+00 1.197663063654195e-01 0.000000000000000e+00
1.661588354483642e+00 1.197579331845701e-01 0.000000000000000e+00
1.661902513749000e+00 1.197464258141861e-01 0.000000000000000e+00
1.662216673014359e+00 1.197317840299120e-01 0.000000000000000e+00
1.662530832279719e+00 1.197140084283067e-01 0.000000000000000e+00
1.662844991545078e+00 1.196931004264758e-01 0.000000000000000e+00
1.663159150810436e+00 1.196690622614884e-01 0.000000000000000e+00
1.663473310075795e+00 1.196418969895815e-01 0.000000000000000e+00
1.663787469341155e+00 1.196116084851504e-01 0.000000000000000e+00
1.664101628606513e+00 1.195782014395246e-01 0.000000000000000e+00
1.664415787871872e+00 1.195416813595336e-01 0.000000000000000e+00
1.664729947137231e+00 1.195020545658574e-01 0.000000000000000e+00
1.665044106402590e+00 1.194593281911670e-01 0.000000000000000e+00
1.665358265667949e+00 1.194135101780530e-01 0.000000000000000e+00
1.665672424933308e+00 1.193646092767426e-01 0.000000000000000e+00
1.665986584198667e+00 1.193126350426081e-01 0.000000000000000e+00
1.666300743464026e+00 1.192575978334643e-01 0.000000000000000e+00
1.666614902729385e+00 1.191995088066583e-01 0.000000000000000e+00
1.666929061994744e+00 1.191383799159509e-01 0.000000000000000e+00
1.667243221260103e+00 1.190742239081914e-01 0.000000000000000e+00
1.667557380525462e+00 1.190070543197858e-01 0.000000000000000e+00
1.667871539790821e+00 1.189368854729608e-01 0.000000000000000e+00
1.668185699056180e+00 1.188637324718223e-01 0.000000000000000e+00
1.668499858321539e+00 1.187876111982121e-01 0.000000000000000e+00
1.668814017586898e+00 1.187085383073624e-01 0.000000000000000e+00
1.669128176852257e+00 1.186265312233497e-01 0.000000000000000e+00
1.669442336117616e+00 1.185416081343487e-01 0.000000000000000e+00
1.669756495382975e+00 1.184537879876889e-01 0.000000000000000e+00
1.670070654648334e+00 1.183630904847132e-01 0.000000000000000e+00
1.670384813913693e+00 1.182695360754427e-01 0.000000000000000e+00
1.670698973179052e+00 1.181731459530460e-01 0.000000000000000e+00
1.671013132444411e+00 1.180739420481171e-01 0.000000000000000e+00
1.671327291709770e+00 1.179719470227610e-01 0.000000000000000e+00
1.671641450975129e+00 1.178671842644914e-01 0.000000000000000e+00
1.671955610240488e+00 1.177596778799403e-01 0.000000000000000e+00
1.672269769505847e+00 1.176494526883806e-01 0.000000000000000e+00
1.672583928771206e+00 1.175365342150655e-01 0.000000000000000e+00
1.672898088036565e+00 1.174209486843848e-01 0.000000000000000e+00
1.673212247301924e+00 1.173027230128410e-01 0.000000000000000e+00
1.673526406567283e+00 1.171818848018455e-01 0.000000000000000e+00
1.673840565832642e+00 1.170584623303397e-01 0.000000000000000e+00
1.674154725098001e+00 1.169324845472393e-01 0.000000000000000e+00
1.674468884363360e+00 1.168039810637068e-01 0.000000000000000e+00
1.674783043628719e+00 1.166729821452528e-01 0.000000000000000e+00
1.675097202894078e+00 1.165395187036690e-01 0.000000000000000e+00
1.675411362159437e+00 1.164036222887934e-01 0.000000000000000e+00
1.675725521424796e+00 1.162653250801128e-01 0.000000000000000e+00
1.676039680690155e+00 1.161246598782015e-01 0.000000000000000e+00
1.676353839955514e+00 1.159816600960010e-01 0.000000000000000e+00
1.676667999220873e+00 1.158363597499421e-01 0.000000000000000e+00
1.676982158486231e+00 1.156887934509113e-01 0.000000000000000e+00
1.677296317751590e+00 1.155389963950647e-01 0.000000000000000e+00
1.677610477016950e+00 1.153870043544907e-01 0.000000000000000e+00
1.677924636282309e+00 1.152328536677271e-01 0.000000000000000e+00
1.678238795547667e+00 1.150765812301291e-01 0.000000000000000e+00
1.678552954813026e+00 1.149182244840973e-01 0.000000000000000e+00
1.678867114078386e+00 1.147578214091650e-01 0.000000000000000e+00
1.679181273343744e+00 1.145954105119463e-01 0.000000000000000e+00
1.679495432609103e+00 1.144310308159501e-01 0.000000000000000e+00
1.679809591874462e+00 1.142647218512632e-01 0.000000000000000e+00
1.680123751139821e+00 1.140965236441009e-01 0.000000000000000e+00
1.680437910405180e+00 1.139264767062325e-01 0.000000000000000e+00
1.680752069670539e+00 1.137546220242833e-01 0.000000000000000e+00
1.681066228935898e+00 1.135810010489134e-01 0.000000000000000e+00
1.681380388201257e+00 1.134056556838797e-01 0.000000000000000e+00
1.681694547466616e+00 1.132286282749818e-01 0.000000000000000e+00
1.682008706731975e+00 1.130499615988955e-01 0.000000000000000e+00
1.682322865997334e+00 1.128696988518958e-01 0.000000000000000e+00
1.682637025262693e+00 1.126878836384747e-01 0.000000000000000e+00
1.682951184528052e+00 1.125045599598540e-01 0.000000000000000e+00
1.683265343793411e+00 1.123197722023978e-01 0.000000000000000e+00
1.683579503058770e+00 1.121335651259274e-01 0.000000000000000e+00
1.683893662324129e+00 1.119459838519417e-01 0.000000000000000e+00
1.684207821589488e+00 1.117570738517463e-01 0.000000000000000e+00
1.684521980854847e+00 1.115668809344929e-01 0.000000000000000e+00
1.684836140120206e+00 1.113754512351364e-01 0.000000000000000e+00
1.685150299385565e+00 1.111828312023063e-01 0.000000000000000e+00
1.685464458650924e+00 1.109890675861017e-01 0.000000000000000e+00
1.685778617916283e+00 1.107942074258102e-01 0.000000000000000e+00
1.686092777181642e+00 1.105982980375535e-01 0.000000000000000e+00
1.686406936447001e+00 1.104013870018646e-01 0.000000000000000e+00
1.686721095712360e+00 1.102035221511988e-01 0.000000000000000e+00
1.687035254977719e+00 1.100047515573822e-01 0.000000000000000e+00
1.687349414243078e+00 1.098051235189998e-01 0.000000000000000e+00
1.687663573508437e+00 1.096046865487288e-01 0.000000000000000e+00
1.687977732773796e+00 1.094034893606190e-01 0.000000000000000e+00
1.688291892039155e+00 1.092015808573227e-01 0.000000000000000e+00
1.688606051304514e+00 1.089990101172787e-01 0.000000000000000e+00
1.688920210569873e+00 1.087958263818550e-01 0.000000000000000e+00
1.689234369835232e+00 1.085920790424507e-01 0.000000000000000e+00
1.689548529100591e+00 1.083878176275617e-01 0.000000000000000e+00
1.689862688365950e+00 1.081830917898146e-01 0.000000000000000e+00
1.690176847631309e+00 1.079779512929714e-01 0.000000000000000e+00
1.690491006896668e+00 1.077724459989073e-01 0.000000000000000e+00
1.690805166162027e+00 1.075666258545668e-01 0.000000000000000e+00
1.691119325427386e+00 1.073605408789015e-01 0.000000000000000e+00
1.691433484692745e+00 1.071542411497900e-01 0.000000000000000e+00
1.691747643958104e+00 1.069477767909478e-01 0.000000000000000e+00
1.692061803223463e+00 1.067411979588276e-01 0.000000000000000e+00
1.692375962488821e+00 1.065345548295142e-01 0.000000000000000e+00
1.692690121754181e+00 1.063278975856162e-01 0.000000000000000e+00
1.693004281019540e+00 1.061212764031620e-01 0.000000000000000e+00
1.693318440284898e+00 1.059147414384982e-01 0.000000000000000e+00
1.693632599550257e+00 1.057083428151965e-01 0.000000000000000e+00
1.693946758815617e+00 1.055021306109737e-01 0.000000000000000e+00
1.694260918080975e+00 1.052961548446258e-01 0.000000000000000e+00
1.694575077346334e+00 1.050904654629800e-01 0.000000000000000e+00
1.694889236611693e+00 1.048851123278700e-01 0.000000000000000e+00
1.695203395877052e+00 1.046801452031356e-01 0.000000000000000e+00
1.695517555142411e+00 1.044756137416511e-01 0.000000000000000e+00
1.695831714407770e+00 1.042715674723865e-01 0.000000000000000e+00
1.696145873673129e+00 1.040680557875029e-01 0.000000000000000e+00
1.696460032938488e+00 1.038651279294871e-01 0.000000000000000e+00
1.696774192203847e+00 1.036628329783293e-01 0.000000000000000e+00
1.697088351469206e+00 1.034612198387446e-01 0.000000000000000e+00
1.697402510734565e+00 1.032603372274445e-01 0.000000000000000e+00
1.697716669999924e+00 1.030602336604597e-01 0.000000000000000e+00
1.698030829265283e+00 1.028609574405191e-01 0.000000000000000e+00
1.698344988530642e+00 1.026625566444866e-01 0.000000000000000e+00
1.698659147796001e+00 1.024650791108602e-01 0.000000000000000e+00
1.698973307061360e+00 1.022685724273362e-01 0.000000000000000e+00
1.699287466326719e+00 1.020730839184417e-01 0.000000000000000e+00
1.699601625592078e+00 1.018786606332391e-01 0.000000000000000e+00
1.699915784857437e+00 1.016853493331045e-01 0.000000000000000e+00
1.700229944122796e+00 1.014931964795852e-01 0.000000000000000e+00
1.700544103388155e+00 1.013022482223369e-01 0.000000000000000e+00
1.700858262653514e+00 1.011125503871466e-01 0.000000000000000e+00
1.701172421918873e+00 1.009241484640418e-01 0.000000000000000e+00
1.701486581184232e+00 1.007370875954900e-01 0.000000000000000e+00
1.701800740449591e+00 1.005514125646929e-01 0.000000000000000e+00
1.702114899714950e+00 1.003671677839754e-01 0.000000000000000e+00
1.702429058980309e+00 1.001843972832755e-01 0.000000000000000e+00
1.702743218245668e+00 1.000031446987358e-01 0.000000000000000e+00
1.703057377511027e+00 9.982345326140063e-02 0.000000000000000e+00
1.703371536776386e+00 9.964536578602202e-02 0.000000000000000e+00
1.703685696041745e+00 9.946892465997591e-02 0.000000000000000e+00
1.703999855307104e+00 9.929417183229350e-02 0.000000000000000e+00
1.704314014572463e+00 9.912114880280880e-02 0.000000000000000e+00
1.704628173837822e+00 9.894989661142614e-02 0.000000000000000e+00
1.704942333103181e+00 9.878045582751052e-02 0.000000000000000e+00
1.705256492368540e+00 9.861286653940261e-02 0.000000000000000e+00
1.705570651633899e+00 9.844716834406200e-02 0.000000000000000e+00
1.705884810899258e+00 9.828340033684124e-02 0.000000000000000e+00
1.706198970164617e+00 9.812160110139279e-02 0.000000000000000e+00
1.706513129429976e+00 9.796180869971192e-02 0.000000000000000e+00
1.706827288695335e+00 9.780406066231827e-02 0.000000000000000e+00
1.707141447960694e+00 9.764839397857822e-02 0.000000000000000e+00
1.707455607226052e+00 9.749484508717048e-02 0.000000000000000e+00
1.707769766491412e+00 9.734344986669755e-02 0.000000000000000e+00
1.708083925756771e+00 9.719424362644608e-02 0.000000000000000e+00
1.708398085022129e+00 9.704726109729757e-02 0.000000000000000e+00
1.708712244287488e+00 9.690253642279142e-02 0.000000000000000e+00
1.709026403552848e+00 9.676010315034470e-02 0.000000000000000e+00
1.709340562818206e+00 9.661999422262799e-02 0.000000000000000e+00
1.709654722083565e+00 9.648224196910204e-02 0.000000000000000e+00
1.709968881348924e+00 9.634687809771593e-02 0.000000000000000e+00
1.710283040614283e+00 9.621393368676950e-02 0.000000000000000e+00
1.710597199879642e+00 9.608343917694169e-02 0.000000000000000e+00
1.710911359145001e+00 9.595542436348722e-02 0.000000000000000e+00
1.711225518410360e+00 9.582991838860380e-02 0.000000000000000e+00
1.711539677675719e+00 9.570694973397056e-02 0.000000000000000e+00
1.711853836941078e+00 9.558654621346160e-02 0.000000000000000e+00
1.712167996206437e+00 9.546873496603489e-02 0.000000000000000e+00
1.712482155471796e+00 9.535354244879919e-02 0.000000000000000e+00
1.712796314737155e+00 9.524099443025932e-02 0.000000000000000e+00
1.713110474002514e+00 9.513111598374480e-02 0.000000000000000e+00
1.713424633267873e+00 9.502393148101977e-02 0.000000000000000e+00
1.713738792533232e+00 9.491946458607714e-02 0.000000000000000e+00
1.714052951798591e+00 9.481773824912043e-02 0.000000000000000e+00
1.714367111063950e+00 9.471877470073202e-02 0.000000000000000e+00
1.714681270329309e+00 9.462259544623010e-02 0.000000000000000e+00
1.714995429594668e+00 9.452922126021802e-02 0.000000000000000e+00
1.715309588860027e+00 9.443867218132328e-02 0.000000000000000e+00
1.715623748125386e+00 9.435096750713104e-02 0.000000000000000e+00
1.715937907390745e+00 9.426612578931257e-02 0.000000000000000e+00
1.716252066656104e+00 9.418416482894773e-02 0.000000000000000e+00
1.716566225921463e+00 9.410510167204582e-02 0.000000000000000e+00
1.716880385186822e+00 9.402895260526453e-02 0.000000000000000e+00
1.717194544452181e+00 9.395573315182650e-02 0.000000000000000e+00
1.717508703717540e+00 9.388545806763779e-02 0.000000000000000e+00
1.717822862982899e+00 9.381814133760602e-02 0.000000000000000e+00
1.718137022248258e+00 9.375379617216173e-02 0.000000000000000e+00
1.718451181513617e+00 9.369243500398138e-02 0.000000000000000e+00
1.718765340778976e+00 9.363406948491518e-02 0.000000000000000e+00
1.719079500044335e+00 9.357871048311822e-02 0.000000000000000e+00
1.719393659309694e+00 9.352636808038829e-02 0.000000000000000e+00
1.719707818575053e+00 9.347705156970697e-02 0.000000000000000e+00
1.720021977840412e+00 9.343076945299036e-02 0.000000000000000e+00
1.720336137105771e+00 9.338752943904396e-02 0.000000000000000e+00
1.720650296371130e+00 9.334733844172594e-02 0.000000000000000e+00
1.720964455636489e+00 9.331020257831875e-02 0.000000000000000e+00
1.721278614901848e+00 9.327612716810849e-02 0.000000000000000e+00
1.721592774167207e+00 9.324511673117261e-02 0.000000000000000e+00
1.721906933432566e+00 9.321717498737637e-02 0.000000000000000e+00
1.722221092697925e+00 9.319230485557914e-02 0.000000000000000e+00
1.722535251963283e+00 9.317050845304901e-02 0.000000000000000e+00
1.722849411228643e+00 9.315178709508706e-02 0.000000000000000e+00
1.723163570494002e+00 9.313614129486084e-02 0.000000000000000e+00
1.723477729759360e+00 9.312357076344742e-02 0.000000000000000e+00
1.723791889024719e+00 9.311407441008543e-02 0.000000000000000e+00
1.724106048290079e+00 9.310765034263636e-02 0.000000000000000e+00
1.724420207555437e+00 9.310429586825512e-02 0.000000000000000e+00
1.724734366820796e+00 9.310400749426881e-02 0.000000000000000e+00
1.725048526086155e+00 9.310678092926483e-02 0.000000000000000e+00
1.725362685351514e+00 9.311261108438609e-02 0.000000000000000e+00
1.725676844616873e+00 9.312149207483519e-02 0.000000000000000e+00
1.725991003882232e+00 9.313341722158500e-02 0.000000000000000e+00
1.726305163147591e+00 9.314837905329648e-02 0.000000000000000e+00
1.726619322412950e+00 9.316636930844313e-02 0.000000000000000e+00
1.726933481678309e+00 9.318737893764054e-02 0.000000000000000e+00
1.727247640943668e+00 9.321139810618112e-02 0.000000000000000e+00
1.727561800209027e+00 9.323841619677396e-02 0.000000000000000e+00
1.727875959474386e+00 9.326842181248729e-02 0.000000000000000e+00
1.728190118739745e+00 9.330140277989424e-02 0.000000000000000e+00
1.728504278005104e+00 9.333734615242029e-02 0.000000000000000e+00
1.728818437270463e+00 9.337623821389235e-02 0.000000000000000e+00
1.729132596535822e+00 9.341806448228654e-02 0.000000000000000e+00
1.729446755801181e+00 9.346280971367672e-02 0.000000000000000e+00
1.729760915066540e+00 9.351045790637939e-02 0.000000000000000e+00
1.730075074331899e+00 9.356099230529692e-02 0.000000000000000e+00
1.730389233597258e+00 9.361439540645469e-02 0.000000000000000e+00
1.730703392862617e+00 9.367064896173417e-02 0.000000000000000e+00
1.731017552127976e+00 9.372973398379827e-02 0.000000000000000e+00
1.731331711393335e+00 9.379163075120905e-02 0.000000000000000e+00
1.731645870658694e+00 9.385631881373514e-02 0.000000000000000e+00
1.731960029924053e+00 9.392377699784944e-02 0.000000000000000e+00
1.732274189189412e+00 9.399398341241250e-02 0.000000000000000e+00
1.732588348454771e+00 9.406691545454389e-02 0.000000000000000e+00
1.732902507720130e+00 9.414254981567673e-02 0.000000000000000e+00
1.733216666985489e+00 9.422086248779528e-02 0.000000000000000e+00
1.733530826250848e+00 9.430182876985407e-02 0.000000000000000e+00
1.733844985516207e+00 9.438542327437655e-02 0.000000000000000e+00
1.734159144781566e+00 9.447161993423030e-02 0.000000000000000e+00
1.734473304046925e+00 9.456039200957969e-02 0.000000000000000e+00
1.734787463312284e+00 9.465171209501148e-02 0.000000000000000e+00
1.735101622577643e+00 9.474555212683354e-02 0.000000000000000e+00
1.735415781843002e+00 9.484188339054186e-02 0.000000000000000e+00
1.735729941108361e+00 9.494067652845868e-02 0.000000000000000e+00
1.736044100373720e+00 9.504190154753406e-02 0.000000000000000e+00
1.736358259639079e+00 9.514552782731303e-02 0.000000000000000e+00
1.736672418904438e+00 9.525152412806469e-02 0.000000000000000e+00
1.736986578169797e+00 9.535985859907070e-02 0.000000000000000e+00
1.737300737435156e+00 9.547049878707159e-02 0.000000000000000e+00
1.737614896700514e+00 9.558341164486844e-02 0.000000000000000e+00
1.737929055965874e+00 9.569856354007857e-02 0.000000000000000e+00
1.738243215231233e+00 9.581592026404001e-02 0.000000000000000e+00
1.738557374496591e+00 9.593544704086669e-02 0.000000000000000e+00
1.738871533761950e+00 9.605710853664881e-02 0.000000000000000e+00
1.739185693027310e+00 9.618086886879608e-02 0.000000000000000e+00
1.739499852292668e+00 9.630669161552333e-02 0.000000000000000e+00
1.739814011558027e+00 9.643453982547467e-02 0.000000000000000e+00
1.740128170823386e+00 9.656437602748284e-02 0.000000000000000e+00
1.740442330088745e+00 9.669616224046311e-02 0.000000000000000e+00
1.740756489354104e+00 9.682985998343785e-02 0.000000000000000e+00
1.741070648619463e+00 9.696543028568931e-02 0.000000000000000e+00
1.741384807884822e+00 9.710283369703807e-02 0.000000000000000e+00
1.741698967150181e+00 9.724203029824416e-02 0.000000000000000e+00
1.742013126415540e+00 9.738297971152991e-02 0.000000000000000e+00
1.742327285680899e+00 9.752564111121721e-02 0.000000000000000e+00
1.742641444946258e+00 9.766997323448262e-02 0.000000000000000e+00
1.742955604211617e+00 9.781593439222268e-02 0.000000000000000e+00
1.743269763476976e+00 9.796348248002755e-02 0.000000000000000e+00
1.743583922742335e+00 9.811257498926246e-02 0.000000000000000e+00
1.743898082007694e+00 9.826316901825134e-02 0.000000000000000e+00
1.744212241273053e+00 9.841522128355989e-02 0.000000000000000e+00
1.744526400538412e+00 9.856868813137774e-02 0.000000000000000e+00
1.744840559803771e+00 9.872352554899338e-02 0.000000000000000e+00
1.745154719069130e+00 9.887968917636064e-02 0.000000000000000e+00
1.745468878334489e+00 9.903713431775421e-02 0.000000000000000e+00
1.745783037599848e+00 9.919581595350925e-02 0.000000000000000e+00
1.746097196865207e+00 9.935568875184364e-02 0.000000000000000e+00
1.746411356130566e+00 9.951670708075913e-02 0.000000000000000e+00
1.746725515395925e+00 9.967882502001792e-02 0.000000000000000e+00
1.747039674661284e+00 9.984199637319362e-02 0.000000000000000e+00
1.747353833926643e+00 1.000061746797890e-01 0.000000000000000e+00
1.747667993192002e+00 1.001713132274225e-01 0.000000000000000e+00
1.747982152457361e+00 1.003373650640773e-01 0.000000000000000e+00
1.748296311722720e+00 1.005042830104094e-01 0.000000000000000e+00
1.748610470988079e+00 1.006720196721141e-01 0.000000000000000e+00
1.748924630253438e+00 1.008405274523447e-01 0.000000000000000e+00
1.749238789518797e+00 1.010097585641819e-01 0.000000000000000e+00
1.749552948784156e+00 1.011796650431508e-01 0.000000000000000e+00
1.749867108049515e+00 1.013501987597811e-01 0.000000000000000e+00
1.750181267314874e+00 1.015213114322070e-01 0.000000000000000e+00
1.750495426580233e+00 1.016929546388056e-01 0.000000000000000e+00
1.750809585845592e+00 1.018650798308696e-01 0.000000000000000e+00
1.751123745110951e+00 1.020376383453081e-01 0.000000000000000e+00
1.751437904376310e+00 1.022105814173770e-01 0.000000000000000e+00
1.751752063641669e+00 1.023838601934322e-01 0.000000000000000e+00
1.752066222907028e+00 1.025574257437042e-01 0.000000000000000e+00
1.752380382172387e+00 1.027312290750887e-01 0.000000000000000e+00
1.752694541437746e+00 1.029052211439522e-01 0.000000000000000e+00
1.753008700703105e+00 1.030793528689482e-01 0.000000000000000e+00
1.753322859968464e+00 1.032535751438395e-01 0.000000000000000e+00
1.753637019233822e+00 1.034278388503253e-01 0.000000000000000e+00
1.753951178499181e+00 1.036020948708691e-01 0.000000000000000e+00
1.754265337764541e+00 1.037762941015232e-01 0.000000000000000e+00
1.754579497029899e+00 1.039503874647467e-01 0.000000000000000e+00
1.754893656295258e+00 1.041243259222153e-01 0.000000000000000e+00
1.755207815560617e+00 1.042980604876165e-01 0.000000000000000e+00
1.755521974825976e+00 1.044715422394307e-01 0.000000000000000e+00
1.755836134091335e+00 1.046447223336912e-01 0.000000000000000e+00
1.756150293356694e+00 1.048175520167214e-01 0.000000000000000e+00
1.756464452622053e+00 1.049899826378474e-01 0.000000000000000e+00
1.756778611887412e+00 1.051619656620791e-01 0.000000000000000e+00
1.757092771152771e+00 1.053334526827605e-01 0.000000000000000e+00
1.757406930418130e+00 1.055043954341825e-01 0.000000000000000e+00
1.757721089683489e+00 1.056747458041565e-01 0.000000000000000e+00
1.758035248948848e+00 1.058444558465474e-01 0.000000000000000e+00
1.758349408214207e+00 1.060134777937574e-01 0.000000000000000e+00
1.758663567479566e+00 1.061817640691632e-01 0.000000000000000e+00
1.758977726744925e+00 1.063492672995009e-01 0.000000000000000e+00
1.759291886010284e+00 1.065159403271933e-01 0.000000000000000e+00
1.759606045275643e+00 1.066817362226208e-01 0.000000000000000e+00
1.759920204541002e+00 1.068466082963290e-01 0.000000000000000e+00
1.760234363806361e+00 1.070105101111710e-01 0.000000000000000e+00
1.760548523071720e+00 1.071733954943830e-01 0.000000000000000e+00
1.760862682337079e+00 1.073352185495871e-01 0.000000000000000e+00
1.761176841602438e+00 1.074959336687191e-01 0.000000000000000e+00
1.761491000867797e+00 1.076554955438808e-01 0.000000000000000e+00
1.761805160133156e+00 1.078138591791098e-01 0.000000000000000e+00
1.762119319398515e+00 1.079709799020662e-01 0.000000000000000e+00
1.762433478663874e+00 1.081268133756322e-01 0.000000000000000e+00
1.762747637929233e+00 1.082813156094226e-01 0.000000000000000e+00
1.763061797194592e+00 1.084344429712022e-01 0.000000000000000e+00
1.763375956459951e+00 1.085861521982072e-01 0.000000000000000e+00
1.763690115725310e+00 1.087364004083676e-01 0.000000000000000e+00
1.764004274990669e+00 1.088851451114304e-01 0.000000000000000e+00
1.764318434256028e+00 1.090323442199743e-01 0.000000000000000e+00
1.764632593521387e+00 1.091779560603212e-01 0.000000000000000e+00
1.764946752786746e+00 1.093219393833351e-01 0.000000000000000e+00
1.765260912052105e+00 1.094642533751085e-01 0.000000000000000e+00
1.765575071317464e+00 1.096048576675339e-01 0.000000000000000e+00
1.765889230582823e+00 1.097437123487567e-01 0.000000000000000e+00
1.766203389848182e+00 1.098807779735055e-01 0.000000000000000e+00
1.766517549113541e+00 1.100160155733010e-01 0.000000000000000e+00
1.766831708378900e+00 1.101493866665369e-01 0.000000000000000e+00
1.767145867644259e+00 1.102808532684323e-01 0.000000000000000e+00
1.767460026909618e+00 1.104103779008524e-01 0.000000000000000e+00
1.767774186174977e+00 1.105379236019945e-01 0.000000000000000e+00
1.768088345440336e+00 1.106634539359394e-01 0.000000000000000e+00
1.768402504705695e+00 1.107869330020605e-01 0.000000000000000e+00
1.768716663971053e+00 1.109083254442947e-01 0.000000000000000e+00
1.769030823236412e+00 1.110275964602671e-01 0.000000000000000e+00
1.769344982501772e+00 1.111447118102702e-01 0.000000000000000e+00
1.769659141767130e+00 1.112596378260948e-01 0.000000000000000e+00
1.769973301032489e+00 1.113723414197099e-01 0.000000000000000e+00
1.770287460297848e+00 1.114827900917892e-01 0.000000000000000e+00
1.770601619563207e+00 1.115909519400825e-01 0.000000000000000e+00
1.770915778828566e+00 1.116967956676300e-01 0.000000000000000e+00
1.771229938093925e+00 1.118002905908169e-01 0.000000000000000e+00
1.771544097359284e+00 1.119014066472660e-01 0.000000000000000e+00
1.771858256624643e+00 1.120001144035670e-01 0.000000000000000e+00
1.772172415890002e+00 1.120963850628407e-01 0.000000000000000e+00
1.772486575155361e+00 1.121901904721346e-01 0.000000000000000e+00
1.772800734420720e+00 1.122815031296494e-01 0.000000000000000e+00
1.773114893686079e+00 1.123702961917954e-01 0.000000000000000e+00
1.773429052951438e+00 1.124565434800734e-01 0.000000000000000e+00
1.773743212216797e+00 1.125402194877832e-01 0.000000000000000e+00
1.774057371482156e+00 1.126212993865540e-01 0.000000000000000e+00
1.774371530747515e+00 1.126997590326969e-01 0.000000000000000e+00
1.774685690012874e+00 1.127755749733775e-01 0.000000000000000e+00
1.774999849278233e+00 1.128487244526078e-01 0.000000000000000e+00
1.775314008543592e+00 1.129191854170535e-01 0.000000000000000e+00
1.775628167808951e+00 1.129869365216585e-01 0.000000000000000e+00
1.775942327074310e+00 1.130519571350825e-01 0.000000000000000e+00
1.776256486339669e+00 1.131142273449520e-01 0.000000000000000e+00
1.776570645605028e+00 1.131737279629218e-01 0.000000000000000e+00
1.776884804870387e+00 1.132304405295474e-01 0.000000000000000e+00
1.777198964135746e+00 1.132843473189666e-01 0.000000000000000e+00
1.777513123401105e+00 1.133354313433871e-01 0.000000000000000e+00
1.777827282666464e+00 1.133836763573824e-01 0.000000000000000e+00
1.778141441931823e+00 1.134290668619931e-01 0.000000000000000e+00
1.778455601197182e+00 1.134715881086308e-01 0.000000000000000e+00
1.778769760462541e+00 1.135112261027878e-01 0.000000000000000e+00
1.779083919727900e+00 1.135479676075480e-01 0.000000000000000e+00
1.779398078993259e+00 1.135818001468997e-01 0.000000000000000e+00
1.779712238258618e+00 1.136127120088491e-01 0.000000000000000e+00
1.780026397523977e+00 1.136406922483343e-01 0.000000000000000e+00
1.780340556789336e+00 1.136657306899381e-01 0.000000000000000e+00
1.780654716054695e+00 1.136878179304001e-01 0.000000000000000e+00
1.780968875320054e+00 1.137069453409259e-01 0.000000000000000e+00
1.781283034585413e+00 1.137231050692948e-01 0.000000000000000e+00
1.781597193850772e+00 1.137362900417638e-01 0.000000000000000e+00
1.781911353116131e+00 1.137464939647680e-01 0.000000000000000e+00
1.782225512381490e+00 1.137537113264183e-01 0.000000000000000e+00
1.782539671646849e+00 1.137579373977928e-01 0.000000000000000e+00
1.782853830912208e+00 1.137591682340259e-01 0.000000000000000e+00
1.783167990177567e+00 1.137574006751906e-01 0.000000000000000e+00
1.783482149442926e+00 1.137526323469774e-01 0.000000000000000e+00
1.783796308708284e+00 1.137448616611670e-01 0.000000000000000e+00
1.784110467973643e+00 1.137340878158982e-01 0.000000000000000e+00
1.784424627239003e+00 1.137203107957314e-01 0.000000000000000e+00
1.784738786504361e+00 1.137035313715044e-01 0.000000000000000e+00
1.785052945769720e+00 1.136837510999861e-01 0.000000000000000e+00
1.785367105035079e+00 1.136609723233232e-01 0.000000000000000e+00
1.785681264300438e+00 1.136351981682829e-01 0.000000000000000e+00
1.785995423565797e+00 1.136064325452905e-01 0.000000000000000e+00
1.786309582831156e+00 1.135746801472628e-01 0.000000000000000e+00
1.786623742096515e+00 1.135399464482381e-01 0.000000000000000e+00
1.786937901361874e+00 1.135022377018019e-01 0.000000000000000e+00
1.787252060627233e+00 1.134615609393098e-01 0.000000000000000e+00
1.787566219892592e+00 1.134179239679078e-01 0.000000000000000e+00
1.787880379157951e+00 1.133713353683508e-01 0.000000000000000e+00
1.788194538423310e+00 1.133218044926183e-01 0.000000000000000e+00
1.788508697688669e+00 1.132693414613313e-01 0.000000000000000e+00
1.788822856954028e+00 1.132139571609678e-01 0.000000000000000e+00
1.789137016219387e+00 1.131556632408791e-01 0.000000000000000e+00
1.789451175484746e+00 1.130944721101080e-01 0.000000000000000e+00
1.789765334750105e+00 1.130303969340090e-01 0.000000000000000e+00
1.790079494015464e+00 1.129634516306715e-01 0.000000000000000e+00
1.790393653280823e+00 1.128936508671485e-01 0.000000000000000e+00
1.790707812546182e+00 1.128210100554887e-01 0.000000000000000e+00
1.791021971811541e+00 1.127455453485763e-01 0.000000000000000e+00
1.791336131076900e+00 1.126672736357780e-01 0.000000000000000e+00
1.791650290342259e+00 1.125862125383978e-01 0.000000000000000e+00
1.791964449607618e+00 1.125023804049431e-01 0.000000000000000e+00
1.792278608872977e+00 1.124157963062001e-01 0.000000000000000e+00
1.792592768138336e+00 1.123264800301236e-01 0.000000000000000e+00
1.792906927403695e+00 1.122344520765390e-01 0.000000000000000e+00
1.793221086669054e+00 1.121397336516595e-01 0.000000000000000e+00
1.793535245934413e+00 1.120423466624218e-01 0.000000000000000e+00
1.793849405199772e+00 1.119423137106380e-01 0.000000000000000e+00
1.794163564465131e+00 1.118396580869676e-01 0.000000000000000e+00
1.794477723730490e+00 1.117344037647116e-01 0.000000000000000e+00
1.794791882995849e+00 1.116265753934297e-01 0.000000000000000e+00
1.795106042261208e+00 1.115161982923801e-01 0.000000000000000e+00
1.795420201526567e+00 1.114032984437888e-01 0.000000000000000e+00
1.795734360791926e+00 1.112879024859449e-01 0.000000000000000e+00
1.796048520057285e+00 1.111700377061267e-01 0.000000000000000e+00
1.796362679322644e+00 1.110497320333593e-01 0.000000000000000e+00
1.796676838588003e+00 1.109270140310069e-01 0.000000000000000e+00
1.796990997853362e+00 1.108019128892002e-01 0.000000000000000e+00
1.797305157118721e+00 1.106744584171015e-01 0.000000000000000e+00
1.797619316384080e+00 1.105446810350101e-01 0.000000000000000e+00
1.797933475649439e+00 1.104126117663099e-01 0.000000000000000e+00
1.798247634914798e+00 1.102782822292594e-01 0.000000000000000e+00
1.798561794180157e+00 1.101417246286302e-01 0.000000000000000e+00
1.798875953445515e+00 1.100029717471930e-01 0.000000000000000e+00
1.799190112710874e+00 1.098620569370527e-01 0.000000000000000e+00
1.799504271976234e+00 1.097190141108398e-01 0.000000000000000e+00
1.799818431241592e+00 1.095738777327540e-01 0.000000000000000e+00
1.800132590506951e+00 1.094266828094668e-01 0.000000000000000e+00
1.800446749772310e+00 1.092774648808843e-01 0.000000000000000e+00
1.800760909037669e+00 1.091262600107725e-01 0.000000000000000e+00
1.801075068303028e+00 1.089731047772464e-01 0.000000000000000e+00
1.801389227568387e+00 1.088180362631279e-01 0.000000000000000e+00
1.801703386833746e+00 1.086610920461734e-01 0.000000000000000e+00
1.802017546099105e+00 1.085023101891736e-01 0.000000000000000e+00
1.802331705364464e+00 1.083417292299282e-01 0.000000000000000e+00
1.802645864629823e+00 1.081793881710998e-01 0.000000000000000e+00
1.802960023895182e+00 1.080153264699463e-01 0.000000000000000e+00
1.803274183160541e+00 1.078495840279382e-01 0.000000000000000e+00
1.803588342425900e+00 1.076822011802607e-01 0.000000000000000e+00
1.803902501691259e+00 1.075132186852053e-01 0.000000000000000e+00
1.804216660956618e+00 1.073426777134516e-01 0.000000000000000e+00
1.804530820221977e+00 1.071706198372450e-01 0.000000000000000e+00
1.804844979487336e+00 1.069970870194703e-01 0.000000000000000e+00
1.805159138752695e+00 1.068221216026251e-01 0.000000000000000e+00
1.805473298018054e+00 1.066457662976973e-01 0.000000000000000e+00
1.805787457283413e+00 1.064680641729475e-01 0.000000000000000e+00
1.806101616548772e+00 1.062890586426001e-01 0.000000000000000e+00
1.806415775814131e+00 1.061087934554455e-01 0.000000000000000e+00
1.806729935079490e+00 1.059273126833592e-01 0.000000000000000e+00
1.807044094344849e+00 1.057446607097361e-01 0.000000000000000e+00
1.807358253610208e+00 1.055608822178462e-01 0.000000000000000e+00
1.807672412875567e+00 1.053760221791147e-01 0.000000000000000e+00
1.807986572140926e+00 1.051901258413295e-01 0.000000000000000e+00
1.808300731406285e+00 1.050032387167755e-01 0.000000000000000e+00
1.808614890671644e+00 1.048154065703058e-01 0.000000000000000e+00
1.808929049937003e+00 1.046266754073473e-01 0.000000000000000e+00
1.809243209202362e+00 1.044370914618440e-01 0.000000000000000e+00
1.809557368467721e+00 1.042467011841465e-01 0.000000000000000e+00
1.809871527733080e+00 1.040555512288430e-01 0.000000000000000e+00
1.810185686998439e+00 1.038636884425423e-01 0.000000000000000e+00
1.810499846263798e+00 1.036711598516065e-01 0.000000000000000e+00
1.810814005529157e+00 1.034780126498410e-01 0.000000000000000e+00
1.811128164794516e+00 1.032842941861406e-01 0.000000000000000e+00
1.811442324059875e+00 1.030900519520991e-01 0.000000000000000e+00
1.811756483325234e+00 1.028953335695828e-01 0.000000000000000e+00
1.812070642590593e+00 1.027001867782726e-01 0.000000000000000e+00
1.812384801855952e+00 1.025046594231769e-01 0.000000000000000e+00
1.812698961121311e+00 1.023087994421195e-01 0.000000000000000e+00
1.813013120386670e+00 1.021126548532061e-01 0.000000000000000e+00
1.813327279652029e+00 1.019162737422697e-01 0.000000000000000e+00
1.813641438917388e+00 1.017197042503037e-01 0.000000000000000e+00
1.813955598182746e+00 1.015229945608801e-01 0.000000000000000e+00
1.814269757448105e+00 1.013261928875592e-01 0.000000000000000e+00
1.814583916713465e+00 1.011293474612950e-01 0.000000000000000e+00
1.814898075978824e+00 1.009325065178367e-01 0.000000000000000e+00
1.815212235244182e+00 1.007357182851311e-01 0.000000000000000e+00
1.815526394509541e+00 1.005390309707304e-01 0.000000000000000e+00
1.815840553774901e+00 1.003424927492058e-01 0.000000000000000e+00
1.816154713040259e+00 1.001461517495735e-01 0.000000000000000e+00
1.816468872305618e+00 9.995005604273295e-02 0.000000000000000e+00
1.816783031570977e+00 9.975425362892365e-02 0.000000000000000e+00
1.817097190836336e+00 9.955879242520221e-02 0.000000000000000e+00
1.817411350101695e+00 9.936372025294259e-02 0.000000000000000e+00
1.817725509367054e+00 9.916908482536396e-02 0.000000000000000e+00
1.818039668632413e+00 9.897493373508935e-02 0.000000000000000e+00
1.818353827897772e+00 9.878131444173600e-02 0.000000000000000e+00
1.818667987163131e+00 9.858827425954485e-02 0.000000000000000e+00
1.818982146428490e+00 9.839586034504826e-02 0.000000000000000e+00
1.819296305693849e+00 9.820411968478142e-02 0.000000000000000e+00
1.819610464959208e+00 9.801309908304069e-02 0.000000000000000e+00
1.819924624224567e+00 9.782284514969056e-02 0.000000000000000e+00
1.820238783489926e+00 9.763340428802435e-02 0.000000000000000e+00
1.820552942755285e+00 9.744482268267961e-02 0.000000000000000e+00
1.820867102020644e+00 9.725714628761432e-02 0.000000000000000e+00
1.821181261286003e+00 9.707042081414335e-02 0.000000000000000e+00
1.821495420551362e+00 9.688469171904096e-02 0.000000000000000e+00
1.821809579816721e+00 9.670000419271275e-02 0.000000000000000e+00
1.822123739082080e+00 9.651640314743706e-02 0.000000000000000e+00
1.822437898347439e+00 9.633393320568225e-02 0.000000000000000e+00
1.822752057612798e+00 9.615263868850156e-02 0.000000000000000e+00
1.823066216878157e+00 9.597256360400724e-02 0.000000000000000e+00
1.823380376143516e+00 9.579375163592968e-02 0.000000000000000e+00
1.823694535408875e+00 9.561624613226255e-02 0.000000000000000e+00
1.824008694674234e+00 9.544009009399682e-02 0.000000000000000e+00
1.824322853939593e+00 9.526532616394789e-02 0.000000000000000e+00
1.824637013204952e+00 9.509199661567783e-02 0.000000000000000e+00
1.824951172470311e+00 9.492014334251550e-02 0.000000000000000e+00
1.825265331735670e+00 9.474980784667786e-02 0.000000000000000e+00
1.825579491001029e+00 9.458103122849500e-02 0.000000000000000e+00
1.825893650266388e+00 9.441385417574226e-02 0.000000000000000e+00
1.826207809531747e+00 9.424831695308090e-02 0.000000000000000e+00
1.826521968797106e+00 9.408445939161129e-02 0.000000000000000e+00
1.826836128062465e+00 9.392232087854128e-02 0.000000000000000e+00
1.827150287327824e+00 9.376194034697159e-02 0.000000000000000e+00
1.827464446593183e+00 9.360335626580106e-02 0.000000000000000e+00
1.827778605858542e+00 9.344660662975557e-02 0.000000000000000e+00
1.828092765123901e+00 9.329172894954188e-02 0.000000000000000e+00
1.828406924389260e+00 9.313876024212842e-02 0.000000000000000e+00
1.828721083654619e+00 9.298773702115798e-02 0.000000000000000e+00
1.829035242919977e+00 9.283869528749276e-02 0.000000000000000e+00
1.829349402185336e+00 9.269167051989358e-02 0.000000000000000e+00
1.829663561450696e+00 9.254669766583887e-02 0.000000000000000e+00
1.829977720716055e+00 9.240381113248212e-02 0.000000000000000e+00
1.830291879981413e+00 9.226304477775259e-02 0.000000000000000e+00
1.830606039246772e+00 9.212443190159975e-02 0.000000000000000e+00
1.830920198512132e+00 9.198800523738671e-02 0.000000000000000e+00
1.831234357777490e+00 9.185379694343040e-02 0.000000000000000e+00
1.831548517042849e+00 9.172183859469503e-02 0.000000000000000e+00
1.831862676308208e+00 9.159216117463796e-02 0.000000000000000e+00
1.832176835573567e+00 9.146479506721221e-02 0.000000000000000e+00
1.832490994838926e+00 9.133977004902524e-02 0.000000000000000e+00
1.832805154104285e+00 9.121711528165928e-02 0.000000000000000e+00
1.833119313369644e+00 9.109685930415164e-02 0.000000000000000e+00
1.833433472635003e+00 9.097903002563956e-02 0.000000000000000e+00
1.833747631900362e+00 9.086365471817068e-02 0.000000000000000e+00
1.834061791165721e+00 9.075076000968052e-02 0.000000000000000e+00
1.834375950431080e+00 9.064037187713862e-02 0.000000000000000e+00
1.834690109696439e+00 9.053251563986744e-02 0.000000000000000e+00
1.835004268961798e+00 9.042721595303155e-02 0.000000000000000e+00
1.835318428227157e+00 9.032449680130286e-02 0.000000000000000e+00
1.835632587492516e+00 9.022438149270137e-02 0.000000000000000e+00
1.835946746757875e+00 9.012689265261270e-02 0.000000000000000e+00
1.836260906023234e+00 9.003205221798599e-02 0.000000000000000e+00
1.836575065288593e+00 8.993988143171111e-02 0.000000000000000e+00
1.836889224553952e+00 8.985040083717874e-02 0.000000000000000e+00
1.837203383819311e+00 8.976363027302356e-02 0.000000000000000e+00
1.837517543084670e+00 8.967958886805130e-02 0.000000000000000e+00
1.837831702350029e+00 8.959829503635380e-02 0.000000000000000e+00
1.838145861615388e+00 8.951976647260888e-02 0.000000000000000e+00
1.838460020880747e+00 8.944402014757080e-02 0.000000000000000e+00
1.838774180146106e+00 8.937107230374894e-02 0.000000000000000e+00
1.839088339411465e+00 8.930093845127771e-02 0.000000000000000e+00
1.839402498676824e+00 8.923363336397808e-02 0.000000000000000e+00
1.839716657942183e+00 8.916917107561199e-02 0.000000000000000e+00
1.840030817207542e+00 8.910756487633055e-02 0.000000000000000e+00
1.840344976472901e+00 8.904882730931622e-02 0.000000000000000e+00
1.840659135738260e+00 8.899297016762112e-02 0.000000000000000e+00
1.840973295003619e+00 8.894000449120117e-02 0.000000000000000e+00
1.841287454268978e+00 8.888994056414737e-02 0.000000000000000e+00
1.841601613534337e+00 8.884278791211461e-02 0.000000000000000e+00
1.841915772799696e+00 8.879855529994904e-02 0.000000000000000e+00
1.842229932065055e+00 8.875725072951410e-02 0.000000000000000e+00
1.842544091330414e+00 8.871888143771550e-02 0.000000000000000e+00
1.842858250595773e+00 8.868345389472770e-02 0.000000000000000e+00
1.843172409861132e+00 8.865097380241856e-02 0.000000000000000e+00
1.843486569126491e+00 8.862144609297645e-02 0.000000000000000e+00
1.843800728391850e+00 8.859487492773777e-02 0.000000000000000e+00
1.844114887657208e+00 8.857126369621562e-02 0.000000000000000e+00
1.844429046922567e+00 8.855061501533010e-02 0.000000000000000e+00
1.844743206187927e+00 8.853293072884089e-02 0.000000000000000e+00
1.845057365453286e+00 8.851821190698088e-02 0.000000000000000e+00
1.845371524718644e+00 8.850645884629200e-02 0.000000000000000e+00
1.845685683984003e+00 8.849767106966346e-02 0.000000000000000e+00
1.845999843249363e+00 8.849184732657064e-02 0.000000000000000e+00
1.846314002514721e+00 8.848898559351724e-02 0.000000000000000e+00
1.846628161780080e+00 8.848908307467813e-02 0.000000000000000e+00
1.846942321045439e+00 8.849213620274385e-02 0.000000000000000e+00
1.847256480310798e+00 8.849814063996653e-02 0.000000000000000e+00
1.847570639576157e+00 8.850709127940579e-02 0.000000000000000e+00
1.847884798841516e+00 8.851898224637703e-02 0.000000000000000e+00
1.848198958106875e+00 8.853380690009760e-02 0.000000000000000e+00
1.848513117372234e+00 8.855155783553456e-02 0.000000000000000e+00
1.848827276637593e+00 8.857222688545012e-02 0.000000000000000e+00
1.849141435902952e+00 8.859580512264678e-02 0.000000000000000e+00
1.849455595168311e+00 8.862228286240968e-02 0.000000000000000e+00
1.849769754433670e+00 8.865164966514673e-02 0.000000000000000e+00
1.850083913699029e+00 8.868389433922513e-02 0.000000000000000e+00
1.850398072964388e+00 8.871900494400387e-02 0.000000000000000e+00
1.850712232229747e+00 8.875696879306064e-02 0.000000000000000e+00
1.851026391495106e+00 8.879777245761422e-02 0.000000000000000e+00
1.851340550760465e+00 8.884140177013813e-02 0.000000000000000e+00
1.851654710025824e+00 8.888784182816865e-02 0.000000000000000e+00
1.851968869291183e+00 8.893707699830229e-02 0.000000000000000e+00
1.852283028556542e+00 8.898909092038440e-02 0.000000000000000e+00
1.852597187821901e+00 8.904386651188684e-02 0.000000000000000e+00
1.852911347087260e+00 8.910138597247258e-02 0.000000000000000e+00
1.853225506352619e+00 8.916163078874799e-02 0.000000000000000e+00
1.853539665617978e+00 8.922458173920049e-02 0.000000000000000e+00
1.853853824883337e+00 8.929021889931907e-02 0.000000000000000e+00
1.854167984148696e+00 8.935852164689895e-02 0.000000000000000e+00
1.854482143414055e+00 8.942946866752645e-02 0.000000000000000e+00
1.854796302679414e+00 8.950303796024493e-02 0.000000000000000e+00
1.855110461944773e+00 8.957920684339717e-02 0.000000000000000e+00
1.855424621210132e+00 8.965795196064652e-02 0.000000000000000e+00
1.855738780475491e+00 8.973924928717231e-02 0.000000000000000e+00
1.856052939740850e+00 8.982307413603847e-02 0.000000000000000e+00
1.856367099006209e+00 8.990940116473443e-02 0.000000000000000e+00
1.856681258271568e+00 8.999820438188677e-02 0.000000000000000e+00
1.856995417536927e+00 9.008945715413770e-02 0.000000000000000e+00
1.857309576802286e+00 9.018313221319177e-02 0.000000000000000e+00
1.857623736067645e+00 9.027920166302582e-02 0.000000000000000e+00
1.857937895333004e+00 9.037763698726275e-02 0.000000000000000e+00
1.858252054598363e+00 9.047840905670550e-02 0.000000000000000e+00
1.858566213863722e+00 9.058148813703032e-02 0.000000000000000e+00
1.858880373129081e+00 9.068684389663623e-02 0.000000000000000e+00
1.859194532394440e+00 9.079444541464987e-02 0.000000000000000e+00
1.859508691659798e+00 9.090426118908275e-02 0.000000000000000e+00
1.859822850925158e+00 9.101625914513883e-02 0.000000000000000e+00
1.860137010190517e+00 9.113040664367060e-02 0.000000000000000e+00
1.860451169455875e+00 9.124667048978093e-02 0.000000000000000e+00
1.860765328721234e+00 9.136501694156941e-02 0.000000000000000e+00
1.861079487986594e+00 9.148541171901904e-02 0.000000000000000e+00
1.861393647251952e+00 9.160782001302352e-02 0.000000000000000e+00
1.861707806517311e+00 9.173220649455020e-02 0.000000000000000e+00
1.862021965782670e+00 9.185853532393781e-02 0.000000000000000e+00
1.862336125048029e+00 9.198677016032607e-02 0.000000000000000e+00
1.862650284313388e+00 9.211687417121536e-02 0.000000000000000e+00
1.862964443578747e+00 9.224881004215205e-02 0.000000000000000e+00
1.863278602844106e+00 9.238253998653950e-02 0.000000000000000e+00
1.863592762109465e+00 9.251802575557039e-02 0.000000000000000e+00
1.863906921374824e+00 9.265522864827797e-02 0.000000000000000e+00
1.864221080640183e+00 9.279410952170482e-02 0.000000000000000e+00
1.864535239905542e+00 9.293462880118417e-02 0.000000000000000e+00
1.864849399170901e+00 9.307674649073382e-02 0.000000000000000e+00
1.865163558436260e+00 9.322042218355786e-02 0.000000000000000e+00
1.865477717701619e+00 9.336561507265394e-02 0.000000000000000e+00
1.865791876966978e+00 9.351228396152428e-02 0.000000000000000e+00
1.866106036232337e+00 9.366038727498566e-02 0.000000000000000e+00
1.866420195497696e+00 9.380988307007827e-02 0.000000000000000e+00
1.866734354763055e+00 9.396072904706788e-02 0.000000000000000e+00
1.867048514028414e+00 9.411288256053926e-02 0.000000000000000e+00
1.867362673293773e+00 9.426630063057996e-02 0.000000000000000e+00
1.867676832559132e+00 9.442093995404849e-02 0.000000000000000e+00
1.867990991824491e+00 9.457675691592524e-02 0.000000000000000e+00
1.868305151089850e+00 9.473370760074390e-02 0.000000000000000e+00
1.868619310355209e+00 9.489174780409977e-02 0.000000000000000e+00
1.868933469620568e+00 9.505083304423104e-02 0.000000000000000e+00
1.869247628885927e+00 9.521091857367171e-02 0.000000000000000e+00
1.869561788151286e+00 9.537195939097177e-02 0.000000000000000e+00
1.869875947416645e+00 9.553391025248251e-02 0.000000000000000e+00
1.870190106682004e+00 9.569672568420313e-02 0.000000000000000e+00
1.870504265947363e+00 9.586035999368553e-02 0.000000000000000e+00
1.870818425212722e+00 9.602476728199538e-02 0.000000000000000e+00
1.871132584478081e+00 9.618990145572466e-02 0.000000000000000e+00
1.871446743743440e+00 9.635571623905331e-02 0.000000000000000e+00
1.871760903008799e+00 9.652216518585820e-02 0.000000000000000e+00
1.872075062274158e+00 9.668920169186251e-02 0.000000000000000e+00
1.872389221539517e+00 9.685677900682696e-02 0.000000000000000e+00
1.872703380804876e+00 9.702485024677668e-02 0.000000000000000e+00
1.873017540070235e+00 9.719336840626092e-02 0.000000000000000e+00
1.873331699335594e+00 9.736228637064298e-02 0.000000000000000e+00
1.873645858600953e+00 9.753155692841803e-02 0.000000000000000e+00
1.873960017866312e+00 9.770113278355312e-02 0.000000000000000e+00
1.874274177131671e+00 9.787096656784834e-02 0.000000000000000e+00
1.874588336397029e+00 9.804101085331508e-02 0.000000000000000e+00
1.874902495662389e+00 9.821121816456858e-02 0.000000000000000e+00
1.875216654927748e+00 9.838154099122991e-02 0.000000000000000e+00
1.875530814193106e+00 9.855193180033742e-02 0.000000000000000e+00
1.875844973458465e+00 9.872234304876090e-02 0.000000000000000e+00
1.876159132723825e+00 9.889272719561709e-02 0.000000000000000e+00
1.876473291989183e+00 9.906303671468372e-02 0.000000000000000e+00
1.876787451254542e+00 9.923322410680661e-02 0.000000000000000e+00
1.877101610519901e+00 9.940324191230010e-02 0.000000000000000e+00
1.877415769785260e+00 9.957304272333309e-02 0.000000000000000e+00
1.877729929050619e+00 9.974257919630253e-02 0.000000000000000e+00
1.878044088315978e+00 9.991180406418652e-02 0.000000000000000e+00
1.878358247581337e+00 1.000806701488763e-01 0.000000000000000e+00
1.878672406846696e+00 1.002491303734846e-01 0.000000000000000e+00
1.878986566112055e+00 1.004171377746242e-01 0.000000000000000e+00
1.879300725377414e+00 1.005846455146565e-01 0.000000000000000e+00
1.879614884642773e+00 1.007516068939048e-01 0.000000000000000e+00
1.879929043908132e+00 1.009179753628317e-01 0.000000000000000e+00
1.880243203173491e+00 1.010837045341728e-01 0.000000000000000e+00
1.880557362438850e+00 1.012487481950299e-01 0.000000000000000e+00
1.880871521704209e+00 1.014130603189141e-01 0.000000000000000e+00
1.881185680969568e+00 1.015765950777410e-01 0.000000000000000e+00
1.881499840234927e+00 1.017393068537710e-01 0.000000000000000e+00
1.881813999500286e+00 1.019011502514945e-01 0.000000000000000e+00
1.882128158765645e+00 1.020620801094558e-01 0.000000000000000e+00
1.882442318031004e+00 1.022220515120168e-01 0.000000000000000e+00
1.882756477296363e+00 1.023810198010528e-01 0.000000000000000e+00
1.883070636561722e+00 1.025389405875807e-01 0.000000000000000e+00
1.883384795827081e+00 1.026957697633159e-01 0.000000000000000e+00
1.883698955092440e+00 1.028514635121532e-01 0.000000000000000e+00
1.884013114357799e+00 1.030059783215710e-01 0.000000000000000e+00
1.884327273623158e+00 1.031592709939545e-01 0.000000000000000e+00
1.884641432888517e+00 1.033112986578353e-01 0.000000000000000e+00
1.884955592153876e+00 1.034620187790448e-01 0.000000000000000e+00
1.885269751419235e+00 1.036113891717773e-01 0.000000000000000e+00
1.885583910684594e+00 1.037593680095616e-01 0.000000000000000e+00
1.885898069949953e+00 1.039059138361375e-01 0.000000000000000e+00
1.886212229215312e+00 1.040509855762335e-01 0.000000000000000e+00
1.886526388480671e+00 1.041945425462443e-01 0.000000000000000e+00
1.886840547746030e+00 1.043365444648054e-01 0.000000000000000e+00
1.887154707011389e+00 1.044769514632595e-01 0.000000000000000e+00
1.887468866276748e+00 1.046157240960164e-01 0.000000000000000e+00
1.887783025542107e+00 1.047528233507989e-01 0.000000000000000e+00
1.888097184807466e+00 1.048882106587761e-01 0.000000000000000e+00
1.888411344072825e+00 1.050218479045778e-01 0.000000000000000e+00
1.888725503338184e+00 1.051536974361924e-01 0.000000000000000e+00
1.889039662603543e+00 1.052837220747387e-01 0.000000000000000e+00
1.889353821868902e+00 1.054118851241163e-01 0.000000000000000e+00
1.889667981134260e+00 1.055381503805273e-01 0.000000000000000e+00
1.889982140399620e+00 1.056624821418689e-01 0.000000000000000e+00
1.890296299664979e+00 1.057848452169928e-01 0.000000000000000e+00
1.890610458930337e+00 1.059052049348321e-01 0.000000000000000e+00
1.890924618195696e+00 1.060235271533896e-01 0.000000000000000e+00
1.891238777461056e+00 1.061397782685877e-01 0.000000000000000e+00
1.891552936726414e+00 1.062539252229767e-01 0.000000000000000e+00
1.891867095991773e+00 1.063659355142996e-01 0.000000000000000e+00
1.892181255257132e+00 1.064757772039106e-01 0.000000000000000e+00
1.892495414522491e+00 1.065834189250457e-01 0.000000000000000e+00
1.892809573787850e+00 1.066888298909435e-01 0.000000000000000e+00
1.893123733053209e+00 1.067919799028120e-01 0.000000000000000e+00
1.893437892318568e+00 1.068928393576439e-01 0.000000000000000e+00
1.893752051583927e+00 1.069913792558725e-01 0.000000000000000e+00
1.894066210849286e+00 1.070875712088709e-01 0.000000000000000e+00
1.894380370114645e+00 1.071813874462906e-01 0.000000000000000e+00
1.894694529380004e+00 1.072728008232373e-01 0.000000000000000e+00
1.895008688645363e+00 1.073617848272838e-01 0.000000000000000e+00
1.895322847910722e+00 1.074483135853156e-01 0.000000000000000e+00
1.895637007176081e+00 1.075323618702095e-01 0.000000000000000e+00
1.895951166441440e+00 1.076139051073435e-01 0.000000000000000e+00
1.896265325706799e+00 1.076929193809344e-01 0.000000000000000e+00
1.896579484972158e+00 1.077693814402033e-01 0.000000000000000e+00
1.896893644237517e+00 1.078432687053673e-01 0.000000000000000e+00
1.897207803502876e+00 1.079145592734545e-01 0.000000000000000e+00
1.897521962768235e+00 1.079832319239424e-01 0.000000000000000e+00
1.897836122033594e+00 1.080492661242169e-01 0.000000000000000e+00
1.898150281298953e+00 1.081126420348522e-01 0.000000000000000e+00
1.898464440564312e+00 1.081733405147076e-01 0.000000000000000e+00
1.898778599829671e+00 1.082313431258429e-01 0.000000000000000e+00
1.899092759095030e+00 1.082866321382495e-01 0.000000000000000e+00
1.899406918360389e+00 1.083391905343953e-01 0.000000000000000e+00
1.899721077625748e+00 1.083890020135839e-01 0.000000000000000e+00
1.900035236891107e+00 1.084360509961261e-01 0.000000000000000e+00
1.900349396156466e+00 1.084803226273234e-01 0.000000000000000e+00
1.900663555421825e+00 1.085218027812597e-01 0.000000000000000e+00
1.900977714687184e+00 1.085604780644057e-01 0.000000000000000e+00
1.901291873952543e+00 1.085963358190287e-01 0.000000000000000e+00
1.901606033217902e+00 1.086293641264114e-01 0.000000000000000e+00
1.901920192483261e+00 1.086595518098775e-01 0.000000000000000e+00
1.902234351748620e+00 1.086868884376234e-01 0.000000000000000e+00
1.902548511013979e+00 1.087113643253547e-01 0.000000000000000e+00
1.902862670279338e+00 1.087329705387270e-01 0.000000000000000e+00
1.903176829544697e+00 1.087516988955925e-01 0.000000000000000e+00
1.903490988810056e+00 1.087675419680478e-01 0.000000000000000e+00
1.903805148075415e+00 1.087804930842860e-01 0.000000000000000e+00
1.904119307340774e+00 1.087905463302515e-01 0.000000000000000e+00
1.904433466606133e+00 1.087976965510953e-01 0.000000000000000e+00
1.904747625871491e+00 1.088019393524339e-01 0.000000000000000e+00
1.905061785136851e+00 1.088032711014088e-01 0.000000000000000e+00
1.905375944402210e+00 1.088016889275467e-01 0.000000000000000e+00
1.905690103667568e+00 1.087971907234213e-01 0.000000000000000e+00
1.906004262932927e+00 1.087897751451159e-01 0.000000000000000e+00
1.906318422198287e+00 1.087794416124864e-01 0.000000000000000e+00
1.906632581463645e+00 1.087661903092250e-01 0.000000000000000e+00
1.906946740729004e+00 1.087500221827249e-01 0.000000000000000e+00
1.907260899994363e+00 1.087309389437452e-01 0.000000000000000e+00
1.907575059259722e+00 1.087089430658774e-01 0.000000000000000e+00
1.907889218525081e+00 1.086840377848121e-01 0.000000000000000e+00
1.908203377790440e+00 1.086562270974077e-01 0.000000000000000e+00
1.908517537055799e+00 1.086255157605591e-01 0.000000000000000e+00
1.908831696321158e+00 1.085919092898707e-01 0.000000000000000e+00
1.909145855586517e+00 1.085554139581293e-01 0.000000000000000e+00
1.909460014851876e+00 1.085160367935803e-01 0.000000000000000e+00
1.909774174117235e+00 1.084737855780076e-01 0.000000000000000e+00
1.910088333382594e+00 1.084286688446161e-01 0.000000000000000e+00
1.910402492647953e+00 1.083806958757190e-01 0.000000000000000e+00
1.910716651913312e+00 1.083298767002301e-01 0.000000000000000e+00
1.911030811178671e+00 1.082762220909600e-01 0.000000000000000e+00
1.911344970444030e+00 1.082197435617212e-01 0.000000000000000e+00
1.911659129709389e+00 1.081604533642376e-01 0.000000000000000e+00
1.911973288974748e+00 1.080983644848625e-01 0.000000000000000e+00
1.912287448240107e+00 1.080334906411068e-01 0.000000000000000e+00
1.912601607505466e+00 1.079658462779745e-01 0.000000000000000e+00
1.912915766770825e+00 1.078954465641101e-01 0.000000000000000e+00
1.913229926036184e+00 1.078223073877577e-01 0.000000000000000e+00
1.913544085301543e+00 1.077464453525317e-01 0.000000000000000e+00
1.913858244566902e+00 1.076678777730029e-01 0.000000000000000e+00
1.914172403832261e+00 1.075866226700974e-01 0.000000000000000e+00
1.914486563097620e+00 1.075026987663144e-01 0.000000000000000e+00
1.914800722362979e+00 1.074161254807588e-01 0.000000000000000e+00
1.915114881628338e+00 1.073269229239942e-01 0.000000000000000e+00
1.915429040893697e+00 1.072351118927158e-01 0.000000000000000e+00
1.915743200159056e+00 1.071407138642445e-01 0.000000000000000e+00
1.916057359424415e+00 1.070437509908436e-01 0.000000000000000e+00
1.916371518689774e+00 1.069442460938613e-01 0.000000000000000e+00
1.916685677955133e+00 1.068422226576983e-01 0.000000000000000e+00
1.916999837220492e+00 1.067377048236023e-01 0.000000000000000e+00
1.917313996485851e+00 1.066307173832940e-01 0.000000000000000e+00
1.917628155751210e+00 1.065212857724218e-01 0.000000000000000e+00
1.917942315016569e+00 1.064094360638502e-01 0.000000000000000e+00
1.918256474281928e+00 1.062951949607829e-01 0.000000000000000e+00
1.918570633547287e+00 1.061785897897214e-01 0.000000000000000e+00
1.918884792812646e+00 1.060596484932623e-01 0.000000000000000e+00
1.919198952078005e+00 1.059383996227343e-01 0.000000000000000e+00
1.919513111343364e+00 1.058148723306772e-01 0.000000000000000e+00
1.919827270608722e+00 1.056890963631650e-01 0.000000000000000e+00
1.920141429874082e+00 1.055611020519744e-01 0.000000000000000e+00
1.920455589139441e+00 1.054309203066024e-01 0.000000000000000e+00
1.920769748404799e+00 1.052985826061327e-01 0.000000000000000e+00
1.921083907670158e+00 1.051641209909548e-01 0.000000000000000e+00
1.921398066935518e+00 1.050275680543385e-01 0.000000000000000e+00
1.921712226200876e+00 1.048889569338627e-01 0.000000000000000e+00
1.922026385466235e+00 1.047483213027059e-01 0.000000000000000e+00
1.922340544731594e+00 1.046056953607957e-01 0.000000000000000e+00
1.922654703996953e+00 1.044611138258230e-01 0.000000000000000e+00
1.922968863262312e+00 1.043146119241203e-01 0.000000000000000e+00
1.923283022527671e+00 1.041662253814116e-01 0.000000000000000e+00
1.923597181793030e+00 1.040159904134290e-01 0.000000000000000e+00
1.923911341058389e+00 1.038639437164054e-01 0.000000000000000e+00
1.924225500323748e+00 1.037101224574406e-01 0.000000000000000e+00
1.924539659589107e+00 1.035545642647478e-01 0.000000000000000e+00
1.924853818854466e+00 1.033973072177788e-01 0.000000000000000e+00
1.925167978119825e+00 1.032383898372330e-01 0.000000000000000e+00
1.925482137385184e+00 1.030778510749536e-01 0.000000000000000e+00
1.925796296650543e+00 1.029157303037104e-01 0.000000000000000e+00
1.926110455915902e+00 1.027520673068748e-01 0.000000000000000e+00
1.926424615181261e+00 1.025869022679887e-01 0.000000000000000e+00
1.926738774446620e+00 1.024202757602304e-01 0.000000000000000e+00
1.927052933711979e+00 1.022522287357786e-01 0.000000000000000e+00
1.927367092977338e+00 1.020828025150801e-01 0.000000000000000e+00
1.927681252242697e+00 1.019120387760218e-01 0.000000000000000e+00
1.927995411508056e+00 1.017399795430101e-01 0.000000000000000e+00
1.928309570773415e+00 1.015666671759618e-01 0.000000000000000e+00
1.928623730038774e+00 1.013921443592084e-01 0.000000000000000e+00
1.928937889304133e+00 1.012164540903168e-01 0.000000000000000e+00
1.929252048569492e+00 1.010396396688280e-01 0.000000000000000e+00
1.929566207834851e+00 1.008617446849213e-01 0.000000000000000e+00
1.929880367100210e+00 1.006828130080009e-01 0.000000000000000e+00
1.930194526365569e+00 1.005028887752117e-01 0.000000000000000e+00
1.930508685630928e+00 1.003220163798870e-01 0.000000000000000e+00
1.930822844896287e+00 1.001402404599298e-01 0.000000000000000e+00
1.931137004161646e+00 9.995760588613109e-02 0.000000000000000e+00
1.931451163427005e+00 9.977415775043030e-02 0.000000000000000e+00
1.931765322692364e+00 9.958994135411707e-02 0.000000000000000e+00
1.932079481957723e+00 9.940500219598071e-02 0.000000000000000e+00
1.932393641223082e+00 9.921938596040884e-02 0.000000000000000e+00
1.932707800488441e+00 9.903313850543990e-02 0.000000000000000e+00
1.933021959753800e+00 9.884630585076980e-02 0.000000000000000e+00
1.933336119019159e+00 9.865893416571836e-02 0.000000000000000e+00
1.933650278284518e+00 9.847106975715875e-02 0.000000000000000e+00
1.933964437549877e+00 9.828275905741068e-02 0.000000000000000e+00
1.934278596815236e+00 9.809404861210314e-02 0.000000000000000e+00
1.934592756080595e+00 9.790498506800818e-02 0.000000000000000e+00
1.934906915345953e+00 9.771561516085031e-02 0.000000000000000e+00
1.935221074611313e+00 9.752598570309204e-02 0.000000000000000e+00
1.935535233876672e+00 9.733614357170342e-02 0.000000000000000e+00
1.935849393142030e+00 9.714613569591314e-02 0.000000000000000e+00
1.936163552407389e+00 9.695600904494865e-02 0.000000000000000e+00
1.936477711672749e+00 9.676581061576721e-02 0.000000000000000e+00
1.936791870938107e+00 9.657558742078012e-02 0.000000000000000e+00
1.937106030203466e+00 9.638538647557404e-02 0.000000000000000e+00
1.937420189468825e+00 9.619525478663377e-02 0.000000000000000e+00
1.937734348734184e+00 9.600523933906746e-02 0.000000000000000e+00
1.938048507999543e+00 9.581538708433925e-02 0.000000000000000e+00
1.938362667264902e+00 9.562574492801067e-02 0.000000000000000e+00
1.938676826530261e+00 9.543635971749767e-02 0.000000000000000e+00
1.938990985795620e+00 9.524727822984112e-02 0.000000000000000e+00
1.939305145060979e+00 9.505854715949834e-02 0.000000000000000e+00
1.939619304326338e+00 9.487021310615788e-02 0.000000000000000e+00
1.939933463591697e+00 9.468232256257889e-02 0.000000000000000e+00
1.940247622857056e+00 9.449492190245973e-02 0.000000000000000e+00
1.940561782122415e+00 9.430805736834003e-02 0.000000000000000e+00
1.940875941387774e+00 9.412177505953681e-02 0.000000000000000e+00
1.941190100653133e+00 9.393612092011890e-02 0.000000000000000e+00
1.941504259918492e+00 9.375114072692507e-02 0.000000000000000e+00
1.941818419183851e+00 9.356688007762436e-02 0.000000000000000e+00
1.942132578449210e+00 9.338338437882543e-02 0.000000000000000e+00
1.942446737714569e+00 9.320069883423786e-02 0.000000000000000e+00
1.942760896979928e+00 9.301886843288508e-02 0.000000000000000e+00
1.943075056245287e+00 9.283793793737707e-02 0.000000000000000e+00
1.943389215510646e+00 9.265795187224106e-02 0.000000000000000e+00
1.943703374776005e+00 9.247895451231700e-02 0.000000000000000e+00
1.944017534041364e+00 9.230098987121842e-02 0.000000000000000e+00
1.944331693306723e+00 9.212410168986225e-02 0.000000000000000e+00
1.944645852572082e+00 9.194833342507210e-02 0.000000000000000e+00
1.944960011837441e+00 9.177372823825564e-02 0.000000000000000e+00
1.945274171102800e+00 9.160032898415998e-02 0.000000000000000e+00
1.945588330368159e+00 9.142817819970907e-02 0.000000000000000e+00
1.945902489633518e+00 9.125731809292437e-02 0.000000000000000e+00
1.946216648898877e+00 9.108779053193197e-02 0.000000000000000e+00
1.946530808164236e+00 9.091963703406078e-02 0.000000000000000e+00
1.946844967429595e+00 9.075289875503198e-02 0.000000000000000e+00
1.947159126694954e+00 9.058761647824373e-02 0.000000000000000e+00
1.947473285960313e+00 9.042383060415533e-02 0.000000000000000e+00
1.947787445225672e+00 9.026158113977079e-02 0.000000000000000e+00
1.948101604491031e+00 9.010090768822704e-02 0.000000000000000e+00
1.948415763756390e+00 8.994184943848757e-02 0.000000000000000e+00
1.948729923021749e+00 8.978444515514594e-02 0.000000000000000e+00
1.949044082287108e+00 8.962873316834091e-02 0.000000000000000e+00
1.949358241552467e+00 8.947475136378419e-02 0.000000000000000e+00
1.949672400817826e+00 8.932253717290795e-02 0.000000000000000e+00
1.949986560083184e+00 8.917212756312880e-02 0.000000000000000e+00
1.950300719348544e+00 8.902355902823604e-02 0.000000000000000e+00
1.950614878613903e+00 8.887686757890262e-02 0.000000000000000e+00
1.950929037879261e+00 8.873208873332421e-02 0.000000000000000e+00
1.951243197144620e+00 8.858925750798666e-02 0.000000000000000e+00
1.951557356409980e+00 8.844840840856644e-02 0.000000000000000e+00
1.951871515675338e+00 8.830957542096353e-02 0.000000000000000e+00
1.952185674940697e+00 8.817279200247201e-02 0.000000000000000e+00
1.952499834206056e+00 8.803809107308891e-02 0.000000000000000e+00
1.952813993471415e+00 8.790550500696412e-02 0.000000000000000e+00
1.953128152736774e+00 8.777506562399325e-02 0.000000000000000e+00
1.953442312002133e+00 8.764680418155593e-02 0.000000000000000e+00
1.953756471267492e+00 8.752075136640172e-02 0.000000000000000e+00
1.954070630532851e+00 8.739693728668596e-02 0.000000000000000e+00
1.954384789798210e+00 8.727539146415628e-02 0.000000000000000e+00
1.954698949063569e+00 8.715614282649387e-02 0.000000000000000e+00
1.955013108328928e+00 8.703921969980992e-02 0.000000000000000e+00
1.955327267594287e+00 8.692464980129924e-02 0.000000000000000e+00
1.955641426859646e+00 8.681246023205492e-02 0.000000000000000e+00
1.955955586125005e+00 8.670267747004240e-02 0.000000000000000e+00
1.956269745390364e+00 8.659532736323780e-02 0.000000000000000e+00
1.956583904655723e+00 8.649043512293192e-02 0.000000000000000e+00
1.956898063921082e+00 8.638802531719897e-02 0.000000000000000e+00
1.957212223186441e+00 8.628812186453567e-02 0.000000000000000e+00
1.957526382451800e+00 8.619074802766929e-02 0.000000000000000e+00
1.957840541717159e+00 8.609592640753773e-02 0.000000000000000e+00
1.958154700982518e+00 8.600367893744239e-02 0.000000000000000e+00
1.958468860247877e+00 8.591402687737637e-02 0.000000000000000e+00
1.958783019513236e+00 8.582699080852826e-02 0.000000000000000e+00
1.959097178778595e+00 8.574259062796401e-02 0.000000000000000e+00
1.959411338043954e+00 8.566084554348707e-02 0.000000000000000e+00
1.959725497309313e+00 8.558177406867969e-02 0.000000000000000e+00
1.960039656574672e+00 8.550539401812515e-02 0.000000000000000e+00
1.960353815840031e+00 8.543172250281293e-02 0.000000000000000e+00
1.960667975105390e+00 8.536077592572788e-02 0.000000000000000e+00
1.960982134370749e+00 8.529256997762474e-02 0.000000000000000e+00
1.961296293636108e+00 8.522711963298837e-02 0.000000000000000e+00
1.961610452901467e+00 8.516443914618144e-02 0.000000000000000e+00
1.961924612166826e+00 8.510454204778062e-02 0.000000000000000e+00
1.962238771432185e+00 8.504744114110174e-02 0.000000000000000e+00
1.962552930697544e+00 8.499314849891454e-02 0.000000000000000e+00
1.962867089962903e+00 8.494167546034925e-02 0.000000000000000e+00
1.963181249228262e+00 8.489303262799380e-02 0.000000000000000e+00
1.963495408493621e+00 8.484722986518467e-02 0.000000000000000e+00
1.963809567758980e+00 8.480427629348934e-02 0.000000000000000e+00
1.964123727024339e+00 8.476418029038438e-02 0.000000000000000e+00
1.964437886289698e+00 8.472694948712585e-02 0.000000000000000e+00
1.964752045555057e+00 8.469259076681612e-02 0.000000000000000e+00
1.965066204820415e+00 8.466111026266571e-02 0.000000000000000e+00
1.965380364085775e+00 8.463251335645040e-02 0.000000000000000e+00
1.965694523351134e+00 8.460680467716508e-02 0.000000000000000e+00
1.966008682616492e+00 8.458398809987391e-02 0.000000000000000e+00
1.966322841881851e+00 8.456406674475755e-02 0.000000000000000e+00
1.966637001147211e+00 8.454704297635715e-02 0.000000000000000e+00
1.966951160412569e+00 8.453291840301583e-02 0.000000000000000e+00
1.967265319677928e+00 8.452169387651683e-02 0.000000000000000e+00
1.967579478943287e+00 8.451336949192069e-02 0.000000000000000e+00
1.967893638208646e+00 8.450794458759781e-02 0.000000000000000e+00
1.968207797474005e+00 8.450541774546021e-02 0.000000000000000e+00
1.968521956739364e+00 8.450578679138994e-02 0.000000000000000e+00
1.968836116004723e+00 8.450904879586423e-02 0.000000000000000e+00
1.969150275270082e+00 8.451520007477900e-02 0.000000000000000e+00
1.969464434535441e+00 8.452423619046777e-02 0.000000000000000e+00
1.969778593800800e+00 8.453615195291846e-02 0.000000000000000e+00
1.970092753066159e+00 8.455094142118522e-02 0.000000000000000e+00
1.970406912331518e+00 8.456859790499686e-02 0.000000000000000e+00
1.970721071596877e+00 8.458911396656067e-02 0.000000000000000e+00
1.971035230862236e+00 8.461248142256045e-02 0.000000000000000e+00
1.971349390127595e+00 8.463869134635002e-02 0.000000000000000e+00
1.971663549392954e+00 8.466773407033974e-02 0.000000000000000e+00
1.971977708658313e+00 8.469959918857599e-02 0.000000000000000e+00
1.972291867923672e+00 8.473427555951402e-02 0.000000000000000e+00
1.972606027189031e+00 8.477175130898222e-02 0.000000000000000e+00
1.972920186454390e+00 8.481201383333628e-02 0.000000000000000e+00
1.973234345719749e+00 8.485504980280530e-02 0.000000000000000e+00
1.973548504985108e+00 8.490084516502563e-02 0.000000000000000e+00
1.973862664250467e+00 8.494938514876371e-02 0.000000000000000e+00
1.974176823515826e+00 8.500065426782580e-02 0.000000000000000e+00
1.974490982781185e+00 8.505463632515478e-02 0.000000000000000e+00
1.974805142046544e+00 8.511131441711102e-02 0.000000000000000e+00
1.975119301311903e+00 8.517067093793793e-02 0.000000000000000e+00
1.975433460577262e+00 8.523268758441072e-02 0.000000000000000e+00
1.975747619842621e+00 8.529734536066608e-02 0.000000000000000e+00
1.976061779107980e+00 8.536462458321248e-02 0.000000000000000e+00
1.976375938373339e+00 8.543450488612020e-02 0.000000000000000e+00
1.976690097638698e+00 8.550696522638788e-02 0.000000000000000e+00
1.977004256904057e+00 8.558198388948610e-02 0.000000000000000e+00
1.977318416169416e+00 8.565953849507600e-02 0.000000000000000e+00
1.977632575434775e+00 8.573960600290054e-02 0.000000000000000e+00
1.977946734700134e+00 8.582216271884797e-02 0.000000000000000e+00
1.978260893965493e+00 8.590718430118530e-02 0.000000000000000e+00
1.978575053230852e+00 8.599464576696050e-02 0.000000000000000e+00
1.978889212496211e+00 8.608452149857132e-02 0.000000000000000e+00
1.979203371761570e+00 8.617678525049943e-02 0.000000000000000e+00
1.979517531026929e+00 8.627141015620812e-02 0.000000000000000e+00
1.979831690292288e+00 8.636836873520090e-02 0.000000000000000e+00
1.980145849557646e+00 8.646763290024007e-02 0.000000000000000e+00
1.980460008823006e+00 8.656917396472419e-02 0.000000000000000e+00
1.980774168088365e+00 8.667296265021916e-02 0.000000000000000e+00
1.981088327353723e+00 8.677896909414561e-02 0.000000000000000e+00
1.981402486619082e+00 8.688716285761659e-02 0.000000000000000e+00
1.981716645884442e+00 8.699751293342560e-02 0.000000000000000e+00
1.982030805149801e+00 8.710998775418238e-02 0.000000000000000e+00
1.982344964415159e+00 8.722455520059420e-02 0.000000000000000e+00
1.982659123680518e+00 8.734118260989113e-02 0.000000000000000e+00
1.982973282945877e+00 8.745983678439141e-02 0.000000000000000e+00
1.983287442211236e+00 8.758048400020668e-02 0.000000000000000e+00
1.983601601476595e+00 8.770309001608392e-02 0.000000000000000e+00
1.983915760741954e+00 8.782762008238158e-02 0.000000000000000e+00
1.984229920007313e+00 8.795403895017716e-02 0.000000000000000e+00
1.984544079272672e+00 8.808231088050592e-02 0.000000000000000e+00
1.984858238538031e+00 8.821239965372518e-02 0.000000000000000e+00
1.985172397803390e+00 8.834426857900450e-02 0.000000000000000e+00
1.985486557068749e+00 8.847788050393801e-02 0.000000000000000e+00
1.985800716334108e+00 8.861319782427587e-02 0.000000000000000e+00
1.986114875599467e+00 8.875018249377407e-02 0.000000000000000e+00
1.986429034864826e+00 8.888879603415771e-02 0.000000000000000e+00
1.986743194130185e+00 8.902899954519733e-02 0.000000000000000e+00
1.987057353395544e+00 8.917075371489416e-02 0.000000000000000e+00
1.987371512660903e+00 8.931401882977220e-02 0.000000000000000e+00
1.987685671926262e+00 8.945875478527472e-02 0.000000000000000e+00
1.987999831191621e+00 8.960492109626129e-02 0.000000000000000e+00
1.988313990456980e+00 8.975247690760429e-02 0.000000000000000e+00
1.988628149722339e+00 8.990138100488124e-02 0.000000000000000e+00
1.988942308987698e+00 9.005159182515933e-02 0.000000000000000e+00
1.989256468253057e+00 9.020306746787082e-02 0.000000000000000e+00
1.989570627518416e+00 9.035576570577607e-02 0.000000000000000e+00
1.989884786783775e+00 9.050964399601073e-02 0.000000000000000e+00
1.990198946049134e+00 9.066465949121409e-02 0.000000000000000e+00
1.990513105314493e+00 9.082076905073751e-02 0.000000000000000e+00
1.990827264579852e+00 9.097792925192703e-02 0.000000000000000e+00
1.991141423845211e+00 9.113609640148011e-02 0.000000000000000e+00
1.991455583110570e+00 9.129522654687179e-02 0.000000000000000e+00
1.991769742375929e+00 9.145527548784756e-02 0.000000000000000e+00
1.992083901641288e+00 9.161619878798062e-02 0.000000000000000e+00
1.992398060906647e+00 9.177795178628907e-02 0.000000000000000e+00
1.992712220172006e+00 9.194048960891278e-02 0.000000000000000e+00
1.993026379437365e+00 9.210376718084307e-02 0.000000000000000e+00
1.993340538702724e+00 9.226773923770491e-02 0.000000000000000e+00
1.993654697968083e+00 9.243236033758871e-02 0.000000000000000e+00
1.993968857233442e+00 9.259758487292609e-02 0.000000000000000e+00
1.994283016498801e+00 9.276336708240904e-02 0.000000000000000e+00
1.994597175764160e+00 9.292966106294880e-02 0.000000000000000e+00
1.994911335029519e+00 9.309642078166985e-02 0.000000000000000e+00
1.995225494294877e+00 9.326360008793798e-02 0.000000000000000e+00
1.995539653560237e+00 9.343115272541865e-02 0.000000000000000e+00
1.995853812825596e+00 9.359903234416025e-02 0.000000000000000e+00
1.996167972090954e+00 9.376719251270346e-02 0.000000000000000e+00
1.996482131356313e+00 9.393558673020985e-02 0.000000000000000e+00
1.996796290621673e+00 9.410416843860821e-02 0.000000000000000e+00
1.997110449887032e+00 9.427289103475403e-02 0.000000000000000e+00
1.997424609152390e+00 9.444170788260195e-02 0.000000000000000e+00
1.997738768417749e+00 9.461057232538488e-02 0.000000000000000e+00
1.998052927683108e+00 9.477943769779727e-02 0.000000000000000e+00
1.998367086948467e+00 9.494825733818082e-02 0.000000000000000e+00
1.998681246213826e+00 9.511698460070889e-02 0.000000000000000e+00
1.998995405479185e+00 9.528557286756439e-02 0.000000000000000e+00
1.999309564744544e+00 9.545397556111104e-02 0.000000000000000e+00
1.999623724009903e+00 9.562214615605333e-02 0.000000000000000e+00
1.999937883275262e+00 9.579003819158105e-02 0.000000000000000e+00
2.000252042540621e+00 9.595760528349796e-02 0.000000000000000e+00
2.000566201805980e+00 9.612480113632788e-02 0.000000000000000e+00
2.000880361071339e+00 9.629157955539823e-02 0.000000000000000e+00
2.001194520336698e+00 9.645789445889691e-02 0.000000000000000e+00
2.001508679602057e+00 9.662369988989694e-02 0.000000000000000e+00
2.001822838867416e+00 9.678895002835018e-02 0.000000000000000e+00
2.002136998132775e+00 9.695359920304308e-02 0.000000000000000e+00
2.002451157398134e+00 9.711760190351407e-02 0.000000000000000e+00
2.002765316663493e+00 9.728091279192677e-02 0.000000000000000e+00
2.003079475928852e+00 9.744348671490011e-02 0.000000000000000e+00
2.003393635194211e+00 9.760527871528581e-02 0.000000000000000e+00
2.003707794459570e+00 9.776624404389769e-02 0.000000000000000e+00
2.004021953724929e+00 9.792633817118389e-02 0.000000000000000e+00
2.004336112990288e+00 9.808551679884180e-02 0.000000000000000e+00
2.004650272255647e+00 9.824373587137233e-02 0.000000000000000e+00
2.004964431521006e+00 9.840095158756873e-02 0.000000000000000e+00
2.005278590786365e+00 9.855712041194084e-02 0.000000000000000e+00
2.005592750051724e+00 9.871219908606720e-02 0.000000000000000e+00
2.005906909317083e+00 9.886614463987475e-02 0.000000000000000e+00
2.006221068582442e+00 9.901891440284341e-02 0.000000000000000e+00
2.006535227847801e+00 9.917046601513152e-02 0.000000000000000e+00
2.006849387113160e+00 9.932075743861868e-02 0.000000000000000e+00
2.007163546378519e+00 9.946974696786655e-02 0.000000000000000e+00
2.007477705643878e+00 9.961739324098849e-02 0.000000000000000e+00
2.007791864909237e+00 9.976365525043204e-02 0.000000000000000e+00
2.008106024174596e+00 9.990849235366764e-02 0.000000000000000e+00
2.008420183439955e+00 1.000518642837803e-01 0.000000000000000e+00
2.008734342705313e+00 1.001937311599645e-01 0.000000000000000e+00
2.009048501970673e+00 1.003340534979166e-01 0.000000000000000e+00
2.009362661236032e+00 1.004727922201232e-01 0.000000000000000e+00
2.009676820501391e+00 1.006099086660434e-01 0.000000000000000e+00
2.009990979766750e+00 1.007453646021817e-01 0.000000000000000e+00
2.010305139032109e+00 1.008791222320478e-01 0.000000000000000e+00
2.010619298297468e+00 1.010111442060040e-01 0.000000000000000e+00
2.010933457562826e+00 1.011413936309931e-01 0.000000000000000e+00
2.011247616828185e+00 1.012698340801488e-01 0.000000000000000e+00
2.011561776093544e+00 1.013964296022818e-01 0.000000000000000e+00
2.011875935358904e+00 1.015211447312433e-01 0.000000000000000e+00
2.012190094624263e+00 1.016439444951600e-01 0.000000000000000e+00
2.012504253889622e+00 1.017647944255408e-01 0.000000000000000e+00
2.012818413154980e+00 1.018836605662504e-01 0.000000000000000e+00
2.013132572420339e+00 1.020005094823506e-01 0.000000000000000e+00
2.013446731685698e+00 1.021153082688022e-01 0.000000000000000e+00
2.013760890951057e+00 1.022280245590319e-01 0.000000000000000e+00
2.014075050216416e+00 1.023386265333551e-01 0.000000000000000e+00
2.014389209481775e+00 1.024470829272575e-01 0.000000000000000e+00
2.014703368747135e+00 1.025533630395304e-01 0.000000000000000e+00
2.015017528012493e+00 1.026574367402589e-01 0.000000000000000e+00
2.015331687277852e+00 1.027592744786616e-01 0.000000000000000e+00
2.015645846543211e+00 1.028588472907764e-01 0.000000000000000e+00
2.015960005808570e+00 1.029561268069956e-01 0.000000000000000e+00
2.016274165073929e+00 1.030510852594435e-01 0.000000000000000e+00
2.016588324339288e+00 1.031436954891981e-01 0.000000000000000e+00
2.016902483604647e+00 1.032339309533516e-01 0.000000000000000e+00
2.017216642870006e+00 1.033217657319127e-01 0.000000000000000e+00
2.017530802135365e+00 1.034071745345428e-01 0.000000000000000e+00
2.017844961400724e+00 1.034901327071304e-01 0.000000000000000e+00
2.018159120666083e+00 1.035706162381969e-01 0.000000000000000e+00
2.018473279931442e+00 1.036486017651361e-01 0.000000000000000e+00
2.018787439196801e+00 1.037240665802833e-01 0.000000000000000e+00
2.019101598462160e+00 1.037969886368132e-01 0.000000000000000e+00
2.019415757727519e+00 1.038673465544655e-01 0.000000000000000e+00
2.019729916992878e+00 1.039351196250956e-01 0.000000000000000e+00
2.020044076258237e+00 1.040002878180505e-01 0.000000000000000e+00
2.020358235523596e+00 1.040628317853671e-01 0.000000000000000e+00
2.020672394788955e+00 1.041227328667925e-01 0.000000000000000e+00
2.020986554054314e+00 1.041799730946240e-01 0.000000000000000e+00
2.021300713319673e+00 1.042345351983689e-01 0.000000000000000e+00
2.021614872585032e+00 1.042864026092222e-01 0.000000000000000e+00
2.021929031850391e+00 1.043355594643594e-01 0.000000000000000e+00
2.022243191115750e+00 1.043819906110479e-01 0.000000000000000e+00
2.022557350381109e+00 1.044256816105697e-01 0.000000000000000e+00
2.022871509646468e+00 1.044666187419599e-01 0.000000000000000e+00
2.023185668911827e+00 1.045047890055567e-01 0.000000000000000e+00
2.023499828177186e+00 1.045401801263632e-01 0.000000000000000e+00
2.023813987442545e+00 1.045727805572204e-01 0.000000000000000e+00
2.024128146707904e+00 1.046025794817891e-01 0.000000000000000e+00
2.024442305973263e+00 1.046295668173425e-01 0.000000000000000e+00
2.024756465238622e+00 1.046537332173658e-01 0.000000000000000e+00
2.025070624503980e+00 1.046750700739641e-01 0.000000000000000e+00
2.025384783769340e+00 1.046935695200784e-01 0.000000000000000e+00
2.025698943034699e+00 1.047092244315066e-01 0.000000000000000e+00
2.026013102300058e+00 1.047220284287315e-01 0.000000000000000e+00
2.026327261565417e+00 1.047319758785545e-01 0.000000000000000e+00
2.026641420830776e+00 1.047390618955341e-01 0.000000000000000e+00
2.026955580096134e+00 1.047432823432293e-01 0.000000000000000e+00
2.027269739361493e+00 1.047446338352477e-01 0.000000000000000e+00
2.027583898626852e+00 1.047431137360979e-01 0.000000000000000e+00
2.027898057892211e+00 1.047387201618452e-01 0.000000000000000e+00
2.028212217157570e+00 1.047314519805727e-01 0.000000000000000e+00
2.028526376422930e+00 1.047213088126444e-01 0.000000000000000e+00
2.028840535688289e+00 1.047082910307730e-01 0.000000000000000e+00
2.029154694953647e+00 1.046923997598915e-01 0.000000000000000e+00
2.029468854219006e+00 1.046736368768275e-01 0.000000000000000e+00
2.029783013484365e+00 1.046520050097833e-01 0.000000000000000e+00
2.030097172749724e+00 1.046275075376172e-01 0.000000000000000e+00
2.030411332015083e+00 1.046001485889318e-01 0.000000000000000e+00
2.030725491280442e+00 1.045699330409645e-01 0.000000000000000e+00
2.031039650545801e+00 1.045368665182842e-01 0.000000000000000e+00
2.031353809811160e+00 1.045009553912916e-01 0.000000000000000e+00
2.031667969076519e+00 1.044622067745271e-01 0.000000000000000e+00
2.031982128341878e+00 1.044206285247821e-01 0.000000000000000e+00
2.032296287607237e+00 1.043762292390183e-01 0.000000000000000e+00
2.032610446872596e+00 1.043290182520943e-01 0.000000000000000e+00
2.032924606137955e+00 1.042790056342975e-01 0.000000000000000e+00
2.033238765403314e+00 1.042262021886870e-01 0.000000000000000e+00
2.033552924668673e+00 1.041706194482436e-01 0.000000000000000e+00
2.033867083934032e+00 1.041122696728301e-01 0.000000000000000e+00
2.034181243199391e+00 1.040511658459618e-01 0.000000000000000e+00
2.034495402464750e+00 1.039873216713885e-01 0.000000000000000e+00
2.034809561730109e+00 1.039207515694886e-01 0.000000000000000e+00
2.035123720995468e+00 1.038514706734767e-01 0.000000000000000e+00
2.035437880260827e+00 1.037794948254243e-01 0.000000000000000e+00
2.035752039526186e+00 1.037048405720973e-01 0.000000000000000e+00
2.036066198791545e+00 1.036275251606080e-01 0.000000000000000e+00
2.036380358056904e+00 1.035475665338864e-01 0.000000000000000e+00
2.036694517322263e+00 1.034649833259686e-01 0.000000000000000e+00
2.037008676587622e+00 1.033797948571051e-01 0.000000000000000e+00
2.037322835852981e+00 1.032920211286919e-01 0.000000000000000e+00
2.037636995118340e+00 1.032016828180218e-01 0.000000000000000e+00
2.037951154383699e+00 1.031088012728609e-01 0.000000000000000e+00
2.038265313649058e+00 1.030133985058508e-01 0.000000000000000e+00
2.038579472914417e+00 1.029154971887356e-01 0.000000000000000e+00
2.038893632179776e+00 1.028151206464190e-01 0.000000000000000e+00
2.039207791445135e+00 1.027122928508505e-01 0.000000000000000e+00
2.039521950710494e+00 1.026070384147422e-01 0.000000000000000e+00
2.039836109975853e+00 1.024993825851207e-01 0.000000000000000e+00
2.040150269241212e+00 1.023893512367115e-01 0.000000000000000e+00
2.040464428506571e+00 1.022769708651610e-01 0.000000000000000e+00
2.040778587771930e+00 1.021622685800964e-01 0.000000000000000e+00
2.041092747037288e+00 1.020452720980260e-01 0.000000000000000e+00
2.041406906302647e+00 1.019260097350805e-01 0.000000000000000e+00
2.041721065568006e+00 1.018045103995996e-01 0.000000000000000e+00
2.042035224833366e+00 1.016808035845629e-01 0.000000000000000e+00
2.042349384098725e+00 1.015549193598689e-01 0.000000000000000e+00
2.042663543364084e+00 1.014268883644644e-01 0.000000000000000e+00
2.042977702629442e+00 1.012967417983248e-01 0.000000000000000e+00
2.043291861894801e+00 1.011645114142879e-01 0.000000000000000e+00
2.043606021160160e+00 1.010302295097463e-01 0.000000000000000e+00
2.043920180425519e+00 1.008939289181946e-01 0.000000000000000e+00
2.044234339690878e+00 1.007556430006389e-01 0.000000000000000e+00
2.044548498956237e+00 1.006154056368687e-01 0.000000000000000e+00
2.044862658221597e+00 1.004732512165935e-01 0.000000000000000e+00
2.045176817486955e+00 1.003292146304469e-01 0.000000000000000e+00
2.045490976752314e+00 1.001833312608594e-01 0.000000000000000e+00
2.045805136017673e+00 1.000356369728047e-01 0.000000000000000e+00
2.046119295283032e+00 9.988616810441925e-02 0.000000000000000e+00
2.046433454548391e+00 9.973496145749884e-02 0.000000000000000e+00
2.046747613813750e+00 9.958205428787441e-02 0.000000000000000e+00
2.047061773079109e+00 9.942748429567040e-02 0.000000000000000e+00
2.047375932344468e+00 9.927128961544608e-02 0.000000000000000e+00
2.047690091609827e+00 9.911350880622570e-02 0.000000000000000e+00
2.048004250875186e+00 9.895418084141652e-02 0.000000000000000e+00
2.048318410140545e+00 9.879334509861952e-02 0.000000000000000e+00
2.048632569405904e+00 9.863104134933609e-02 0.000000000000000e+00
2.048946728671263e+00 9.846730974856970e-02 0.000000000000000e+00
2.049260887936622e+00 9.830219082433109e-02 0.000000000000000e+00
2.049575047201981e+00 9.813572546704281e-02 0.000000000000000e+00
2.049889206467340e+00 9.796795491885327e-02 0.000000000000000e+00
2.050203365732699e+00 9.779892076285641e-02 0.000000000000000e+00
2.050517524998058e+00 9.762866491222404e-02 0.000000000000000e+00
2.050831684263417e+00 9.745722959925196e-02 0.000000000000000e+00
2.051145843528776e+00 9.728465736432367e-02 0.000000000000000e+00
2.051460002794135e+00 9.711099104479252e-02 0.000000000000000e+00
2.051774162059494e+00 9.693627376378934e-02 0.000000000000000e+00
2.052088321324853e+00 9.676054891895311e-02 0.000000000000000e+00
2.052402480590212e+00 9.658386017109162e-02 0.000000000000000e+00
2.052716639855571e+00 9.640625143277411e-02 0.000000000000000e+00
2.053030799120930e+00 9.622776685685719e-02 0.000000000000000e+00
2.053344958386289e+00 9.604845082495007e-02 0.000000000000000e+00
2.053659117651648e+00 9.586834793581818e-02 0.000000000000000e+00
2.053973276917007e+00 9.568750299373352e-02 0.000000000000000e+00
2.054287436182366e+00 9.550596099676892e-02 0.000000000000000e+00
2.054601595447725e+00 9.532376712504324e-02 0.000000000000000e+00
2.054915754713084e+00 9.514096672891914e-02 0.000000000000000e+00
2.055229913978442e+00 9.495760531715726e-02 0.000000000000000e+00
2.055544073243802e+00 9.477372854502790e-02 0.000000000000000e+00
2.055858232509161e+00 9.458938220238711e-02 0.000000000000000e+00
2.056172391774520e+00 9.440461220171577e-02 0.000000000000000e+00
2.056486551039879e+00 9.421946456612831e-02 0.000000000000000e+00
2.056800710305238e+00 9.403398541735208e-02 0.000000000000000e+00
2.057114869570596e+00 9.384822096368178e-02 0.000000000000000e+00
2.057429028835955e+00 9.366221748791081e-02 0.000000000000000e+00
2.057743188101314e+00 9.347602133524548e-02 0.000000000000000e+00
2.058057347366673e+00 9.328967890120064e-02 0.000000000000000e+00
2.058371506632032e+00 9.310323661948394e-02 0.000000000000000e+00
2.058685665897392e+00 9.291674094987044e-02 0.000000000000000e+00
2.058999825162751e+00 9.273023836606997e-02 0.000000000000000e+00
2.059313984428109e+00 9.254377534359219e-02 0.000000000000000e+00
2.059628143693468e+00 9.235739834760943e-02 0.000000000000000e+00
2.059942302958827e+00 9.217115382082611e-02 0.000000000000000e+00
2.060256462224186e+00 9.198508817135002e-02 0.000000000000000e+00
2.060570621489545e+00 9.179924776057626e-02 0.000000000000000e+00
2.060884780754904e+00 9.161367889108178e-02 0.000000000000000e+00
2.061198940020263e+00 9.142842779453651e-02 0.000000000000000e+00
2.061513099285622e+00 9.124354061963187e-02 0.000000000000000e+00
2.061827258550981e+00 9.105906342003353e-02 0.000000000000000e+00
2.062141417816340e+00 9.087504214235700e-02 0.000000000000000e+00
2.062455577081699e+00 9.069152261417261e-02 0.000000000000000e+00
2.062769736347058e+00 9.050855053204129e-02 0.000000000000000e+00
2.063083895612417e+00 9.032617144958495e-02 0.000000000000000e+00
2.063398054877776e+00 9.014443076559474e-02 0.000000000000000e+00
2.063712214143135e+00 8.996337371217873e-02 0.000000000000000e+00
2.064026373408494e+00 8.978304534295549e-02 0.000000000000000e+00
2.064340532673853e+00 8.960349052129223e-02 0.000000000000000e+00
2.064654691939212e+00 8.942475390859431e-02 0.000000000000000e+00
2.064968851204571e+00 8.924687995264681e-02 0.000000000000000e+00
2.065283010469930e+00 8.906991287601279e-02 0.000000000000000e+00
2.065597169735289e+00 8.889389666448939e-02 0.000000000000000e+00
2.065911329000648e+00 8.871887505562764e-02 0.000000000000000e+00
2.066225488266007e+00 8.854489152731589e-02 0.000000000000000e+00
2.066539647531366e+00 8.837198928643153e-02 0.000000000000000e+00
2.066853806796725e+00 8.820021125756394e-02 0.000000000000000e+00
2.067167966062084e+00 8.802960007181113e-02 0.000000000000000e+00
2.067482125327443e+00 8.786019805565222e-02 0.000000000000000e+00
2.067796284592802e+00 8.769204721990230e-02 0.000000000000000e+00
2.068110443858161e+00 8.752518924874622e-02 0.000000000000000e+00
2.068424603123520e+00 8.735966548886100e-02 0.000000000000000e+00
2.068738762388879e+00 8.719551693862404e-02 0.000000000000000e+00
2.069052921654238e+00 8.703278423741437e-02 0.000000000000000e+00
2.069367080919597e+00 8.687150765500642e-02 0.000000000000000e+00
2.069681240184956e+00 8.671172708106026e-02 0.000000000000000e+00
2.069995399450315e+00 8.655348201471322e-02 0.000000000000000e+00
2.070309558715674e+00 8.639681155427081e-02 0.000000000000000e+00
2.070623717981033e+00 8.624175438700418e-02 0.000000000000000e+00
2.070937877246392e+00 8.608834877905468e-02 0.000000000000000e+00
2.071252036511750e+00 8.593663256544805e-02 0.000000000000000e+00
2.071566195777109e+00 8.578664314022144e-02 0.000000000000000e+00
2.071880355042468e+00 8.563841744666571e-02 0.000000000000000e+00
2.072194514307828e+00 8.549199196768605e-02 0.000000000000000e+00
2.072508673573187e+00 8.534740271628136e-02 0.000000000000000e+00
2.072822832838546e+00 8.520468522614799e-02 0.000000000000000e+00
2.073136992103905e+00 8.506387454240766e-02 0.000000000000000e+00
2.073451151369263e+00 8.492500521246361e-02 0.000000000000000e+00
2.073765310634622e+00 8.478811127698581e-02 0.000000000000000e+00
2.074079469899981e+00 8.465322626102997e-02 0.000000000000000e+00
2.074393629165340e+00 8.452038316529012e-02 0.000000000000000e+00
2.074707788430699e+00 8.438961445748815e-02 0.000000000000000e+00
2.075021947696059e+00 8.426095206390288e-02 0.000000000000000e+00
2.075336106961417e+00 8.413442736104075e-02 0.000000000000000e+00
2.075650266226776e+00 8.401007116744889e-02 0.000000000000000e+00
2.075964425492135e+00 8.388791373567558e-02 0.000000000000000e+00
2.076278584757494e+00 8.376798474437730e-02 0.000000000000000e+00
2.076592744022853e+00 8.365031329057598e-02 0.000000000000000e+00
2.076906903288212e+00 8.353492788206746e-02 0.000000000000000e+00
2.077221062553571e+00 8.342185642998558e-02 0.000000000000000e+00
2.077535221818930e+00 8.331112624151948e-02 0.000000000000000e+00
2.077849381084289e+00 8.320276401279084e-02 0.000000000000000e+00
2.078163540349648e+00 8.309679582188936e-02 0.000000000000000e+00
2.078477699615007e+00 8.299324712207004e-02 0.000000000000000e+00
2.078791858880366e+00 8.289214273511315e-02 0.000000000000000e+00
2.079106018145725e+00 8.279350684484983e-02 0.000000000000000e+00
2.079420177411084e+00 8.269736299085345e-02 0.000000000000000e+00
2.079734336676443e+00 8.260373406229865e-02 0.000000000000000e+00
2.080048495941802e+00 8.251264229199236e-02 0.000000000000000e+00
2.080362655207161e+00 8.242410925057340e-02 0.000000000000000e+00
2.080676814472520e+00 8.233815584088702e-02 0.000000000000000e+00
2.080990973737879e+00 8.225480229253218e-02 0.000000000000000e+00
2.081305133003238e+00 8.217406815658540e-02 0.000000000000000e+00
2.081619292268597e+00 8.209597230050181e-02 0.000000000000000e+00
2.081933451533956e+00 8.202053290319422e-02 0.000000000000000e+00
2.082247610799315e+00 8.194776745029173e-02 0.000000000000000e+00
2.082561770064674e+00 8.187769272957986e-02 0.000000000000000e+00
2.082875929330033e+00 8.181032482662223e-02 0.000000000000000e+00
2.083190088595392e+00 8.174567912056568e-02 0.000000000000000e+00
2.083504247860751e+00 8.168377028013028e-02 0.000000000000000e+00
2.083818407126110e+00 8.162461225978340e-02 0.000000000000000e+00
2.084132566391469e+00 8.156821829610186e-02 0.000000000000000e+00
2.084446725656828e+00 8.151460090431978e-02 0.000000000000000e+00
2.084760884922187e+00 8.146377187506607e-02 0.000000000000000e+00
2.085075044187546e+00 8.141574227128995e-02 0.000000000000000e+00
2.085389203452904e+00 8.137052242537710e-02 0.000000000000000e+00
2.085703362718264e+00 8.132812193645549e-02 0.000000000000000e+00
2.086017521983623e+00 8.128854966789403e-02 0.000000000000000e+00
2.086331681248982e+00 8.125181374499182e-02 0.000000000000000e+00
2.086645840514341e+00 8.121792155286023e-02 0.000000000000000e+00
2.086959999779700e+00 8.118687973449916e-02 0.000000000000000e+00
2.087274159045058e+00 8.115869418906535e-02 0.000000000000000e+00
2.087588318310417e+00 8.113337007033623e-02 0.000000000000000e+00
2.087902477575776e+00 8.111091178536720e-02 0.000000000000000e+00
2.088216636841135e+00 8.109132299334404e-02 0.000000000000000e+00
2.088530796106495e+00 8.107460660463139e-02 0.000000000000000e+00
2.088844955371854e+00 8.106076478001453e-02 0.000000000000000e+00
2.089159114637213e+00 8.104979893013925e-02 0.000000000000000e+00
2.089473273902571e+00 8.104170971514509e-02 0.000000000000000e+00
2.089787433167930e+00 8.103649704449625e-02 0.000000000000000e+00
2.090101592433289e+00 8.103416007700720e-02 0.000000000000000e+00
2.090415751698648e+00 8.103469722106491e-02 0.000000000000000e+00
2.090729910964007e+00 8.103810613504586e-02 0.000000000000000e+00
2.091044070229366e+00 8.104438372793002e-02 0.000000000000000e+00
2.091358229494725e+00 8.105352616010932e-02 0.000000000000000e+00
2.091672388760084e+00 8.106552884439205e-02 0.000000000000000e+00
2.091986548025443e+00 8.108038644720163e-02 0.000000000000000e+00
2.092300707290802e+00 8.109809288997112e-02 0.000000000000000e+00
2.092614866556161e+00 8.111864135073141e-02 0.000000000000000e+00
2.092929025821520e+00 8.114202426589293e-02 0.000000000000000e+00
2.093243185086879e+00 8.116823333222212e-02 0.000000000000000e+00
2.093557344352238e+00 8.119725950900980e-02 0.000000000000000e+00
2.093871503617597e+00 8.122909302043237e-02 0.000000000000000e+00
2.094185662882956e+00 8.126372335810481e-02 0.000000000000000e+00
2.094499822148315e+00 8.130113928382447e-02 0.000000000000000e+00
2.094813981413674e+00 8.134132883250603e-02 0.000000000000000e+00
2.095128140679033e+00 8.138427931530520e-02 0.000000000000000e+00
2.095442299944392e+00 8.142997732293168e-02 0.000000000000000e+00
2.095756459209751e+00 8.147840872915059e-02 0.000000000000000e+00
2.096070618475110e+00 8.152955869446954e-02 0.000000000000000e+00
2.096384777740469e+00 8.158341167001378e-02 0.000000000000000e+00
2.096698937005828e+00 8.163995140158413e-02 0.000000000000000e+00
2.097013096271187e+00 8.169916093390109e-02 0.000000000000000e+00
2.097327255536546e+00 8.176102261503081e-02 0.000000000000000e+00
2.097641414801905e+00 8.182551810099228e-02 0.000000000000000e+00
2.097955574067264e+00 8.189262836054667e-02 0.000000000000000e+00
2.098269733332623e+00 8.196233368016434e-02 0.000000000000000e+00
2.098583892597982e+00 8.203461366917068e-02 0.000000000000000e+00
2.098898051863341e+00 8.210944726506900e-02 0.000000000000000e+00
2.099212211128700e+00 8.218681273903768e-02 0.000000000000000e+00
2.099526370394059e+00 8.226668770160192e-02 0.000000000000000e+00
2.099840529659418e+00 8.234904910847791e-02 0.000000000000000e+00
2.100154688924777e+00 8.243387326658749e-02 0.000000000000000e+00
2.100468848190136e+00 8.252113584024198e-02 0.000000000000000e+00
2.100783007455495e+00 8.261081185749425e-02 0.000000000000000e+00
2.101097166720854e+00 8.270287571665644e-02 0.000000000000000e+00
2.101411325986212e+00 8.279730119298195e-02 0.000000000000000e+00
2.101725485251571e+00 8.289406144551036e-02 0.000000000000000e+00
2.102039644516930e+00 8.299312902407271e-02 0.000000000000000e+00
2.102353803782290e+00 8.309447587645584e-02 0.000000000000000e+00
2.102667963047649e+00 8.319807335572418e-02 0.000000000000000e+00
2.102982122313008e+00 8.330389222769650e-02 0.000000000000000e+00
2.103296281578367e+00 8.341190267857541e-02 0.000000000000000e+00
2.103610440843725e+00 8.352207432272937e-02 0.000000000000000e+00
2.103924600109084e+00 8.363437621062292e-02 0.000000000000000e+00
2.104238759374443e+00 8.374877683689391e-02 0.000000000000000e+00
2.104552918639802e+00 8.386524414857628e-02 0.000000000000000e+00
2.104867077905161e+00 8.398374555346595e-02 0.000000000000000e+00
2.105181237170521e+00 8.410424792862725e-02 0.000000000000000e+00
2.105495396435879e+00 8.422671762903704e-02 0.000000000000000e+00
2.105809555701238e+00 8.435112049636716e-02 0.000000000000000e+00
2.106123714966597e+00 8.447742186789801e-02 0.000000000000000e+00
2.106437874231956e+00 8.460558658556620e-02 0.000000000000000e+00
2.106752033497315e+00 8.473557900514016e-02 0.000000000000000e+00
2.107066192762674e+00 8.486736300552349e-02 0.000000000000000e+00
2.107380352028033e+00 8.500090199818204e-02 0.000000000000000e+00
2.107694511293392e+00 8.513615893669317e-02 0.000000000000000e+00
2.108008670558751e+00 8.527309632641561e-02 0.000000000000000e+00
2.108322829824110e+00 8.541167623427434e-02 0.000000000000000e+00
2.108636989089469e+00 8.555186029866138e-02 0.000000000000000e+00
2.108951148354828e+00 8.569360973944831e-02 0.000000000000000e+00
2.109265307620187e+00 8.583688536810774e-02 0.000000000000000e+00
2.109579466885546e+00 8.598164759794144e-02 0.000000000000000e+00
2.109893626150905e+00 8.612785645441276e-02 0.000000000000000e+00
2.110207785416264e+00 8.627547158557981e-02 0.000000000000000e+00
2.110521944681623e+00 8.642445227262745e-02 0.000000000000000e+00
2.110836103946982e+00 8.657475744049534e-02 0.000000000000000e+00
2.111150263212341e+00 8.672634566859859e-02 0.000000000000000e+00
2.111464422477700e+00 8.687917520163888e-02 0.000000000000000e+00
2.111778581743059e+00 8.703320396050364e-02 0.000000000000000e+00
2.112092741008418e+00 8.718838955324808e-02 0.000000000000000e+00
2.112406900273777e+00 8.734468928616067e-02 0.000000000000000e+00
2.112721059539136e+00 8.750206017490647e-02 0.000000000000000e+00
2.113035218804495e+00 8.766045895574773e-02 0.000000000000000e+00
2.113349378069854e+00 8.781984209683498e-02 0.000000000000000e+00
2.113663537335213e+00 8.798016580957087e-02 0.000000000000000e+00
2.113977696600572e+00 8.814138606004010e-02 0.000000000000000e+00
2.114291855865931e+00 8.830345858050268e-02 0.000000000000000e+00
2.114606015131290e+00 8.846633888094885e-02 0.000000000000000e+00
2.114920174396649e+00 8.862998226071327e-02 0.000000000000000e+00
2.115234333662008e+00 8.879434382014260e-02 0.000000000000000e+00
2.115548492927366e+00 8.895937847231555e-02 0.000000000000000e+00
2.115862652192726e+00 8.912504095481362e-02 0.000000000000000e+00
2.116176811458085e+00 8.929128584153456e-02 0.000000000000000e+00
2.116490970723444e+00 8.945806755455180e-02 0.000000000000000e+00
2.116805129988803e+00 8.962534037601178e-02 0.000000000000000e+00
2.117119289254162e+00 8.979305846006863e-02 0.000000000000000e+00
2.117433448519521e+00 8.996117584485225e-02 0.000000000000000e+00
2.117747607784879e+00 9.012964646446660e-02 0.000000000000000e+00
2.118061767050238e+00 9.029842416101652e-02 0.000000000000000e+00
2.118375926315597e+00 9.046746269665626e-02 0.000000000000000e+00
2.118690085580957e+00 9.063671576566130e-02 0.000000000000000e+00
2.119004244846316e+00 9.080613700651730e-02 0.000000000000000e+00
2.119318404111675e+00 9.097568001402338e-02 0.000000000000000e+00
2.119632563377033e+00 9.114529835140731e-02 0.000000000000000e+00
2.119946722642392e+00 9.131494556245015e-02 0.000000000000000e+00
2.120260881907751e+00 9.148457518361330e-02 0.000000000000000e+00
2.120575041173110e+00 9.165414075617072e-02 0.000000000000000e+00
2.120889200438469e+00 9.182359583833842e-02 0.000000000000000e+00
2.121203359703828e+00 9.199289401740035e-02 0.000000000000000e+00
2.121517518969187e+00 9.216198892182589e-02 0.000000000000000e+00
2.121831678234546e+00 9.233083423337918e-02 0.000000000000000e+00
2.122145837499905e+00 9.249938369921094e-02 0.000000000000000e+00
2.122459996765264e+00 9.266759114393719e-02 0.000000000000000e+00
2.122774156030623e+00 9.283541048169572e-02 0.000000000000000e+00
2.123088315295982e+00 9.300279572818004e-02 0.000000000000000e+00
2.123402474561341e+00 9.316970101264777e-02 0.000000000000000e+00
2.123716633826700e+00 9.333608058989711e-02 0.000000000000000e+00
2.124030793092059e+00 9.350188885221485e-02 0.000000000000000e+00
2.124344952357418e+00 9.366708034128486e-02 0.000000000000000e+00
2.124659111622777e+00 9.383160976005919e-02 0.000000000000000e+00
2.124973270888136e+00 9.399543198458861e-02 0.000000000000000e+00
2.125287430153495e+00 9.415850207580602e-02 0.000000000000000e+00
2.125601589418854e+00 9.432077529126325e-02 0.000000000000000e+00
2.125915748684213e+00 9.448220709681709e-02 0.000000000000000e+00
2.126229907949572e+00 9.464275317825904e-02 0.000000000000000e+00
2.126544067214931e+00 9.480236945289061e-02 0.000000000000000e+00
2.126858226480290e+00 9.496101208103644e-02 0.000000000000000e+00
2.127172385745649e+00 9.511863747749566e-02 0.000000000000000e+00
2.127486545011008e+00 9.527520232292594e-02 0.000000000000000e+00
2.127800704276367e+00 9.543066357515843e-02 0.000000000000000e+00
2.128114863541726e+00 9.558497848044264e-02 0.000000000000000e+00
2.128429022807085e+00 9.573810458461304e-02 0.000000000000000e+00
2.128743182072444e+00 9.588999974418005e-02 0.000000000000000e+00
2.129057341337803e+00 9.604062213733987e-02 0.000000000000000e+00
2.129371500603162e+00 9.618993027489950e-02 0.000000000000000e+00
2.129685659868521e+00 9.633788301111672e-02 0.000000000000000e+00
2.129999819133880e+00 9.648443955445014e-02 0.000000000000000e+00
2.130313978399239e+00 9.662955947821610e-02 0.000000000000000e+00
2.130628137664598e+00 9.677320273115161e-02 0.000000000000000e+00
2.130942296929957e+00 9.691532964788017e-02 0.000000000000000e+00
2.131256456195316e+00 9.705590095927552e-02 0.000000000000000e+00
2.131570615460675e+00 9.719487780272329e-02 0.000000000000000e+00
2.131884774726033e+00 9.733222173227646e-02 0.000000000000000e+00
2.132198933991392e+00 9.746789472870360e-02 0.000000000000000e+00
2.132513093256752e+00 9.760185920942291e-02 0.000000000000000e+00
2.132827252522111e+00 9.773407803832657e-02 0.000000000000000e+00
2.133141411787470e+00 9.786451453548509e-02 0.000000000000000e+00
2.133455571052829e+00 9.799313248673636e-02 0.000000000000000e+00
2.133769730318187e+00 9.811989615314953e-02 0.000000000000000e+00
2.134083889583546e+00 9.824477028036986e-02 0.000000000000000e+00
2.134398048848905e+00 9.836772010783255e-02 0.000000000000000e+00
2.134712208114264e+00 9.848871137785109e-02 0.000000000000000e+00
2.135026367379623e+00 9.860771034457366e-02 0.000000000000000e+00
2.135340526644983e+00 9.872468378280683e-02 0.000000000000000e+00
2.135654685910341e+00 9.883959899670153e-02 0.000000000000000e+00
2.135968845175700e+00 9.895242382830488e-02 0.000000000000000e+00
2.136283004441059e+00 9.906312666596787e-02 0.000000000000000e+00
2.136597163706418e+00 9.917167645261368e-02 0.000000000000000e+00
2.136911322971777e+00 9.927804269385977e-02 0.000000000000000e+00
2.137225482237136e+00 9.938219546599453e-02 0.000000000000000e+00
2.137539641502495e+00 9.948410542380468e-02 0.000000000000000e+00
2.137853800767854e+00 9.958374380825166e-02 0.000000000000000e+00
2.138167960033213e+00 9.968108245399647e-02 0.000000000000000e+00
2.138482119298572e+00 9.977609379676808e-02 0.000000000000000e+00
2.138796278563931e+00 9.986875088057659e-02 0.000000000000000e+00
2.139110437829290e+00 9.995902736476794e-02 0.000000000000000e+00
2.139424597094649e+00 1.000468975309169e-01 0.000000000000000e+00
2.139738756360008e+00 1.001323362895595e-01 0.000000000000000e+00
2.140052915625367e+00 1.002153191867609e-01 0.000000000000000e+00
2.140367074890726e+00 1.002958224105171e-01 0.000000000000000e+00
2.140681234156085e+00 1.003738227969901e-01 0.000000000000000e+00
2.140995393421444e+00 1.004492978365742e-01 0.000000000000000e+00
2.141309552686803e+00 1.005222256797915e-01 0.000000000000000e+00
2.141623711952162e+00 1.005925851430148e-01 0.000000000000000e+00
2.141937871217521e+00 1.006603557140179e-01 0.000000000000000e+00
2.142252030482880e+00 1.007255175573510e-01 0.000000000000000e+00
2.142566189748239e+00 1.007880515195382e-01 0.000000000000000e+00
2.142880349013598e+00 1.008479391340986e-01 0.000000000000000e+00
2.143194508278957e+00 1.009051626263889e-01 0.000000000000000e+00
2.143508667544316e+00 1.009597049182632e-01 0.000000000000000e+00
2.143822826809675e+00 1.010115496325538e-01 0.000000000000000e+00
2.144136986075034e+00 1.010606810973679e-01 0.000000000000000e+00
2.144451145340393e+00 1.011070843502007e-01 0.000000000000000e+00
2.144765304605752e+00 1.011507451418636e-01 0.000000000000000e+00
2.145079463871111e+00 1.011916499402268e-01 0.000000000000000e+00
2.145393623136470e+00 1.012297859337738e-01 0.000000000000000e+00
2.145707782401828e+00 1.012651410349694e-01 0.000000000000000e+00
2.146021941667188e+00 1.012977038834387e-01 0.000000000000000e+00
2.146336100932547e+00 1.013274638489549e-01 0.000000000000000e+00
2.146650260197906e+00 1.013544110342391e-01 0.000000000000000e+00
2.146964419463265e+00 1.013785362775672e-01 0.000000000000000e+00
2.147278578728624e+00 1.013998311551857e-01 0.000000000000000e+00
2.147592737993983e+00 1.014182879835353e-01 0.000000000000000e+00
2.147906897259341e+00 1.014338998212803e-01 0.000000000000000e+00
2.148221056524700e+00 1.014466604711463e-01 0.000000000000000e+00
2.148535215790059e+00 1.014565644815621e-01 0.000000000000000e+00
2.148849375055419e+00 1.014636071481078e-01 0.000000000000000e+00
2.149163534320778e+00 1.014677845147687e-01 0.000000000000000e+00
2.149477693586137e+00 1.014690933749924e-01 0.000000000000000e+00
2.149791852851495e+00 1.014675312725522e-01 0.000000000000000e+00
2.150106012116854e+00 1.014630965022137e-01 0.000000000000000e+00
2.150420171382213e+00 1.014557881102053e-01 0.000000000000000e+00
2.150734330647572e+00 1.014456058944934e-01 0.000000000000000e+00
2.151048489912931e+00 1.014325504048620e-01 0.000000000000000e+00
2.151362649178290e+00 1.014166229427939e-01 0.000000000000000e+00
2.151676808443650e+00 1.013978255611582e-01 0.000000000000000e+00
2.151990967709008e+00 1.013761610637012e-01 0.000000000000000e+00
2.152305126974367e+00 1.013516330043399e-01 0.000000000000000e+00
2.152619286239726e+00 1.013242456862620e-01 0.000000000000000e+00
2.152933445505085e+00 1.012940041608285e-01 0.000000000000000e+00
2.153247604770444e+00 1.012609142262826e-01 0.000000000000000e+00
2.153561764035803e+00 1.012249824262622e-01 0.000000000000000e+00
2.153875923301162e+00 1.011862160481196e-01 0.000000000000000e+00
2.154190082566521e+00 1.011446231210452e-01 0.000000000000000e+00
2.154504241831880e+00 1.011002124139996e-01 0.000000000000000e+00
2.154818401097239e+00 1.010529934334507e-01 0.000000000000000e+00
2.155132560362598e+00 1.010029764209201e-01 0.000000000000000e+00
2.155446719627957e+00 1.009501723503361e-01 0.000000000000000e+00
2.155760878893316e+00 1.008945929251969e-01 0.000000000000000e+00
2.156075038158675e+00 1.008362505755417e-01 0.000000000000000e+00
2.156389197424034e+00 1.007751584547344e-01 0.000000000000000e+00
2.156703356689393e+00 1.007113304360564e-01 0.000000000000000e+00
2.157017515954752e+00 1.006447811091123e-01 0.000000000000000e+00
2.157331675220111e+00 1.005755257760490e-01 0.000000000000000e+00
2.157645834485470e+00 1.005035804475880e-01 0.000000000000000e+00
2.157959993750829e+00 1.004289618388733e-01 0.000000000000000e+00
2.158274153016188e+00 1.003516873651343e-01 0.000000000000000e+00
2.158588312281547e+00 1.002717751371683e-01 0.000000000000000e+00
2.158902471546906e+00 1.001892439566378e-01 0.000000000000000e+00
2.159216630812265e+00 1.001041133111911e-01 0.000000000000000e+00
2.159530790077624e+00 1.000164033694009e-01 0.000000000000000e+00
2.159844949342983e+00 9.992613497552656e-02 0.000000000000000e+00
2.160159108608342e+00 9.983332964409924e-02 0.000000000000000e+00
2.160473267873701e+00 9.973800955433249e-02 0.000000000000000e+00
2.160787427139060e+00 9.964019754435875e-02 0.000000000000000e+00
2.161101586404419e+00 9.953991710529385e-02 0.000000000000000e+00
2.161415745669778e+00 9.943719237513107e-02 0.000000000000000e+00
2.161729904935137e+00 9.933204813246629e-02 0.000000000000000e+00
2.162044064200495e+00 9.922450979005465e-02 0.000000000000000e+00
2.162358223465854e+00 9.911460338820358e-02 0.000000000000000e+00
2.162672382731214e+00 9.900235558799986e-02 0.000000000000000e+00
2.162986541996573e+00 9.888779366437553e-02 0.000000000000000e+00
2.163300701261932e+00 9.877094549901330e-02 0.000000000000000e+00
2.163614860527291e+00 9.865183957309279e-02 0.000000000000000e+00
2.163929019792649e+00 9.853050495988047e-02 0.000000000000000e+00
2.164243179058008e+00 9.840697131716500e-02 0.000000000000000e+00
2.164557338323367e+00 9.828126887953960e-02 0.000000000000000e+00
2.164871497588726e+00 9.815342845053344e-02 0.000000000000000e+00
2.165185656854085e+00 9.802348139459402e-02 0.000000000000000e+00
2.165499816119445e+00 9.789145962892414e-02 0.000000000000000e+00
2.165813975384803e+00 9.775739561517276e-02 0.000000000000000e+00
2.166128134650162e+00 9.762132235098368e-02 0.000000000000000e+00
2.166442293915521e+00 9.748327336140557e-02 0.000000000000000e+00
2.166756453180880e+00 9.734328269016218e-02 0.000000000000000e+00
2.167070612446239e+00 9.720138489078786e-02 0.000000000000000e+00
2.167384771711598e+00 9.705761501762918e-02 0.000000000000000e+00
2.167698930976957e+00 9.691200861671571e-02 0.000000000000000e+00
2.168013090242316e+00 9.676460171650299e-02 0.000000000000000e+00
2.168327249507675e+00 9.661543081848618e-02 0.000000000000000e+00
2.168641408773034e+00 9.646453288769499e-02 0.000000000000000e+00
2.168955568038393e+00 9.631194534306206e-02 0.000000000000000e+00
2.169269727303752e+00 9.615770604767600e-02 0.000000000000000e+00
2.169583886569111e+00 9.600185329891602e-02 0.000000000000000e+00
2.169898045834470e+00 9.584442581847458e-02 0.000000000000000e+00
2.170212205099829e+00 9.568546274226659e-02 0.000000000000000e+00
2.170526364365188e+00 9.552500361023285e-02 0.000000000000000e+00
2.170840523630547e+00 9.536308835603555e-02 0.000000000000000e+00
2.171154682895906e+00 9.519975729665094e-02 0.000000000000000e+00
2.171468842161265e+00 9.503505112186245e-02 0.000000000000000e+00
2.171783001426624e+00 9.486901088365474e-02 0.000000000000000e+00
2.172097160691983e+00 9.470167798551413e-02 0.000000000000000e+00
2.172411319957342e+00 9.453309417163483e-02 0.000000000000000e+00
2.172725479222701e+00 9.436330151603839e-02 0.000000000000000e+00
2.173039638488060e+00 9.419234241160458e-02 0.000000000000000e+00
2.173353797753419e+00 9.402025955901898e-02 0.000000000000000e+00
2.173667957018778e+00 9.384709595564053e-02 0.000000000000000e+00
2.173982116284137e+00 9.367289488429008e-02 0.000000000000000e+00
2.174296275549496e+00 9.349769990196395e-02 0.000000000000000e+00
2.174610434814855e+00 9.332155482847687e-02 0.000000000000000e+00
2.174924594080214e+00 9.314450373503413e-02 0.000000000000000e+00
2.175238753345573e+00 9.296659093273833e-02 0.000000000000000e+00
2.175552912610932e+00 9.278786096103259e-02 0.000000000000000e+00
2.175867071876291e+00 9.260835857608402e-02 0.000000000000000e+00
2.176181231141650e+00 9.242812873911044e-02 0.000000000000000e+00
2.176495390407009e+00 9.224721660465086e-02 0.000000000000000e+00
2.176809549672368e+00 9.206566750878847e-02 0.000000000000000e+00
2.177123708937727e+00 9.188352695732283e-02 0.000000000000000e+00
2.177437868203086e+00 9.170084061389794e-02 0.000000000000000e+00
2.177752027468445e+00 9.151765428808861e-02 0.000000000000000e+00
2.178066186733803e+00 9.133401392344898e-02 0.000000000000000e+00
2.178380345999162e+00 9.114996558552312e-02 0.000000000000000e+00
2.178694505264521e+00 9.096555544982696e-02 0.000000000000000e+00
2.179008664529881e+00 9.078082978979608e-02 0.000000000000000e+00
2.179322823795240e+00 9.059583496471223e-02 0.000000000000000e+00
2.179636983060599e+00 9.041061740760323e-02 0.000000000000000e+00
2.179951142325957e+00 9.022522361312436e-02 0.000000000000000e+00
2.180265301591316e+00 9.003970012542264e-02 0.000000000000000e+00
2.180579460856675e+00 8.985409352598897e-02 0.000000000000000e+00
2.180893620122034e+00 8.966845042149746e-02 0.000000000000000e+00
2.181207779387393e+00 8.948281743163955e-02 0.000000000000000e+00
2.181521938652752e+00 8.929724117695315e-02 0.000000000000000e+00
2.181836097918112e+00 8.911176826665040e-02 0.000000000000000e+00
2.182150257183470e+00 8.892644528644988e-02 0.000000000000000e+00
2.182464416448829e+00 8.874131878641064e-02 0.000000000000000e+00
2.182778575714188e+00 8.855643526877917e-02 0.000000000000000e+00
2.183092734979547e+00 8.837184117584464e-02 0.000000000000000e+00
2.183406894244906e+00 8.818758287781084e-02 0.000000000000000e+00
2.183721053510265e+00 8.800370666068599e-02 0.000000000000000e+00
2.184035212775624e+00 8.782025871419370e-02 0.000000000000000e+00
2.184349372040983e+00 8.763728511970757e-02 0.000000000000000e+00
2.184663531306342e+00 8.745483183821548e-02 0.000000000000000e+00
2.184977690571701e+00 8.727294469831300e-02 0.000000000000000e+00
2.185291849837060e+00 8.709166938422991e-02 0.000000000000000e+00
2.185606009102419e+00 8.691105142389595e-02 0.000000000000000e+00
2.185920168367778e+00 8.673113617704471e-02 0.000000000000000e+00
2.186234327633137e+00 8.655196882336232e-02 0.000000000000000e+00
2.186548486898496e+00 8.637359435067998e-02 0.000000000000000e+00
2.186862646163855e+00 8.619605754321913e-02 0.000000000000000e+00
2.187176805429214e+00 8.601940296988685e-02 0.000000000000000e+00
2.187490964694573e+00 8.584367497262621e-02 0.000000000000000e+00
2.187805123959932e+00 8.566891765482798e-02 0.000000000000000e+00
2.188119283225291e+00 8.549517486980038e-02 0.000000000000000e+00
2.188433442490650e+00 8.532249020930588e-02 0.000000000000000e+00
2.188747601756009e+00 8.515090699216504e-02 0.000000000000000e+00
2.189061761021368e+00 8.498046825292999e-02 0.000000000000000e+00
2.189375920286727e+00 8.481121673063254e-02 0.000000000000000e+00
2.189690079552086e+00 8.464319485760749e-02 0.000000000000000e+00
2.190004238817445e+00 8.447644474839690e-02 0.000000000000000e+00
2.190318398082804e+00 8.431100818873417e-02 0.000000000000000e+00
2.190632557348163e+00 8.414692662461627e-02 0.000000000000000e+00
2.190946716613522e+00 8.398424115146162e-02 0.000000000000000e+00
2.191260875878881e+00 8.382299250335920e-02 0.000000000000000e+00
2.191575035144240e+00 8.366322104241225e-02 0.000000000000000e+00
2.191889194409599e+00 8.350496674817695e-02 0.000000000000000e+00
2.192203353674957e+00 8.334826920720159e-02 0.000000000000000e+00
2.192517512940316e+00 8.319316760266615e-02 0.000000000000000e+00
2.192831672205676e+00 8.303970070412821e-02 0.000000000000000e+00
2.193145831471035e+00 8.288790685737461e-02 0.000000000000000e+00
2.193459990736394e+00 8.273782397438378e-02 0.000000000000000e+00
2.193774150001753e+00 8.258948952340019e-02 0.000000000000000e+00
2.194088309267111e+00 8.244294051912464e-02 0.000000000000000e+00
2.194402468532470e+00 8.229821351302087e-02 0.000000000000000e+00
2.194716627797829e+00 8.215534458374467e-02 0.000000000000000e+00
2.195030787063188e+00 8.201436932769268e-02 0.000000000000000e+00
2.195344946328547e+00 8.187532284967963e-02 0.000000000000000e+00
2.195659105593907e+00 8.173823975374038e-02 0.000000000000000e+00
2.195973264859266e+00 8.160315413406402e-02 0.000000000000000e+00
2.196287424124624e+00 8.147009956605931e-02 0.000000000000000e+00
2.196601583389983e+00 8.133910909755475e-02 0.000000000000000e+00
2.196915742655342e+00 8.121021524013719e-02 0.000000000000000e+00
2.197229901920701e+00 8.108344996062787e-02 0.000000000000000e+00
2.197544061186060e+00 8.095884467270095e-02 0.000000000000000e+00
2.197858220451419e+00 8.083643022864578e-02 0.000000000000000e+00
2.198172379716778e+00 8.071623691127505e-02 0.000000000000000e+00
2.198486538982137e+00 8.059829442598065e-02 0.000000000000000e+00
2.198800698247496e+00 8.048263189293971e-02 0.000000000000000e+00
2.199114857512855e+00 8.036927783947342e-02 0.000000000000000e+00
2.199429016778214e+00 8.025826019255930e-02 0.000000000000000e+00
2.199743176043573e+00 8.014960627149932e-02 0.000000000000000e+00
2.200057335308932e+00 8.004334278074718e-02 0.000000000000000e+00
2.200371494574291e+00 7.993949580289393e-02 0.000000000000000e+00
2.200685653839650e+00 7.983809079181702e-02 0.000000000000000e+00
2.200999813105009e+00 7.973915256599162e-02 0.000000000000000e+00
2.201313972370368e+00 7.964270530196786e-02 0.000000000000000e+00
2.201628131635727e+00 7.954877252801476e-02 0.000000000000000e+00
2.201942290901086e+00 7.945737711793295e-02 0.000000000000000e+00
2.202256450166445e+00 7.936854128503781e-02 0.000000000000000e+00
2.202570609431804e+00 7.928228657631434e-02 0.000000000000000e+00
2.202884768697163e+00 7.919863386674526e-02 0.000000000000000e+00
2.203198927962522e+00 7.911760335381478e-02 0.000000000000000e+00
2.203513087227881e+00 7.903921455218750e-02 0.000000000000000e+00
2.203827246493240e+00 7.896348628856602e-02 0.000000000000000e+00
2.204141405758599e+00 7.889043669672768e-02 0.000000000000000e+00
2.204455565023958e+00 7.882008321274045e-02 0.000000000000000e+00
2.204769724289317e+00 7.875244257036236e-02 0.000000000000000e+00
2.205083883554676e+00 7.868753079662240e-02 0.000000000000000e+00
2.205398042820035e+00 7.862536320758581e-02 0.000000000000000e+00
2.205712202085394e+00 7.856595440430492e-02 0.000000000000000e+00
2.206026361350753e+00 7.850931826895541e-02 0.000000000000000e+00
2.206340520616112e+00 7.845546796116118e-02 0.000000000000000e+00
2.206654679881471e+00 7.840441591450524e-02 0.000000000000000e+00
2.206968839146830e+00 7.835617383323248e-02 0.000000000000000e+00
2.207282998412189e+00 7.831075268913995e-02 0.000000000000000e+00
2.207597157677548e+00 7.826816271865969e-02 0.000000000000000e+00
2.207911316942907e+00 7.822841342013229e-02 0.000000000000000e+00
2.208225476208265e+00 7.819151355127298e-02 0.000000000000000e+00
2.208539635473624e+00 7.815747112683064e-02 0.000000000000000e+00
2.208853794738983e+00 7.812629341644098e-02 0.000000000000000e+00
2.209167954004343e+00 7.809798694267317e-02 0.000000000000000e+00
2.209482113269702e+00 7.807255747927150e-02 0.000000000000000e+00
2.209796272535061e+00 7.805001004959267e-02 0.000000000000000e+00
2.210110431800419e+00 7.803034892523776e-02 0.000000000000000e+00
2.210424591065778e+00 7.801357762488106e-02 0.000000000000000e+00
2.210738750331137e+00 7.799969891329486e-02 0.000000000000000e+00
2.211052909596496e+00 7.798871480057065e-02 0.000000000000000e+00
2.211367068861855e+00 7.798062654153762e-02 0.000000000000000e+00
2.211681228127214e+00 7.797543463537737e-02 0.000000000000000e+00
2.211995387392574e+00 7.797313882543665e-02 0.000000000000000e+00
2.212309546657932e+00 7.797373809923615e-02 0.000000000000000e+00
2.212623705923291e+00 7.797723068867775e-02 0.000000000000000e+00
2.212937865188650e+00 7.798361407044718e-02 0.000000000000000e+00
2.213252024454009e+00 7.799288496661572e-02 0.000000000000000e+00
2.213566183719368e+00 7.800503934543665e-02 0.000000000000000e+00
2.213880342984727e+00 7.802007242234069e-02 0.000000000000000e+00
2.214194502250086e+00 7.803797866112547e-02 0.000000000000000e+00
2.214508661515445e+00 7.805875177534310e-02 0.000000000000000e+00
2.214822820780804e+00 7.808238472988267e-02 0.000000000000000e+00
2.215136980046163e+00 7.810886974274787e-02 0.000000000000000e+00
2.215451139311522e+00 7.813819828703056e-02 0.000000000000000e+00
2.215765298576881e+00 7.817036109307754e-02 0.000000000000000e+00
2.216079457842240e+00 7.820534815085264e-02 0.000000000000000e+00
2.216393617107599e+00 7.824314871249051e-02 0.000000000000000e+00
2.216707776372958e+00 7.828375129504467e-02 0.000000000000000e+00
2.217021935638317e+00 7.832714368342644e-02 0.000000000000000e+00
2.217336094903676e+00 7.837331293353519e-02 0.000000000000000e+00
2.217650254169035e+00 7.842224537557943e-02 0.000000000000000e+00
2.217964413434394e+00 7.847392661758741e-02 0.000000000000000e+00
2.218278572699753e+00 7.852834154910557e-02 0.000000000000000e+00
2.218592731965112e+00 7.858547434508595e-02 0.000000000000000e+00
2.218906891230471e+00 7.864530846995915e-02 0.000000000000000e+00
2.219221050495830e+00 7.870782668189366e-02 0.000000000000000e+00
2.219535209761189e+00 7.877301103723966e-02 0.000000000000000e+00
2.219849369026548e+00 7.884084289515590e-02 0.000000000000000e+00
2.220163528291907e+00 7.891130292241889e-02 0.000000000000000e+00
2.220477687557266e+00 7.898437109841340e-02 0.000000000000000e+00
2.220791846822625e+00 7.906002672030274e-02 0.000000000000000e+00
2.221106006087984e+00 7.913824840837672e-02 0.000000000000000e+00
2.221420165353343e+00 7.921901411157659e-02 0.000000000000000e+00
2.221734324618702e+00 7.930230111319733e-02 0.000000000000000e+00
2.222048483884061e+00 7.938808603676112e-02 0.000000000000000e+00
2.222362643149419e+00 7.947634485206578e-02 0.000000000000000e+00
2.222676802414778e+00 7.956705288140350e-02 0.000000000000000e+00
2.222990961680138e+00 7.966018480594818e-02 0.000000000000000e+00
2.223305120945497e+00 7.975571467231167e-02 0.000000000000000e+00
2.223619280210856e+00 7.985361589926530e-02 0.000000000000000e+00
2.223933439476215e+00 7.995386128462632e-02 0.000000000000000e+00
2.224247598741573e+00 8.005642301230589e-02 0.000000000000000e+00
2.224561758006932e+00 8.016127265951985e-02 0.000000000000000e+00
2.224875917272291e+00 8.026838120415539e-02 0.000000000000000e+00
2.225190076537650e+00 8.037771903229694e-02 0.000000000000000e+00
2.225504235803009e+00 8.048925594590658e-02 0.000000000000000e+00
2.225818395068369e+00 8.060296117065660e-02 0.000000000000000e+00
2.226132554333728e+00 8.071880336391433e-02 0.000000000000000e+00
2.226446713599086e+00 8.083675062287417e-02 0.000000000000000e+00
2.226760872864445e+00 8.095677049283911e-02 0.000000000000000e+00
2.227075032129804e+00 8.107882997564367e-02 0.000000000000000e+00
2.227389191395163e+00 8.120289553822148e-02 0.000000000000000e+00
2.227703350660522e+00 8.132893312131269e-02 0.000000000000000e+00
2.228017509925881e+00 8.145690814830883e-02 0.000000000000000e+00
2.228331669191240e+00 8.158678553423417e-02 0.000000000000000e+00
2.228645828456599e+00 8.171852969485995e-02 0.000000000000000e+00
2.228959987721958e+00 8.185210455594952e-02 0.000000000000000e+00
2.229274146987317e+00 8.198747356263196e-02 0.000000000000000e+00
2.229588306252676e+00 8.212459968890282e-02 0.000000000000000e+00
2.229902465518035e+00 8.226344544724792e-02 0.000000000000000e+00
2.230216624783394e+00 8.240397289838773e-02 0.000000000000000e+00
2.230530784048753e+00 8.254614366114155e-02 0.000000000000000e+00
2.230844943314112e+00 8.268991892240786e-02 0.000000000000000e+00
2.231159102579471e+00 8.283525944725657e-02 0.000000000000000e+00
2.231473261844830e+00 8.298212558913408e-02 0.000000000000000e+00
2.231787421110189e+00 8.313047730017545e-02 0.000000000000000e+00
2.232101580375548e+00 8.328027414162338e-02 0.000000000000000e+00
2.232415739640907e+00 8.343147529434790e-02 0.000000000000000e+00
2.232729898906266e+00 8.358403956946901e-02 0.000000000000000e+00
2.233044058171625e+00 8.373792541907421e-02 0.000000000000000e+00
2.233358217436984e+00 8.389309094703157e-02 0.000000000000000e+00
2.233672376702343e+00 8.404949391989601e-02 0.000000000000000e+00
2.233986535967702e+00 8.420709177790150e-02 0.000000000000000e+00
2.234300695233061e+00 8.436584164604220e-02 0.000000000000000e+00
2.234614854498420e+00 8.452570034523593e-02 0.000000000000000e+00
2.234929013763779e+00 8.468662440356671e-02 0.000000000000000e+00
2.235243173029138e+00 8.484857006760634e-02 0.000000000000000e+00
2.235557332294497e+00 8.501149331381011e-02 0.000000000000000e+00
2.235871491559856e+00 8.517534985998319e-02 0.000000000000000e+00
2.236185650825215e+00 8.534009517681639e-02 0.000000000000000e+00
2.236499810090574e+00 8.550568449948656e-02 0.000000000000000e+00
2.236813969355933e+00 8.567207283932170e-02 0.000000000000000e+00
2.237128128621292e+00 8.583921499552133e-02 0.000000000000000e+00
2.237442287886651e+00 8.600706556693768e-02 0.000000000000000e+00
2.237756447152010e+00 8.617557896390790e-02 0.000000000000000e+00
2.238070606417369e+00 8.634470942013664e-02 0.000000000000000e+00
2.238384765682727e+00 8.651441100462610e-02 0.000000000000000e+00
2.238698924948086e+00 8.668463763365165e-02 0.000000000000000e+00
2.239013084213445e+00 8.685534308277441e-02 0.000000000000000e+00
2.239327243478805e+00 8.702648099889633e-02 0.000000000000000e+00
2.239641402744164e+00 8.719800491234680e-02 0.000000000000000e+00
2.239955562009523e+00 8.736986824900225e-02 0.000000000000000e+00
2.240269721274882e+00 8.754202434243347e-02 0.000000000000000e+00
2.240583880540240e+00 8.771442644607837e-02 0.000000000000000e+00
2.240898039805599e+00 8.788702774543744e-02 0.000000000000000e+00
2.241212199070958e+00 8.805978137028644e-02 0.000000000000000e+00
2.241526358336317e+00 8.823264040690654e-02 0.000000000000000e+00
2.241840517601676e+00 8.840555791032589e-02 0.000000000000000e+00
2.242154676867036e+00 8.857848691657141e-02 0.000000000000000e+00
2.242468836132394e+00 8.875138045492507e-02 0.000000000000000e+00
2.242782995397753e+00 8.892419156018593e-02 0.000000000000000e+00
2.243097154663112e+00 8.909687328492839e-02 0.000000000000000e+00
2.243411313928471e+00 8.926937871175999e-02 0.000000000000000e+00
2.243725473193830e+00 8.944166096557062e-02 0.000000000000000e+00
2.244039632459189e+00 8.961367322577327e-02 0.000000000000000e+00
2.244353791724548e+00 8.978536873853030e-02 0.000000000000000e+00
2.244667950989907e+00 8.995670082896562e-02 0.000000000000000e+00
2.244982110255266e+00 9.012762291335494e-02 0.000000000000000e+00
2.245296269520625e+00 9.029808851129484e-02 0.000000000000000e+00
2.245610428785984e+00 9.046805125784635e-02 0.000000000000000e+00
2.245924588051343e+00 9.063746491564864e-02 0.000000000000000e+00
2.246238747316702e+00 9.080628338700167e-02 0.000000000000000e+00
2.246552906582061e+00 9.097446072591260e-02 0.000000000000000e+00
2.246867065847420e+00 9.114195115010486e-02 0.000000000000000e+00
2.247181225112779e+00 9.130870905298447e-02 0.000000000000000e+00
2.247495384378138e+00 9.147468901556266e-02 0.000000000000000e+00
2.247809543643497e+00 9.163984581833069e-02 0.000000000000000e+00
2.248123702908856e+00 9.180413445308354e-02 0.000000000000000e+00
2.248437862174215e+00 9.196751013468937e-02 0.000000000000000e+00
2.248752021439574e+00 9.212992831280337e-02 0.000000000000000e+00
2.249066180704933e+00 9.229134468351952e-02 0.000000000000000e+00
2.249380339970292e+00 9.245171520096053e-02 0.000000000000000e+00
2.249694499235651e+00 9.261099608880188e-02 0.000000000000000e+00
2.250008658501010e+00 9.276914385172524e-02 0.000000000000000e+00
2.250322817766369e+00 9.292611528680239e-02 0.000000000000000e+00
2.250636977031728e+00 9.308186749480046e-02 0.000000000000000e+00
2.250951136297087e+00 9.323635789141280e-02 0.000000000000000e+00
2.251265295562446e+00 9.338954421840623e-02 0.000000000000000e+00
2.251579454827805e+00 9.354138455468505e-02 0.000000000000000e+00
2.251893614093164e+00 9.369183732726913e-02 0.000000000000000e+00
2.252207773358523e+00 9.384086132218128e-02 0.000000000000000e+00
2.252521932623881e+00 9.398841569524270e-02 0.000000000000000e+00
2.252836091889240e+00 9.413445998277313e-02 0.000000000000000e+00
2.253150251154600e+00 9.427895411219191e-02 0.000000000000000e+00
2.253464410419959e+00 9.442185841251965e-02 0.000000000000000e+00
2.253778569685318e+00 9.456313362477498e-02 0.000000000000000e+00
2.254092728950677e+00 9.470274091226584e-02 0.000000000000000e+00
2.254406888216036e+00 9.484064187077058e-02 0.000000000000000e+00
2.254721047481394e+00 9.497679853860892e-02 0.000000000000000e+00
2.255035206746753e+00 9.511117340659724e-02 0.000000000000000e+00
2.255349366012112e+00 9.524372942788713e-02 0.000000000000000e+00
2.255663525277471e+00 9.537443002768489e-02 0.000000000000000e+00
2.255977684542831e+00 9.550323911284829e-02 0.000000000000000e+00
2.256291843808190e+00 9.563012108135963e-02 0.000000000000000e+00
2.256606003073548e+00 9.575504083167061e-02 0.000000000000000e+00
2.256920162338907e+00 9.587796377191840e-02 0.000000000000000e+00
2.257234321604266e+00 9.599885582900962e-02 0.000000000000000e+00
2.257548480869625e+00 9.611768345756982e-02 0.000000000000000e+00
2.257862640134984e+00 9.623441364875662e-02 0.000000000000000e+00
2.258176799400343e+00 9.634901393893308e-02 0.000000000000000e+00
2.258490958665702e+00 9.646145241820098e-02 0.000000000000000e+00
2.258805117931061e+00 9.657169773879005e-02 0.000000000000000e+00
2.259119277196420e+00 9.667971912330052e-02 0.000000000000000e+00
2.259433436461779e+00 9.678548637279960e-02 0.000000000000000e+00
2.259747595727138e+00 9.688896987476689e-02 0.000000000000000e+00
2.260061754992497e+00 9.699014061088740e-02 0.000000000000000e+00
2.260375914257856e+00 9.708897016469173e-02 0.000000000000000e+00
2.260690073523215e+00 9.718543072903853e-02 0.000000000000000e+00
2.261004232788574e+00 9.727949511344039e-02 0.000000000000000e+00
2.261318392053933e+00 9.737113675122851e-02 0.000000000000000e+00
2.261632551319292e+00 9.746032970655585e-02 0.000000000000000e+00
2.261946710584651e+00 9.754704868123683e-02 0.000000000000000e+00
2.262260869850010e+00 9.763126902142144e-02 0.000000000000000e+00
2.262575029115369e+00 9.771296672410108e-02 0.000000000000000e+00
2.262889188380728e+00 9.779211844344735e-02 0.000000000000000e+00
2.263203347646087e+00 9.786870149697759e-02 0.000000000000000e+00
2.263517506911446e+00 9.794269387155044e-02 0.000000000000000e+00
2.263831666176805e+00 9.801407422918584e-02 0.000000000000000e+00
2.264145825442164e+00 9.808282191271106e-02 0.000000000000000e+00
2.264459984707523e+00 9.814891695122811e-02 0.000000000000000e+00
2.264774143972882e+00 9.821234006540422e-02 0.000000000000000e+00
2.265088303238241e+00 9.827307267258198e-02 0.000000000000000e+00
2.265402462503600e+00 9.833109689170816e-02 0.000000000000000e+00
2.265716621768959e+00 9.838639554808037e-02 0.000000000000000e+00
2.266030781034318e+00 9.843895217791018e-02 0.000000000000000e+00
2.266344940299677e+00 9.848875103270140e-02 0.000000000000000e+00
2.266659099565036e+00 9.853577708344104e-02 0.000000000000000e+00
2.266973258830395e+00 9.858001602460539e-02 0.000000000000000e+00
2.267287418095754e+00 9.862145427797597e-02 0.000000000000000e+00
2.267601577361113e+00 9.866007899626679e-02 0.000000000000000e+00
2.267915736626472e+00 9.869587806656201e-02 0.000000000000000e+00
2.268229895891831e+00 9.872884011356137e-02 0.000000000000000e+00
2.268544055157189e+00 9.875895450263444e-02 0.000000000000000e+00
2.268858214422548e+00 9.878621134268224e-02 0.000000000000000e+00
2.269172373687907e+00 9.881060148880394e-02 0.000000000000000e+00
2.269486532953267e+00 9.883211654477117e-02 0.000000000000000e+00
2.269800692218626e+00 9.885074886530566e-02 0.000000000000000e+00
2.270114851483985e+00 9.886649155816220e-02 0.000000000000000e+00
2.270429010749344e+00 9.887933848601571e-02 0.000000000000000e+00
2.270743170014702e+00 9.888928426815036e-02 0.000000000000000e+00
2.271057329280061e+00 9.889632428195320e-02 0.000000000000000e+00
2.271371488545420e+00 9.890045466420912e-02 0.000000000000000e+00
2.271685647810779e+00 9.890167231219814e-02 0.000000000000000e+00
2.271999807076138e+00 9.889997488459490e-02 0.000000000000000e+00
2.272313966341498e+00 9.889536080216939e-02 0.000000000000000e+00
2.272628125606856e+00 9.888782924828877e-02 0.000000000000000e+00
2.272942284872215e+00 9.887738016922076e-02 0.000000000000000e+00
2.273256444137574e+00 9.886401427423810e-02 0.000000000000000e+00
2.273570603402933e+00 9.884773303552399e-02 0.000000000000000e+00
2.273884762668292e+00 9.882853868787782e-02 0.000000000000000e+00
2.274198921933651e+00 9.880643422822359e-02 0.000000000000000e+00
2.274513081199010e+00 9.878142341491805e-02 0.000000000000000e+00
2.274827240464369e+00 9.875351076686073e-02 0.000000000000000e+00
2.275141399729728e+00 9.872270156240527e-02 0.000000000000000e+00
2.275455558995087e+00 9.868900183807350e-02 0.000000000000000e+00
2.275769718260446e+00 9.865241838707031e-02 0.000000000000000e+00
2.276083877525805e+00 9.861295875760140e-02 0.000000000000000e+00
2.276398036791164e+00 9.857063125099544e-02 0.000000000000000e+00
2.276712196056523e+00 9.852544491962675e-02 0.000000000000000e+00
2.277026355321882e+00 9.847740956464429e-02 0.000000000000000e+00
2.277340514587241e+00 9.842653573350421e-02 0.000000000000000e+00
2.277654673852600e+00 9.837283471730726e-02 0.000000000000000e+00
2.277968833117959e+00 9.831631854794234e-02 0.000000000000000e+00
2.278282992383318e+00 9.825699999503647e-02 0.000000000000000e+00
2.278597151648677e+00 9.819489256271197e-02 0.000000000000000e+00
2.278911310914036e+00 9.813001048615083e-02 0.000000000000000e+00
2.279225470179395e+00 9.806236872796999e-02 0.000000000000000e+00
2.279539629444754e+00 9.799198297440451e-02 0.000000000000000e+00
2.279853788710113e+00 9.791886963130267e-02 0.000000000000000e+00
2.280167947975472e+00 9.784304581993240e-02 0.000000000000000e+00
2.280482107240831e+00 9.776452937260099e-02 0.000000000000000e+00
2.280796266506190e+00 9.768333882808843e-02 0.000000000000000e+00
2.281110425771549e+00 9.759949342689636e-02 0.000000000000000e+00
2.281424585036908e+00 9.751301310631307e-02 0.000000000000000e+00
2.281738744302267e+00 9.742391849529669e-02 0.000000000000000e+00
2.282052903567626e+00 9.733223090917667e-02 0.000000000000000e+00
2.282367062832985e+00 9.723797234417629e-02 0.000000000000000e+00
2.282681222098343e+00 9.714116547175630e-02 0.000000000000000e+00
2.282995381363703e+00 9.704183363278203e-02 0.000000000000000e+00
2.283309540629062e+00 9.694000083151583e-02 0.000000000000000e+00
2.283623699894421e+00 9.683569172943440e-02 0.000000000000000e+00
2.283937859159780e+00 9.672893163887528e-02 0.000000000000000e+00
2.284252018425139e+00 9.661974651651198e-02 0.000000000000000e+00
2.284566177690498e+00 9.650816295666051e-02 0.000000000000000e+00
2.284880336955856e+00 9.639420818441938e-02 0.000000000000000e+00
2.285194496221215e+00 9.627791004864229e-02 0.000000000000000e+00
2.285508655486574e+00 9.615929701475025e-02 0.000000000000000e+00
2.285822814751933e+00 9.603839815737926e-02 0.000000000000000e+00
2.286136974017293e+00 9.591524315287016e-02 0.000000000000000e+00
2.286451133282652e+00 9.578986227159868e-02 0.000000000000000e+00
2.286765292548010e+00 9.566228637015194e-02 0.000000000000000e+00
2.287079451813369e+00 9.553254688334852e-02 0.000000000000000e+00
2.287393611078728e+00 9.540067581610938e-02 0.000000000000000e+00
2.287707770344087e+00 9.526670573517636e-02 0.000000000000000e+00
2.288021929609446e+00 9.513066976068582e-02 0.000000000000000e+00
2.288336088874805e+00 9.499260155759424e-02 0.000000000000000e+00
2.288650248140164e+00 9.485253532696315e-02 0.000000000000000e+00
2.288964407405523e+00 9.471050579710033e-02 0.000000000000000e+00
2.289278566670882e+00 9.456654821456550e-02 0.000000000000000e+00
2.289592725936241e+00 9.442069833503738e-02 0.000000000000000e+00
2.289906885201600e+00 9.427299241404780e-02 0.000000000000000e+00
2.290221044466959e+00 9.412346719758360e-02 0.000000000000000e+00
2.290535203732318e+00 9.397215991256044e-02 0.000000000000000e+00
2.290849362997677e+00 9.381910825716874e-02 0.000000000000000e+00
2.291163522263036e+00 9.366435039109623e-02 0.000000000000000e+00
2.291477681528395e+00 9.350792492562914e-02 0.000000000000000e+00
2.291791840793754e+00 9.334987091363324e-02 0.000000000000000e+00
2.292106000059113e+00 9.319022783941944e-02 0.000000000000000e+00
2.292420159324472e+00 9.302903560849504e-02 0.000000000000000e+00
2.292734318589831e+00 9.286633453720428e-02 0.000000000000000e+00
2.293048477855190e+00 9.270216534225886e-02 0.000000000000000e+00
2.293362637120549e+00 9.253656913016546e-02 0.000000000000000e+00
2.293676796385908e+00 9.236958738654714e-02 0.000000000000000e+00
2.293990955651267e+00 9.220126196536721e-02 0.000000000000000e+00
2.294305114916626e+00 9.203163507805304e-02 0.000000000000000e+00
2.294619274181985e+00 9.186074928252745e-02 0.000000000000000e+00
2.294933433447344e+00 9.168864747214672e-02 0.000000000000000e+00
2.295247592712703e+00 9.151537286455015e-02 0.000000000000000e+00
2.295561751978062e+00 9.134096899042443e-02 0.000000000000000e+00
2.295875911243421e+00 9.116547968218310e-02 0.000000000000000e+00
2.296190070508780e+00 9.098894906256762e-02 0.000000000000000e+00
2.296504229774139e+00 9.081142153316971e-02 0.000000000000000e+00
2.296818389039498e+00 9.063294176288089e-02 0.000000000000000e+00
2.297132548304857e+00 9.045355467626831e-02 0.000000000000000e+00
2.297446707570216e+00 9.027330544188605e-02 0.000000000000000e+00
2.297760866835575e+00 9.009223946051796e-02 0.000000000000000e+00
2.298075026100934e+00 8.991040235335968e-02 0.000000000000000e+00
2.298389185366293e+00 8.972783995014136e-02 0.000000000000000e+00
2.298703344631652e+00 8.954459827719445e-02 0.000000000000000e+00
2.299017503897010e+00 8.936072354546636e-02 0.000000000000000e+00
2.299331663162369e+00 8.917626213848263e-02 0.000000000000000e+00
2.299645822427729e+00 8.899126060026667e-02 0.000000000000000e+00
2.299959981693088e+00 8.880576562321230e-02 0.000000000000000e+00
2.300274140958447e+00 8.861982403591767e-02 0.000000000000000e+00
2.300588300223806e+00 8.843348279098168e-02 0.000000000000000e+00
2.300902459489164e+00 8.824678895276662e-02 0.000000000000000e+00
2.301216618754523e+00 8.805978968512865e-02 0.000000000000000e+00
2.301530778019882e+00 8.787253223912328e-02 0.000000000000000e+00
2.301844937285241e+00 8.768506394068366e-02 0.000000000000000e+00
2.302159096550600e+00 8.749743217827914e-02 0.000000000000000e+00
2.302473255815960e+00 8.730968439055582e-02 0.000000000000000e+00
2.302787415081318e+00 8.712186805396138e-02 0.000000000000000e+00
2.303101574346677e+00 8.693403067035872e-02 0.000000000000000e+00
2.303415733612036e+00 8.674621975463219e-02 0.000000000000000e+00
2.303729892877395e+00 8.655848282228765e-02 0.000000000000000e+00
2.304044052142754e+00 8.637086737705071e-02 0.000000000000000e+00
2.304358211408113e+00 8.618342089846601e-02 0.000000000000000e+00
2.304672370673472e+00 8.599619082950245e-02 0.000000000000000e+00
2.304986529938831e+00 8.580922456416518e-02 0.000000000000000e+00
2.305300689204190e+00 8.562256943511742e-02 0.000000000000000e+00
2.305614848469549e+00 8.543627270131944e-02 0.000000000000000e+00
2.305929007734908e+00 8.525038153568266e-02 0.000000000000000e+00
2.306243167000267e+00 8.506494301274531e-02 0.000000000000000e+00
2.306557326265626e+00 8.488000409637153e-02 0.000000000000000e+00
2.306871485530985e+00 8.469561162747859e-02 0.000000000000000e+00
2.307185644796344e+00 8.451181231179239e-02 0.000000000000000e+00
2.307499804061703e+00 8.432865270763941e-02 0.000000000000000e+00
2.307813963327062e+00 8.414617921377258e-02 0.000000000000000e+00
2.308128122592421e+00 8.396443805723891e-02 0.000000000000000e+00
2.308442281857780e+00 8.378347528128875e-02 0.000000000000000e+00
2.308756441123139e+00 8.360333673333219e-02 0.000000000000000e+00
2.309070600388498e+00 8.342406805294514e-02 0.000000000000000e+00
2.309384759653857e+00 8.324571465992527e-02 0.000000000000000e+00
2.309698918919216e+00 8.306832174240812e-02 0.000000000000000e+00
2.310013078184575e+00 8.289193424503741e-02 0.000000000000000e+00
2.310327237449934e+00 8.271659685719956e-02 0.000000000000000e+00
2.310641396715293e+00 8.254235400132272e-02 0.000000000000000e+00
2.310955555980652e+00 8.236924982124312e-02 0.000000000000000e+00
2.311269715246011e+00 8.219732817064231e-02 0.000000000000000e+00
2.311583874511370e+00 8.202663260156015e-02 0.000000000000000e+00
2.311898033776729e+00 8.185720635298224e-02 0.000000000000000e+00
2.312212193042088e+00 8.168909233950858e-02 0.000000000000000e+00
2.312526352307447e+00 8.152233314010580e-02 0.000000000000000e+00
2.312840511572805e+00 8.135697098694372e-02 0.000000000000000e+00
2.313154670838165e+00 8.119304775432142e-02 0.000000000000000e+00
2.313468830103524e+00 8.103060494768589e-02 0.000000000000000e+00
2.313782989368883e+00 8.086968369274385e-02 0.000000000000000e+00
2.314097148634242e+00 8.071032472467157e-02 0.000000000000000e+00
2.314411307899601e+00 8.055256837742483e-02 0.000000000000000e+00
2.314725467164960e+00 8.039645457315209e-02 0.000000000000000e+00
2.315039626430318e+00 8.024202281171373e-02 0.000000000000000e+00
2.315353785695677e+00 8.008931216030792e-02 0.000000000000000e+00
2.315667944961036e+00 7.993836124321152e-02 0.000000000000000e+00
2.315982104226395e+00 7.978920823163144e-02 0.000000000000000e+00
2.316296263491755e+00 7.964189083367358e-02 0.000000000000000e+00
2.316610422757114e+00 7.949644628443221e-02 0.000000000000000e+00
2.316924582022472e+00 7.935291133620016e-02 0.000000000000000e+00
2.317238741287831e+00 7.921132224880267e-02 0.000000000000000e+00
2.317552900553190e+00 7.907171478006052e-02 0.000000000000000e+00
2.317867059818549e+00 7.893412417638017e-02 0.000000000000000e+00
2.318181219083908e+00 7.879858516347735e-02 0.000000000000000e+00
2.318495378349267e+00 7.866513193723446e-02 0.000000000000000e+00
2.318809537614626e+00 7.853379815469486e-02 0.000000000000000e+00
2.319123696879985e+00 7.840461692519619e-02 0.000000000000000e+00
2.319437856145344e+00 7.827762080164476e-02 0.000000000000000e+00
2.319752015410703e+00 7.815284177193528e-02 0.000000000000000e+00
2.320066174676062e+00 7.803031125051449e-02 0.000000000000000e+00
2.320380333941421e+00 7.791006007009438e-02 0.000000000000000e+00
2.320694493206780e+00 7.779211847351536e-02 0.000000000000000e+00
2.321008652472139e+00 7.767651610576268e-02 0.000000000000000e+00
2.321322811737498e+00 7.756328200613541e-02 0.000000000000000e+00
2.321636971002857e+00 7.745244460057546e-02 0.000000000000000e+00
2.321951130268216e+00 7.734403169415274e-02 0.000000000000000e+00
2.322265289533575e+00 7.723807046371146e-02 0.000000000000000e+00
2.322579448798934e+00 7.713458745068019e-02 0.000000000000000e+00
2.322893608064293e+00 7.703360855404560e-02 0.000000000000000e+00
2.323207767329652e+00 7.693515902349232e-02 0.000000000000000e+00
2.323521926595011e+00 7.683926345271237e-02 0.000000000000000e+00
2.323836085860370e+00 7.674594577288296e-02 0.000000000000000e+00
2.324150245125729e+00 7.665522924631751e-02 0.000000000000000e+00
2.324464404391088e+00 7.656713646028916e-02 0.000000000000000e+00
2.324778563656447e+00 7.648168932102868e-02 0.000000000000000e+00
2.325092722921806e+00 7.639890904790173e-02 0.000000000000000e+00
2.325406882187165e+00 7.631881616776046e-02 0.000000000000000e+00
2.325721041452524e+00 7.624143050947819e-02 0.000000000000000e+00
2.326035200717883e+00 7.616677119866322e-02 0.000000000000000e+00
2.326349359983242e+00 7.609485665255596e-02 0.000000000000000e+00
2.326663519248601e+00 7.602570457510938e-02 0.000000000000000e+00
2.326977678513960e+00 7.595933195225589e-02 0.000000000000000e+00
2.327291837779319e+00 7.589575504735863e-02 0.000000000000000e+00
2.327605997044678e+00 7.583498939685294e-02 0.000000000000000e+00
2.327920156310037e+00 7.577704980607432e-02 0.000000000000000e+00
2.328234315575396e+00 7.572195034527829e-02 0.000000000000000e+00
2.328548474840755e+00 7.566970434584958e-02 0.000000000000000e+00
2.328862634106114e+00 7.562032439670494e-02 0.000000000000000e+00
2.329176793371472e+00 7.557382234088758e-02 0.000000000000000e+00
2.329490952636831e+00 7.553020927235668e-02 0.000000000000000e+00
2.329805111902191e+00 7.548949553297074e-02 0.000000000000000e+00
2.330119271167550e+00 7.545169070966756e-02 0.000000000000000e+00
2.330433430432909e+00 7.541680363183924e-02 0.000000000000000e+00
2.330747589698268e+00 7.538484236890614e-02 0.000000000000000e+00
2.331061748963626e+00 7.535581422808621e-02 0.000000000000000e+00
2.331375908228985e+00 7.532972575236509e-02 0.000000000000000e+00
2.331690067494344e+00 7.530658271866357e-02 0.000000000000000e+00
2.332004226759703e+00 7.528639013620522e-02 0.000000000000000e+00
2.332318386025062e+00 7.526915224508306e-02 0.000000000000000e+00
2.332632545290422e+00 7.525487251502810e-02 0.000000000000000e+00
2.332946704555781e+00 7.524355364437665e-02 0.000000000000000e+00
2.333260863821139e+00 7.523519755924014e-02 0.000000000000000e+00
2.333575023086498e+00 7.522980541287522e-02 0.000000000000000e+00
2.333889182351857e+00 7.522737758525562e-02 0.000000000000000e+00
2.334203341617216e+00 7.522791368284548e-02 0.000000000000000e+00
2.334517500882575e+00 7.523141253857449e-02 0.000000000000000e+00
2.334831660147934e+00 7.523787221201415e-02 0.000000000000000e+00
2.335145819413293e+00 7.524728998975658e-02 0.000000000000000e+00
2.335459978678652e+00 7.525966238599394e-02 0.000000000000000e+00
2.335774137944011e+00 7.527498514330050e-02 0.000000000000000e+00
2.336088297209370e+00 7.529325323361440e-02 0.000000000000000e+00
2.336402456474729e+00 7.531446085942227e-02 0.000000000000000e+00
2.336716615740088e+00 7.533860145514332e-02 0.000000000000000e+00
2.337030775005447e+00 7.536566768871480e-02 0.000000000000000e+00
2.337344934270806e+00 7.539565146337686e-02 0.000000000000000e+00
2.337659093536165e+00 7.542854391965781e-02 0.000000000000000e+00
2.337973252801524e+00 7.546433543755718e-02 0.000000000000000e+00
2.338287412066883e+00 7.550301563892972e-02 0.000000000000000e+00
2.338601571332242e+00 7.554457339006526e-02 0.000000000000000e+00
2.338915730597601e+00 7.558899680446696e-02 0.000000000000000e+00
2.339229889862960e+00 7.563627324582674e-02 0.000000000000000e+00
2.339544049128319e+00 7.568638933119573e-02 0.000000000000000e+00
2.339858208393678e+00 7.573933093435005e-02 0.000000000000000e+00
2.340172367659037e+00 7.579508318935192e-02 0.000000000000000e+00
2.340486526924396e+00 7.585363049430308e-02 0.000000000000000e+00
2.340800686189755e+00 7.591495651529143e-02 0.000000000000000e+00
2.341114845455114e+00 7.597904419052873e-02 0.000000000000000e+00
2.341429004720473e+00 7.604587573467926e-02 0.000000000000000e+00
2.341743163985832e+00 7.611543264337738e-02 0.000000000000000e+00
2.342057323251191e+00 7.618769569793318e-02 0.000000000000000e+00
2.342371482516550e+00 7.626264497022621e-02 0.000000000000000e+00
2.342685641781909e+00 7.634025982778377e-02 0.000000000000000e+00
2.342999801047268e+00 7.642051893904457e-02 0.000000000000000e+00
2.343313960312627e+00 7.650340027880456e-02 0.000000000000000e+00
2.343628119577986e+00 7.658888113384592e-02 0.000000000000000e+00
2.343942278843345e+00 7.667693810874524e-02 0.000000000000000e+00
2.344256438108704e+00 7.676754713186112e-02 0.000000000000000e+00
2.344570597374063e+00 7.686068346149816e-02 0.000000000000000e+00
2.344884756639422e+00 7.695632169224893e-02 0.000000000000000e+00
2.345198915904780e+00 7.705443576150707e-02 0.000000000000000e+00
2.345513075170139e+00 7.715499895615580e-02 0.000000000000000e+00
2.345827234435498e+00 7.725798391942421e-02 0.000000000000000e+00
2.346141393700858e+00 7.736336265791563e-02 0.000000000000000e+00
2.346455552966217e+00 7.747110654880018e-02 0.000000000000000e+00
2.346769712231576e+00 7.758118634717522e-02 0.000000000000000e+00
2.347083871496934e+00 7.769357219358788e-02 0.000000000000000e+00
2.347398030762293e+00 7.780823362171931e-02 0.000000000000000e+00
2.347712190027652e+00 7.792513956622830e-02 0.000000000000000e+00
2.348026349293011e+00 7.804425837075335e-02 0.000000000000000e+00
2.348340508558370e+00 7.816555779606893e-02 0.000000000000000e+00
2.348654667823729e+00 7.828900502839599e-02 0.000000000000000e+00
2.348968827089088e+00 7.841456668786365e-02 0.000000000000000e+00
2.349282986354447e+00 7.854220883711971e-02 0.000000000000000e+00
2.349597145619806e+00 7.867189699008818e-02 0.000000000000000e+00
2.349911304885165e+00 7.880359612087107e-02 0.000000000000000e+00
2.350225464150524e+00 7.893727067279269e-02 0.000000000000000e+00
2.350539623415883e+00 7.907288456758424e-02 0.000000000000000e+00
2.350853782681242e+00 7.921040121470561e-02 0.000000000000000e+00
2.351167941946601e+00 7.934978352080219e-02 0.000000000000000e+00
2.351482101211960e+00 7.949099389929566e-02 0.000000000000000e+00
2.351796260477319e+00 7.963399428010308e-02 0.000000000000000e+00
2.352110419742678e+00 7.977874611948467e-02 0.000000000000000e+00
2.352424579008037e+00 7.992521041001846e-02 0.000000000000000e+00
2.352738738273396e+00 8.007334769069416e-02 0.000000000000000e+00
2.353052897538755e+00 8.022311805713070e-02 0.000000000000000e+00
2.353367056804114e+00 8.037448117190832e-02 0.000000000000000e+00
2.353681216069473e+00 8.052739627501750e-02 0.000000000000000e+00
2.353995375334832e+00 8.068182219441793e-02 0.000000000000000e+00
2.354309534600191e+00 8.083771735670872e-02 0.000000000000000e+00
2.354623693865550e+00 8.099503979790407e-02 0.000000000000000e+00
2.354937853130909e+00 8.115374717431262e-02 0.000000000000000e+00
2.355252012396268e+00 8.131379677351828e-02 0.000000000000000e+00
2.355566171661627e+00 8.147514552545951e-02 0.000000000000000e+00
2.355880330926986e+00 8.163775001360206e-02 0.000000000000000e+00
2.356194490192345e+00 8.180156648620610e-02 0.000000000000000e+00
2.356508649457704e+00 8.196655086768163e-02 0.000000000000000e+00
2.356822808723063e+00 8.213265877003105e-02 0.000000000000000e+00
2.357136967988422e+00 8.229984550437365e-02 0.000000000000000e+00
2.357451127253781e+00 8.246806609255408e-02 0.000000000000000e+00
2.357765286519140e+00 8.263727527882379e-02 0.000000000000000e+00
2.358079445784499e+00 8.280742754160056e-02 0.000000000000000e+00
2.358393605049858e+00 8.297847710529767e-02 0.000000000000000e+00
2.358707764315217e+00 8.315037795222278e-02 0.000000000000000e+00
2.359021923580576e+00 8.332308383454007e-02 0.000000000000000e+00
2.359336082845934e+00 8.349654828629671e-02 0.000000000000000e+00
2.359650242111293e+00 8.367072463550750e-02 0.000000000000000e+00
2.359964401376653e+00 8.384556601629471e-02 0.000000000000000e+00
2.360278560642012e+00 8.402102538108193e-02 0.000000000000000e+00
2.360592719907371e+00 8.419705551283709e-02 0.000000000000000e+00
2.360906879172730e+00 8.437360903736134e-02 0.000000000000000e+00
2.361221038438088e+00 8.455063843562191e-02 0.000000000000000e+00
2.361535197703447e+00 8.472809605612573e-02 0.000000000000000e+00
2.361849356968806e+00 8.490593412732679e-02 0.000000000000000e+00
2.362163516234165e+00 8.508410477007110e-02 0.000000000000000e+00
2.362477675499524e+00 8.526256001006915e-02 0.000000000000000e+00
2.362791834764884e+00 8.544125179039685e-02 0.000000000000000e+00
2.363105994030243e+00 8.562013198401981e-02 0.000000000000000e+00
2.363420153295601e+00 8.579915240633801e-02 0.000000000000000e+00
2.363734312560960e+00 8.597826482774945e-02 0.000000000000000e+00
2.364048471826319e+00 8.615742098622496e-02 0.000000000000000e+00
2.364362631091678e+00 8.633657259989637e-02 0.000000000000000e+00
2.364676790357037e+00 8.651567137965097e-02 0.000000000000000e+00
2.364990949622396e+00 8.669466904173098e-02 0.000000000000000e+00
2.365305108887755e+00 8.687351732033291e-02 0.000000000000000e+00
2.365619268153114e+00 8.705216798020647e-02 0.000000000000000e+00
2.365933427418473e+00 8.723057282924521e-02 0.000000000000000e+00
2.366247586683832e+00 8.740868373107026e-02 0.000000000000000e+00
2.366561745949191e+00 8.758645261760217e-02 0.000000000000000e+00
2.366875905214550e+00 8.776383150161539e-02 0.000000000000000e+00
2.367190064479909e+00 8.794077248927608e-02 0.000000000000000e+00
2.367504223745268e+00 8.811722779265731e-02 0.000000000000000e+00
2.367818383010627e+00 8.829314974222766e-02 0.000000000000000e+00
2.368132542275986e+00 8.846849079931379e-02 0.000000000000000e+00
2.368446701541345e+00 8.864320356852903e-02 0.000000000000000e+00
2.368760860806704e+00 8.881724081016854e-02 0.000000000000000e+00
2.369075020072063e+00 8.899055545256518e-02 0.000000000000000e+00
2.369389179337422e+00 8.916310060440491e-02 0.000000000000000e+00
2.369703338602781e+00 8.933482956699712e-02 0.000000000000000e+00
2.370017497868140e+00 8.950569584649617e-02 0.000000000000000e+00
2.370331657133499e+00 8.967565316607347e-02 0.000000000000000e+00
2.370645816398858e+00 8.984465547803418e-02 0.000000000000000e+00
2.370959975664217e+00 9.001265697587775e-02 0.000000000000000e+00
2.371274134929576e+00 9.017961210629545e-02 0.000000000000000e+00
2.371588294194935e+00 9.034547558110793e-02 0.000000000000000e+00
2.371902453460294e+00 9.051020238913199e-02 0.000000000000000e+00
2.372216612725653e+00 9.067374780798072e-02 0.000000000000000e+00
2.372530771991012e+00 9.083606741578798e-02 0.000000000000000e+00
2.372844931256371e+00 9.099711710285946e-02 0.000000000000000e+00
2.373159090521730e+00 9.115685308324242e-02 0.000000000000000e+00
2.373473249787089e+00 9.131523190621429e-02 0.000000000000000e+00
2.373787409052448e+00 9.147221046768617e-02 0.000000000000000e+00
2.374101568317807e+00 9.162774602151783e-02 0.000000000000000e+00
2.374415727583166e+00 9.178179619074178e-02 0.000000000000000e+00
2.374729886848525e+00 9.193431897869328e-02 0.000000000000000e+00
2.375044046113884e+00 9.208527278004355e-02 0.000000000000000e+00
2.375358205379242e+00 9.223461639173290e-02 0.000000000000000e+00
2.375672364644601e+00 9.238230902380158e-02 0.000000000000000e+00
2.375986523909960e+00 9.252831031011434e-02 0.000000000000000e+00
2.376300683175320e+00 9.267258031897704e-02 0.000000000000000e+00
2.376614842440679e+00 9.281507956364242e-02 0.000000000000000e+00
2.376929001706038e+00 9.295576901270140e-02 0.000000000000000e+00
2.377243160971397e+00 9.309461010035799e-02 0.000000000000000e+00
2.377557320236755e+00 9.323156473658481e-02 0.000000000000000e+00
2.377871479502114e+00 9.336659531715760e-02 0.000000000000000e+00
2.378185638767473e+00 9.349966473356258e-02 0.000000000000000e+00
2.378499798032832e+00 9.363073638277872e-02 0.000000000000000e+00
2.378813957298191e+00 9.375977417693056e-02 0.000000000000000e+00
2.379128116563550e+00 9.388674255280624e-02 0.000000000000000e+00
2.379442275828909e+00 9.401160648124306e-02 0.000000000000000e+00
2.379756435094268e+00 9.413433147637501e-02 0.000000000000000e+00
2.380070594359627e+00 9.425488360473920e-02 0.000000000000000e+00
2.380384753624986e+00 9.437322949424237e-02 0.000000000000000e+00
2.380698912890345e+00 9.448933634298114e-02 0.000000000000000e+00
2.381013072155704e+00 9.460317192791613e-02 0.000000000000000e+00
2.381327231421063e+00 9.471470461339684e-02 0.000000000000000e+00
2.381641390686422e+00 9.482390335953542e-02 0.000000000000000e+00
2.381955549951781e+00 9.493073773042590e-02 0.000000000000000e+00
2.382269709217140e+00 9.503517790220850e-02 0.000000000000000e+00
2.382583868482499e+00 9.513719467097642e-02 0.000000000000000e+00
2.382898027747858e+00 9.523675946052079e-02 0.000000000000000e+00
2.383212187013217e+00 9.533384432991605e-02 0.000000000000000e+00
2.383526346278576e+00 9.542842198093930e-02 0.000000000000000e+00
2.383840505543935e+00 9.552046576532475e-02 0.000000000000000e+00
2.384154664809294e+00 9.560994969184929e-02 0.000000000000000e+00
2.384468824074653e+00 9.569684843324953e-02 0.000000000000000e+00
2.384782983340012e+00 9.578113733296596e-02 0.000000000000000e+00
2.385097142605371e+00 9.586279241171408e-02 0.000000000000000e+00
2.385411301870730e+00 9.594179037388108e-02 0.000000000000000e+00
2.385725461136089e+00 9.601810861374417e-02 0.000000000000000e+00
2.386039620401448e+00 9.609172522151160e-02 0.000000000000000e+00
2.386353779666807e+00 9.616261898918305e-02 0.000000000000000e+00
2.386667938932166e+00 9.623076941622803e-02 0.000000000000000e+00
2.386982098197525e+00 9.629615671508178e-02 0.000000000000000e+00
2.387296257462884e+00 9.635876181645588e-02 0.000000000000000e+00
2.387610416728243e+00 9.641856637446265e-02 0.000000000000000e+00
2.387924575993602e+00 9.647555277155268e-02 0.000000000000000e+00
2.388238735258961e+00 9.652970412326292e-02 0.000000000000000e+00
2.388552894524320e+00 9.658100428277484e-02 0.000000000000000e+00
2.388867053789679e+00 9.662943784528163e-02 0.000000000000000e+00
2.389181213055038e+00 9.667499015216219e-02 0.000000000000000e+00
2.389495372320396e+00 9.671764729496241e-02 0.000000000000000e+00
2.389809531585755e+00 9.675739611918088e-02 0.000000000000000e+00
2.390123690851115e+00 9.679422422785941e-02 0.000000000000000e+00
2.390437850116474e+00 9.682811998497672e-02 0.000000000000000e+00
2.390752009381833e+00 9.685907251864430e-02 0.000000000000000e+00
2.391066168647192e+00 9.688707172410405e-02 0.000000000000000e+00
2.391380327912550e+00 9.691210826652671e-02 0.000000000000000e+00
2.391694487177909e+00 9.693417358360949e-02 0.000000000000000e+00
2.392008646443268e+00 9.695325988797396e-02 0.000000000000000e+00
2.392322805708627e+00 9.696936016936118e-02 0.000000000000000e+00
2.392636964973986e+00 9.698246819662651e-02 0.000000000000000e+00
2.392951124239346e+00 9.699257851952942e-02 0.000000000000000e+00
2.393265283504705e+00 9.699968647032257e-02 0.000000000000000e+00
2.393579442770063e+00 9.700378816513536e-02 0.000000000000000e+00
2.393893602035422e+00 9.700488050515474e-02 0.000000000000000e+00
2.394207761300781e+00 9.700296117760090e-02 0.000000000000000e+00
2.394521920566140e+00 9.699802865649862e-02 0.000000000000000e+00
2.394836079831499e+00 9.699008220324359e-02 0.000000000000000e+00
2.395150239096858e+00 9.697912186696382e-02 0.000000000000000e+00
2.395464398362217e+00 9.696514848467566e-02 0.000000000000000e+00
2.395778557627576e+00 9.694816368123417e-02 0.000000000000000e+00
2.396092716892935e+00 9.692816986907922e-02 0.000000000000000e+00
2.396406876158294e+00 9.690517024777454e-02 0.000000000000000e+00
2.396721035423653e+00 9.687916880334363e-02 0.000000000000000e+00
2.397035194689012e+00 9.685017030739843e-02 0.000000000000000e+00
2.397349353954371e+00 9.681818031606480e-02 0.000000000000000e+00
2.397663513219730e+00 9.678320516870206e-02 0.000000000000000e+00
2.397977672485089e+00 9.674525198641866e-02 0.000000000000000e+00
2.398291831750448e+00 9.670432867038428e-02 0.000000000000000e+00
2.398605991015807e+00 9.666044389993664e-02 0.000000000000000e+00
2.398920150281166e+00 9.661360713048740e-02 0.000000000000000e+00
2.399234309546525e+00 9.656382859122313e-02 0.000000000000000e+00
2.399548468811884e+00 9.651111928260574e-02 0.000000000000000e+00
2.399862628077243e+00 9.645549097366966e-02 0.000000000000000e+00
2.400176787342602e+00 9.639695619912070e-02 0.000000000000000e+00
2.400490946607961e+00 9.633552825623171e-02 0.000000000000000e+00
2.400805105873320e+00 9.627122120154119e-02 0.000000000000000e+00
2.401119265138679e+00 9.620404984735201e-02 0.000000000000000e+00
2.401433424404038e+00 9.613402975803270e-02 0.000000000000000e+00
2.401747583669397e+00 9.606117724612225e-02 0.000000000000000e+00
2.402061742934756e+00 9.598550936823846e-02 0.000000000000000e+00
2.402375902200115e+00 9.590704392079225e-02 0.000000000000000e+00
2.402690061465474e+00 9.582579943550748e-02 0.000000000000000e+00
2.403004220730833e+00 9.574179517474839e-02 0.000000000000000e+00
2.403318379996192e+00 9.565505112665605e-02 0.000000000000000e+00
2.403632539261551e+00 9.556558800009377e-02 0.000000000000000e+00
2.403946698526910e+00 9.547342721940393e-02 0.000000000000000e+00
2.404260857792269e+00 9.537859091897759e-02 0.000000000000000e+00
2.404575017057628e+00 9.528110193763759e-02 0.000000000000000e+00
2.404889176322987e+00 9.518098381283600e-02 0.000000000000000e+00
2.405203335588346e+00 9.507826077466977e-02 0.000000000000000e+00
2.405517494853704e+00 9.497295773971319e-02 0.000000000000000e+00
2.405831654119063e+00 9.486510030467046e-02 0.000000000000000e+00
2.406145813384422e+00 9.475471473985024e-02 0.000000000000000e+00
2.406459972649782e+00 9.464182798246219e-02 0.000000000000000e+00
2.406774131915141e+00 9.452646762973911e-02 0.000000000000000e+00
2.407088291180500e+00 9.440866193188457e-02 0.000000000000000e+00
2.407402450445859e+00 9.428843978484996e-02 0.000000000000000e+00
2.407716609711217e+00 9.416583072294062e-02 0.000000000000000e+00
2.408030768976576e+00 9.404086491125388e-02 0.000000000000000e+00
2.408344928241935e+00 9.391357313795277e-02 0.000000000000000e+00
2.408659087507294e+00 9.378398680637302e-02 0.000000000000000e+00
2.408973246772653e+00 9.365213792697008e-02 0.000000000000000e+00
2.409287406038013e+00 9.351805910910484e-02 0.000000000000000e+00
2.409601565303371e+00 9.338178355267204e-02 0.000000000000000e+00
2.409915724568730e+00 9.324334503957270e-02 0.000000000000000e+00
2.410229883834089e+00 9.310277792503281e-02 0.000000000000000e+00
2.410544043099448e+00 9.296011712877153e-02 0.000000000000000e+00
2.410858202364807e+00 9.281539812601820e-02 0.000000000000000e+00
2.411172361630166e+00 9.266865693838527e-02 0.000000000000000e+00
2.411486520895525e+00 9.251993012459511e-02 0.000000000000000e+00
2.411800680160884e+00 9.236925477106339e-02 0.000000000000000e+00
2.412114839426243e+00 9.221666848234722e-02 0.000000000000000e+00
2.412428998691602e+00 9.206220937145108e-02 0.000000000000000e+00
2.412743157956961e+00 9.190591605000141e-02 0.000000000000000e+00
2.413057317222320e+00 9.174782761828719e-02 0.000000000000000e+00
2.413371476487679e+00 9.158798365517226e-02 0.000000000000000e+00
2.413685635753038e+00 9.142642420787923e-02 0.000000000000000e+00
2.413999795018397e+00 9.126318978164981e-02 0.000000000000000e+00
2.414313954283756e+00 9.109832132928383e-02 0.000000000000000e+00
2.414628113549115e+00 9.093186024055833e-02 0.000000000000000e+00
2.414942272814474e+00 9.076384833153076e-02 0.000000000000000e+00
2.415256432079833e+00 9.059432783372802e-02 0.000000000000000e+00
2.415570591345192e+00 9.042334138322652e-02 0.000000000000000e+00
2.415884750610551e+00 9.025093200962148e-02 0.000000000000000e+00
2.416198909875910e+00 9.007714312489419e-02 0.000000000000000e+00
2.416513069141269e+00 8.990201851217465e-02 0.000000000000000e+00
2.416827228406628e+00 8.972560231440610e-02 0.000000000000000e+00
2.417141387671987e+00 8.954793902291319e-02 0.000000000000000e+00
2.417455546937346e+00 8.936907346587561e-02 0.000000000000000e+00
2.417769706202705e+00 8.918905079671287e-02 0.000000000000000e+00
2.418083865468064e+00 8.900791648238000e-02 0.000000000000000e+00
2.418398024733423e+00 8.882571629158023e-02 0.000000000000000e+00
2.418712183998782e+00 8.864249628289585e-02 0.000000000000000e+00
2.419026343264141e+00 8.845830279283971e-02 0.000000000000000e+00
2.419340502529500e+00 8.827318242383352e-02 0.000000000000000e+00
2.419654661794858e+00 8.808718203211141e-02 0.000000000000000e+00
2.419968821060217e+00 8.790034871555739e-02 0.000000000000000e+00
2.420282980325577e+00 8.771272980147496e-02 0.000000000000000e+00
2.420597139590936e+00 8.752437283429489e-02 0.000000000000000e+00
2.420911298856295e+00 8.733532556322342e-02 0.000000000000000e+00
2.421225458121654e+00 8.714563592983381e-02 0.000000000000000e+00
2.421539617387013e+00 8.695535205560528e-02 0.000000000000000e+00
2.421853776652371e+00 8.676452222941285e-02 0.000000000000000e+00
2.422167935917730e+00 8.657319489496737e-02 0.000000000000000e+00
2.422482095183089e+00 8.638141863821780e-02 0.000000000000000e+00
2.422796254448448e+00 8.618924217470779e-02 0.000000000000000e+00
2.423110413713808e+00 8.599671433689948e-02 0.000000000000000e+00
2.423424572979167e+00 8.580388406146124e-02 0.000000000000000e+00
2.423738732244525e+00 8.561080037652730e-02 0.000000000000000e+00
2.424052891509884e+00 8.541751238892832e-02 0.000000000000000e+00
2.424367050775243e+00 8.522406927140094e-02 0.000000000000000e+00
2.424681210040602e+00 8.503052024977492e-02 0.000000000000000e+00
2.424995369305961e+00 8.483691459014478e-02 0.000000000000000e+00
2.425309528571320e+00 8.464330158602711e-02 0.000000000000000e+00
2.425623687836679e+00 8.444973054550785e-02 0.000000000000000e+00
2.425937847102038e+00 8.425625077838221e-02 0.000000000000000e+00
2.426252006367397e+00 8.406291158329356e-02 0.000000000000000e+00
2.426566165632756e+00 8.386976223486789e-02 0.000000000000000e+00
2.426880324898115e+00 8.367685197085539e-02 0.000000000000000e+00
2.427194484163474e+00 8.348422997927611e-02 0.000000000000000e+00
2.427508643428833e+00 8.329194538557627e-02 0.000000000000000e+00
2.427822802694192e+00 8.310004723979877e-02 0.000000000000000e+00
2.428136961959551e+00 8.290858450376706e-02 0.000000000000000e+00
2.428451121224910e+00 8.271760603829399e-02 0.000000000000000e+00
2.428765280490269e+00 8.252716059040878e-02 0.000000000000000e+00
2.429079439755628e+00 8.233729678061398e-02 0.000000000000000e+00
2.429393599020987e+00 8.214806309017074e-02 0.000000000000000e+00
2.429707758286346e+00 8.195950784841749e-02 0.000000000000000e+00
2.430021917551705e+00 8.177167922012524e-02 0.000000000000000e+00
2.430336076817064e+00 8.158462519289293e-02 0.000000000000000e+00
2.430650236082423e+00 8.139839356458639e-02 0.000000000000000e+00
2.430964395347782e+00 8.121303193082130e-02 0.000000000000000e+00
2.431278554613141e+00 8.102858767249917e-02 0.000000000000000e+00
2.431592713878500e+00 8.084510794339322e-02 0.000000000000000e+00
2.431906873143859e+00 8.066263965779255e-02 0.000000000000000e+00
2.432221032409218e+00 8.048122947820423e-02 0.000000000000000e+00
2.432535191674577e+00 8.030092380311887e-02 0.000000000000000e+00
2.432849350939936e+00 8.012176875484200e-02 0.000000000000000e+00
2.433163510205295e+00 7.994381016739363e-02 0.000000000000000e+00
2.433477669470654e+00 7.976709357448072e-02 0.000000000000000e+00
2.433791828736013e+00 7.959166419754457e-02 0.000000000000000e+00
2.434105988001372e+00 7.941756693388614e-02 0.000000000000000e+00
2.434420147266731e+00 7.924484634487476e-02 0.000000000000000e+00
2.434734306532090e+00 7.907354664423935e-02 0.000000000000000e+00
2.435048465797449e+00 7.890371168644798e-02 0.000000000000000e+00
2.435362625062808e+00 7.873538495517872e-02 0.000000000000000e+00
2.435676784328166e+00 7.856860955188401e-02 0.000000000000000e+00
2.435990943593525e+00 7.840342818445058e-02 0.000000000000000e+00
2.436305102858884e+00 7.823988315596170e-02 0.000000000000000e+00
2.436619262124244e+00 7.807801635355952e-02 0.000000000000000e+00
2.436933421389603e+00 7.791786923741416e-02 0.000000000000000e+00
2.437247580654962e+00 7.775948282980166e-02 0.000000000000000e+00
2.437561739920321e+00 7.760289770429213e-02 0.000000000000000e+00
2.437875899185679e+00 7.744815397505364e-02 0.000000000000000e+00
2.438190058451038e+00 7.729529128627116e-02 0.000000000000000e+00
2.438504217716397e+00 7.714434880168747e-02 0.000000000000000e+00
2.438818376981756e+00 7.699536519426552e-02 0.000000000000000e+00
2.439132536247115e+00 7.684837863597581e-02 0.000000000000000e+00
2.439446695512475e+00 7.670342678771198e-02 0.000000000000000e+00
2.439760854777833e+00 7.656054678933763e-02 0.000000000000000e+00
2.440075014043192e+00 7.641977524986508e-02 0.000000000000000e+00
2.440389173308551e+00 7.628114823777167e-02 0.000000000000000e+00
2.440703332573910e+00 7.614470127145344e-02 0.000000000000000e+00
2.441017491839269e+00 7.601046930981904e-02 0.000000000000000e+00
2.441331651104628e+00 7.587848674302877e-02 0.000000000000000e+00
2.441645810369987e+00 7.574878738337788e-02 0.000000000000000e+00
2.441959969635346e+00 7.562140445632945e-02 0.000000000000000e+00
2.442274128900705e+00 7.549637059169614e-02 0.000000000000000e+00
2.442588288166064e+00 7.537371781497702e-02 0.000000000000000e+00
2.442902447431423e+00 7.525347753884817e-02 0.000000000000000e+00
2.443216606696782e+00 7.513568055481118e-02 0.000000000000000e+00
2.443530765962141e+00 7.502035702500137e-02 0.000000000000000e+00
2.443844925227500e+00 7.490753647415813e-02 0.000000000000000e+00
2.444159084492859e+00 7.479724778175845e-02 0.000000000000000e+00
2.444473243758218e+00 7.468951917431810e-02 0.000000000000000e+00
2.444787403023577e+00 7.458437821785908e-02 0.000000000000000e+00
2.445101562288936e+00 7.448185181054928e-02 0.000000000000000e+00
2.445415721554295e+00 7.438196617551181e-02 0.000000000000000e+00
2.445729880819654e+00 7.428474685381103e-02 0.000000000000000e+00
2.446044040085013e+00 7.419021869761183e-02 0.000000000000000e+00
2.446358199350372e+00 7.409840586351908e-02 0.000000000000000e+00
2.446672358615731e+00 7.400933180609487e-02 0.000000000000000e+00
2.446986517881090e+00 7.392301927155798e-02 0.000000000000000e+00
2.447300677146449e+00 7.383949029166534e-02 0.000000000000000e+00
2.447614836411808e+00 7.375876617777877e-02 0.000000000000000e+00
2.447928995677167e+00 7.368086751511801e-02 0.000000000000000e+00
2.448243154942526e+00 7.360581415720063e-02 0.000000000000000e+00
2.448557314207885e+00 7.353362522047197e-02 0.000000000000000e+00
2.448871473473244e+00 7.346431907912515e-02 0.000000000000000e+00
2.449185632738603e+00 7.339791336011364e-02 0.000000000000000e+00
2.449499792003962e+00 7.333442493835643e-02 0.000000000000000e+00
2.449813951269320e+00 7.327386993213880e-02 0.000000000000000e+00
2.450128110534679e+00 7.321626369870821e-02 0.000000000000000e+00
2.450442269800039e+00 7.316162083006791e-02 0.000000000000000e+00
2.450756429065398e+00 7.310995514896869e-02 0.000000000000000e+00
2.451070588330757e+00 7.306127970509976e-02 0.000000000000000e+00
2.451384747596116e+00 7.301560677147972e-02 0.000000000000000e+00
2.451698906861475e+00 7.297294784105030e-02 0.000000000000000e+00
2.452013066126833e+00 7.293331362347084e-02 0.000000000000000e+00
2.452327225392192e+00 7.289671404211660e-02 0.000000000000000e+00
2.452641384657551e+00 7.286315823128192e-02 0.000000000000000e+00
2.452955543922910e+00 7.283265453358666e-02 0.000000000000000e+00
2.453269703188270e+00 7.280521049758967e-02 0.000000000000000e+00
2.453583862453629e+00 7.278083287560752e-02 0.000000000000000e+00
2.453898021718987e+00 7.275952762174070e-02 0.000000000000000e+00
2.454212180984346e+00 7.274129989010661e-02 0.000000000000000e+00
2.454526340249705e+00 7.272615403328153e-02 0.000000000000000e+00
2.454840499515064e+00 7.271409360094977e-02 0.000000000000000e+00
2.455154658780423e+00 7.270512133876256e-02 0.000000000000000e+00
2.455468818045782e+00 7.269923918740591e-02 0.000000000000000e+00
2.455782977311141e+00 7.269644828187716e-02 0.000000000000000e+00
2.456097136576500e+00 7.269674895097264e-02 0.000000000000000e+00
2.456411295841859e+00 7.270014071698387e-02 0.000000000000000e+00
2.456725455107218e+00 7.270662229560498e-02 0.000000000000000e+00
2.457039614372577e+00 7.271619159604910e-02 0.000000000000000e+00
2.457353773637936e+00 7.272884572137558e-02 0.000000000000000e+00
2.457667932903295e+00 7.274458096902728e-02 0.000000000000000e+00
2.457982092168654e+00 7.276339283157769e-02 0.000000000000000e+00
2.458296251434013e+00 7.278527599768805e-02 0.000000000000000e+00
2.458610410699372e+00 7.281022435327419e-02 0.000000000000000e+00
2.458924569964731e+00 7.283823098288249e-02 0.000000000000000e+00
2.459238729230090e+00 7.286928817127551e-02 0.000000000000000e+00
2.459552888495449e+00 7.290338740522602e-02 0.000000000000000e+00
2.459867047760808e+00 7.294051937551932e-02 0.000000000000000e+00
2.460181207026167e+00 7.298067397916422e-02 0.000000000000000e+00
2.460495366291526e+00 7.302384032181015e-02 0.000000000000000e+00
2.460809525556885e+00 7.307000672037232e-02 0.000000000000000e+00
2.461123684822244e+00 7.311916070586212e-02 0.000000000000000e+00
2.461437844087603e+00 7.317128902642389e-02 0.000000000000000e+00
2.461752003352962e+00 7.322637765057557e-02 0.000000000000000e+00
2.462066162618321e+00 7.328441177065395e-02 0.000000000000000e+00
2.462380321883680e+00 7.334537580646297e-02 0.000000000000000e+00
2.462694481149039e+00 7.340925340912445e-02 0.000000000000000e+00
2.463008640414398e+00 7.347602746512866e-02 0.000000000000000e+00
2.463322799679757e+00 7.354568010058810e-02 0.000000000000000e+00
2.463636958945116e+00 7.361819268568752e-02 0.000000000000000e+00
2.463951118210475e+00 7.369354583933355e-02 0.000000000000000e+00
2.464265277475834e+00 7.377171943400218e-02 0.000000000000000e+00
2.464579436741193e+00 7.385269260077938e-02 0.000000000000000e+00
2.464893596006552e+00 7.393644373459898e-02 0.000000000000000e+00
2.465207755271911e+00 7.402295049967243e-02 0.000000000000000e+00
2.465521914537270e+00 7.411218983511031e-02 0.000000000000000e+00
2.465836073802629e+00 7.420413796073486e-02 0.000000000000000e+00
2.466150233067987e+00 7.429877038308072e-02 0.000000000000000e+00
2.466464392333346e+00 7.439606190158485e-02 0.000000000000000e+00
2.466778551598706e+00 7.449598661495958e-02 0.000000000000000e+00
2.467092710864065e+00 7.459851792775260e-02 0.000000000000000e+00
2.467406870129424e+00 7.470362855708806e-02 0.000000000000000e+00
2.467721029394783e+00 7.481129053958949e-02 0.000000000000000e+00
2.468035188660141e+00 7.492147523848081e-02 0.000000000000000e+00
2.468349347925500e+00 7.503415335086649e-02 0.000000000000000e+00
2.468663507190859e+00 7.514929491518520e-02 0.000000000000000e+00
2.468977666456218e+00 7.526686931883873e-02 0.000000000000000e+00
2.469291825721577e+00 7.538684530599166e-02 0.000000000000000e+00
2.469605984986937e+00 7.550919098554140e-02 0.000000000000000e+00
2.469920144252295e+00 7.563387383925542e-02 0.000000000000000e+00
2.470234303517654e+00 7.576086073007504e-02 0.000000000000000e+00
2.470548462783013e+00 7.589011791058146e-02 0.000000000000000e+00
2.470862622048372e+00 7.602161103162368e-02 0.000000000000000e+00
2.471176781313731e+00 7.615530515110616e-02 0.000000000000000e+00
2.471490940579090e+00 7.629116474293286e-02 0.000000000000000e+00
2.471805099844449e+00 7.642915370610591e-02 0.000000000000000e+00
2.472119259109808e+00 7.656923537397656e-02 0.000000000000000e+00
2.472433418375167e+00 7.671137252364713e-02 0.000000000000000e+00
2.472747577640526e+00 7.685552738551828e-02 0.000000000000000e+00
2.473061736905885e+00 7.700166165298358e-02 0.000000000000000e+00
2.473375896171244e+00 7.714973649226572e-02 0.000000000000000e+00
2.473690055436603e+00 7.729971255239297e-02 0.000000000000000e+00
2.474004214701962e+00 7.745154997531309e-02 0.000000000000000e+00
2.474318373967321e+00 7.760520840614286e-02 0.000000000000000e+00
2.474632533232680e+00 7.776064700354843e-02 0.000000000000000e+00
2.474946692498039e+00 7.791782445025694e-02 0.000000000000000e+00
2.475260851763398e+00 7.807669896369430e-02 0.000000000000000e+00
2.475575011028757e+00 7.823722830674770e-02 0.000000000000000e+00
2.475889170294116e+00 7.839936979864856e-02 0.000000000000000e+00
2.476203329559475e+00 7.856308032597575e-02 0.000000000000000e+00
2.476517488824834e+00 7.872831635377329e-02 0.000000000000000e+00
2.476831648090193e+00 7.889503393678129e-02 0.000000000000000e+00
2.477145807355552e+00 7.906318873077793e-02 0.000000000000000e+00
2.477459966620911e+00 7.923273600402705e-02 0.000000000000000e+00
2.477774125886270e+00 7.940363064883187e-02 0.000000000000000e+00
2.478088285151629e+00 7.957582719318751e-02 0.000000000000000e+00
2.478402444416988e+00 7.974927981253525e-02 0.000000000000000e+00
2.478716603682347e+00 7.992394234160764e-02 0.000000000000000e+00
2.479030762947706e+00 8.009976828636969e-02 0.000000000000000e+00
2.479344922213065e+00 8.027671083604705e-02 0.000000000000000e+00
2.479659081478424e+00 8.045472287524033e-02 0.000000000000000e+00
2.479973240743782e+00 8.063375699612312e-02 0.000000000000000e+00
2.480287400009141e+00 8.081376551071925e-02 0.000000000000000e+00
2.480601559274501e+00 8.099470046325594e-02 0.000000000000000e+00
2.480915718539860e+00 8.117651364259151e-02 0.000000000000000e+00
2.481229877805219e+00 8.135915659471228e-02 0.000000000000000e+00
2.481544037070578e+00 8.154258063529679e-02 0.000000000000000e+00
2.481858196335937e+00 8.172673686234361e-02 0.000000000000000e+00
2.482172355601295e+00 8.191157616885933e-02 0.000000000000000e+00
2.482486514866654e+00 8.209704925560472e-02 0.000000000000000e+00
2.482800674132013e+00 8.228310664389213e-02 0.000000000000000e+00
2.483114833397372e+00 8.246969868843679e-02 0.000000000000000e+00
2.483428992662732e+00 8.265677559025229e-02 0.000000000000000e+00
2.483743151928091e+00 8.284428740959168e-02 0.000000000000000e+00
2.484057311193449e+00 8.303218407892858e-02 0.000000000000000e+00
2.484371470458808e+00 8.322041541597523e-02 0.000000000000000e+00
2.484685629724167e+00 8.340893113673392e-02 0.000000000000000e+00
2.484999788989526e+00 8.359768086857959e-02 0.000000000000000e+00
2.485313948254885e+00 8.378661416336891e-02 0.000000000000000e+00
2.485628107520244e+00 8.397568051057283e-02 0.000000000000000e+00
2.485942266785603e+00 8.416482935042936e-02 0.000000000000000e+00
2.486256426050962e+00 8.435401008711287e-02 0.000000000000000e+00
2.486570585316321e+00 8.454317210191800e-02 0.000000000000000e+00
2.486884744581680e+00 8.473226476645108e-02 0.000000000000000e+00
2.487198903847039e+00 8.492123745582938e-02 0.000000000000000e+00
2.487513063112398e+00 8.511003956188398e-02 0.000000000000000e+00
2.487827222377757e+00 8.529862050636085e-02 0.000000000000000e+00
2.488141381643116e+00 8.548692975411881e-02 0.000000000000000e+00
2.488455540908475e+00 8.567491682632100e-02 0.000000000000000e+00
2.488769700173834e+00 8.586253131361320e-02 0.000000000000000e+00
2.489083859439193e+00 8.604972288929048e-02 0.000000000000000e+00
2.489398018704552e+00 8.623644132244507e-02 0.000000000000000e+00
2.489712177969911e+00 8.642263649109339e-02 0.000000000000000e+00
2.490026337235270e+00 8.660825839527872e-02 0.000000000000000e+00
2.490340496500629e+00 8.679325717014669e-02 0.000000000000000e+00
2.490654655765988e+00 8.697758309898755e-02 0.000000000000000e+00
2.490968815031347e+00 8.716118662624588e-02 0.000000000000000e+00
2.491282974296706e+00 8.734401837049136e-02 0.000000000000000e+00
2.491597133562065e+00 8.752602913734800e-02 0.000000000000000e+00
2.491911292827424e+00 8.770716993237922e-02 0.000000000000000e+00
2.492225452092783e+00 8.788739197392285e-02 0.000000000000000e+00
2.492539611358142e+00 8.806664670587874e-02 0.000000000000000e+00
2.492853770623501e+00 8.824488581043557e-02 0.000000000000000e+00
2.493167929888860e+00 8.842206122074484e-02 0.000000000000000e+00
2.493482089154219e+00 8.859812513353015e-02 0.000000000000000e+00
2.493796248419578e+00 8.877303002163323e-02 0.000000000000000e+00
2.494110407684937e+00 8.894672864649084e-02 0.000000000000000e+00
2.494424566950296e+00 8.911917407054167e-02 0.000000000000000e+00
2.494738726215655e+00 8.929031966955636e-02 0.000000000000000e+00
2.495052885481014e+00 8.946011914489255e-02 0.000000000000000e+00
2.495367044746373e+00 8.962852653566587e-02 0.000000000000000e+00
2.495681204011732e+00 8.979549623083985e-02 0.000000000000000e+00
2.495995363277091e+00 8.996098298122536e-02 0.000000000000000e+00
2.496309522542449e+00 9.012494191139180e-02 0.000000000000000e+00
2.496623681807808e+00 9.028732853148391e-02 0.000000000000000e+00
2.496937841073168e+00 9.044809874894037e-02 0.000000000000000e+00
2.497252000338527e+00 9.060720888011513e-02 0.000000000000000e+00
2.497566159603886e+00 9.076461566179368e-02 0.000000000000000e+00
2.497880318869245e+00 9.092027626260443e-02 0.000000000000000e+00
2.498194478134603e+00 9.107414829432053e-02 0.000000000000000e+00
2.498508637399962e+00 9.122618982305139e-02 0.000000000000000e+00
2.498822796665321e+00 9.137635938031630e-02 0.000000000000000e+00
2.499136955930680e+00 9.152461597400294e-02 0.000000000000000e+00
2.499451115196039e+00 9.167091909920454e-02 0.000000000000000e+00
2.499765274461399e+00 9.181522874893280e-02 0.000000000000000e+00
2.500079433726758e+00 9.195750542470529e-02 0.000000000000000e+00
2.500393592992116e+00 9.209771014700324e-02 0.000000000000000e+00
2.500707752257475e+00 9.223580446559806e-02 0.000000000000000e+00
2.501021911522834e+00 9.237175046974204e-02 0.000000000000000e+00
2.501336070788193e+00 9.250551079822278e-02 0.000000000000000e+00
2.501650230053552e+00 9.263704864927770e-02 0.000000000000000e+00
2.501964389318911e+00 9.276632779036516e-02 0.000000000000000e+00
2.502278548584270e+00 9.289331256779068e-02 0.000000000000000e+00
2.502592707849629e+00 9.301796791618645e-02 0.000000000000000e+00
2.502906867114988e+00 9.314025936783885e-02 0.000000000000000e+00
2.503221026380347e+00 9.326015306186464e-02 0.000000000000000e+00
2.503535185645706e+00 9.337761575323124e-02 0.000000000000000e+00
2.503849344911065e+00 9.349261482161994e-02 0.000000000000000e+00
2.504163504176424e+00 9.360511828012902e-02 0.000000000000000e+00
2.504477663441783e+00 9.371509478381487e-02 0.000000000000000e+00
2.504791822707142e+00 9.382251363806798e-02 0.000000000000000e+00
2.505105981972501e+00 9.392734480682297e-02 0.000000000000000e+00
2.505420141237860e+00 9.402955892059943e-02 0.000000000000000e+00
2.505734300503219e+00 9.412912728437156e-02 0.000000000000000e+00
2.506048459768578e+00 9.422602188526524e-02 0.000000000000000e+00
2.506362619033937e+00 9.432021540007920e-02 0.000000000000000e+00
2.506676778299296e+00 9.441168120262936e-02 0.000000000000000e+00
2.506990937564655e+00 9.450039337091386e-02 0.000000000000000e+00
2.507305096830014e+00 9.458632669409721e-02 0.000000000000000e+00
2.507619256095373e+00 9.466945667931111e-02 0.000000000000000e+00
2.507933415360732e+00 9.474975955827122e-02 0.000000000000000e+00
2.508247574626091e+00 9.482721229370619e-02 0.000000000000000e+00
2.508561733891450e+00 9.490179258559983e-02 0.000000000000000e+00
2.508875893156809e+00 9.497347887724163e-02 0.000000000000000e+00
2.509190052422168e+00 9.504225036108706e-02 0.000000000000000e+00
2.509504211687527e+00 9.510808698442454e-02 0.000000000000000e+00
2.509818370952886e+00 9.517096945484624e-02 0.000000000000000e+00
2.510132530218245e+00 9.523087924552502e-02 0.000000000000000e+00
2.510446689483603e+00 9.528779860029128e-02 0.000000000000000e+00
2.510760848748963e+00 9.534171053851276e-02 0.000000000000000e+00
2.511075008014322e+00 9.539259885977248e-02 0.000000000000000e+00
2.511389167279681e+00 9.544044814834618e-02 0.000000000000000e+00
2.511703326545040e+00 9.548524377747607e-02 0.000000000000000e+00
2.512017485810399e+00 9.552697191344064e-02 0.000000000000000e+00
2.512331645075757e+00 9.556561951942047e-02 0.000000000000000e+00
2.512645804341116e+00 9.560117435915551e-02 0.000000000000000e+00
2.512959963606475e+00 9.563362500039739e-02 0.000000000000000e+00
2.513274122871834e+00 9.566296081815172e-02 0.000000000000000e+00
2.513588282137194e+00 9.568917199771257e-02 0.000000000000000e+00
2.513902441402553e+00 9.571224953748682e-02 0.000000000000000e+00
2.514216600667911e+00 9.573218525160582e-02 0.000000000000000e+00
2.514530759933270e+00 9.574897177232874e-02 0.000000000000000e+00
2.514844919198629e+00 9.576260255223061e-02 0.000000000000000e+00
2.515159078463988e+00 9.577307186618009e-02 0.000000000000000e+00
2.515473237729347e+00 9.578037481310092e-02 0.000000000000000e+00
2.515787396994706e+00 9.578450731752249e-02 0.000000000000000e+00
2.516101556260065e+00 9.578546613091363e-02 0.000000000000000e+00
2.516415715525424e+00 9.578324883280262e-02 0.000000000000000e+00
2.516729874790783e+00 9.577785383168114e-02 0.000000000000000e+00
2.517044034056142e+00 9.576928036569421e-02 0.000000000000000e+00
2.517358193321501e+00 9.575752850311267e-02 0.000000000000000e+00
2.517672352586860e+00 9.574259914259034e-02 0.000000000000000e+00
2.517986511852219e+00 9.572449401320568e-02 0.000000000000000e+00
2.518300671117578e+00 9.570321567428583e-02 0.000000000000000e+00
2.518614830382937e+00 9.567876751501617e-02 0.000000000000000e+00
2.518928989648296e+00 9.565115375383199e-02 0.000000000000000e+00
2.519243148913655e+00 9.562037943759533e-02 0.000000000000000e+00
2.519557308179014e+00 9.558645044055514e-02 0.000000000000000e+00
2.519871467444373e+00 9.554937346309211e-02 0.000000000000000e+00
2.520185626709732e+00 9.550915603024782e-02 0.000000000000000e+00
2.520499785975091e+00 9.546580649003845e-02 0.000000000000000e+00
2.520813945240450e+00 9.541933401155382e-02 0.000000000000000e+00
2.521128104505809e+00 9.536974858284279e-02 0.000000000000000e+00
2.521442263771168e+00 9.531706100858310e-02 0.000000000000000e+00
2.521756423036527e+00 9.526128290753946e-02 0.000000000000000e+00
2.522070582301886e+00 9.520242670980798e-02 0.000000000000000e+00
2.522384741567245e+00 9.514050565384857e-02 0.000000000000000e+00
2.522698900832604e+00 9.507553378330577e-02 0.000000000000000e+00
2.523013060097963e+00 9.500752594361962e-02 0.000000000000000e+00
2.523327219363322e+00 9.493649777842554e-02 0.000000000000000e+00
2.523641378628681e+00 9.486246572574625e-02 0.000000000000000e+00
2.523955537894040e+00 9.478544701397419e-02 0.000000000000000e+00
2.524269697159399e+00 9.470545965764958e-02 0.000000000000000e+00
2.524583856424758e+00 9.462252245302796e-02 0.000000000000000e+00
2.524898015690117e+00 9.453665497344772e-02 0.000000000000000e+00
2.525212174955476e+00 9.444787756449023e-02 0.000000000000000e+00
2.525526334220835e+00 9.435621133893839e-02 0.000000000000000e+00
2.525840493486194e+00 9.426167817153407e-02 0.000000000000000e+00
2.526154652751553e+00 9.416430069353487e-02 0.000000000000000e+00
2.526468812016911e+00 9.406410228707299e-02 0.000000000000000e+00
2.526782971282270e+00 9.396110707931504e-02 0.000000000000000e+00
2.527097130547630e+00 9.385533993642792e-02 0.000000000000000e+00
2.527411289812989e+00 9.374682645734861e-02 0.000000000000000e+00
2.527725449078348e+00 9.363559296736236e-02 0.000000000000000e+00
2.528039608343707e+00 9.352166651148827e-02 0.000000000000000e+00
2.528353767609065e+00 9.340507484767711e-02 0.000000000000000e+00
2.528667926874424e+00 9.328584643981849e-02 0.000000000000000e+00
2.528982086139783e+00 9.316401045056501e-02 0.000000000000000e+00
2.529296245405142e+00 9.303959673396998e-02 0.000000000000000e+00
2.529610404670501e+00 9.291263582794292e-02 0.000000000000000e+00
2.529924563935861e+00 9.278315894652518e-02 0.000000000000000e+00
2.530238723201220e+00 9.265119797198604e-02 0.000000000000000e+00
2.530552882466578e+00 9.251678544674320e-02 0.000000000000000e+00
2.530867041731937e+00 9.237995456510667e-02 0.000000000000000e+00
2.531181200997296e+00 9.224073916485333e-02 0.000000000000000e+00
2.531495360262655e+00 9.209917371862768e-02 0.000000000000000e+00
2.531809519528014e+00 9.195529332517713e-02 0.000000000000000e+00
2.532123678793373e+00 9.180913370041854e-02 0.000000000000000e+00
2.532437838058732e+00 9.166073116834447e-02 0.000000000000000e+00
2.532751997324091e+00 9.151012265176396e-02 0.000000000000000e+00
2.533066156589450e+00 9.135734566288832e-02 0.000000000000000e+00
2.533380315854809e+00 9.120243829375689e-02 0.000000000000000e+00
2.533694475120168e+00 9.104543920651093e-02 0.000000000000000e+00
2.534008634385527e+00 9.088638762351361e-02 0.000000000000000e+00
2.534322793650886e+00 9.072532331732318e-02 0.000000000000000e+00
2.534636952916245e+00 9.056228660051736e-02 0.000000000000000e+00
2.534951112181604e+00 9.039731831537387e-02 0.000000000000000e+00
2.535265271446963e+00 9.023045982341114e-02 0.000000000000000e+00
2.535579430712322e+00 9.006175299478882e-02 0.000000000000000e+00
2.535893589977681e+00 8.989124019757205e-02 0.000000000000000e+00
2.536207749243040e+00 8.971896428686295e-02 0.000000000000000e+00
2.536521908508399e+00 8.954496859380175e-02 0.000000000000000e+00
2.536836067773758e+00 8.936929691443894e-02 0.000000000000000e+00
2.537150227039117e+00 8.919199349848454e-02 0.000000000000000e+00
2.537464386304476e+00 8.901310303793322e-02 0.000000000000000e+00
2.537778545569835e+00 8.883267065557192e-02 0.000000000000000e+00
2.538092704835194e+00 8.865074189337020e-02 0.000000000000000e+00
2.538406864100553e+00 8.846736270075850e-02 0.000000000000000e+00
2.538721023365912e+00 8.828257942279388e-02 0.000000000000000e+00
2.539035182631271e+00 8.809643878822275e-02 0.000000000000000e+00
2.539349341896630e+00 8.790898789743566e-02 0.000000000000000e+00
2.539663501161989e+00 8.772027421032233e-02 0.000000000000000e+00
2.539977660427348e+00 8.753034553402980e-02 0.000000000000000e+00
2.540291819692707e+00 8.733925001062455e-02 0.000000000000000e+00
2.540605978958066e+00 8.714703610466434e-02 0.000000000000000e+00
2.540920138223425e+00 8.695375259067915e-02 0.000000000000000e+00
2.541234297488784e+00 8.675944854057155e-02 0.000000000000000e+00
2.541548456754143e+00 8.656417331093078e-02 0.000000000000000e+00
2.541862616019502e+00 8.636797653027017e-02 0.000000000000000e+00
2.542176775284861e+00 8.617090808618881e-02 0.000000000000000e+00
2.542490934550219e+00 8.597301811246257e-02 0.000000000000000e+00
2.542805093815578e+00 8.577435697606370e-02 0.000000000000000e+00
2.543119253080937e+00 8.557497526411791e-02 0.000000000000000e+00
2.543433412346296e+00 8.537492377079828e-02 0.000000000000000e+00
2.543747571611656e+00 8.517425348415983e-02 0.000000000000000e+00
2.544061730877015e+00 8.497301557292025e-02 0.000000000000000e+00
2.544375890142374e+00 8.477126137318877e-02 0.000000000000000e+00
2.544690049407732e+00 8.456904237514516e-02 0.000000000000000e+00
2.545004208673091e+00 8.436641020967614e-02 0.000000000000000e+00
2.545318367938450e+00 8.416341663496822e-02 0.000000000000000e+00
2.545632527203809e+00 8.396011352306457e-02 0.000000000000000e+00
2.545946686469168e+00 8.375655284638586e-02 0.000000000000000e+00
2.546260845734527e+00 8.355278666422060e-02 0.000000000000000e+00
2.546575004999886e+00 8.334886710918921e-02 0.000000000000000e+00
2.546889164265245e+00 8.314484637368040e-02 0.000000000000000e+00
2.547203323530604e+00 8.294077669627296e-02 0.000000000000000e+00
2.547517482795963e+00 8.273671034813562e-02 0.000000000000000e+00
2.547831642061322e+00 8.253269961941526e-02 0.000000000000000e+00
2.548145801326681e+00 8.232879680561561e-02 0.000000000000000e+00
2.548459960592040e+00 8.212505419397009e-02 0.000000000000000e+00
2.548774119857399e+00 8.192152404980853e-02 0.000000000000000e+00
2.549088279122758e+00 8.171825860293014e-02 0.000000000000000e+00
2.549402438388117e+00 8.151531003397655e-02 0.000000000000000e+00
2.549716597653476e+00 8.131273046081318e-02 0.000000000000000e+00
2.550030756918835e+00 8.111057192492395e-02 0.000000000000000e+00
2.550344916184194e+00 8.090888637781915e-02 0.000000000000000e+00
2.550659075449553e+00 8.070772566746265e-02 0.000000000000000e+00
2.550973234714912e+00 8.050714152471963e-02 0.000000000000000e+00
2.551287393980271e+00 8.030718554983274e-02 0.000000000000000e+00
2.551601553245630e+00 8.010790919892438e-02 0.000000000000000e+00
2.551915712510989e+00 7.990936377053304e-02 0.000000000000000e+00
2.552229871776348e+00 7.971160039218535e-02 0.000000000000000e+00
2.552544031041707e+00 7.951467000700779e-02 0.000000000000000e+00
2.552858190307066e+00 7.931862336038081e-02 0.000000000000000e+00
2.553172349572425e+00 7.912351098664143e-02 0.000000000000000e+00
2.553486508837784e+00 7.892938319583333e-02 0.000000000000000e+00
2.553800668103143e+00 7.873629006051239e-02 0.000000000000000e+00
2.554114827368502e+00 7.854428140260793e-02 0.000000000000000e+00
2.554428986633861e+00 7.835340678034534e-02 0.000000000000000e+00
2.554743145899220e+00 7.816371547523149e-02 0.000000000000000e+00
2.555057305164579e+00 7.797525647910773e-02 0.000000000000000e+00
2.555371464429938e+00 7.778807848127448e-02 0.000000000000000e+00
2.555685623695297e+00 7.760222985568832e-02 0.000000000000000e+00
2.555999782960656e+00 7.741775864823672e-02 0.000000000000000e+00
2.556313942226015e+00 7.723471256409378e-02 0.000000000000000e+00
2.556628101491373e+00 7.705313895516067e-02 0.000000000000000e+00
2.556942260756732e+00 7.687308480759053e-02 0.000000000000000e+00
2.557256420022092e+00 7.669459672940826e-02 0.000000000000000e+00
2.557570579287451e+00 7.651772093822011e-02 0.000000000000000e+00
2.557884738552810e+00 7.634250324902236e-02 0.000000000000000e+00
2.558198897818169e+00 7.616898906210942e-02 0.000000000000000e+00
2.558513057083527e+00 7.599722335108647e-02 0.000000000000000e+00
2.558827216348886e+00 7.582725065098597e-02 0.000000000000000e+00
2.559141375614245e+00 7.565911504649825e-02 0.000000000000000e+00
2.559455534879604e+00 7.549286016031000e-02 0.000000000000000e+00
2.559769694144963e+00 7.532852914156248e-02 0.000000000000000e+00
2.560083853410323e+00 7.516616465442624e-02 0.000000000000000e+00
2.560398012675682e+00 7.500580886679864e-02 0.000000000000000e+00
2.560712171941040e+00 7.484750343912668e-02 0.000000000000000e+00
2.561026331206399e+00 7.469128951335624e-02 0.000000000000000e+00
2.561340490471758e+00 7.453720770201369e-02 0.000000000000000e+00
2.561654649737117e+00 7.438529807742075e-02 0.000000000000000e+00
2.561968809002476e+00 7.423560016104475e-02 0.000000000000000e+00
2.562282968267835e+00 7.408815291298930e-02 0.000000000000000e+00
2.562597127533194e+00 7.394299472162710e-02 0.000000000000000e+00
2.562911286798553e+00 7.380016339337631e-02 0.000000000000000e+00
2.563225446063912e+00 7.365969614262630e-02 0.000000000000000e+00
2.563539605329271e+00 7.352162958181269e-02 0.000000000000000e+00
2.563853764594630e+00 7.338599971164492e-02 0.000000000000000e+00
2.564167923859989e+00 7.325284191148942e-02 0.000000000000000e+00
2.564482083125348e+00 7.312219092991198e-02 0.000000000000000e+00
2.564796242390707e+00 7.299408087537848e-02 0.000000000000000e+00
2.565110401656066e+00 7.286854520712040e-02 0.000000000000000e+00
2.565424560921425e+00 7.274561672616564e-02 0.000000000000000e+00
2.565738720186784e+00 7.262532756653600e-02 0.000000000000000e+00
2.566052879452143e+00 7.250770918661616e-02 0.000000000000000e+00
2.566367038717502e+00 7.239279236069406e-02 0.000000000000000e+00
2.566681197982861e+00 7.228060717067723e-02 0.000000000000000e+00
2.566995357248220e+00 7.217118299798445e-02 0.000000000000000e+00
2.567309516513579e+00 7.206454851561855e-02 0.000000000000000e+00
2.567623675778938e+00 7.196073168041901e-02 0.000000000000000e+00
2.567937835044297e+00 7.185975972549830e-02 0.000000000000000e+00
2.568251994309656e+00 7.176165915286367e-02 0.000000000000000e+00
2.568566153575015e+00 7.166645572622693e-02 0.000000000000000e+00
2.568880312840374e+00 7.157417446400190e-02 0.000000000000000e+00
2.569194472105733e+00 7.148483963249483e-02 0.000000000000000e+00
2.569508631371092e+00 7.139847473928761e-02 0.000000000000000e+00
2.569822790636451e+00 7.131510252681418e-02 0.000000000000000e+00
2.570136949901810e+00 7.123474496613579e-02 0.000000000000000e+00
2.570451109167169e+00 7.115742325091301e-02 0.000000000000000e+00
2.570765268432528e+00 7.108315779157837e-02 0.000000000000000e+00
2.571079427697887e+00 7.101196820970984e-02 0.000000000000000e+00
2.571393586963246e+00 7.094387333260850e-02 0.000000000000000e+00
2.571707746228605e+00 7.087889118807980e-02 0.000000000000000e+00
2.572021905493964e+00 7.081703899942064e-02 0.000000000000000e+00
2.572336064759323e+00 7.075833318061479e-02 0.000000000000000e+00
2.572650224024681e+00 7.070278933173636e-02 0.000000000000000e+00
2.572964383290040e+00 7.065042223456294e-02 0.000000000000000e+00
2.573278542555399e+00 7.060124584840055e-02 0.000000000000000e+00
2.573592701820758e+00 7.055527330612107e-02 0.000000000000000e+00
2.573906861086118e+00 7.051251691041172e-02 0.000000000000000e+00
2.574221020351477e+00 7.047298813024115e-02 0.000000000000000e+00
2.574535179616836e+00 7.043669759753944e-02 0.000000000000000e+00
2.574849338882194e+00 7.040365510409495e-02 0.000000000000000e+00
2.575163498147553e+00 7.037386959866902e-02 0.000000000000000e+00
2.575477657412912e+00 7.034734918432832e-02 0.000000000000000e+00
2.575791816678271e+00 7.032410111599645e-02 0.000000000000000e+00
2.576105975943630e+00 7.030413179822501e-02 0.000000000000000e+00
2.576420135208989e+00 7.028744678318513e-02 0.000000000000000e+00
2.576734294474348e+00 7.027405076888019e-02 0.000000000000000e+00
2.577048453739707e+00 7.026394759757956e-02 0.000000000000000e+00
2.577362613005066e+00 7.025714025447471e-02 0.000000000000000e+00
2.577676772270425e+00 7.025363086655775e-02 0.000000000000000e+00
2.577990931535784e+00 7.025342070172245e-02 0.000000000000000e+00
2.578305090801143e+00 7.025651016808900e-02 0.000000000000000e+00
2.578619250066502e+00 7.026289881355147e-02 0.000000000000000e+00
2.578933409331861e+00 7.027258532554961e-02 0.000000000000000e+00
2.579247568597220e+00 7.028556753106360e-02 0.000000000000000e+00
2.579561727862579e+00 7.030184239683331e-02 0.000000000000000e+00
2.579875887127938e+00 7.032140602980108e-02 0.000000000000000e+00
2.580190046393297e+00 7.034425367777883e-02 0.000000000000000e+00
2.580504205658656e+00 7.037037973033790e-02 0.000000000000000e+00
2.580818364924015e+00 7.039977771992365e-02 0.000000000000000e+00
2.581132524189374e+00 7.043244032319282e-02 0.000000000000000e+00
2.581446683454733e+00 7.046835936257460e-02 0.000000000000000e+00
2.581760842720092e+00 7.050752580805351e-02 0.000000000000000e+00
2.582075001985451e+00 7.054992977917604e-02 0.000000000000000e+00
2.582389161250810e+00 7.059556054727813e-02 0.000000000000000e+00
2.582703320516169e+00 7.064440653793544e-02 0.000000000000000e+00
2.583017479781528e+00 7.069645533363357e-02 0.000000000000000e+00
2.583331639046887e+00 7.075169367665889e-02 0.000000000000000e+00
2.583645798312246e+00 7.081010747220964e-02 0.000000000000000e+00
2.583959957577605e+00 7.087168179172507e-02 0.000000000000000e+00
2.584274116842964e+00 7.093640087643446e-02 0.000000000000000e+00
2.584588276108323e+00 7.100424814112136e-02 0.000000000000000e+00
2.584902435373682e+00 7.107520617810595e-02 0.000000000000000e+00
2.585216594639041e+00 7.114925676144269e-02 0.000000000000000e+00
2.585530753904400e+00 7.122638085133193e-02 0.000000000000000e+00
2.585844913169759e+00 7.130655859874545e-02 0.000000000000000e+00
2.586159072435118e+00 7.138976935026414e-02 0.000000000000000e+00
2.586473231700477e+00 7.147599165312782e-02 0.000000000000000e+00
2.586787390965835e+00 7.156520326049327e-02 0.000000000000000e+00
2.587101550231194e+00 7.165738113690320e-02 0.000000000000000e+00
2.587415709496554e+00 7.175250146395964e-02 0.000000000000000e+00
2.587729868761913e+00 7.185053964620669e-02 0.000000000000000e+00
2.588044028027272e+00 7.195147031721540e-02 0.000000000000000e+00
2.588358187292631e+00 7.205526734587245e-02 0.000000000000000e+00
2.588672346557990e+00 7.216190384287018e-02 0.000000000000000e+00
2.588986505823348e+00 7.227135216739687e-02 0.000000000000000e+00
2.589300665088707e+00 7.238358393402514e-02 0.000000000000000e+00
2.589614824354066e+00 7.249857001979620e-02 0.000000000000000e+00
2.589928983619425e+00 7.261628057149960e-02 0.000000000000000e+00
2.590243142884785e+00 7.273668501314551e-02 0.000000000000000e+00
2.590557302150144e+00 7.285975205362868e-02 0.000000000000000e+00
2.590871461415502e+00 7.298544969458053e-02 0.000000000000000e+00
2.591185620680861e+00 7.311374523841010e-02 0.000000000000000e+00
2.591499779946220e+00 7.324460529652757e-02 0.000000000000000e+00
2.591813939211579e+00 7.337799579775373e-02 0.000000000000000e+00
2.592128098476938e+00 7.351388199690889e-02 0.000000000000000e+00
2.592442257742297e+00 7.365222848358087e-02 0.000000000000000e+00
2.592756417007656e+00 7.379299919106955e-02 0.000000000000000e+00
2.593070576273015e+00 7.393615740550712e-02 0.000000000000000e+00
2.593384735538374e+00 7.408166577514838e-02 0.000000000000000e+00
2.593698894803733e+00 7.422948631983169e-02 0.000000000000000e+00
2.594013054069092e+00 7.437958044060858e-02 0.000000000000000e+00
2.594327213334451e+00 7.453190892953609e-02 0.000000000000000e+00
2.594641372599810e+00 7.468643197963309e-02 0.000000000000000e+00
2.594955531865169e+00 7.484310919499637e-02 0.000000000000000e+00
2.595269691130528e+00 7.500189960107403e-02 0.000000000000000e+00
2.595583850395887e+00 7.516276165509314e-02 0.000000000000000e+00
2.595898009661246e+00 7.532565325663985e-02 0.000000000000000e+00
2.596212168926605e+00 7.549053175838971e-02 0.000000000000000e+00
2.596526328191964e+00 7.565735397698393e-02 0.000000000000000e+00
2.596840487457323e+00 7.582607620404971e-02 0.000000000000000e+00
2.597154646722682e+00 7.599665421736221e-02 0.000000000000000e+00
2.597468805988041e+00 7.616904329214393e-02 0.000000000000000e+00
2.597782965253400e+00 7.634319821250092e-02 0.000000000000000e+00
2.598097124518759e+00 7.651907328298982e-02 0.000000000000000e+00
2.598411283784118e+00 7.669662234031679e-02 0.000000000000000e+00
2.598725443049477e+00 7.687579876516072e-02 0.000000000000000e+00
2.599039602314836e+00 7.705655549412080e-02 0.000000000000000e+00
2.599353761580195e+00 7.723884503178698e-02 0.000000000000000e+00
2.599667920845554e+00 7.742261946292310e-02 0.000000000000000e+00
2.599982080110913e+00 7.760783046476867e-02 0.000000000000000e+00
2.600296239376272e+00 7.779442931945046e-02 0.000000000000000e+00
2.600610398641631e+00 7.798236692650107e-02 0.000000000000000e+00
2.600924557906990e+00 7.817159381548358e-02 0.000000000000000e+00
2.601238717172349e+00 7.836206015871879e-02 0.000000000000000e+00
2.601552876437708e+00 7.855371578410705e-02 0.000000000000000e+00
2.601867035703067e+00 7.874651018804926e-02 0.000000000000000e+00
2.602181194968426e+00 7.894039254845746e-02 0.000000000000000e+00
2.602495354233785e+00 7.913531173785392e-02 0.000000000000000e+00
2.602809513499143e+00 7.933121633655590e-02 0.000000000000000e+00
2.603123672764502e+00 7.952805464594244e-02 0.000000000000000e+00
2.603437832029861e+00 7.972577470179711e-02 0.000000000000000e+00
2.603751991295221e+00 7.992432428772822e-02 0.000000000000000e+00
2.604066150560580e+00 8.012365094865910e-02 0.000000000000000e+00
2.604380309825939e+00 8.032370200438645e-02 0.000000000000000e+00
2.604694469091298e+00 8.052442456320273e-02 0.000000000000000e+00
2.605008628356656e+00 8.072576553558043e-02 0.000000000000000e+00
2.605322787622015e+00 8.092767164791272e-02 0.000000000000000e+00
2.605636946887374e+00 8.113008945630798e-02 0.000000000000000e+00
2.605951106152733e+00 8.133296536043502e-02 0.000000000000000e+00
2.606265265418092e+00 8.153624561741482e-02 0.000000000000000e+00
2.606579424683451e+00 8.173987635575522e-02 0.000000000000000e+00
2.606893583948810e+00 8.194380358932528e-02 0.000000000000000e+00
2.607207743214169e+00 8.214797323136580e-02 0.000000000000000e+00
2.607521902479528e+00 8.235233110853074e-02 0.000000000000000e+00
2.607836061744887e+00 8.255682297495937e-02 0.000000000000000e+00
2.608150221010246e+00 8.276139452637150e-02 0.000000000000000e+00
2.608464380275605e+00 8.296599141418533e-02 0.000000000000000e+00
2.608778539540964e+00 8.317055925965235e-02 0.000000000000000e+00
2.609092698806323e+00 8.337504366800604e-02 0.000000000000000e+00
2.609406858071682e+00 8.357939024262220e-02 0.000000000000000e+00
2.609721017337041e+00 8.378354459918441e-02 0.000000000000000e+00
2.610035176602400e+00 8.398745237985285e-02 0.000000000000000e+00
2.610349335867759e+00 8.419105926743319e-02 0.000000000000000e+00
2.610663495133118e+00 8.439431099954096e-02 0.000000000000000e+00
2.610977654398477e+00 8.459715338275682e-02 0.000000000000000e+00
2.611291813663836e+00 8.479953230677227e-02 0.000000000000000e+00
2.611605972929195e+00 8.500139375851676e-02 0.000000000000000e+00
2.611920132194554e+00 8.520268383626908e-02 0.000000000000000e+00
2.612234291459913e+00 8.540334876374428e-02 0.000000000000000e+00
2.612548450725272e+00 8.560333490415367e-02 0.000000000000000e+00
2.612862609990631e+00 8.580258877423670e-02 0.000000000000000e+00
2.613176769255990e+00 8.600105705825772e-02 0.000000000000000e+00
2.613490928521349e+00 8.619868662196543e-02 0.000000000000000e+00
2.613805087786708e+00 8.639542452651099e-02 0.000000000000000e+00
2.614119247052067e+00 8.659121804232331e-02 0.000000000000000e+00
2.614433406317426e+00 8.678601466293408e-02 0.000000000000000e+00
2.614747565582785e+00 8.697976211875234e-02 0.000000000000000e+00
2.615061724848144e+00 8.717240839078166e-02 0.000000000000000e+00
2.615375884113503e+00 8.736390172428209e-02 0.000000000000000e+00
2.615690043378862e+00 8.755419064236408e-02 0.000000000000000e+00
2.616004202644221e+00 8.774322395952130e-02 0.000000000000000e+00
2.616318361909580e+00 8.793095079509043e-02 0.000000000000000e+00
2.616632521174939e+00 8.811732058663994e-02 0.000000000000000e+00
2.616946680440297e+00 8.830228310327996e-02 0.000000000000000e+00
2.617260839705656e+00 8.848578845889420e-02 0.000000000000000e+00
2.617574998971016e+00 8.866778712528620e-02 0.000000000000000e+00
2.617889158236375e+00 8.884822994523935e-02 0.000000000000000e+00
2.618203317501734e+00 8.902706814548685e-02 0.000000000000000e+00
2.618517476767093e+00 8.920425334958597e-02 0.000000000000000e+00
2.618831636032452e+00 8.937973759069762e-02 0.000000000000000e+00
2.619145795297810e+00 8.955347332426188e-02 0.000000000000000e+00
2.619459954563169e+00 8.972541344057305e-02 0.000000000000000e+00
2.619774113828528e+00 8.989551127724402e-02 0.000000000000000e+00
2.620088273093887e+00 9.006372063156212e-02 0.000000000000000e+00
2.620402432359247e+00 9.022999577273011e-02 0.000000000000000e+00
2.620716591624606e+00 9.039429145399080e-02 0.000000000000000e+00
2.621030750889964e+00 9.055656292463052e-02 0.000000000000000e+00
2.621344910155323e+00 9.071676594185993e-02 0.000000000000000e+00
2.621659069420682e+00 9.087485678256682e-02 0.000000000000000e+00
2.621973228686041e+00 9.103079225494073e-02 0.000000000000000e+00
2.622287387951400e+00 9.118452970996410e-02 0.000000000000000e+00
2.622601547216759e+00 9.133602705276690e-02 0.000000000000000e+00
2.622915706482118e+00 9.148524275384380e-02 0.000000000000000e+00
2.623229865747477e+00 9.163213586012778e-02 0.000000000000000e+00
2.623544025012836e+00 9.177666600592149e-02 0.000000000000000e+00
2.623858184278195e+00 9.191879342367729e-02 0.000000000000000e+00
2.624172343543554e+00 9.205847895462985e-02 0.000000000000000e+00
2.624486502808913e+00 9.219568405927429e-02 0.000000000000000e+00
2.624800662074272e+00 9.233037082768812e-02 0.000000000000000e+00
2.625114821339631e+00 9.246250198969373e-02 0.000000000000000e+00
2.625428980604990e+00 9.259204092486130e-02 0.000000000000000e+00
2.625743139870349e+00 9.271895167234391e-02 0.000000000000000e+00
2.626057299135708e+00 9.284319894054949e-02 0.000000000000000e+00
2.626371458401067e+00 9.296474811664045e-02 0.000000000000000e+00
2.626685617666426e+00 9.308356527586290e-02 0.000000000000000e+00
2.626999776931785e+00 9.319961719070093e-02 0.000000000000000e+00
2.627313936197144e+00 9.331287133985341e-02 0.000000000000000e+00
2.627628095462503e+00 9.342329591703177e-02 0.000000000000000e+00
2.627942254727862e+00 9.353085983957606e-02 0.000000000000000e+00
2.628256413993221e+00 9.363553275688676e-02 0.000000000000000e+00
2.628570573258580e+00 9.373728505867034e-02 0.000000000000000e+00
2.628884732523939e+00 9.383608788299629e-02 0.000000000000000e+00
2.629198891789298e+00 9.393191312416307e-02 0.000000000000000e+00
2.629513051054657e+00 9.402473344037156e-02 0.000000000000000e+00
2.629827210320016e+00 9.411452226120320e-02 0.000000000000000e+00
2.630141369585375e+00 9.420125379490146e-02 0.000000000000000e+00
2.630455528850734e+00 9.428490303545388e-02 0.000000000000000e+00
2.630769688116093e+00 9.436544576947392e-02 0.000000000000000e+00
2.631083847381452e+00 9.444285858287906e-02 0.000000000000000e+00
2.631398006646811e+00 9.451711886736511e-02 0.000000000000000e+00
2.631712165912170e+00 9.458820482667396e-02 0.000000000000000e+00
2.632026325177529e+00 9.465609548265289e-02 0.000000000000000e+00
2.632340484442888e+00 9.472077068110404e-02 0.000000000000000e+00
2.632654643708247e+00 9.478221109742327e-02 0.000000000000000e+00
2.632968802973606e+00 9.484039824202531e-02 0.000000000000000e+00
2.633282962238964e+00 9.489531446555438e-02 0.000000000000000e+00
2.633597121504323e+00 9.494694296388000e-02 0.000000000000000e+00
2.633911280769683e+00 9.499526778287387e-02 0.000000000000000e+00
2.634225440035042e+00 9.504027382296940e-02 0.000000000000000e+00
2.634539599300401e+00 9.508194684350058e-02 0.000000000000000e+00
2.634853758565760e+00 9.512027346682039e-02 0.000000000000000e+00
2.635167917831118e+00 9.515524118219583e-02 0.000000000000000e+00
2.635482077096477e+00 9.518683834948083e-02 0.000000000000000e+00
2.635796236361836e+00 9.521505420256328e-02 0.000000000000000e+00
2.636110395627195e+00 9.523987885258761e-02 0.000000000000000e+00
2.636424554892554e+00 9.526130329095041e-02 0.000000000000000e+00
2.636738714157913e+00 9.527931939206936e-02 0.000000000000000e+00
2.637052873423272e+00 9.529391991592244e-02 0.000000000000000e+00
2.637367032688631e+00 9.530509851036047e-02 0.000000000000000e+00
2.637681191953990e+00 9.531284971318812e-02 0.000000000000000e+00
2.637995351219349e+00 9.531716895401574e-02 0.000000000000000e+00
2.638309510484708e+00 9.531805255587972e-02 0.000000000000000e+00
2.638623669750067e+00 9.531549773663205e-02 0.000000000000000e+00
2.638937829015426e+00 9.530950261009731e-02 0.000000000000000e+00
2.639251988280785e+00 9.530006618699825e-02 0.000000000000000e+00
2.639566147546144e+00 9.528718837564804e-02 0.000000000000000e+00
2.639880306811503e+00 9.527086998240959e-02 0.000000000000000e+00
2.640194466076862e+00 9.525111271192258e-02 0.000000000000000e+00
2.640508625342221e+00 9.522791916709614e-02 0.000000000000000e+00
2.640822784607580e+00 9.520129284886894e-02 0.000000000000000e+00
2.641136943872939e+00 9.517123815573514e-02 0.000000000000000e+00
2.641451103138298e+00 9.513776038303751e-02 0.000000000000000e+00
2.641765262403657e+00 9.510086572202693e-02 0.000000000000000e+00
2.642079421669016e+00 9.506056125868811e-02 0.000000000000000e+00
2.642393580934375e+00 9.501685497233345e-02 0.000000000000000e+00
2.642707740199734e+00 9.496975573396303e-02 0.000000000000000e+00
2.643021899465093e+00 9.491927330439232e-02 0.000000000000000e+00
2.643336058730452e+00 9.486541833214844e-02 0.000000000000000e+00
2.643650217995811e+00 9.480820235113394e-02 0.000000000000000e+00
2.643964377261170e+00 9.474763777805963e-02 0.000000000000000e+00
2.644278536526529e+00 9.468373790964778e-02 0.000000000000000e+00
2.644592695791888e+00 9.461651691960299e-02 0.000000000000000e+00
2.644906855057247e+00 9.454598985535627e-02 0.000000000000000e+00
2.645221014322606e+00 9.447217263457927e-02 0.000000000000000e+00
2.645535173587965e+00 9.439508204147035e-02 0.000000000000000e+00
2.645849332853324e+00 9.431473572281469e-02 0.000000000000000e+00
2.646163492118683e+00 9.423115218381778e-02 0.000000000000000e+00
2.646477651384042e+00 9.414435078371414e-02 0.000000000000000e+00
2.646791810649401e+00 9.405435173115111e-02 0.000000000000000e+00
2.647105969914759e+00 9.396117607935156e-02 0.000000000000000e+00
2.647420129180118e+00 9.386484572105215e-02 0.000000000000000e+00
2.647734288445478e+00 9.376538338322425e-02 0.000000000000000e+00
2.648048447710837e+00 9.366281262157232e-02 0.000000000000000e+00
2.648362606976196e+00 9.355715781481617e-02 0.000000000000000e+00
2.648676766241555e+00 9.344844415875692e-02 0.000000000000000e+00
2.648990925506914e+00 9.333669766012574e-02 0.000000000000000e+00
2.649305084772272e+00 9.322194513022104e-02 0.000000000000000e+00
2.649619244037631e+00 9.310421417833195e-02 0.000000000000000e+00
2.649933403302990e+00 9.298353320495265e-02 0.000000000000000e+00
2.650247562568349e+00 9.285993139478636e-02 0.000000000000000e+00
2.650561721833709e+00 9.273343870954320e-02 0.000000000000000e+00
2.650875881099068e+00 9.260408588053190e-02 0.000000000000000e+00
2.651190040364426e+00 9.247190440104885e-02 0.000000000000000e+00
2.651504199629785e+00 9.233692651856364e-02 0.000000000000000e+00
2.651818358895144e+00 9.219918522670743e-02 0.000000000000000e+00
2.652132518160503e+00 9.205871425706094e-02 0.000000000000000e+00
2.652446677425862e+00 9.191554807074853e-02 0.000000000000000e+00
2.652760836691221e+00 9.176972184983698e-02 0.000000000000000e+00
2.653074995956580e+00 9.162127148854389e-02 0.000000000000000e+00
2.653389155221939e+00 9.147023358425717e-02 0.000000000000000e+00
2.653703314487298e+00 9.131664542836440e-02 0.000000000000000e+00
2.654017473752657e+00 9.116054499690165e-02 0.000000000000000e+00
2.654331633018016e+00 9.100197094101647e-02 0.000000000000000e+00
2.654645792283375e+00 9.084096257725213e-02 0.000000000000000e+00
2.654959951548734e+00 9.067755987765332e-02 0.000000000000000e+00
2.655274110814093e+00 9.051180345969809e-02 0.000000000000000e+00
2.655588270079452e+00 9.034373457605481e-02 0.000000000000000e+00
2.655902429344811e+00 9.017339510417137e-02 0.000000000000000e+00
2.656216588610170e+00 9.000082753569580e-02 0.000000000000000e+00
2.656530747875529e+00 8.982607496573054e-02 0.000000000000000e+00
2.656844907140888e+00 8.964918108192829e-02 0.000000000000000e+00
2.657159066406247e+00 8.947019015342364e-02 0.000000000000000e+00
2.657473225671606e+00 8.928914701961232e-02 0.000000000000000e+00
2.657787384936965e+00 8.910609707877400e-02 0.000000000000000e+00
2.658101544202324e+00 8.892108627654537e-02 0.000000000000000e+00
2.658415703467683e+00 8.873416109424499e-02 0.000000000000000e+00
2.658729862733042e+00 8.854536853705226e-02 0.000000000000000e+00
2.659044021998401e+00 8.835475612204592e-02 0.000000000000000e+00
2.659358181263760e+00 8.816237186610250e-02 0.000000000000000e+00
2.659672340529119e+00 8.796826427365732e-02 0.000000000000000e+00
2.659986499794478e+00 8.777248232433647e-02 0.000000000000000e+00
2.660300659059837e+00 8.757507546045556e-02 0.000000000000000e+00
2.660614818325196e+00 8.737609357439306e-02 0.000000000000000e+00
2.660928977590555e+00 8.717558699584115e-02 0.000000000000000e+00
2.661243136855914e+00 8.697360647893489e-02 0.000000000000000e+00
2.661557296121273e+00 8.677020318926515e-02 0.000000000000000e+00
2.661871455386632e+00 8.656542869077921e-02 0.000000000000000e+00
2.662185614651991e+00 8.635933493256996e-02 0.000000000000000e+00
2.662499773917350e+00 8.615197423555788e-02 0.000000000000000e+00
2.662813933182709e+00 8.594339927907088e-02 0.000000000000000e+00
2.663128092448068e+00 8.573366308732322e-02 0.000000000000000e+00
2.663442251713426e+00 8.552281901579867e-02 0.000000000000000e+00
2.663756410978785e+00 8.531092073753885e-02 0.000000000000000e+00
2.664070570244145e+00 8.509802222934520e-02 0.000000000000000e+00
2.664384729509504e+00 8.488417775789173e-02 0.000000000000000e+00
2.664698888774863e+00 8.466944186575705e-02 0.000000000000000e+00
2.665013048040222e+00 8.445386935737720e-02 0.000000000000000e+00
2.665327207305580e+00 8.423751528492335e-02 0.000000000000000e+00
2.665641366570939e+00 8.402043493410599e-02 0.000000000000000e+00
2.665955525836298e+00 8.380268380991533e-02 0.000000000000000e+00
2.666269685101657e+00 8.358431762229257e-02 0.000000000000000e+00
2.666583844367016e+00 8.336539227174401e-02 0.000000000000000e+00
2.666898003632376e+00 8.314596383489589e-02 0.000000000000000e+00
2.667212162897735e+00 8.292608854999750e-02 0.000000000000000e+00
2.667526322163093e+00 8.270582280237386e-02 0.000000000000000e+00
2.667840481428452e+00 8.248522310983285e-02 0.000000000000000e+00
2.668154640693811e+00 8.226434610803048e-02 0.000000000000000e+00
2.668468799959170e+00 8.204324853579856e-02 0.000000000000000e+00
2.668782959224529e+00 8.182198722043536e-02 0.000000000000000e+00
2.669097118489888e+00 8.160061906296945e-02 0.000000000000000e+00
2.669411277755247e+00 8.137920102339312e-02 0.000000000000000e+00
2.669725437020606e+00 8.115779010587419e-02 0.000000000000000e+00
2.670039596285965e+00 8.093644334394948e-02 0.000000000000000e+00
2.670353755551324e+00 8.071521778570150e-02 0.000000000000000e+00
2.670667914816683e+00 8.049417047892370e-02 0.000000000000000e+00
2.670982074082042e+00 8.027335845627884e-02 0.000000000000000e+00
2.671296233347401e+00 8.005283872045302e-02 0.000000000000000e+00
2.671610392612760e+00 7.983266822930779e-02 0.000000000000000e+00
2.671924551878119e+00 7.961290388104041e-02 0.000000000000000e+00
2.672238711143478e+00 7.939360249934757e-02 0.000000000000000e+00
2.672552870408837e+00 7.917482081860228e-02 0.000000000000000e+00
2.672867029674196e+00 7.895661546904609e-02 0.000000000000000e+00
2.673181188939555e+00 7.873904296200047e-02 0.000000000000000e+00
2.673495348204914e+00 7.852215967510165e-02 0.000000000000000e+00
2.673809507470273e+00 7.830602183755993e-02 0.000000000000000e+00
2.674123666735632e+00 7.809068551545321e-02 0.000000000000000e+00
2.674437826000991e+00 7.787620659705323e-02 0.000000000000000e+00
2.674751985266350e+00 7.766264077818970e-02 0.000000000000000e+00
2.675066144531709e+00 7.745004354765696e-02 0.000000000000000e+00
2.675380303797068e+00 7.723847017266783e-02 0.000000000000000e+00
2.675694463062427e+00 7.702797568435425e-02 0.000000000000000e+00
2.676008622327786e+00 7.681861486332546e-02 0.000000000000000e+00
2.676322781593145e+00 7.661044222528010e-02 0.000000000000000e+00
2.676636940858504e+00 7.640351200668093e-02 0.000000000000000e+00
2.676951100123863e+00 7.619787815049417e-02 0.000000000000000e+00
2.677265259389222e+00 7.599359429199670e-02 0.000000000000000e+00
2.677579418654580e+00 7.579071374465718e-02 0.000000000000000e+00
2.677893577919940e+00 7.558928948608998e-02 0.000000000000000e+00
2.678207737185299e+00 7.538937414409308e-02 0.000000000000000e+00
2.678521896450658e+00 7.519101998276531e-02 0.000000000000000e+00
2.678836055716017e+00 7.499427888871252e-02 0.000000000000000e+00
2.679150214981376e+00 7.479920235734394e-02 0.000000000000000e+00
2.679464374246734e+00 7.460584147926250e-02 0.000000000000000e+00
2.679778533512093e+00 7.441424692675219e-02 0.000000000000000e+00
2.680092692777452e+00 7.422446894036941e-02 0.000000000000000e+00
2.680406852042811e+00 7.403655731563485e-02 0.000000000000000e+00
2.680721011308171e+00 7.385056138983727e-02 0.000000000000000e+00
2.681035170573530e+00 7.366653002894752e-02 0.000000000000000e+00
2.681349329838888e+00 7.348451161464783e-02 0.000000000000000e+00
2.681663489104247e+00 7.330455403147962e-02 0.000000000000000e+00
2.681977648369606e+00 7.312670465411407e-02 0.000000000000000e+00
2.682291807634965e+00 7.295101033474768e-02 0.000000000000000e+00
2.682605966900324e+00 7.277751739062616e-02 0.000000000000000e+00
2.682920126165683e+00 7.260627159170087e-02 0.000000000000000e+00
2.683234285431042e+00 7.243731814842030e-02 0.000000000000000e+00
2.683548444696401e+00 7.227070169966061e-02 0.000000000000000e+00
2.683862603961760e+00 7.210646630079603e-02 0.000000000000000e+00
2.684176763227119e+00 7.194465541191793e-02 0.000000000000000e+00
2.684490922492478e+00 7.178531188619743e-02 0.000000000000000e+00
2.684805081757837e+00 7.162847795840263e-02 0.000000000000000e+00
2.685119241023196e+00 7.147419523356807e-02 0.000000000000000e+00
2.685433400288555e+00 7.132250467582213e-02 0.000000000000000e+00
2.685747559553914e+00 7.117344659737404e-02 0.000000000000000e+00
2.686061718819273e+00 7.102706064766545e-02 0.000000000000000e+00
2.686375878084632e+00 7.088338580268615e-02 0.000000000000000e+00
2.686690037349991e+00 7.074246035445990e-02 0.000000000000000e+00
2.687004196615350e+00 7.060432190070101e-02 0.000000000000000e+00
2.687318355880709e+00 7.046900733464669e-02 0.000000000000000e+00
2.687632515146068e+00 7.033655283506571e-02 0.000000000000000e+00
2.687946674411427e+00 7.020699385644566e-02 0.000000000000000e+00
2.688260833676786e+00 7.008036511936641e-02 0.000000000000000e+00
2.688574992942145e+00 6.995670060105477e-02 0.000000000000000e+00
2.688889152207504e+00 6.983603352612835e-02 0.000000000000000e+00
2.689203311472863e+00 6.971839635753056e-02 0.000000000000000e+00
2.689517470738222e+00 6.960382078765688e-02 0.000000000000000e+00
2.689831630003581e+00 6.949233772967550e-02 0.000000000000000e+00
2.690145789268940e+00 6.938397730904802e-02 0.000000000000000e+00
2.690459948534299e+00 6.927876885524664e-02 0.000000000000000e+00
2.690774107799658e+00 6.917674089367622e-02 0.000000000000000e+00
2.691088267065017e+00 6.907792113779733e-02 0.000000000000000e+00
2.691402426330376e+00 6.898233648145863e-02 0.000000000000000e+00
2.691716585595735e+00 6.889001299143535e-02 0.000000000000000e+00
2.692030744861094e+00 6.880097590017939e-02 0.000000000000000e+00
2.692344904126453e+00 6.871524959878189e-02 0.000000000000000e+00
2.692659063391812e+00 6.863285763014898e-02 0.000000000000000e+00
2.692973222657171e+00 6.855382268239495e-02 0.000000000000000e+00
2.693287381922530e+00 6.847816658245326e-02 0.000000000000000e+00
2.693601541187888e+00 6.840591028990722e-02 0.000000000000000e+00
2.693915700453247e+00 6.833707389104131e-02 0.000000000000000e+00
2.694229859718607e+00 6.827167659311836e-02 0.000000000000000e+00
2.694544018983966e+00 6.820973671887814e-02 0.000000000000000e+00
2.694858178249325e+00 6.815127170126534e-02 0.000000000000000e+00
2.695172337514684e+00 6.809629807838317e-02 0.000000000000000e+00
2.695486496780042e+00 6.804483148867813e-02 0.000000000000000e+00
2.695800656045401e+00 6.799688666635334e-02 0.000000000000000e+00
2.696114815310760e+00 6.795247743701639e-02 0.000000000000000e+00
2.696428974576119e+00 6.791161671355826e-02 0.000000000000000e+00
2.696743133841478e+00 6.787431649226784e-02 0.000000000000000e+00
2.697057293106838e+00 6.784058784918184e-02 0.000000000000000e+00
2.697371452372197e+00 6.781044093667093e-02 0.000000000000000e+00
2.697685611637555e+00 6.778388498026457e-02 0.000000000000000e+00
2.697999770902914e+00 6.776092827571281e-02 0.000000000000000e+00
2.698313930168273e+00 6.774157818628967e-02 0.000000000000000e+00
2.698628089433632e+00 6.772584114033518e-02 0.000000000000000e+00
2.698942248698991e+00 6.771372262903948e-02 0.000000000000000e+00
2.699256407964350e+00 6.770522720446823e-02 0.000000000000000e+00
2.699570567229709e+00 6.770035847783118e-02 0.000000000000000e+00
2.699884726495068e+00 6.769911911799306e-02 0.000000000000000e+00
2.700198885760427e+00 6.770151085022902e-02 0.000000000000000e+00
2.700513045025786e+00 6.770753445522226e-02 0.000000000000000e+00
2.700827204291145e+00 6.771718976830896e-02 0.000000000000000e+00
2.701141363556504e+00 6.773047567896556e-02 0.000000000000000e+00
2.701455522821863e+00 6.774739013054173e-02 0.000000000000000e+00
2.701769682087222e+00 6.776793012023968e-02 0.000000000000000e+00
2.702083841352581e+00 6.779209169933764e-02 0.000000000000000e+00
2.702398000617940e+00 6.781986997365906e-02 0.000000000000000e+00
2.702712159883299e+00 6.785125910428809e-02 0.000000000000000e+00
2.703026319148658e+00 6.788625230852924e-02 0.000000000000000e+00
2.703340478414017e+00 6.792484186111390e-02 0.000000000000000e+00
2.703654637679376e+00 6.796701909565069e-02 0.000000000000000e+00
2.703968796944735e+00 6.801277440632190e-02 0.000000000000000e+00
2.704282956210094e+00 6.806209724982354e-02 0.000000000000000e+00
2.704597115475453e+00 6.811497614755051e-02 0.000000000000000e+00
2.704911274740812e+00 6.817139868802545e-02 0.000000000000000e+00
2.705225434006171e+00 6.823135152957038e-02 0.000000000000000e+00
2.705539593271530e+00 6.829482040322182e-02 0.000000000000000e+00
2.705853752536889e+00 6.836179011588883e-02 0.000000000000000e+00
2.706167911802248e+00 6.843224455374994e-02 0.000000000000000e+00
2.706482071067607e+00 6.850616668589433e-02 0.000000000000000e+00
2.706796230332966e+00 6.858353856820025e-02 0.000000000000000e+00
2.707110389598325e+00 6.866434134745414e-02 0.000000000000000e+00
2.707424548863684e+00 6.874855526570745e-02 0.000000000000000e+00
2.707738708129042e+00 6.883615966486997e-02 0.000000000000000e+00
2.708052867394402e+00 6.892713299154143e-02 0.000000000000000e+00
2.708367026659761e+00 6.902145280207499e-02 0.000000000000000e+00
2.708681185925120e+00 6.911909576787770e-02 0.000000000000000e+00
2.708995345190479e+00 6.922003768094173e-02 0.000000000000000e+00
2.709309504455838e+00 6.932425345960726e-02 0.000000000000000e+00
2.709623663721196e+00 6.943171715455591e-02 0.000000000000000e+00
2.709937822986555e+00 6.954240195503238e-02 0.000000000000000e+00
2.710251982251914e+00 6.965628019529271e-02 0.000000000000000e+00
2.710566141517273e+00 6.977332336127884e-02 0.000000000000000e+00
2.710880300782633e+00 6.989350209751724e-02 0.000000000000000e+00
2.711194460047992e+00 7.001678621423851e-02 0.000000000000000e+00
2.711508619313351e+00 7.014314469471945e-02 0.000000000000000e+00
2.711822778578709e+00 7.027254570284240e-02 0.000000000000000e+00
2.712136937844068e+00 7.040495659087263e-02 0.000000000000000e+00
2.712451097109427e+00 7.054034390745033e-02 0.000000000000000e+00
2.712765256374786e+00 7.067867340579524e-02 0.000000000000000e+00
2.713079415640145e+00 7.081991005212371e-02 0.000000000000000e+00
2.713393574905504e+00 7.096401803427406e-02 0.000000000000000e+00
2.713707734170863e+00 7.111096077053868e-02 0.000000000000000e+00
2.714021893436222e+00 7.126070091870240e-02 0.000000000000000e+00
2.714336052701581e+00 7.141320038528173e-02 0.000000000000000e+00
2.714650211966940e+00 7.156842033496473e-02 0.000000000000000e+00
2.714964371232299e+00 7.172632120025089e-02 0.000000000000000e+00
2.715278530497658e+00 7.188686269128364e-02 0.000000000000000e+00
2.715592689763017e+00 7.205000380587828e-02 0.000000000000000e+00
2.715906849028376e+00 7.221570283974103e-02 0.000000000000000e+00
2.716221008293735e+00 7.238391739687333e-02 0.000000000000000e+00
2.716535167559094e+00 7.255460440016512e-02 0.000000000000000e+00
2.716849326824453e+00 7.272772010216928e-02 0.000000000000000e+00
2.717163486089812e+00 7.290322009605694e-02 0.000000000000000e+00
2.717477645355171e+00 7.308105932675045e-02 0.000000000000000e+00
2.717791804620530e+00 7.326119210223064e-02 0.000000000000000e+00
2.718105963885889e+00 7.344357210501765e-02 0.000000000000000e+00
2.718420123151248e+00 7.362815240381801e-02 0.000000000000000e+00
2.718734282416607e+00 7.381488546534122e-02 0.000000000000000e+00
2.719048441681966e+00 7.400372316627782e-02 0.000000000000000e+00
2.719362600947325e+00 7.419461680543729e-02 0.000000000000000e+00
2.719676760212684e+00 7.438751711604402e-02 0.000000000000000e+00
2.719990919478043e+00 7.458237427818951e-02 0.000000000000000e+00
2.720305078743402e+00 7.477913793142991e-02 0.000000000000000e+00
2.720619238008761e+00 7.497775718753757e-02 0.000000000000000e+00
2.720933397274120e+00 7.517818064339307e-02 0.000000000000000e+00
2.721247556539479e+00 7.538035639402163e-02 0.000000000000000e+00
2.721561715804838e+00 7.558423204576442e-02 0.000000000000000e+00
2.721875875070197e+00 7.578975472958777e-02 0.000000000000000e+00
2.722190034335556e+00 7.599687111452259e-02 0.000000000000000e+00
2.722504193600915e+00 7.620552742123031e-02 0.000000000000000e+00
2.722818352866274e+00 7.641566943569572e-02 0.000000000000000e+00
2.723132512131633e+00 7.662724252304005e-02 0.000000000000000e+00
2.723446671396992e+00 7.684019164145153e-02 0.000000000000000e+00
2.723760830662350e+00 7.705446135622981e-02 0.000000000000000e+00
2.724074989927709e+00 7.726999585394269e-02 0.000000000000000e+00
2.724389149193069e+00 7.748673895668651e-02 0.000000000000000e+00
2.724703308458428e+00 7.770463413645269e-02 0.000000000000000e+00
2.725017467723787e+00 7.792362452959338e-02 0.000000000000000e+00
2.725331626989146e+00 7.814365295138249e-02 0.000000000000000e+00
2.725645786254504e+00 7.836466191066858e-02 0.000000000000000e+00
2.725959945519863e+00 7.858659362461902e-02 0.000000000000000e+00
2.726274104785222e+00 7.880939003354431e-02 0.000000000000000e+00
2.726588264050581e+00 7.903299281580820e-02 0.000000000000000e+00
2.726902423315940e+00 7.925734340281171e-02 0.000000000000000e+00
2.727216582581300e+00 7.948238299405209e-02 0.000000000000000e+00
2.727530741846659e+00 7.970805257225158e-02 0.000000000000000e+00
2.727844901112017e+00 7.993429291854941e-02 0.000000000000000e+00
2.728159060377376e+00 8.016104462776058e-02 0.000000000000000e+00
2.728473219642735e+00 8.038824812368577e-02 0.000000000000000e+00
2.728787378908094e+00 8.061584367448081e-02 0.000000000000000e+00
2.729101538173453e+00 8.084377140807417e-02 0.000000000000000e+00
2.729415697438812e+00 8.107197132762983e-02 0.000000000000000e+00
2.729729856704171e+00 8.130038332705282e-02 0.000000000000000e+00
2.730044015969530e+00 8.152894720653421e-02 0.000000000000000e+00
2.730358175234889e+00 8.175760268812705e-02 0.000000000000000e+00
2.730672334500248e+00 8.198628943135623e-02 0.000000000000000e+00
2.730986493765607e+00 8.221494704885049e-02 0.000000000000000e+00
2.731300653030966e+00 8.244351512200065e-02 0.000000000000000e+00
2.731614812296325e+00 8.267193321663265e-02 0.000000000000000e+00
2.731928971561684e+00 8.290014089869546e-02 0.000000000000000e+00
2.732243130827043e+00 8.312807774996053e-02 0.000000000000000e+00
2.732557290092402e+00 8.335568338372426e-02 0.000000000000000e+00
2.732871449357761e+00 8.358289746051466e-02 0.000000000000000e+00
2.733185608623120e+00 8.380965970379488e-02 0.000000000000000e+00
2.733499767888479e+00 8.403590991566090e-02 0.000000000000000e+00
2.733813927153838e+00 8.426158799252748e-02 0.000000000000000e+00
2.734128086419197e+00 8.448663394080332e-02 0.000000000000000e+00
2.734442245684556e+00 8.471098789254206e-02 0.000000000000000e+00
2.734756404949915e+00 8.493459012107592e-02 0.000000000000000e+00
2.735070564215274e+00 8.515738105662093e-02 0.000000000000000e+00
2.735384723480633e+00 8.537930130185031e-02 0.000000000000000e+00
2.735698882745992e+00 8.560029164743541e-02 0.000000000000000e+00
2.736013042011351e+00 8.582029308754574e-02 0.000000000000000e+00
2.736327201276710e+00 8.603924683530943e-02 0.000000000000000e+00
2.736641360542069e+00 8.625709433822311e-02 0.000000000000000e+00
2.736955519807428e+00 8.647377729351248e-02 0.000000000000000e+00
2.737269679072787e+00 8.668923766344022e-02 0.000000000000000e+00
2.737583838338146e+00 8.690341769055254e-02 0.000000000000000e+00
2.737897997603504e+00 8.711625991286355e-02 0.000000000000000e+00
2.738212156868864e+00 8.732770717897427e-02 0.000000000000000e+00
2.738526316134223e+00 8.753770266311861e-02 0.000000000000000e+00
2.738840475399582e+00 8.774618988013765e-02 0.000000000000000e+00
2.739154634664941e+00 8.795311270037226e-02 0.000000000000000e+00
2.739468793930300e+00 8.815841536447734e-02 0.000000000000000e+00
2.739782953195658e+00 8.836204249814462e-02 0.000000000000000e+00
2.740097112461017e+00 8.856393912674106e-02 0.000000000000000e+00
2.740411271726376e+00 8.876405068984845e-02 0.000000000000000e+00
2.740725430991735e+00 8.896232305570789e-02 0.000000000000000e+00
2.741039590257095e+00 8.915870253556220e-02 0.000000000000000e+00
2.741353749522454e+00 8.935313589789209e-02 0.000000000000000e+00
2.741667908787813e+00 8.954557038254458e-02 0.000000000000000e+00
2.741982068053171e+00 8.973595371474791e-02 0.000000000000000e+00
2.742296227318530e+00 8.992423411901021e-02 0.000000000000000e+00
2.742610386583889e+00 9.011036033289729e-02 0.000000000000000e+00
2.742924545849248e+00 9.029428162068713e-02 0.000000000000000e+00
2.743238705114607e+00 9.047594778689716e-02 0.000000000000000e+00
2.743552864379966e+00 9.065530918968107e-02 0.000000000000000e+00
2.743867023645325e+00 9.083231675408843e-02 0.000000000000000e+00
2.744181182910684e+00 9.100692198519138e-02 0.000000000000000e+00
2.744495342176043e+00 9.117907698106327e-02 0.000000000000000e+00
2.744809501441402e+00 9.134873444561767e-02 0.000000000000000e+00
2.745123660706761e+00 9.151584770129657e-02 0.000000000000000e+00
2.745437819972120e+00 9.168037070160726e-02 0.000000000000000e+00
2.745751979237479e+00 9.184225804350414e-02 0.000000000000000e+00
2.746066138502838e+00 9.200146497961183e-02 0.000000000000000e+00
2.746380297768197e+00 9.215794743028825e-02 0.000000000000000e+00
2.746694457033556e+00 9.231166199551967e-02 0.000000000000000e+00
2.747008616298915e+00 9.246256596665091e-02 0.000000000000000e+00
2.747322775564274e+00 9.261061733794249e-02 0.000000000000000e+00
2.747636934829633e+00 9.275577481795451e-02 0.000000000000000e+00
2.747951094094992e+00 9.289799784075167e-02 0.000000000000000e+00
2.748265253360351e+00 9.303724657693060e-02 0.000000000000000e+00
2.748579412625710e+00 9.317348194446101e-02 0.000000000000000e+00
2.748893571891069e+00 9.330666561934242e-02 0.000000000000000e+00
2.749207731156428e+00 9.343676004607068e-02 0.000000000000000e+00
2.749521890421787e+00 9.356372844791407e-02 0.000000000000000e+00
2.749836049687146e+00 9.368753483699301e-02 0.000000000000000e+00
2.750150208952505e+00 9.380814402416368e-02 0.000000000000000e+00
2.750464368217864e+00 9.392552162869999e-02 0.000000000000000e+00
2.750778527483223e+00 9.403963408777463e-02 0.000000000000000e+00
2.751092686748582e+00 9.415044866573319e-02 0.000000000000000e+00
2.751406846013941e+00 9.425793346316183e-02 0.000000000000000e+00
2.751721005279300e+00 9.436205742574311e-02 0.000000000000000e+00
2.752035164544659e+00 9.446279035289998e-02 0.000000000000000e+00
2.752349323810018e+00 9.456010290622506e-02 0.000000000000000e+00
2.752663483075377e+00 9.465396661769113e-02 0.000000000000000e+00
2.752977642340736e+00 9.474435389764317e-02 0.000000000000000e+00
2.753291801606095e+00 9.483123804256703e-02 0.000000000000000e+00
2.753605960871454e+00 9.491459324263593e-02 0.000000000000000e+00
2.753920120136812e+00 9.499439458902947e-02 0.000000000000000e+00
2.754234279402171e+00 9.507061808102427e-02 0.000000000000000e+00
2.754548438667531e+00 9.514324063285512e-02 0.000000000000000e+00
2.754862597932890e+00 9.521224008034368e-02 0.000000000000000e+00
2.755176757198249e+00 9.527759518729326e-02 0.000000000000000e+00
2.755490916463608e+00 9.533928565164765e-02 0.000000000000000e+00
2.755805075728967e+00 9.539729211141261e-02 0.000000000000000e+00
2.756119234994325e+00 9.545159615033742e-02 0.000000000000000e+00
2.756433394259684e+00 9.550218030335744e-02 0.000000000000000e+00
2.756747553525043e+00 9.554902806179158e-02 0.000000000000000e+00
2.757061712790402e+00 9.559212387829780e-02 0.000000000000000e+00
2.757375872055762e+00 9.563145317158259e-02 0.000000000000000e+00
2.757690031321121e+00 9.566700233086360e-02 0.000000000000000e+00
2.758004190586479e+00 9.569875872008457e-02 0.000000000000000e+00
2.758318349851838e+00 9.572671068188067e-02 0.000000000000000e+00
2.758632509117197e+00 9.575084754129266e-02 0.000000000000000e+00
2.758946668382556e+00 9.577115960923099e-02 0.000000000000000e+00
2.759260827647915e+00 9.578763818568543e-02 0.000000000000000e+00
2.759574986913274e+00 9.580027556268245e-02 0.000000000000000e+00
2.759889146178633e+00 9.580906502698690e-02 0.000000000000000e+00
2.760203305443992e+00 9.581400086254879e-02 0.000000000000000e+00
2.760517464709351e+00 9.581507835269332e-02 0.000000000000000e+00
2.760831623974710e+00 9.581229378205401e-02 0.000000000000000e+00
2.761145783240069e+00 9.580564443824859e-02 0.000000000000000e+00
2.761459942505428e+00 9.579512861329534e-02 0.000000000000000e+00
2.761774101770787e+00 9.578074560477215e-02 0.000000000000000e+00
2.762088261036146e+00 9.576249571671440e-02 0.000000000000000e+00
2.762402420301505e+00 9.574038026025501e-02 0.000000000000000e+00
2.762716579566864e+00 9.571440155400238e-02 0.000000000000000e+00
2.763030738832223e+00 9.568456292415999e-02 0.000000000000000e+00
2.763344898097582e+00 9.565086870438333e-02 0.000000000000000e+00
2.763659057362941e+00 9.561332423537765e-02 0.000000000000000e+00
2.763973216628300e+00 9.557193586423465e-02 0.000000000000000e+00
2.764287375893659e+00 9.552671094350730e-02 0.000000000000000e+00
2.764601535159018e+00 9.547765783002518e-02 0.000000000000000e+00
2.764915694424377e+00 9.542478588344847e-02 0.000000000000000e+00
2.765229853689736e+00 9.536810546456187e-02 0.000000000000000e+00
2.765544012955095e+00 9.530762793330766e-02 0.000000000000000e+00
2.765858172220454e+00 9.524336564655986e-02 0.000000000000000e+00
2.766172331485813e+00 9.517533195563868e-02 0.000000000000000e+00
2.766486490751172e+00 9.510354120356443e-02 0.000000000000000e+00
2.766800650016531e+00 9.502800872205611e-02 0.000000000000000e+00
2.767114809281890e+00 9.494875082826852e-02 0.000000000000000e+00
2.767428968547249e+00 9.486578482127560e-02 0.000000000000000e+00
2.767743127812608e+00 9.477912897829410e-02 0.000000000000000e+00
2.768057287077966e+00 9.468880255065415e-02 0.000000000000000e+00
2.768371446343326e+00 9.459482575951300e-02 0.000000000000000e+00
2.768685605608685e+00 9.449721979131677e-02 0.000000000000000e+00
2.768999764874044e+00 9.439600679300758e-02 0.000000000000000e+00
2.769313924139403e+00 9.429120986697984e-02 0.000000000000000e+00
2.769628083404762e+00 9.418285306578547e-02 0.000000000000000e+00
2.769942242670120e+00 9.407096138658978e-02 0.000000000000000e+00
2.770256401935479e+00 9.395556076537838e-02 0.000000000000000e+00
2.770570561200838e+00 9.383667807091892e-02 0.000000000000000e+00
2.770884720466197e+00 9.371434109847453e-02 0.000000000000000e+00
2.771198879731557e+00 9.358857856327606e-02 0.000000000000000e+00
2.771513038996916e+00 9.345942009374934e-02 0.000000000000000e+00
2.771827198262275e+00 9.332689622450284e-02 0.000000000000000e+00
2.772141357527633e+00 9.319103838907529e-02 0.000000000000000e+00
2.772455516792992e+00 9.305187891244540e-02 0.000000000000000e+00
2.772769676058351e+00 9.290945100330691e-02 0.000000000000000e+00
2.773083835323710e+00 9.276378874610804e-02 0.000000000000000e+00
2.773397994589069e+00 9.261492709285951e-02 0.000000000000000e+00
2.773712153854428e+00 9.246290185471186e-02 0.000000000000000e+00
2.774026313119787e+00 9.230774969330557e-02 0.000000000000000e+00
2.774340472385146e+00 9.214950811189232e-02 0.000000000000000e+00
2.774654631650505e+00 9.198821544623643e-02 0.000000000000000e+00
2.774968790915864e+00 9.182391085529032e-02 0.000000000000000e+00
2.775282950181223e+00 9.165663431165297e-02 0.000000000000000e+00
2.775597109446582e+00 9.148642659180968e-02 0.000000000000000e+00
2.775911268711941e+00 9.131332926615709e-02 0.000000000000000e+00
2.776225427977300e+00 9.113738468881644e-02 0.000000000000000e+00
2.776539587242659e+00 9.095863598723564e-02 0.000000000000000e+00
2.776853746508018e+00 9.077712705158503e-02 0.000000000000000e+00
2.777167905773377e+00 9.059290252394681e-02 0.000000000000000e+00
2.777482065038736e+00 9.040600778730312e-02 0.000000000000000e+00
2.777796224304095e+00 9.021648895432424e-02 0.000000000000000e+00
2.778110383569454e+00 9.002439285596010e-02 0.000000000000000e+00
2.778424542834813e+00 8.982976702983647e-02 0.000000000000000e+00
2.778738702100172e+00 8.963265970846190e-02 0.000000000000000e+00
2.779052861365531e+00 8.943311980724547e-02 0.000000000000000e+00
2.779367020630890e+00 8.923119691232807e-02 0.000000000000000e+00
2.779681179896249e+00 8.902694126823396e-02 0.000000000000000e+00
2.779995339161608e+00 8.882040376533901e-02 0.000000000000000e+00
2.780309498426967e+00 8.861163592716714e-02 0.000000000000000e+00
2.780623657692326e+00 8.840068989751015e-02 0.000000000000000e+00
2.780937816957685e+00 8.818761842738025e-02 0.000000000000000e+00
2.781251976223044e+00 8.797247486179423e-02 0.000000000000000e+00
2.781566135488403e+00 8.775531312639426e-02 0.000000000000000e+00
2.781880294753762e+00 8.753618771391075e-02 0.000000000000000e+00
2.782194454019121e+00 8.731515367046550e-02 0.000000000000000e+00
2.782508613284480e+00 8.709226658172370e-02 0.000000000000000e+00
2.782822772549839e+00 8.686758255889601e-02 0.000000000000000e+00
2.783136931815198e+00 8.664115822459395e-02 0.000000000000000e+00
2.783451091080557e+00 8.641305069854088e-02 0.000000000000000e+00
2.783765250345916e+00 8.618331758314836e-02 0.000000000000000e+00
2.784079409611274e+00 8.595201694895144e-02 0.000000000000000e+00
2.784393568876633e+00 8.571920731991550e-02 0.000000000000000e+00
2.784707728141993e+00 8.548494765861453e-02 0.000000000000000e+00
2.785021887407352e+00 8.524929735128395e-02 0.000000000000000e+00
2.785336046672711e+00 8.501231619275286e-02 0.000000000000000e+00
2.785650205938070e+00 8.477406437126017e-02 0.000000000000000e+00
2.785964365203429e+00 8.453460245315673e-02 0.000000000000000e+00
2.786278524468787e+00 8.429399136749886e-02 0.000000000000000e+00
2.786592683734146e+00 8.405229239053527e-02 0.000000000000000e+00
2.786906842999505e+00 8.380956713009417e-02 0.000000000000000e+00
2.787221002264864e+00 8.356587750987293e-02 0.000000000000000e+00
2.787535161530224e+00 8.332128575363199e-02 0.000000000000000e+00
2.787849320795583e+00 8.307585436930062e-02 0.000000000000000e+00
2.788163480060941e+00 8.282964613299894e-02 0.000000000000000e+00
2.788477639326300e+00 8.258272407297451e-02 0.000000000000000e+00
2.788791798591659e+00 8.233515145346555e-02 0.000000000000000e+00
2.789105957857018e+00 8.208699175848824e-02 0.000000000000000e+00
2.789420117122377e+00 8.183830867555562e-02 0.000000000000000e+00
2.789734276387736e+00 8.158916607933318e-02 0.000000000000000e+00
2.790048435653095e+00 8.133962801522911e-02 0.000000000000000e+00
2.790362594918454e+00 8.108975868293343e-02 0.000000000000000e+00
2.790676754183813e+00 8.083962241990031e-02 0.000000000000000e+00
2.790990913449172e+00 8.058928368478502e-02 0.000000000000000e+00
2.791305072714531e+00 8.033880704083446e-02 0.000000000000000e+00
2.791619231979890e+00 8.008825713923992e-02 0.000000000000000e+00
2.791933391245249e+00 7.983769870245321e-02 0.000000000000000e+00
2.792247550510608e+00 7.958719650747118e-02 0.000000000000000e+00
2.792561709775967e+00 7.933681536909430e-02 0.000000000000000e+00
2.792875869041326e+00 7.908662012316148e-02 0.000000000000000e+00
2.793190028306685e+00 7.883667560976909e-02 0.000000000000000e+00
2.793504187572044e+00 7.858704665646996e-02 0.000000000000000e+00
2.793818346837403e+00 7.833779806147084e-02 0.000000000000000e+00
2.794132506102762e+00 7.808899457681728e-02 0.000000000000000e+00
2.794446665368121e+00 7.784070089157930e-02 0.000000000000000e+00
2.794760824633480e+00 7.759298161504435e-02 0.000000000000000e+00
2.795074983898839e+00 7.734590125991184e-02 0.000000000000000e+00
2.795389143164198e+00 7.709952422550370e-02 0.000000000000000e+00
2.795703302429557e+00 7.685391478098751e-02 0.000000000000000e+00
2.796017461694916e+00 7.660913704862489e-02 0.000000000000000e+00
2.796331620960275e+00 7.636525498704032e-02 0.000000000000000e+00
2.796645780225634e+00 7.612233237452065e-02 0.000000000000000e+00
2.796959939490993e+00 7.588043279234961e-02 0.000000000000000e+00
2.797274098756352e+00 7.563961960817775e-02 0.000000000000000e+00
2.797588258021711e+00 7.539995595943580e-02 0.000000000000000e+00
2.797902417287070e+00 7.516150473679400e-02 0.000000000000000e+00
2.798216576552429e+00 7.492432856767282e-02 0.000000000000000e+00
2.798530735817788e+00 7.468848979980655e-02 0.000000000000000e+00
2.798844895083147e+00 7.445405048487017e-02 0.000000000000000e+00
2.799159054348506e+00 7.422107236216516e-02 0.000000000000000e+00
2.799473213613865e+00 7.398961684237546e-02 0.000000000000000e+00
2.799787372879224e+00 7.375974499139623e-02 0.000000000000000e+00
2.800101532144583e+00 7.353151751423599e-02 0.000000000000000e+00
2.800415691409941e+00 7.330499473900284e-02 0.000000000000000e+00
2.800729850675300e+00 7.308023660097021e-02 0.000000000000000e+00
2.801044009940659e+00 7.285730262673784e-02 0.000000000000000e+00
2.801358169206019e+00 7.263625191847992e-02 0.000000000000000e+00
2.801672328471378e+00 7.241714313829326e-02 0.000000000000000e+00
2.801986487736737e+00 7.220003449264584e-02 0.000000000000000e+00
2.802300647002095e+00 7.198498371693021e-02 0.000000000000000e+00
2.802614806267454e+00 7.177204806012619e-02 0.000000000000000e+00
2.802928965532813e+00 7.156128426957822e-02 0.000000000000000e+00
2.803243124798172e+00 7.135274857588750e-02 0.000000000000000e+00
2.803557284063531e+00 7.114649667792813e-02 0.000000000000000e+00
2.803871443328890e+00 7.094258372798529e-02 0.000000000000000e+00
2.804185602594249e+00 7.074106431702668e-02 0.000000000000000e+00
2.804499761859608e+00 7.054199246010126e-02 0.000000000000000e+00
2.804813921124967e+00 7.034542158188226e-02 0.000000000000000e+00
2.805128080390326e+00 7.015140450234317e-02 0.000000000000000e+00
2.805442239655685e+00 6.995999342258455e-02 0.000000000000000e+00
2.805756398921044e+00 6.977123991080411e-02 0.000000000000000e+00
2.806070558186403e+00 6.958519488842276e-02 0.000000000000000e+00
2.806384717451762e+00 6.940190861636439e-02 0.000000000000000e+00
2.806698876717121e+00 6.922143068149392e-02 0.000000000000000e+00
2.807013035982480e+00 6.904380998322059e-02 0.000000000000000e+00
2.807327195247839e+00 6.886909472026641e-02 0.000000000000000e+00
2.807641354513198e+00 6.869733237760478e-02 0.000000000000000e+00
2.807955513778557e+00 6.852856971357268e-02 0.000000000000000e+00
2.808269673043916e+00 6.836285274716021e-02 0.000000000000000e+00
2.808583832309275e+00 6.820022674547890e-02 0.000000000000000e+00
2.808897991574634e+00 6.804073621141626e-02 0.000000000000000e+00
2.809212150839993e+00 6.788442487147639e-02 0.000000000000000e+00
2.809526310105352e+00 6.773133566380889e-02 0.000000000000000e+00
2.809840469370711e+00 6.758151072643442e-02 0.000000000000000e+00
2.810154628636070e+00 6.743499138566542e-02 0.000000000000000e+00
2.810468787901429e+00 6.729181814472664e-02 0.000000000000000e+00
2.810782947166788e+00 6.715203067257834e-02 0.000000000000000e+00
2.811097106432147e+00 6.701566779294772e-02 0.000000000000000e+00
2.811411265697506e+00 6.688276747356581e-02 0.000000000000000e+00
2.811725424962865e+00 6.675336681561872e-02 0.000000000000000e+00
2.812039584228224e+00 6.662750204341322e-02 0.000000000000000e+00
2.812353743493583e+00 6.650520849425967e-02 0.000000000000000e+00
2.812667902758942e+00 6.638652060857438e-02 0.000000000000000e+00
2.812982062024301e+00 6.627147192020744e-02 0.000000000000000e+00
2.813296221289660e+00 6.616009504699430e-02 0.000000000000000e+00
2.813610380555019e+00 6.605242168153598e-02 0.000000000000000e+00
2.813924539820378e+00 6.594848258221105e-02 0.000000000000000e+00
2.814238699085736e+00 6.584830756442042e-02 0.000000000000000e+00
2.814552858351095e+00 6.575192549206792e-02 0.000000000000000e+00
2.814867017616455e+00 6.565936426927919e-02 0.000000000000000e+00
2.815181176881814e+00 6.557065083236194e-02 0.000000000000000e+00
2.815495336147173e+00 6.548581114200715e-02 0.000000000000000e+00
2.815809495412532e+00 6.540487017573780e-02 0.000000000000000e+00
2.816123654677891e+00 6.532785192060180e-02 0.000000000000000e+00
2.816437813943249e+00 6.525477936611737e-02 0.000000000000000e+00
2.816751973208608e+00 6.518567449746630e-02 0.000000000000000e+00
2.817066132473967e+00 6.512055828894389e-02 0.000000000000000e+00
2.817380291739326e+00 6.505945069766074e-02 0.000000000000000e+00
2.817694451004686e+00 6.500237065750369e-02 0.000000000000000e+00
2.818008610270045e+00 6.494933607335429e-02 0.000000000000000e+00
2.818322769535403e+00 6.490036381556852e-02 0.000000000000000e+00
2.818636928800762e+00 6.485546971471652e-02 0.000000000000000e+00
2.818951088066121e+00 6.481466855658943e-02 0.000000000000000e+00
2.819265247331480e+00 6.477797407746749e-02 0.000000000000000e+00
2.819579406596839e+00 6.474539895965675e-02 0.000000000000000e+00
2.819893565862198e+00 6.471695482729327e-02 0.000000000000000e+00
2.820207725127557e+00 6.469265224241656e-02 0.000000000000000e+00
2.820521884392916e+00 6.467250070131272e-02 0.000000000000000e+00
2.820836043658275e+00 6.465650863112966e-02 0.000000000000000e+00
2.821150202923634e+00 6.464468338676543e-02 0.000000000000000e+00
2.821464362188993e+00 6.463703124802882e-02 0.000000000000000e+00
2.821778521454352e+00 6.463355741707572e-02 0.000000000000000e+00
2.822092680719711e+00 6.463426601612124e-02 0.000000000000000e+00
2.822406839985070e+00 6.463916008542624e-02 0.000000000000000e+00
2.822720999250429e+00 6.464824158156317e-02 0.000000000000000e+00
2.823035158515788e+00 6.466151137595831e-02 0.000000000000000e+00
2.823349317781147e+00 6.467896925371265e-02 0.000000000000000e+00
2.823663477046506e+00 6.470061391270164e-02 0.000000000000000e+00
2.823977636311865e+00 6.472644296295421e-02 0.000000000000000e+00
2.824291795577224e+00 6.475645292631196e-02 0.000000000000000e+00
2.824605954842583e+00 6.479063923636702e-02 0.000000000000000e+00
2.824920114107942e+00 6.482899623868210e-02 0.000000000000000e+00
2.825234273373301e+00 6.487151719128954e-02 0.000000000000000e+00
2.825548432638660e+00 6.491819426547170e-02 0.000000000000000e+00
2.825862591904019e+00 6.496901854682102e-02 0.000000000000000e+00
2.826176751169378e+00 6.502398003658197e-02 0.000000000000000e+00
2.826490910434737e+00 6.508306765327236e-02 0.000000000000000e+00
2.826805069700096e+00 6.514626923458564e-02 0.000000000000000e+00
2.827119228965455e+00 6.521357153957222e-02 0.000000000000000e+00
2.827433388230814e+00 6.528496025110188e-02 0.000000000000000e+00
2.827747547496173e+00 6.536041997860406e-02 0.000000000000000e+00
2.828061706761532e+00 6.543993426108823e-02 0.000000000000000e+00
2.828375866026891e+00 6.552348557044119e-02 0.000000000000000e+00
2.828690025292250e+00 6.561105531500365e-02 0.000000000000000e+00
2.829004184557609e+00 6.570262384342204e-02 0.000000000000000e+00
2.829318343822968e+00 6.579817044877839e-02 0.000000000000000e+00
2.829632503088327e+00 6.589767337299357e-02 0.000000000000000e+00
2.829946662353686e+00 6.600110981150702e-02 0.000000000000000e+00
2.830260821619045e+00 6.610845591822859e-02 0.000000000000000e+00
2.830574980884403e+00 6.621968681076344e-02 0.000000000000000e+00
2.830889140149762e+00 6.633477657590918e-02 0.000000000000000e+00
2.831203299415121e+00 6.645369827542111e-02 0.000000000000000e+00
2.831517458680481e+00 6.657642395204805e-02 0.000000000000000e+00
2.831831617945840e+00 6.670292463583580e-02 0.000000000000000e+00
2.832145777211199e+00 6.683317035069603e-02 0.000000000000000e+00
2.832459936476557e+00 6.696713012124041e-02 0.000000000000000e+00
2.832774095741916e+00 6.710477197987905e-02 0.000000000000000e+00
2.833088255007275e+00 6.724606297417782e-02 0.000000000000000e+00
2.833402414272634e+00 6.739096917447855e-02 0.000000000000000e+00
2.833716573537993e+00 6.753945568177651e-02 0.000000000000000e+00
2.834030732803352e+00 6.769148663585346e-02 0.000000000000000e+00
2.834344892068712e+00 6.784702522366717e-02 0.000000000000000e+00
2.834659051334070e+00 6.800603368799087e-02 0.000000000000000e+00
2.834973210599429e+00 6.816847333630774e-02 0.000000000000000e+00
2.835287369864788e+00 6.833430454994872e-02 0.000000000000000e+00
2.835601529130147e+00 6.850348679348101e-02 0.000000000000000e+00
2.835915688395506e+00 6.867597862433847e-02 0.000000000000000e+00
2.836229847660865e+00 6.885173770269573e-02 0.000000000000000e+00
2.836544006926224e+00 6.903072080158079e-02 0.000000000000000e+00
2.836858166191583e+00 6.921288381722525e-02 0.000000000000000e+00
2.837172325456942e+00 6.939818177964997e-02 0.000000000000000e+00
2.837486484722301e+00 6.958656886348195e-02 0.000000000000000e+00
2.837800643987660e+00 6.977799839900216e-02 0.000000000000000e+00
2.838114803253019e+00 6.997242288342084e-02 0.000000000000000e+00
2.838428962518378e+00 7.016979399237522e-02 0.000000000000000e+00
2.838743121783737e+00 7.037006259165145e-02 0.000000000000000e+00
2.839057281049096e+00 7.057317874912425e-02 0.000000000000000e+00
2.839371440314455e+00 7.077909174691162e-02 0.000000000000000e+00
2.839685599579814e+00 7.098775009374515e-02 0.000000000000000e+00
2.839999758845173e+00 7.119910153754837e-02 0.000000000000000e+00
2.840313918110532e+00 7.141309307822297e-02 0.000000000000000e+00
2.840628077375891e+00 7.162967098063927e-02 0.000000000000000e+00
2.840942236641250e+00 7.184878078782719e-02 0.000000000000000e+00
2.841256395906609e+00 7.207036733436507e-02 0.000000000000000e+00
2.841570555171968e+00 7.229437475996169e-02 0.000000000000000e+00
2.841884714437327e+00 7.252074652323263e-02 0.000000000000000e+00
2.842198873702686e+00 7.274942541566054e-02 0.000000000000000e+00
2.842513032968045e+00 7.298035357574130e-02 0.000000000000000e+00
2.842827192233404e+00 7.321347250331359e-02 0.000000000000000e+00
2.843141351498763e+00 7.344872307406036e-02 0.000000000000000e+00
2.843455510764122e+00 7.368604555418806e-02 0.000000000000000e+00
2.843769670029481e+00 7.392537961527693e-02 0.000000000000000e+00
2.844083829294840e+00 7.416666434929368e-02 0.000000000000000e+00
2.844397988560199e+00 7.440983828377033e-02 0.000000000000000e+00
2.844712147825557e+00 7.465483939714189e-02 0.000000000000000e+00
2.845026307090917e+00 7.490160513423817e-02 0.000000000000000e+00
2.845340466356276e+00 7.515007242192705e-02 0.000000000000000e+00
2.845654625621635e+00 7.540017768490657e-02 0.000000000000000e+00
2.845968784886994e+00 7.565185686163943e-02 0.000000000000000e+00
2.846282944152353e+00 7.590504542043000e-02 0.000000000000000e+00
2.846597103417711e+00 7.615967837563099e-02 0.000000000000000e+00
2.846911262683070e+00 7.641569030399065e-02 0.000000000000000e+00
2.847225421948429e+00 7.667301536111924e-02 0.000000000000000e+00
2.847539581213788e+00 7.693158729808465e-02 0.000000000000000e+00
2.847853740479148e+00 7.719133947812368e-02 0.000000000000000e+00
2.848167899744507e+00 7.745220489347306e-02 0.000000000000000e+00
2.848482059009865e+00 7.771411618230634e-02 0.000000000000000e+00
2.848796218275224e+00 7.797700564578267e-02 0.000000000000000e+00
2.849110377540583e+00 7.824080526519271e-02 0.000000000000000e+00
2.849424536805942e+00 7.850544671920832e-02 0.000000000000000e+00
2.849738696071301e+00 7.877086140122261e-02 0.000000000000000e+00
2.850052855336660e+00 7.903698043678030e-02 0.000000000000000e+00
2.850367014602019e+00 7.930373470109400e-02 0.000000000000000e+00
2.850681173867378e+00 7.957105483664115e-02 0.000000000000000e+00
2.850995333132737e+00 7.983887127083709e-02 0.000000000000000e+00
2.851309492398096e+00 8.010711423377929e-02 0.000000000000000e+00
2.851623651663455e+00 8.037571377606031e-02 0.000000000000000e+00
2.851937810928814e+00 8.064459978664368e-02 0.000000000000000e+00
2.852251970194173e+00 8.091370201079733e-02 0.000000000000000e+00
2.852566129459532e+00 8.118295006808138e-02 0.000000000000000e+00
2.852880288724891e+00 8.145227347038542e-02 0.000000000000000e+00
2.853194447990250e+00 8.172160164001087e-02 0.000000000000000e+00
2.853508607255609e+00 8.199086392779160e-02 0.000000000000000e+00
2.853822766520968e+00 8.225998963125471e-02 0.000000000000000e+00
2.854136925786327e+00 8.252890801280598e-02 0.000000000000000e+00
2.854451085051686e+00 8.279754831794735e-02 0.000000000000000e+00
2.854765244317045e+00 8.306583979351274e-02 0.000000000000000e+00
2.855079403582404e+00 8.333371170592353e-02 0.000000000000000e+00
2.855393562847763e+00 8.360109335945323e-02 0.000000000000000e+00
2.855707722113122e+00 8.386791411450228e-02 0.000000000000000e+00
2.856021881378481e+00 8.413410340587729e-02 0.000000000000000e+00
2.856336040643840e+00 8.439959076106451e-02 0.000000000000000e+00
2.856650199909199e+00 8.466430581849999e-02 0.000000000000000e+00
2.856964359174558e+00 8.492817834583104e-02 0.000000000000000e+00
2.857278518439917e+00 8.519113825815647e-02 0.000000000000000e+00
2.857592677705276e+00 8.545311563624955e-02 0.000000000000000e+00
2.857906836970635e+00 8.571404074475956e-02 0.000000000000000e+00
2.858220996235994e+00 8.597384405037639e-02 0.000000000000000e+00
2.858535155501353e+00 8.623245623996750e-02 0.000000000000000e+00
2.858849314766712e+00 8.648980823867146e-02 0.000000000000000e+00
2.859163474032071e+00 8.674583122795222e-02 0.000000000000000e+00
2.859477633297430e+00 8.700045666360030e-02 0.000000000000000e+00
2.859791792562789e+00 8.725361629368390e-02 0.000000000000000e+00
2.860105951828148e+00 8.750524217644327e-02 0.000000000000000e+00
2.860420111093507e+00 8.775526669812150e-02 0.000000000000000e+00
2.860734270358865e+00 8.800362259072729e-02 0.000000000000000e+00
2.861048429624224e+00 8.825024294973073e-02 0.000000000000000e+00
2.861362588889584e+00 8.849506125167772e-02 0.000000000000000e+00
2.861676748154943e+00 8.873801137172760e-02 0.000000000000000e+00
2.861990907420302e+00 8.897902760110529e-02 0.000000000000000e+00
2.862305066685661e+00 8.921804466446165e-02 0.000000000000000e+00
2.862619225951019e+00 8.945499773714272e-02 0.000000000000000e+00
2.862933385216378e+00 8.968982246235849e-02 0.000000000000000e+00
2.863247544481737e+00 8.992245496824880e-02 0.000000000000000e+00
2.863561703747096e+00 9.015283188484119e-02 0.000000000000000e+00
2.863875863012455e+00 9.038089036089957e-02 0.000000000000000e+00
2.864190022277814e+00 9.060656808065271e-02 0.000000000000000e+00
2.864504181543174e+00 9.082980328040308e-02 0.000000000000000e+00
2.864818340808532e+00 9.105053476501358e-02 0.000000000000000e+00
2.865132500073891e+00 9.126870192426113e-02 0.000000000000000e+00
2.865446659339250e+00 9.148424474905698e-02 0.000000000000000e+00
2.865760818604609e+00 9.169710384753174e-02 0.000000000000000e+00
2.866074977869968e+00 9.190722046097388e-02 0.000000000000000e+00
2.866389137135327e+00 9.211453647962747e-02 0.000000000000000e+00
2.866703296400686e+00 9.231899445833251e-02 0.000000000000000e+00
2.867017455666045e+00 9.252053763201731e-02 0.000000000000000e+00
2.867331614931404e+00 9.271910993102678e-02 0.000000000000000e+00
2.867645774196763e+00 9.291465599628926e-02 0.000000000000000e+00
2.867959933462122e+00 9.310712119431902e-02 0.000000000000000e+00
2.868274092727481e+00 9.329645163204482e-02 0.000000000000000e+00
2.868588251992840e+00 9.348259417146333e-02 0.000000000000000e+00
2.868902411258199e+00 9.366549644411715e-02 0.000000000000000e+00
2.869216570523558e+00 9.384510686538676e-02 0.000000000000000e+00
2.869530729788917e+00 9.402137464859711e-02 0.000000000000000e+00
2.869844889054276e+00 9.419424981893448e-02 0.000000000000000e+00
2.870159048319635e+00 9.436368322716938e-02 0.000000000000000e+00
2.870473207584994e+00 9.452962656318072e-02 0.000000000000000e+00
2.870787366850353e+00 9.469203236927939e-02 0.000000000000000e+00
2.871101526115712e+00 9.485085405332827e-02 0.000000000000000e+00
2.871415685381071e+00 9.500604590165093e-02 0.000000000000000e+00
2.871729844646430e+00 9.515756309173012e-02 0.000000000000000e+00
2.872044003911789e+00 9.530536170469139e-02 0.000000000000000e+00
2.872358163177148e+00 9.544939873756711e-02 0.000000000000000e+00
2.872672322442507e+00 9.558963211533784e-02 0.000000000000000e+00
2.872986481707866e+00 9.572602070275080e-02 0.000000000000000e+00
2.873300640973225e+00 9.585852431590473e-02 0.000000000000000e+00
2.873614800238584e+00 9.598710373361018e-02 0.000000000000000e+00
2.873928959503943e+00 9.611172070850711e-02 0.000000000000000e+00
2.874243118769302e+00 9.623233797795122e-02 0.000000000000000e+00
2.874557278034661e+00 9.634891927465385e-02 0.000000000000000e+00
2.874871437300019e+00 9.646142933708257e-02 0.000000000000000e+00
2.875185596565379e+00 9.656983391961137e-02 0.000000000000000e+00
2.875499755830738e+00 9.667409980242336e-02 0.000000000000000e+00
2.875813915096097e+00 9.677419480115965e-02 0.000000000000000e+00
2.876128074361456e+00 9.687008777631445e-02 0.000000000000000e+00
2.876442233626815e+00 9.696174864237100e-02 0.000000000000000e+00
2.876756392892173e+00 9.704914837667865e-02 0.000000000000000e+00
2.877070552157532e+00 9.713225902806605e-02 0.000000000000000e+00
2.877384711422891e+00 9.721105372518826e-02 0.000000000000000e+00
2.877698870688250e+00 9.728550668460881e-02 0.000000000000000e+00
2.878013029953610e+00 9.735559321860818e-02 0.000000000000000e+00
2.878327189218969e+00 9.742128974272349e-02 0.000000000000000e+00
2.878641348484328e+00 9.748257378301108e-02 0.000000000000000e+00
2.878955507749686e+00 9.753942398303359e-02 0.000000000000000e+00
2.879269667015045e+00 9.759182011056858e-02 0.000000000000000e+00
2.879583826280404e+00 9.763974306403590e-02 0.000000000000000e+00
2.879897985545763e+00 9.768317487864285e-02 0.000000000000000e+00
2.880212144811122e+00 9.772209873224459e-02 0.000000000000000e+00
2.880526304076481e+00 9.775649895091928e-02 0.000000000000000e+00
2.880840463341840e+00 9.778636101425410e-02 0.000000000000000e+00
2.881154622607199e+00 9.781167156034254e-02 0.000000000000000e+00
2.881468781872558e+00 9.783241839049026e-02 0.000000000000000e+00
2.881782941137917e+00 9.784859047362890e-02 0.000000000000000e+00
2.882097100403276e+00 9.786017795043517e-02 0.000000000000000e+00
2.882411259668635e+00 9.786717213715494e-02 0.000000000000000e+00
2.882725418933994e+00 9.786956552913112e-02 0.000000000000000e+00
2.883039578199353e+00 9.786735180403328e-02 0.000000000000000e+00
2.883353737464712e+00 9.786052582478753e-02 0.000000000000000e+00
2.883667896730071e+00 9.784908364220929e-02 0.000000000000000e+00
2.883982055995430e+00 9.783302249733122e-02 0.000000000000000e+00
2.884296215260789e+00 9.781234082343220e-02 0.000000000000000e+00
2.884610374526148e+00 9.778703824776284e-02 0.000000000000000e+00
2.884924533791507e+00 9.775711559296711e-02 0.000000000000000e+00
2.885238693056866e+00 9.772257487820048e-02 0.000000000000000e+00
2.885552852322225e+00 9.768341931994336e-02 0.000000000000000e+00
2.885867011587584e+00 9.763965333250847e-02 0.000000000000000e+00
2.886181170852943e+00 9.759128252824420e-02 0.000000000000000e+00
2.886495330118302e+00 9.753831371743045e-02 0.000000000000000e+00
2.886809489383661e+00 9.748075490786964e-02 0.000000000000000e+00
2.887123648649020e+00 9.741861530416925e-02 0.000000000000000e+00
2.887437807914379e+00 9.735190530671996e-02 0.000000000000000e+00
2.887751967179738e+00 9.728063651036591e-02 0.000000000000000e+00
2.888066126445097e+00 9.720482170276819e-02 0.000000000000000e+00
2.888380285710456e+00 9.712447486246259e-02 0.000000000000000e+00
2.888694444975815e+00 9.703961115661069e-02 0.000000000000000e+00
2.889008604241174e+00 9.695024693844394e-02 0.000000000000000e+00
2.889322763506533e+00 9.685639974440316e-02 0.000000000000000e+00
2.889636922771892e+00 9.675808829097285e-02 0.000000000000000e+00
2.889951082037251e+00 9.665533247120939e-02 0.000000000000000e+00
2.890265241302610e+00 9.654815335096577e-02 0.000000000000000e+00
2.890579400567969e+00 9.643657316481255e-02 0.000000000000000e+00
2.890893559833327e+00 9.632061531165670e-02 0.000000000000000e+00
2.891207719098686e+00 9.620030435005553e-02 0.000000000000000e+00
2.891521878364046e+00 9.607566599323378e-02 0.000000000000000e+00
2.891836037629405e+00 9.594672710379593e-02 0.000000000000000e+00
2.892150196894764e+00 9.581351568814259e-02 0.000000000000000e+00
2.892464356160123e+00 9.567606089058706e-02 0.000000000000000e+00
2.892778515425481e+00 9.553439298717523e-02 0.000000000000000e+00
2.893092674690840e+00 9.538854337920952e-02 0.000000000000000e+00
2.893406833956199e+00 9.523854458647951e-02 0.000000000000000e+00
2.893720993221558e+00 9.508443024019855e-02 0.000000000000000e+00
2.894035152486917e+00 9.492623507564887e-02 0.000000000000000e+00
2.894349311752276e+00 9.476399492453716e-02 0.000000000000000e+00
2.894663471017636e+00 9.459774670706309e-02 0.000000000000000e+00
2.894977630282994e+00 9.442752842369734e-02 0.000000000000000e+00
2.895291789548353e+00 9.425337914668069e-02 0.000000000000000e+00
2.895605948813712e+00 9.407533901123441e-02 0.000000000000000e+00
2.895920108079071e+00 9.389344920649385e-02 0.000000000000000e+00
2.896234267344430e+00 9.370775196616049e-02 0.000000000000000e+00
2.896548426609789e+00 9.351829055887922e-02 0.000000000000000e+00
2.896862585875148e+00 9.332510927833781e-02 0.000000000000000e+00
2.897176745140507e+00 9.312825343309780e-02 0.000000000000000e+00
2.897490904405866e+00 9.292776933615178e-02 0.000000000000000e+00
2.897805063671225e+00 9.272370429421492e-02 0.000000000000000e+00
2.898119222936584e+00 9.251610659674864e-02 0.000000000000000e+00
2.898433382201943e+00 9.230502550472543e-02 0.000000000000000e+00
2.898747541467302e+00 9.209051123912818e-02 0.000000000000000e+00
2.899061700732661e+00 9.187261496919684e-02 0.000000000000000e+00
2.899375859998020e+00 9.165138880041510e-02 0.000000000000000e+00
2.899690019263379e+00 9.142688576224871e-02 0.000000000000000e+00
2.900004178528738e+00 9.119915979563380e-02 0.000000000000000e+00
2.900318337794097e+00 9.096826574021631e-02 0.000000000000000e+00
2.900632497059456e+00 9.073425932134929e-02 0.000000000000000e+00
2.900946656324815e+00 9.049719713685185e-02 0.000000000000000e+00
2.901260815590174e+00 9.025713664352608e-02 0.000000000000000e+00
2.901574974855533e+00 9.001413614344472e-02 0.000000000000000e+00
2.901889134120892e+00 8.976825477000351e-02 0.000000000000000e+00
2.902203293386251e+00 8.951955247374928e-02 0.000000000000000e+00
2.902517452651610e+00 8.926809000798128e-02 0.000000000000000e+00
2.902831611916969e+00 8.901392891413266e-02 0.000000000000000e+00
2.903145771182328e+00 8.875713150693401e-02 0.000000000000000e+00
2.903459930447687e+00 8.849776085936173e-02 0.000000000000000e+00
2.903774089713046e+00 8.823588078737994e-02 0.000000000000000e+00
2.904088248978405e+00 8.797155583447175e-02 0.000000000000000e+00
2.904402408243764e+00 8.770485125596775e-02 0.000000000000000e+00
2.904716567509123e+00 8.743583300317684e-02 0.000000000000000e+00
2.905030726774481e+00 8.716456770732194e-02 0.000000000000000e+00
2.905344886039841e+00 8.689112266327972e-02 0.000000000000000e+00
2.905659045305200e+00 8.661556581313859e-02 0.000000000000000e+00
2.905973204570559e+00 8.633796572957017e-02 0.000000000000000e+00
2.906287363835918e+00 8.605839159901787e-02 0.000000000000000e+00
2.906601523101277e+00 8.577691320471609e-02 0.000000000000000e+00
2.906915682366635e+00 8.549360090953156e-02 0.000000000000000e+00
2.907229841631994e+00 8.520852563864070e-02 0.000000000000000e+00
2.907544000897353e+00 8.492175886204517e-02 0.000000000000000e+00
2.907858160162712e+00 8.463337257692322e-02 0.000000000000000e+00
2.908172319428072e+00 8.434343928983025e-02 0.000000000000000e+00
2.908486478693431e+00 8.405203199874883e-02 0.000000000000000e+00
2.908800637958790e+00 8.375922417499135e-02 0.000000000000000e+00
2.909114797224148e+00 8.346508974496050e-02 0.000000000000000e+00
2.909428956489507e+00 8.316970307177474e-02 0.000000000000000e+00
2.909743115754866e+00 8.287313893676028e-02 0.000000000000000e+00
2.910057275020225e+00 8.257547252081315e-02 0.000000000000000e+00
2.910371434285584e+00 8.227677938564092e-02 0.000000000000000e+00
2.910685593550943e+00 8.197713545488294e-02 0.000000000000000e+00
2.910999752816302e+00 8.167661699511600e-02 0.000000000000000e+00
2.911313912081661e+00 8.137530059675337e-02 0.000000000000000e+00
2.911628071347020e+00 8.107326315483536e-02 0.000000000000000e+00
2.911942230612379e+00 8.077058184972241e-02 0.000000000000000e+00
2.912256389877738e+00 8.046733412769042e-02 0.000000000000000e+00
2.912570549143097e+00 8.016359768143809e-02 0.000000000000000e+00
2.912884708408456e+00 7.985945043050507e-02 0.000000000000000e+00
2.913198867673815e+00 7.955497050161398e-02 0.000000000000000e+00
2.913513026939174e+00 7.925023620892920e-02 0.000000000000000e+00
2.913827186204533e+00 7.894532603425314e-02 0.000000000000000e+00
2.914141345469892e+00 7.864031860714951e-02 0.000000000000000e+00
2.914455504735251e+00 7.833529268500639e-02 0.000000000000000e+00
2.914769664000610e+00 7.803032713304867e-02 0.000000000000000e+00
2.915083823265969e+00 7.772550090428967e-02 0.000000000000000e+00
2.915397982531328e+00 7.742089301944294e-02 0.000000000000000e+00
2.915712141796687e+00 7.711658254679404e-02 0.000000000000000e+00
2.916026301062046e+00 7.681264858202878e-02 0.000000000000000e+00
2.916340460327405e+00 7.650917022803722e-02 0.000000000000000e+00
2.916654619592764e+00 7.620622657468801e-02 0.000000000000000e+00
2.916968778858123e+00 7.590389667858295e-02 0.000000000000000e+00
2.917282938123482e+00 7.560225954279380e-02 0.000000000000000e+00
2.917597097388841e+00 7.530139409659124e-02 0.000000000000000e+00
2.917911256654200e+00 7.500137917516422e-02 0.000000000000000e+00
2.918225415919559e+00 7.470229349934168e-02 0.000000000000000e+00
2.918539575184918e+00 7.440421565531666e-02 0.000000000000000e+00
2.918853734450277e+00 7.410722407438157e-02 0.000000000000000e+00
2.919167893715636e+00 7.381139701267686e-02 0.000000000000000e+00
2.919482052980995e+00 7.351681253095933e-02 0.000000000000000e+00
2.919796212246354e+00 7.322354847439587e-02 0.000000000000000e+00
2.920110371511713e+00 7.293168245238839e-02 0.000000000000000e+00
2.920424530777072e+00 7.264129181843086e-02 0.000000000000000e+00
2.920738690042431e+00 7.235245365001042e-02 0.000000000000000e+00
2.921052849307789e+00 7.206524472854876e-02 0.000000000000000e+00
2.921367008573148e+00 7.177974151939967e-02 0.000000000000000e+00
2.921681167838508e+00 7.149602015189835e-02 0.000000000000000e+00
2.921995327103867e+00 7.121415639947232e-02 0.000000000000000e+00
2.922309486369226e+00 7.093422565981937e-02 0.000000000000000e+00
2.922623645634585e+00 7.065630293515317e-02 0.000000000000000e+00
2.922937804899944e+00 7.038046281252751e-02 0.000000000000000e+00
2.923251964165302e+00 7.010677944424229e-02 0.000000000000000e+00
2.923566123430661e+00 6.983532652833005e-02 0.000000000000000e+00
2.923880282696020e+00 6.956617728914098e-02 0.000000000000000e+00
2.924194441961379e+00 6.929940445801777e-02 0.000000000000000e+00
2.924508601226739e+00 6.903508025407455e-02 0.000000000000000e+00
2.924822760492098e+00 6.877327636507991e-02 0.000000000000000e+00
2.925136919757456e+00 6.851406392845280e-02 0.000000000000000e+00
2.925451079022815e+00 6.825751351237123e-02 0.000000000000000e+00
2.925765238288174e+00 6.800369509700430e-02 0.000000000000000e+00
2.926079397553533e+00 6.775267805586990e-02 0.000000000000000e+00
2.926393556818892e+00 6.750453113731812e-02 0.000000000000000e+00
2.926707716084251e+00 6.725932244615641e-02 0.000000000000000e+00
2.927021875349610e+00 6.701711942540922e-02 0.000000000000000e+00
2.927336034614969e+00 6.677798883822532e-02 0.000000000000000e+00
2.927650193880328e+00 6.654199674993203e-02 0.000000000000000e+00
2.927964353145687e+00 6.630920851024810e-02 0.000000000000000e+00
2.928278512411046e+00 6.607968873564903e-02 0.000000000000000e+00
2.928592671676405e+00 6.585350129189989e-02 0.000000000000000e+00
2.928906830941764e+00 6.563070927675532e-02 0.000000000000000e+00
2.929220990207123e+00 6.541137500283220e-02 0.000000000000000e+00
2.929535149472482e+00 6.519555998065615e-02 0.000000000000000e+00
2.929849308737841e+00 6.498332490189467e-02 0.000000000000000e+00
2.930163468003200e+00 6.477472962277325e-02 0.000000000000000e+00
2.930477627268559e+00 6.456983314767967e-02 0.000000000000000e+00
2.930791786533918e+00 6.436869361296846e-02 0.000000000000000e+00
2.931105945799277e+00 6.417136827095744e-02 0.000000000000000e+00
2.931420105064636e+00 6.397791347413323e-02 0.000000000000000e+00
2.931734264329995e+00 6.378838465956115e-02 0.000000000000000e+00
2.932048423595354e+00 6.360283633350677e-02 0.000000000000000e+00
2.932362582860713e+00 6.342132205627370e-02 0.000000000000000e+00
2.932676742126072e+00 6.324389442726103e-02 0.000000000000000e+00
2.932990901391431e+00 6.307060507024359e-02 0.000000000000000e+00
2.933305060656790e+00 6.290150461888186e-02 0.000000000000000e+00
2.933619219922149e+00 6.273664270245990e-02 0.000000000000000e+00
2.933933379187508e+00 6.257606793186299e-02 0.000000000000000e+00
2.934247538452867e+00 6.241982788579137e-02 0.000000000000000e+00
2.934561697718226e+00 6.226796909721760e-02 0.000000000000000e+00
2.934875856983585e+00 6.212053704009216e-02 0.000000000000000e+00
2.935190016248943e+00 6.197757611629603e-02 0.000000000000000e+00
2.935504175514303e+00 6.183912964285043e-02 0.000000000000000e+00
2.935818334779662e+00 6.170523983938227e-02 0.000000000000000e+00
2.936132494045021e+00 6.157594781585073e-02 0.000000000000000e+00
2.936446653310380e+00 6.145129356053802e-02 0.000000000000000e+00
2.936760812575739e+00 6.133131592830698e-02 0.000000000000000e+00
2.937074971841098e+00 6.121605262913103e-02 0.000000000000000e+00
2.937389131106456e+00 6.110554021689638e-02 0.000000000000000e+00
2.937703290371815e+00 6.099981407848241e-02 0.000000000000000e+00
2.938017449637174e+00 6.089890842312184e-02 0.000000000000000e+00
2.938331608902534e+00 6.080285627204494e-02 0.000000000000000e+00
2.938645768167893e+00 6.071168944840790e-02 0.000000000000000e+00
2.938959927433252e+00 6.062543856751203e-02 0.000000000000000e+00
2.939274086698610e+00 6.054413302731468e-02 0.000000000000000e+00
2.939588245963969e+00 6.046780099923297e-02 0.000000000000000e+00
2.939902405229328e+00 6.039646941924669e-02 0.000000000000000e+00
2.940216564494687e+00 6.033016397930001e-02 0.000000000000000e+00
2.940530723760046e+00 6.026890911900556e-02 0.000000000000000e+00
2.940844883025405e+00 6.021272801765299e-02 0.000000000000000e+00
2.941159042290764e+00 6.016164258652566e-02 0.000000000000000e+00
2.941473201556123e+00 6.011567346152528e-02 0.000000000000000e+00
2.941787360821482e+00 6.007483999610918e-02 0.000000000000000e+00
2.942101520086841e+00 6.003916025454115e-02 0.000000000000000e+00
2.942415679352200e+00 6.000865100545746e-02 0.000000000000000e+00
2.942729838617559e+00 5.998332771575211e-02 0.000000000000000e+00
2.943043997882918e+00 5.996320454478052e-02 0.000000000000000e+00
2.943358157148277e+00 5.994829433888511e-02 0.000000000000000e+00
2.943672316413636e+00 5.993860862624469e-02 0.000000000000000e+00
2.943986475678995e+00 5.993415761204824e-02 0.000000000000000e+00
2.944300634944354e+00 5.993495017399601e-02 0.000000000000000e+00
2.944614794209713e+00 5.994099385812888e-02 0.000000000000000e+00
2.944928953475072e+00 5.995229487498545e-02 0.000000000000000e+00
2.945243112740431e+00 5.996885809609299e-02 0.000000000000000e+00
2.945557272005790e+00 5.999068705078862e-02 0.000000000000000e+00
2.945871431271149e+00 6.001778392337462e-02 0.000000000000000e+00
2.946185590536508e+00 6.005014955060860e-02 0.000000000000000e+00
2.946499749801867e+00 6.008778341952777e-02 0.000000000000000e+00
2.946813909067226e+00 6.013068366561292e-02 0.000000000000000e+00
2.947128068332585e+00 6.017884707128607e-02 0.000000000000000e+00
2.947442227597944e+00 6.023226906474938e-02 0.000000000000000e+00
2.947756386863303e+00 6.029094371916138e-02 0.000000000000000e+00
2.948070546128662e+00 6.035486375215341e-02 0.000000000000000e+00
2.948384705394021e+00 6.042402052568630e-02 0.000000000000000e+00
2.948698864659380e+00 6.049840404624674e-02 0.000000000000000e+00
2.949013023924739e+00 6.057800296538571e-02 0.000000000000000e+00
2.949327183190098e+00 6.066280458059816e-02 0.000000000000000e+00
2.949641342455457e+00 6.075279483654258e-02 0.000000000000000e+00
2.949955501720816e+00 6.084795832660448e-02 0.000000000000000e+00
2.950269660986175e+00 6.094827829479951e-02 0.000000000000000e+00
2.950583820251534e+00 6.105373663801901e-02 0.000000000000000e+00
2.950897979516893e+00 6.116431390861746e-02 0.000000000000000e+00
2.951212138782251e+00 6.127998931733969e-02 0.000000000000000e+00
2.951526298047610e+00 6.140074073659126e-02 0.000000000000000e+00
2.951840457312970e+00 6.152654470404644e-02 0.000000000000000e+00
2.952154616578329e+00 6.165737642659895e-02 0.000000000000000e+00
2.952468775843688e+00 6.179320978465090e-02 0.000000000000000e+00
2.952782935109047e+00 6.193401733674028e-02 0.000000000000000e+00
2.953097094374406e+00 6.207977032450819e-02 0.000000000000000e+00
2.953411253639764e+00 6.223043867800065e-02 0.000000000000000e+00
2.953725412905123e+00 6.238599102131053e-02 0.000000000000000e+00
2.954039572170482e+00 6.254639467855064e-02 0.000000000000000e+00
2.954353731435841e+00 6.271161568016553e-02 0.000000000000000e+00
2.954667890701201e+00 6.288161876957299e-02 0.000000000000000e+00
2.954982049966560e+00 6.305636741013992e-02 0.000000000000000e+00
2.955296209231918e+00 6.323582379248671e-02 0.000000000000000e+00
2.955610368497277e+00 6.341994884212532e-02 0.000000000000000e+00
2.955924527762636e+00 6.360870222741674e-02 0.000000000000000e+00
2.956238687027995e+00 6.380204236786589e-02 0.000000000000000e+00
2.956552846293354e+00 6.399992644273089e-02 0.000000000000000e+00
2.956867005558713e+00 6.420231039996185e-02 0.000000000000000e+00
2.957181164824072e+00 6.440914896545698e-02 0.000000000000000e+00
2.957495324089431e+00 6.462039565264110e-02 0.000000000000000e+00
2.957809483354790e+00 6.483600277235797e-02 0.000000000000000e+00
2.958123642620149e+00 6.505592144308041e-02 0.000000000000000e+00
2.958437801885508e+00 6.528010160143138e-02 0.000000000000000e+00
2.958751961150867e+00 6.550849201301810e-02 0.000000000000000e+00
2.959066120416226e+00 6.574104028357236e-02 0.000000000000000e+00
2.959380279681585e+00 6.597769287039899e-02 0.000000000000000e+00
2.959694438946944e+00 6.621839509412702e-02 0.000000000000000e+00
2.960008598212303e+00 6.646309115076071e-02 0.000000000000000e+00
2.960322757477662e+00 6.671172412403291e-02 0.000000000000000e+00
2.960636916743021e+00 6.696423599804967e-02 0.000000000000000e+00
2.960951076008380e+00 6.722056767023178e-02 0.000000000000000e+00
2.961265235273739e+00 6.748065896454278e-02 0.000000000000000e+00
2.961579394539098e+00 6.774444864501065e-02 0.000000000000000e+00
2.961893553804457e+00 6.801187442952633e-02 0.000000000000000e+00
2.962207713069816e+00 6.828287300392744e-02 0.000000000000000e+00
2.962521872335175e+00 6.855738003636178e-02 0.000000000000000e+00
2.962836031600534e+00 6.883533019192227e-02 0.000000000000000e+00
2.963150190865893e+00 6.911665714755440e-02 0.000000000000000e+00
2.963464350131252e+00 6.940129360723687e-02 0.000000000000000e+00
2.963778509396611e+00 6.968917131742025e-02 0.000000000000000e+00
2.964092668661970e+00 6.998022108272983e-02 0.000000000000000e+00
2.964406827927329e+00 7.027437278192851e-02 0.000000000000000e+00
2.964720987192688e+00 7.057155538413272e-02 0.000000000000000e+00
2.965035146458047e+00 7.087169696527570e-02 0.000000000000000e+00
2.965349305723405e+00 7.117472472482479e-02 0.000000000000000e+00
2.965663464988765e+00 7.148056500273445e-02 0.000000000000000e+00
2.965977624254124e+00 7.178914329664346e-02 0.000000000000000e+00
2.966291783519483e+00 7.210038427930454e-02 0.000000000000000e+00
2.966605942784842e+00 7.241421181624773e-02 0.000000000000000e+00
2.966920102050201e+00 7.273054898366782e-02 0.000000000000000e+00
2.967234261315560e+00 7.304931808653826e-02 0.000000000000000e+00
2.967548420580918e+00 7.337044067694223e-02 0.000000000000000e+00
2.967862579846277e+00 7.369383757261737e-02 0.000000000000000e+00
2.968176739111636e+00 7.401942887571442e-02 0.000000000000000e+00
2.968490898376996e+00 7.434713399175477e-02 0.000000000000000e+00
2.968805057642355e+00 7.467687164879996e-02 0.000000000000000e+00
2.969119216907714e+00 7.500855991680942e-02 0.000000000000000e+00
2.969433376173072e+00 7.534211622719228e-02 0.000000000000000e+00
2.969747535438431e+00 7.567745739255510e-02 0.000000000000000e+00
2.970061694703790e+00 7.601449962661853e-02 0.000000000000000e+00
2.970375853969149e+00 7.635315856432835e-02 0.000000000000000e+00
2.970690013234508e+00 7.669334928212732e-02 0.000000000000000e+00
2.971004172499867e+00 7.703498631840697e-02 0.000000000000000e+00
2.971318331765226e+00 7.737798369411439e-02 0.000000000000000e+00
2.971632491030585e+00 7.772225493352571e-02 0.000000000000000e+00
2.971946650295944e+00 7.806771308517294e-02 0.000000000000000e+00
2.972260809561303e+00 7.841427074291195e-02 0.000000000000000e+00
2.972574968826662e+00 7.876184006715140e-02 0.000000000000000e+00
2.972889128092021e+00 7.911033280620643e-02 0.000000000000000e+00
2.973203287357380e+00 7.945966031779227e-02 0.000000000000000e+00
2.973517446622739e+00 7.980973359065237e-02 0.000000000000000e+00
2.973831605888098e+00 8.016046326629961e-02 0.000000000000000e+00
2.974145765153457e+00 8.051175966088869e-02 0.000000000000000e+00
2.974459924418816e+00 8.086353278719258e-02 0.000000000000000e+00
2.974774083684175e+00 8.121569237669407e-02 0.000000000000000e+00
2.975088242949534e+00 8.156814790177699e-02 0.000000000000000e+00
2.975402402214893e+00 8.192080859801824e-02 0.000000000000000e+00
2.975716561480252e+00 8.227358348656921e-02 0.000000000000000e+00
2.976030720745611e+00 8.262638139662877e-02 0.000000000000000e+00
2.976344880010970e+00 8.297911098799074e-02 0.000000000000000e+00
2.976659039276329e+00 8.333168077367790e-02 0.000000000000000e+00
2.976973198541688e+00 8.368399914263944e-02 0.000000000000000e+00
2.977287357807047e+00 8.403597438251571e-02 0.000000000000000e+00
2.977601517072406e+00 8.438751470246197e-02 0.000000000000000e+00
2.977915676337765e+00 8.473852825603390e-02 0.000000000000000e+00
2.978229835603124e+00 8.508892316410679e-02 0.000000000000000e+00
2.978543994868483e+00 8.543860753785598e-02 0.000000000000000e+00
2.978858154133842e+00 8.578748950176281e-02 0.000000000000000e+00
2.979172313399201e+00 8.613547721665257e-02 0.000000000000000e+00
2.979486472664560e+00 8.648247890277221e-02 0.000000000000000e+00
2.979800631929919e+00 8.682840286286912e-02 0.000000000000000e+00
2.980114791195278e+00 8.717315750530336e-02 0.000000000000000e+00
2.980428950460637e+00 8.751665136715785e-02 0.000000000000000e+00
2.980743109725996e+00 8.785879313735748e-02 0.000000000000000e+00
2.981057268991355e+00 8.819949167978469e-02 0.000000000000000e+00
2.981371428256714e+00 8.853865605639115e-02 0.000000000000000e+00
2.981685587522072e+00 8.887619555029169e-02 0.000000000000000e+00
2.981999746787432e+00 8.921201968884185e-02 0.000000000000000e+00
2.982313906052791e+00 8.954603826669122e-02 0.000000000000000e+00
2.982628065318150e+00 8.987816136880715e-02 0.000000000000000e+00
2.982942224583509e+00 9.020829939346212e-02 0.000000000000000e+00
2.983256383848868e+00 9.053636307517843e-02 0.000000000000000e+00
2.983570543114226e+00 9.086226350762611e-02 0.000000000000000e+00
2.983884702379585e+00 9.118591216647585e-02 0.000000000000000e+00
2.984198861644944e+00 9.150722093217720e-02 0.000000000000000e+00
2.984513020910303e+00 9.182610211268863e-02 0.000000000000000e+00
2.984827180175663e+00 9.214246846613046e-02 0.000000000000000e+00
2.985141339441022e+00 9.245623322336212e-02 0.000000000000000e+00
2.985455498706380e+00 9.276731011048239e-02 0.000000000000000e+00
2.985769657971739e+00 9.307561337123918e-02 0.000000000000000e+00
2.986083817237098e+00 9.338105778934881e-02 0.000000000000000e+00
2.986397976502457e+00 9.368355871071853e-02 0.000000000000000e+00
2.986712135767816e+00 9.398303206556520e-02 0.000000000000000e+00
2.987026295033175e+00 9.427939439042141e-02 0.000000000000000e+00
2.987340454298534e+00 9.457256285003705e-02 0.000000000000000e+00
2.987654613563893e+00 9.486245525914859e-02 0.000000000000000e+00
2.987968772829252e+00 9.514899010413305e-02 0.000000000000000e+00
2.988282932094611e+00 9.543208656452626e-02 0.000000000000000e+00
2.988597091359970e+00 9.571166453440592e-02 0.000000000000000e+00
2.988911250625329e+00 9.598764464363493e-02 0.000000000000000e+00
2.989225409890688e+00 9.625994827895486e-02 0.000000000000000e+00
2.989539569156047e+00 9.652849760492829e-02 0.000000000000000e+00
2.989853728421406e+00 9.679321558472766e-02 0.000000000000000e+00
2.990167887686765e+00 9.705402600075261e-02 0.000000000000000e+00
2.990482046952124e+00 9.731085347508710e-02 0.000000000000000e+00
2.990796206217483e+00 9.756362348978120e-02 0.000000000000000e+00
2.991110365482842e+00 9.781226240695232e-02 0.000000000000000e+00
2.991424524748201e+00 9.805669748870377e-02 0.000000000000000e+00
2.991738684013560e+00 9.829685691685705e-02 0.000000000000000e+00
2.992052843278919e+00 9.853266981248747e-02 0.000000000000000e+00
2.992367002544278e+00 9.876406625526268e-02 0.000000000000000e+00
2.992681161809637e+00 9.899097730257718e-02 0.000000000000000e+00
2.992995321074996e+00 9.921333500847604e-02 0.000000000000000e+00
2.993309480340355e+00 9.943107244237172e-02 0.000000000000000e+00
2.993623639605714e+00 9.964412370753203e-02 0.000000000000000e+00
2.993937798871073e+00 9.985242395935734e-02 0.000000000000000e+00
2.994251958136432e+00 1.000559094234190e-01 0.000000000000000e+00
2.994566117401791e+00 1.002545174132712e-01 0.000000000000000e+00
2.994880276667150e+00 1.004481863480254e-01 0.000000000000000e+00
2.995194435932509e+00 1.006368557696809e-01 0.000000000000000e+00
2.995508595197867e+00 1.008204663602104e-01 0.000000000000000e+00
2.995822754463227e+00 1.009989599583952e-01 0.000000000000000e+00
2.996136913728586e+00 1.011722795764039e-01 0.000000000000000e+00
2.996451072993945e+00 1.013403694161127e-01 0.000000000000000e+00
2.996765232259304e+00 1.015031748851617e-01 0.000000000000000e+00
2.997079391524663e+00 1.016606426127428e-01 0.000000000000000e+00
2.997393550790022e+00 1.018127204651161e-01 0.000000000000000e+00
2.997707710055380e+00 1.019593575608481e-01 0.000000000000000e+00
2.998021869320739e+00 1.021005042857723e-01 0.000000000000000e+00
2.998336028586098e+00 1.022361123076630e-01 0.000000000000000e+00
2.998650187851458e+00 1.023661345906205e-01 0.000000000000000e+00
2.998964347116817e+00 1.024905254091678e-01 0.000000000000000e+00
2.999278506382176e+00 1.026092403620463e-01 0.000000000000000e+00
2.999592665647534e+00 1.027222363857141e-01 0.000000000000000e+00
2.999906824912893e+00 1.028294717675423e-01 0.000000000000000e+00
3.000220984178252e+00 1.029309061587018e-01 0.000000000000000e+00
3.000535143443611e+00 1.030265005867403e-01 0.000000000000000e+00
3.000849302708970e+00 1.031162174678469e-01 0.000000000000000e+00
3.001163461974329e+00 1.032000206187954e-01 0.000000000000000e+00
3.001477621239689e+00 1.032778752685718e-01 0.000000000000000e+00
3.001791780505047e+00 1.033497480696753e-01 0.000000000000000e+00
3.002105939770406e+00 1.034156071090913e-01 0.000000000000000e+00
3.002420099035765e+00 1.034754219189366e-01 0.000000000000000e+00
3.002734258301124e+00 1.035291634867692e-01 0.000000000000000e+00
3.003048417566483e+00 1.035768042655629e-01 0.000000000000000e+00
3.003362576831842e+00 1.036183181833452e-01 0.000000000000000e+00
3.003676736097201e+00 1.036536806524885e-01 0.000000000000000e+00
3.003990895362560e+00 1.036828685786618e-01 0.000000000000000e+00
3.004305054627919e+00 1.037058603694314e-01 0.000000000000000e+00
3.004619213893278e+00 1.037226359425150e-01 0.000000000000000e+00
3.004933373158637e+00 1.037331767336835e-01 0.000000000000000e+00
3.005247532423996e+00 1.037374657043057e-01 0.000000000000000e+00
3.005561691689355e+00 1.037354873485388e-01 0.000000000000000e+00
3.005875850954714e+00 1.037272277001603e-01 0.000000000000000e+00
3.006190010220073e+00 1.037126743390358e-01 0.000000000000000e+00
3.006504169485432e+00 1.036918163972294e-01 0.000000000000000e+00
3.006818328750791e+00 1.036646445647411e-01 0.000000000000000e+00
3.007132488016150e+00 1.036311510948861e-01 0.000000000000000e+00
3.007446647281509e+00 1.035913298092986e-01 0.000000000000000e+00
3.007760806546868e+00 1.035451761025687e-01 0.000000000000000e+00
3.008074965812227e+00 1.034926869465066e-01 0.000000000000000e+00
3.008389125077586e+00 1.034338608940331e-01 0.000000000000000e+00
3.008703284342945e+00 1.033686980826959e-01 0.000000000000000e+00
3.009017443608304e+00 1.032972002378090e-01 0.000000000000000e+00
3.009331602873663e+00 1.032193706752143e-01 0.000000000000000e+00
3.009645762139022e+00 1.031352143036667e-01 0.000000000000000e+00
3.009959921404381e+00 1.030447376268354e-01 0.000000000000000e+00
3.010274080669740e+00 1.029479487449304e-01 0.000000000000000e+00
3.010588239935099e+00 1.028448573559416e-01 0.000000000000000e+00
3.010902399200458e+00 1.027354747564993e-01 0.000000000000000e+00
3.011216558465817e+00 1.026198138423497e-01 0.000000000000000e+00
3.011530717731176e+00 1.024978891084486e-01 0.000000000000000e+00
3.011844876996534e+00 1.023697166486689e-01 0.000000000000000e+00
3.012159036261894e+00 1.022353141551234e-01 0.000000000000000e+00
3.012473195527253e+00 1.020947009171063e-01 0.000000000000000e+00
3.012787354792612e+00 1.019478978196447e-01 0.000000000000000e+00
3.013101514057971e+00 1.017949273416652e-01 0.000000000000000e+00
3.013415673323330e+00 1.016358135537817e-01 0.000000000000000e+00
3.013729832588688e+00 1.014705821156878e-01 0.000000000000000e+00
3.014043991854047e+00 1.012992602731696e-01 0.000000000000000e+00
3.014358151119406e+00 1.011218768547355e-01 0.000000000000000e+00
3.014672310384765e+00 1.009384622678550e-01 0.000000000000000e+00
3.014986469650125e+00 1.007490484948184e-01 0.000000000000000e+00
3.015300628915484e+00 1.005536690882098e-01 0.000000000000000e+00
3.015614788180842e+00 1.003523591659986e-01 0.000000000000000e+00
3.015928947446201e+00 1.001451554062453e-01 0.000000000000000e+00
3.016243106711560e+00 9.993209604143057e-02 0.000000000000000e+00
3.016557265976919e+00 9.971322085239791e-02 0.000000000000000e+00
3.016871425242278e+00 9.948857116192016e-02 0.000000000000000e+00
3.017185584507637e+00 9.925818982788540e-02 0.000000000000000e+00
3.017499743772996e+00 9.902212123610304e-02 0.000000000000000e+00
3.017813903038355e+00 9.878041129273912e-02 0.000000000000000e+00
3.018128062303714e+00 9.853310741636839e-02 0.000000000000000e+00
3.018442221569073e+00 9.828025852966031e-02 0.000000000000000e+00
3.018756380834432e+00 9.802191505068694e-02 0.000000000000000e+00
3.019070540099791e+00 9.775812888386218e-02 0.000000000000000e+00
3.019384699365150e+00 9.748895341051335e-02 0.000000000000000e+00
3.019698858630509e+00 9.721444347908145e-02 0.000000000000000e+00
3.020013017895868e+00 9.693465539496030e-02 0.000000000000000e+00
3.020327177161227e+00 9.664964690996858e-02 0.000000000000000e+00
3.020641336426586e+00 9.635947721146469e-02 0.000000000000000e+00
3.020955495691945e+00 9.606420691109592e-02 0.000000000000000e+00
3.021269654957304e+00 9.576389803319843e-02 0.000000000000000e+00
3.021583814222663e+00 9.545861400283151e-02 0.000000000000000e+00
3.021897973488022e+00 9.514841963347639e-02 0.000000000000000e+00
3.022212132753381e+00 9.483338111436403e-02 0.000000000000000e+00
3.022526292018740e+00 9.451356599746977e-02 0.000000000000000e+00
3.022840451284099e+00 9.418904318416524e-02 0.000000000000000e+00
3.023154610549458e+00 9.385988291151311e-02 0.000000000000000e+00
3.023468769814817e+00 9.352615673824188e-02 0.000000000000000e+00
3.023782929080176e+00 9.318793753036603e-02 0.000000000000000e+00
3.024097088345535e+00 9.284529944648806e-02 0.000000000000000e+00
3.024411247610894e+00 9.249831792275955e-02 0.000000000000000e+00
3.024725406876253e+00 9.214706965752339e-02 0.000000000000000e+00
3.025039566141612e+00 9.179163259562415e-02 0.000000000000000e+00
3.025353725406971e+00 9.143208591240562e-02 0.000000000000000e+00
3.025667884672330e+00 9.106850999738482e-02 0.000000000000000e+00
3.025982043937689e+00 9.070098643761859e-02 0.000000000000000e+00
3.026296203203048e+00 9.032959800075265e-02 0.000000000000000e+00
3.026610362468407e+00 8.995442861776981e-02 0.000000000000000e+00
3.026924521733766e+00 8.957556336543560e-02 0.000000000000000e+00
3.027238680999125e+00 8.919308844844234e-02 0.000000000000000e+00
3.027552840264484e+00 8.880709118125557e-02 0.000000000000000e+00
3.027866999529842e+00 8.841765996967889e-02 0.000000000000000e+00
3.028181158795201e+00 8.802488429212095e-02 0.000000000000000e+00
3.028495318060560e+00 8.762885468058190e-02 0.000000000000000e+00
3.028809477325920e+00 8.722966270136946e-02 0.000000000000000e+00
3.029123636591279e+00 8.682740093552793e-02 0.000000000000000e+00
3.029437795856638e+00 8.642216295900526e-02 0.000000000000000e+00
3.029751955121996e+00 8.601404332254961e-02 0.000000000000000e+00
3.030066114387355e+00 8.560313753134263e-02 0.000000000000000e+00
3.030380273652714e+00 8.518954202438853e-02 0.000000000000000e+00
3.030694432918073e+00 8.477335415363084e-02 0.000000000000000e+00
3.031008592183432e+00 8.435467216283425e-02 0.000000000000000e+00
3.031322751448791e+00 8.393359516622267e-02 0.000000000000000e+00
3.031636910714151e+00 8.351022312687256e-02 0.000000000000000e+00
3.031951069979509e+00 8.308465683487697e-02 0.000000000000000e+00
3.032265229244868e+00 8.265699788527851e-02 0.000000000000000e+00
3.032579388510227e+00 8.222734865578255e-02 0.000000000000000e+00
3.032893547775586e+00 8.179581228424529e-02 0.000000000000000e+00
3.033207707040945e+00 8.136249264595562e-02 0.000000000000000e+00
3.033521866306304e+00 8.092749433069951e-02 0.000000000000000e+00
3.033836025571663e+00 8.049092261962111e-02 0.000000000000000e+00
3.034150184837022e+00 8.005288346190013e-02 0.000000000000000e+00
3.034464344102381e+00 7.961348345121441e-02 0.000000000000000e+00
3.034778503367740e+00 7.917282980203116e-02 0.000000000000000e+00
3.035092662633099e+00 7.873103032570994e-02 0.000000000000000e+00
3.035406821898458e+00 7.828819340642251e-02 0.000000000000000e+00
3.035720981163817e+00 7.784442797691439e-02 0.000000000000000e+00
3.036035140429176e+00 7.739984349408524e-02 0.000000000000000e+00
3.036349299694535e+00 7.695454991442376e-02 0.000000000000000e+00
3.036663458959894e+00 7.650865766927273e-02 0.000000000000000e+00
3.036977618225253e+00 7.606227763995901e-02 0.000000000000000e+00
3.037291777490612e+00 7.561552113276196e-02 0.000000000000000e+00
3.037605936755971e+00 7.516849985376862e-02 0.000000000000000e+00
3.037920096021330e+00 7.472132588357250e-02 0.000000000000000e+00
3.038234255286689e+00 7.427411165185641e-02 0.000000000000000e+00
3.038548414552048e+00 7.382696991185657e-02 0.000000000000000e+00
3.038862573817407e+00 7.338001371471670e-02 0.000000000000000e+00
3.039176733082766e+00 7.293335638370832e-02 0.000000000000000e+00
3.039490892348125e+00 7.248711148838338e-02 0.000000000000000e+00
3.039805051613484e+00 7.204139281860554e-02 0.000000000000000e+00
3.040119210878843e+00 7.159631435849353e-02 0.000000000000000e+00
3.040433370144202e+00 7.115199026029009e-02 0.000000000000000e+00
3.040747529409561e+00 7.070853481813884e-02 0.000000000000000e+00
3.041061688674920e+00 7.026606244180152e-02 0.000000000000000e+00
3.041375847940279e+00 6.982468763029509e-02 0.000000000000000e+00
3.041690007205638e+00 6.938452494547515e-02 0.000000000000000e+00
3.042004166470996e+00 6.894568898556989e-02 0.000000000000000e+00
3.042318325736356e+00 6.850829435864811e-02 0.000000000000000e+00
3.042632485001715e+00 6.807245565606919e-02 0.000000000000000e+00
3.042946644267074e+00 6.763828742587449e-02 0.000000000000000e+00
3.043260803532433e+00 6.720590414616387e-02 0.000000000000000e+00
3.043574962797792e+00 6.677542019844014e-02 0.000000000000000e+00
3.043889122063150e+00 6.634694984094096e-02 0.000000000000000e+00
3.044203281328509e+00 6.592060718195539e-02 0.000000000000000e+00
3.044517440593868e+00 6.549650615313821e-02 0.000000000000000e+00
3.044831599859227e+00 6.507476048282165e-02 0.000000000000000e+00
3.045145759124587e+00 6.465548366934482e-02 0.000000000000000e+00
3.045459918389946e+00 6.423878895437887e-02 0.000000000000000e+00
3.045774077655305e+00 6.382478929629121e-02 0.000000000000000e+00
3.046088236920663e+00 6.341359734352377e-02 0.000000000000000e+00
3.046402396186022e+00 6.300532540800416e-02 0.000000000000000e+00
3.046716555451381e+00 6.260008543860428e-02 0.000000000000000e+00
3.047030714716740e+00 6.219798899463277e-02 0.000000000000000e+00
3.047344873982099e+00 6.179914721938483e-02 0.000000000000000e+00
3.047659033247458e+00 6.140367081375024e-02 0.000000000000000e+00
3.047973192512817e+00 6.101167000988308e-02 0.000000000000000e+00
3.048287351778176e+00 6.062325454493551e-02 0.000000000000000e+00
3.048601511043535e+00 6.023853363488129e-02 0.000000000000000e+00
3.048915670308894e+00 5.985761594840837e-02 0.000000000000000e+00
3.049229829574253e+00 5.948060958090621e-02 0.000000000000000e+00
3.049543988839612e+00 5.910762202854741e-02 0.000000000000000e+00
3.049858148104971e+00 5.873876016246724e-02 0.000000000000000e+00
3.050172307370330e+00 5.837413020305393e-02 0.000000000000000e+00
3.050486466635689e+00 5.801383769434596e-02 0.000000000000000e+00
3.050800625901048e+00 5.765798747855799e-02 0.000000000000000e+00
3.051114785166407e+00 5.730668367072170e-02 0.000000000000000e+00
3.051428944431766e+00 5.696002963346629e-02 0.000000000000000e+00
3.051743103697125e+00 5.661812795192501e-02 0.000000000000000e+00
3.052057262962484e+00 5.628108040880193e-02 0.000000000000000e+00
3.052371422227843e+00 5.594898795956688e-02 0.000000000000000e+00
3.052685581493202e+00 5.562195070782762e-02 0.000000000000000e+00
3.052999740758561e+00 5.530006788084207e-02 0.000000000000000e+00
3.053313900023920e+00 5.498343780521368e-02 0.000000000000000e+00
3.053628059289279e+00 5.467215788275086e-02 0.000000000000000e+00
3.053942218554638e+00 5.436632456650593e-02 0.000000000000000e+00
3.054256377819997e+00 5.406603333699831e-02 0.000000000000000e+00
3.054570537085356e+00 5.377137867863223e-02 0.000000000000000e+00
3.054884696350715e+00 5.348245405630409e-02 0.000000000000000e+00
3.055198855616074e+00 5.319935189221544e-02 0.000000000000000e+00
3.055513014881433e+00 5.292216354288553e-02 0.000000000000000e+00
3.055827174146792e+00 5.265097927639095e-02 0.000000000000000e+00
3.056141333412151e+00 5.238588824980472e-02 0.000000000000000e+00
3.056455492677510e+00 5.212697848687004e-02 0.000000000000000e+00
3.056769651942869e+00 5.187433685590905e-02 0.000000000000000e+00
3.057083811208228e+00 5.162804904794557e-02 0.000000000000000e+00
3.057397970473587e+00 5.138819955508770e-02 0.000000000000000e+00
3.057712129738946e+00 5.115487164914238e-02 0.000000000000000e+00
3.058026289004304e+00 5.092814736048894e-02 0.000000000000000e+00
3.058340448269663e+00 5.070810745719872e-02 0.000000000000000e+00
3.058654607535022e+00 5.049483142442265e-02 0.000000000000000e+00
3.058968766800382e+00 5.028839744404033e-02 0.000000000000000e+00
3.059282926065741e+00 5.008888237458003e-02 0.000000000000000e+00
3.059597085331100e+00 4.989636173141412e-02 0.000000000000000e+00
3.059911244596459e+00 4.971090966723406e-02 0.000000000000000e+00
3.060225403861817e+00 4.953259895281255e-02 0.000000000000000e+00
3.060539563127176e+00 4.936150095805303e-02 0.000000000000000e+00
3.060853722392535e+00 4.919768563333132e-02 0.000000000000000e+00
3.061167881657894e+00 4.904122149114550e-02 0.000000000000000e+00
3.061482040923253e+00 4.889217558805571e-02 0.000000000000000e+00
3.061796200188613e+00 4.875061350694504e-02 0.000000000000000e+00
3.062110359453971e+00 4.861659933958343e-02 0.000000000000000e+00
3.062424518719330e+00 4.849019566951170e-02 0.000000000000000e+00
3.062738677984689e+00 4.837146355525083e-02 0.000000000000000e+00
3.063052837250048e+00 4.826046251382837e-02 0.000000000000000e+00
3.063366996515407e+00 4.815725050463934e-02 0.000000000000000e+00
3.063681155780766e+00 4.806188391364088e-02 0.000000000000000e+00
3.063995315046125e+00 4.797441753788236e-02 0.000000000000000e+00
3.064309474311484e+00 4.789490457037650e-02 0.000000000000000e+00
3.064623633576843e+00 4.782339658531877e-02 0.000000000000000e+00
3.064937792842202e+00 4.775994352365202e-02 0.000000000000000e+00
3.065251952107561e+00 4.770459367898564e-02 0.000000000000000e+00
3.065566111372920e+00 4.765739368387058e-02 0.000000000000000e+00
3.065880270638279e+00 4.761838849643545e-02 0.000000000000000e+00
3.066194429903638e+00 4.758762138738214e-02 0.000000000000000e+00
3.066508589168997e+00 4.756513392735169e-02 0.000000000000000e+00
3.066822748434356e+00 4.755096597465880e-02 0.000000000000000e+00
3.067136907699715e+00 4.754515566339715e-02 0.000000000000000e+00
3.067451066965074e+00 4.754773939192558e-02 0.000000000000000e+00
3.067765226230433e+00 4.755875181172682e-02 0.000000000000000e+00
3.068079385495792e+00 4.757822581665488e-02 0.000000000000000e+00
3.068393544761151e+00 4.760619253256203e-02 0.000000000000000e+00
3.068707704026510e+00 4.764268130731691e-02 0.000000000000000e+00
3.069021863291869e+00 4.768771970121119e-02 0.000000000000000e+00
3.069336022557228e+00 4.774133347775866e-02 0.000000000000000e+00
3.069650181822587e+00 4.780354659489175e-02 0.000000000000000e+00
3.069964341087946e+00 4.787438119655391e-02 0.000000000000000e+00
3.070278500353305e+00 4.795385760469237e-02 0.000000000000000e+00
3.070592659618664e+00 4.804199431165332e-02 0.000000000000000e+00
3.070906818884023e+00 4.813880797298234e-02 0.000000000000000e+00
3.071220978149382e+00 4.824431340063105e-02 0.000000000000000e+00
3.071535137414741e+00 4.835852355656801e-02 0.000000000000000e+00
3.071849296680100e+00 4.848144954680917e-02 0.000000000000000e+00
3.072163455945458e+00 4.861310061585002e-02 0.000000000000000e+00
3.072477615210818e+00 4.875348414151719e-02 0.000000000000000e+00
3.072791774476177e+00 4.890260563023387e-02 0.000000000000000e+00
3.073105933741536e+00 4.906046871270359e-02 0.000000000000000e+00
3.073420093006895e+00 4.922707514000638e-02 0.000000000000000e+00
3.073734252272254e+00 4.940242478012413e-02 0.000000000000000e+00
3.074048411537612e+00 4.958651561487397e-02 0.000000000000000e+00
3.074362570802971e+00 4.977934373727539e-02 0.000000000000000e+00
3.074676730068330e+00 4.998090334932995e-02 0.000000000000000e+00
3.074990889333689e+00 5.019118676023118e-02 0.000000000000000e+00
3.075305048599049e+00 5.041018438499723e-02 0.000000000000000e+00
3.075619207864408e+00 5.063788474352515e-02 0.000000000000000e+00
3.075933367129767e+00 5.087427446007187e-02 0.000000000000000e+00
3.076247526395125e+00 5.111933826316681e-02 0.000000000000000e+00
3.076561685660484e+00 5.137305898594460e-02 0.000000000000000e+00
3.076875844925843e+00 5.163541756690299e-02 0.000000000000000e+00
3.077190004191202e+00 5.190639305109509e-02 0.000000000000000e+00
3.077504163456561e+00 5.218596259174241e-02 0.000000000000000e+00
3.077818322721920e+00 5.247410145227921e-02 0.000000000000000e+00
3.078132481987279e+00 5.277078300881662e-02 0.000000000000000e+00
3.078446641252638e+00 5.307597875304274e-02 0.000000000000000e+00
3.078760800517997e+00 5.338965829554682e-02 0.000000000000000e+00
3.079074959783356e+00 5.371178936955928e-02 0.000000000000000e+00
3.079389119048715e+00 5.404233783513242e-02 0.000000000000000e+00
3.079703278314074e+00 5.438126768373720e-02 0.000000000000000e+00
3.080017437579433e+00 5.472854104328203e-02 0.000000000000000e+00
3.080331596844792e+00 5.508411818356868e-02 0.000000000000000e+00
3.080645756110151e+00 5.544795752215156e-02 0.000000000000000e+00
3.080959915375510e+00 5.582001563062713e-02 0.000000000000000e+00
3.081274074640869e+00 5.620024724135301e-02 0.000000000000000e+00
3.081588233906228e+00 5.658860525457773e-02 0.000000000000000e+00
3.081902393171587e+00 5.698504074597599e-02 0.000000000000000e+00
3.082216552436946e+00 5.738950297462789e-02 0.000000000000000e+00
3.082530711702305e+00 5.780193939139645e-02 0.000000000000000e+00
3.082844870967664e+00 5.822229564770714e-02 0.000000000000000e+00
3.083159030233023e+00 5.865051560477885e-02 0.000000000000000e+00
3.083473189498382e+00 5.908654134320609e-02 0.000000000000000e+00
3.083787348763741e+00 5.953031317302006e-02 0.000000000000000e+00
3.084101508029100e+00 5.998176964408474e-02 0.000000000000000e+00
3.084415667294459e+00 6.044084755695348e-02 0.000000000000000e+00
3.084729826559818e+00 6.090748197410151e-02 0.000000000000000e+00
3.085043985825177e+00 6.138160623154601e-02 0.000000000000000e+00
3.085358145090536e+00 6.186315195090966e-02 0.000000000000000e+00
3.085672304355895e+00 6.235204905181679e-02 0.000000000000000e+00
3.085986463621254e+00 6.284822576473981e-02 0.000000000000000e+00
3.086300622886613e+00 6.335160864420458e-02 0.000000000000000e+00
3.086614782151972e+00 6.386212258237413e-02 0.000000000000000e+00
3.086928941417331e+00 6.437969082305334e-02 0.000000000000000e+00
3.087243100682690e+00 6.490423497604246e-02 0.000000000000000e+00
3.087557259948049e+00 6.543567503188132e-02 0.000000000000000e+00
3.087871419213408e+00 6.597392937696894e-02 0.000000000000000e+00
3.088185578478766e+00 6.651891480904956e-02 0.000000000000000e+00
3.088499737744125e+00 6.707054655308989e-02 0.000000000000000e+00
3.088813897009484e+00 6.762873827748146e-02 0.000000000000000e+00
3.089128056274844e+00 6.819340211064726e-02 0.000000000000000e+00
3.089442215540203e+00 6.876444865797801e-02 0.000000000000000e+00
3.089756374805562e+00 6.934178701914326e-02 0.000000000000000e+00
3.090070534070921e+00 6.992532480573870e-02 0.000000000000000e+00
3.090384693336279e+00 7.051496815929598e-02 0.000000000000000e+00
3.090698852601638e+00 7.111062176961240e-02 0.000000000000000e+00
3.091013011866997e+00 7.171218889346426e-02 0.000000000000000e+00
3.091327171132356e+00 7.231957137359507e-02 0.000000000000000e+00
3.091641330397715e+00 7.293266965810501e-02 0.000000000000000e+00
3.091955489663075e+00 7.355138282010354e-02 0.000000000000000e+00
3.092269648928433e+00 7.417560857772458e-02 0.000000000000000e+00
3.092583808193792e+00 7.480524331446561e-02 0.000000000000000e+00
3.092897967459151e+00 7.544018209980909e-02 0.000000000000000e+00
3.093212126724510e+00 7.608031871017584e-02 0.000000000000000e+00
3.093526285989869e+00 7.672554565018698e-02 0.000000000000000e+00
3.093840445255228e+00 7.737575417422304e-02 0.000000000000000e+00
3.094154604520587e+00 7.803083430826853e-02 0.000000000000000e+00
3.094468763785946e+00 7.869067487205361e-02 0.000000000000000e+00
3.094782923051305e+00 7.935516350152169e-02 0.000000000000000e+00
3.095097082316664e+00 8.002418667149211e-02 0.000000000000000e+00
3.095411241582023e+00 8.069762971869111e-02 0.000000000000000e+00
3.095725400847382e+00 8.137537686499953e-02 0.000000000000000e+00
3.096039560112741e+00 8.205731124099841e-02 0.000000000000000e+00
3.096353719378100e+00 8.274331490973574e-02 0.000000000000000e+00
3.096667878643459e+00 8.343326889080586e-02 0.000000000000000e+00
3.096982037908818e+00 8.412705318463251e-02 0.000000000000000e+00
3.097296197174177e+00 8.482454679701978e-02 0.000000000000000e+00
3.097610356439536e+00 8.552562776394414e-02 0.000000000000000e+00
3.097924515704895e+00 8.623017317657650e-02 0.000000000000000e+00
3.098238674970254e+00 8.693805920652080e-02 0.000000000000000e+00
3.098552834235613e+00 8.764916113132459e-02 0.000000000000000e+00
3.098866993500972e+00 8.836335336013373e-02 0.000000000000000e+00
3.099181152766331e+00 8.908050945962501e-02 0.000000000000000e+00
3.099495312031690e+00 8.980050218012973e-02 0.000000000000000e+00
3.099809471297049e+00 9.052320348190675e-02 0.000000000000000e+00
3.100123630562408e+00 9.124848456172151e-02 0.000000000000000e+00
3.100437789827767e+00 9.197621587947633e-02 0.000000000000000e+00
3.100751949093126e+00 9.270626718515595e-02 0.000000000000000e+00
3.101066108358485e+00 9.343850754584732e-02 0.000000000000000e+00
3.101380267623844e+00 9.417280537299787e-02 0.000000000000000e+00
3.101694426889203e+00 9.490902844980124e-02 0.000000000000000e+00
3.102008586154562e+00 9.564704395878210e-02 0.000000000000000e+00
3.102322745419920e+00 9.638671850946376e-02 0.000000000000000e+00
3.102636904685280e+00 9.712791816628083e-02 0.000000000000000e+00
3.102951063950639e+00 9.787050847654871e-02 0.000000000000000e+00
3.103265223215998e+00 9.861435449859124e-02 0.000000000000000e+00
3.103579382481357e+00 9.935932083004001e-02 0.000000000000000e+00
3.103893541746716e+00 1.001052716361939e-01 0.000000000000000e+00
3.104207701012075e+00 1.008520706785365e-01 0.000000000000000e+00
3.104521860277433e+00 1.015995813433168e-01 0.000000000000000e+00
3.104836019542792e+00 1.023476666703205e-01 0.000000000000000e+00
3.105150178808151e+00 1.030961893816298e-01 0.000000000000000e+00
3.105464338073511e+00 1.038450119105487e-01 0.000000000000000e+00
3.105778497338870e+00 1.045939964305757e-01 0.000000000000000e+00
3.106092656604229e+00 1.053430048844928e-01 0.000000000000000e+00
3.106406815869587e+00 1.060918990134749e-01 0.000000000000000e+00
3.106720975134946e+00 1.068405403862857e-01 0.000000000000000e+00
3.107035134400305e+00 1.075887904285590e-01 0.000000000000000e+00
3.107349293665664e+00 1.083365104520582e-01 0.000000000000000e+00
3.107663452931023e+00 1.090835616840973e-01 0.000000000000000e+00
3.107977612196382e+00 1.098298052968487e-01 0.000000000000000e+00
3.108291771461741e+00 1.105751024368265e-01 0.000000000000000e+00
3.108605930727100e+00 1.113193142543106e-01 0.000000000000000e+00
3.108920089992459e+00 1.120623019327911e-01 0.000000000000000e+00
3.109234249257818e+00 1.128039267184606e-01 0.000000000000000e+00
3.109548408523177e+00 1.135440499497058e-01 0.000000000000000e+00
3.109862567788536e+00 1.142825330865546e-01 0.000000000000000e+00
3.110176727053895e+00 1.150192377401614e-01 0.000000000000000e+00
3.110490886319254e+00 1.157540257022574e-01 0.000000000000000e+00
3.110805045584613e+00 1.164867589745920e-01 0.000000000000000e+00
3.111119204849972e+00 1.172172997983161e-01 0.000000000000000e+00
3.111433364115331e+00 1.179455106833639e-01 0.000000000000000e+00
3.111747523380690e+00 1.186712544377796e-01 0.000000000000000e+00
3.112061682646049e+00 1.193943941969817e-01 0.000000000000000e+00
3.112375841911408e+00 1.201147934530221e-01 0.000000000000000e+00
3.112690001176767e+00 1.208323160836893e-01 0.000000000000000e+00
3.113004160442126e+00 1.215468263816689e-01 0.000000000000000e+00
3.113318319707485e+00 1.222581890834911e-01 0.000000000000000e+00
3.113632478972844e+00 1.229662693985375e-01 0.000000000000000e+00
3.113946638238203e+00 1.236709330378437e-01 0.000000000000000e+00
3.114260797503562e+00 1.243720462428837e-01 0.000000000000000e+00
3.114574956768921e+00 1.250694758141830e-01 0.000000000000000e+00
3.114889116034280e+00 1.257630891399404e-01 0.000000000000000e+00
3.115203275299639e+00 1.264527542243694e-01 0.000000000000000e+00
3.115517434564998e+00 1.271383397160967e-01 0.000000000000000e+00
3.115831593830357e+00 1.278197149362811e-01 0.000000000000000e+00
3.116145753095716e+00 1.284967499067212e-01 0.000000000000000e+00
3.116459912361075e+00 1.291693153777174e-01 0.000000000000000e+00
3.116774071626434e+00 1.298372828559125e-01 0.000000000000000e+00
3.117088230891793e+00 1.305005246318209e-01 0.000000000000000e+00
3.117402390157152e+00 1.311589138073653e-01 0.000000000000000e+00
3.117716549422511e+00 1.318123243231173e-01 0.000000000000000e+00
3.118030708687870e+00 1.324606309854413e-01 0.000000000000000e+00
3.118344867953228e+00 1.331037094934609e-01 0.000000000000000e+00
3.118659027218587e+00 1.337414364657865e-01 0.000000000000000e+00
3.118973186483947e+00 1.343736894671212e-01 0.000000000000000e+00
3.119287345749306e+00 1.350003470346063e-01 0.000000000000000e+00
3.119601505014665e+00 1.356212887040422e-01 0.000000000000000e+00
3.119915664280024e+00 1.362363950358211e-01 0.000000000000000e+00
3.120229823545383e+00 1.368455476407094e-01 0.000000000000000e+00
3.120543982810741e+00 1.374486292053924e-01 0.000000000000000e+00
3.120858142076100e+00 1.380455235177624e-01 0.000000000000000e+00
3.121172301341459e+00 1.386361154920391e-01 0.000000000000000e+00
3.121486460606818e+00 1.392202911935875e-01 0.000000000000000e+00
3.121800619872177e+00 1.397979378635339e-01 0.000000000000000e+00
3.122114779137537e+00 1.403689439431756e-01 0.000000000000000e+00
3.122428938402895e+00 1.409331990979855e-01 0.000000000000000e+00
3.122743097668254e+00 1.414905942415579e-01 0.000000000000000e+00
3.123057256933613e+00 1.420410215591610e-01 0.000000000000000e+00
3.123371416198972e+00 1.425843745310398e-01 0.000000000000000e+00
3.123685575464331e+00 1.431205479554633e-01 0.000000000000000e+00
3.123999734729690e+00 1.436494379715161e-01 0.000000000000000e+00
3.124313893995049e+00 1.441709420815351e-01 0.000000000000000e+00
3.124628053260408e+00 1.446849591733378e-01 0.000000000000000e+00
3.124942212525767e+00 1.451913895420661e-01 0.000000000000000e+00
3.125256371791126e+00 1.456901349118322e-01 0.000000000000000e+00
3.125570531056485e+00 1.461810984569943e-01 0.000000000000000e+00
3.125884690321844e+00 1.466641848230963e-01 0.000000000000000e+00
3.126198849587203e+00 1.471393001475771e-01 0.000000000000000e+00
3.126513008852562e+00 1.476063520801062e-01 0.000000000000000e+00
3.126827168117921e+00 1.480652498025870e-01 0.000000000000000e+00
3.127141327383280e+00 1.485159040488623e-01 0.000000000000000e+00
3.127455486648639e+00 1.489582271240804e-01 0.000000000000000e+00
3.127769645913998e+00 1.493921329237147e-01 0.000000000000000e+00
3.128083805179357e+00 1.498175369522365e-01 0.000000000000000e+00
3.128397964444716e+00 1.502343563414376e-01 0.000000000000000e+00
3.128712123710075e+00 1.506425098684707e-01 0.000000000000000e+00
3.129026282975434e+00 1.510419179734120e-01 0.000000000000000e+00
3.129340442240793e+00 1.514325027765805e-01 0.000000000000000e+00
3.129654601506152e+00 1.518141880954316e-01 0.000000000000000e+00
3.129968760771511e+00 1.521868994610892e-01 0.000000000000000e+00
3.130282920036870e+00 1.525505641345556e-01 0.000000000000000e+00
3.130597079302229e+00 1.529051111224900e-01 0.000000000000000e+00
3.130911238567588e+00 1.532504711926112e-01 0.000000000000000e+00
3.131225397832947e+00 1.535865768887953e-01 0.000000000000000e+00
3.131539557098306e+00 1.539133625456926e-01 0.000000000000000e+00
3.131853716363665e+00 1.542307643030207e-01 0.000000000000000e+00
3.132167875629024e+00 1.545387201194238e-01 0.000000000000000e+00
3.132482034894382e+00 1.548371697859878e-01 0.000000000000000e+00
3.132796194159742e+00 1.551260549393138e-01 0.000000000000000e+00
3.133110353425101e+00 1.554053190742166e-01 0.000000000000000e+00
3.133424512690460e+00 1.556749075560380e-01 0.000000000000000e+00
3.133738671955819e+00 1.559347676324386e-01 0.000000000000000e+00
3.134052831221178e+00 1.561848484450238e-01 0.000000000000000e+00
3.134366990486537e+00 1.564251010402305e-01 0.000000000000000e+00
3.134681149751895e+00 1.566554783801517e-01 0.000000000000000e+00
3.134995309017254e+00 1.568759353526388e-01 0.000000000000000e+00
3.135309468282613e+00 1.570864287811757e-01 0.000000000000000e+00
3.135623627547973e+00 1.572869174342691e-01 0.000000000000000e+00
3.135937786813332e+00 1.574773620344240e-01 0.000000000000000e+00
3.136251946078691e+00 1.576577252666807e-01 0.000000000000000e+00
3.136566105344049e+00 1.578279717867399e-01 0.000000000000000e+00
3.136880264609408e+00 1.579880682286772e-01 0.000000000000000e+00
3.137194423874767e+00 1.581379832121686e-01 0.000000000000000e+00
3.137508583140126e+00 1.582776873493500e-01 0.000000000000000e+00
3.137822742405485e+00 1.584071532512157e-01 0.000000000000000e+00
3.138136901670844e+00 1.585263555335740e-01 0.000000000000000e+00
3.138451060936204e+00 1.586352708225690e-01 0.000000000000000e+00
3.138765220201562e+00 1.587338777597614e-01 0.000000000000000e+00
3.139079379466921e+00 1.588221570068223e-01 0.000000000000000e+00
3.139393538732280e+00 1.589000912497023e-01 0.000000000000000e+00
3.139707697997639e+00 1.589676652024135e-01 0.000000000000000e+00
3.140021857262998e+00 1.590248656103583e-01 0.000000000000000e+00
3.140336016528357e+00 1.590716812532282e-01 0.000000000000000e+00
3.140650175793716e+00 1.591081029474432e-01 0.000000000000000e+00
3.140964335059075e+00 1.591341235481080e-01 0.000000000000000e+00
3.141278494324434e+00 1.591497379506718e-01 0.000000000000000e+00
