                                                 0                                                 10 
                                                 0                                                 64 
                                                 0                                                128 
                                                 1                                                 10 
                                                 1                                                 12 
                                                 1                                                 65 
                                                 2                                                 12 
                                                 2                                                 14 
                                                 2                                                 66 
                                                 3                                                 14 
                                                 3                                                 16 
                                                 3                                                 67 
                                                 4                                                 16 
                                                 4                                                 18 
                                                 4                                                 68 
                                                 5                                                 18 
                                                 5                                                 20 
                                                 5                                                 69 
                                                 6                                                 20 
                                                 6                                                 21 
                                                 6                                                 70 
                                                 7                                                 21 
                                                 7                                                 71 
                                                 7                                                832 
                                                 8                                                 10 
                                                 8                                                 24 
                                                 8                                                129 
                                                 9                                                 12 
                                                 9                                                 24 
                                                 9                                                 26 
                                                11                                                 14 
                                                11                                                 26 
                                                11                                                 28 
                                                13                                                 16 
                                                13                                                 28 
                                                13                                                 30 
                                                15                                                 18 
                                                15                                                 30 
                                                15                                                 32 
                                                17                                                 20 
                                                17                                                 32 
                                                17                                                 33 
                                                19                                                 21 
                                                19                                                 33 
                                                19                                                833 
                                                22                                                 24 
                                                22                                                 36 
                                                22                                                130 
                                                23                                                 26 
                                                23                                                 36 
                                                23                                                 38 
                                                25                                                 28 
                                                25                                                 38 
                                                25                                                 40 
                                                27                                                 30 
                                                27                                                 40 
                                                27                                                 42 
                                                29                                                 32 
                                                29                                                 42 
                                                29                                                 43 
                                                31                                                 33 
                                                31                                                 43 
                                                31                                                834 
                                                34                                                 36 
                                                34                                                 46 
                                                34                                                131 
                                                35                                                 38 
                                                35                                                 46 
                                                35                                                 48 
                                                37                                                 40 
                                                37                                                 48 
                                                37                                                 50 
                                                39                                                 42 
                                                39                                                 50 
                                                39                                                 51 
                                                41                                                 43 
                                                41                                                 51 
                                                41                                                835 
                                                44                                                 46 
                                                44                                                 54 
                                                44                                                132 
                                                45                                                 48 
                                                45                                                 54 
                                                45                                                 56 
                                                47                                                 50 
                                                47                                                 56 
                                                47                                                 57 
                                                49                                                 51 
                                                49                                                 57 
                                                49                                                836 
                                                52                                                 54 
                                                52                                                 60 
                                                52                                                133 
                                                53                                                 56 
                                                53                                                 60 
                                                53                                                 61 
                                                55                                                 57 
                                                55                                                 61 
                                                55                                                837 
                                                58                                                 60 
                                                58                                                 63 
                                                58                                                134 
                                                59                                                 61 
                                                59                                                 63 
                                                59                                                838 
                                                62                                                 63 
                                                62                                                135 
                                                62                                                839 
                                                64                                                 74 
                                                64                                                256 
                                                65                                                 74 
                                                65                                                 76 
                                                66                                                 76 
                                                66                                                 78 
                                                67                                                 78 
                                                67                                                 80 
                                                68                                                 80 
                                                68                                                 82 
                                                69                                                 82 
                                                69                                                 84 
                                                70                                                 84 
                                                70                                                 85 
                                                71                                                 85 
                                                71                                                960 
                                                72                                                 74 
                                                72                                                 88 
                                                72                                                264 
                                                73                                                 76 
                                                73                                                 88 
                                                73                                                 90 
                                                75                                                 78 
                                                75                                                 90 
                                                75                                                 92 
                                                77                                                 80 
                                                77                                                 92 
                                                77                                                 94 
                                                79                                                 82 
                                                79                                                 94 
                                                79                                                 96 
                                                81                                                 84 
                                                81                                                 96 
                                                81                                                 97 
                                                83                                                 85 
                                                83                                                 97 
                                                83                                                968 
                                                86                                                 88 
                                                86                                                100 
                                                86                                                278 
                                                87                                                 90 
                                                87                                                100 
                                                87                                                102 
                                                89                                                 92 
                                                89                                                102 
                                                89                                                104 
                                                91                                                 94 
                                                91                                                104 
                                                91                                                106 
                                                93                                                 96 
                                                93                                                106 
                                                93                                                107 
                                                95                                                 97 
                                                95                                                107 
                                                95                                                982 
                                                98                                                100 
                                                98                                                110 
                                                98                                                290 
                                                99                                                102 
                                                99                                                110 
                                                99                                                112 
                                               101                                                104 
                                               101                                                112 
                                               101                                                114 
                                               103                                                106 
                                               103                                                114 
                                               103                                                115 
                                               105                                                107 
                                               105                                                115 
                                               105                                                994 
                                               108                                                110 
                                               108                                                118 
                                               108                                                300 
                                               109                                                112 
                                               109                                                118 
                                               109                                                120 
                                               111                                                114 
                                               111                                                120 
                                               111                                                121 
                                               113                                                115 
                                               113                                                121 
                                               113                                               1004 
                                               116                                                118 
                                               116                                                124 
                                               116                                                308 
                                               117                                                120 
                                               117                                                124 
                                               117                                                125 
                                               119                                                121 
                                               119                                                125 
                                               119                                               1012 
                                               122                                                124 
                                               122                                                127 
                                               122                                                314 
                                               123                                                125 
                                               123                                                127 
                                               123                                               1018 
                                               126                                                127 
                                               126                                                318 
                                               126                                               1022 
                                               128                                                138 
                                               128                                                192 
                                               129                                                138 
                                               129                                                140 
                                               130                                                140 
                                               130                                                142 
                                               131                                                142 
                                               131                                                144 
                                               132                                                144 
                                               132                                                146 
                                               133                                                146 
                                               133                                                148 
                                               134                                                148 
                                               134                                                149 
                                               135                                                149 
                                               135                                                455 
                                               136                                                138 
                                               136                                                152 
                                               136                                                193 
                                               137                                                140 
                                               137                                                152 
                                               137                                                154 
                                               139                                                142 
                                               139                                                154 
                                               139                                                156 
                                               141                                                144 
                                               141                                                156 
                                               141                                                158 
                                               143                                                146 
                                               143                                                158 
                                               143                                                160 
                                               145                                                148 
                                               145                                                160 
                                               145                                                161 
                                               147                                                149 
                                               147                                                161 
                                               147                                                467 
                                               150                                                152 
                                               150                                                164 
                                               150                                                194 
                                               151                                                154 
                                               151                                                164 
                                               151                                                166 
                                               153                                                156 
                                               153                                                166 
                                               153                                                168 
                                               155                                                158 
                                               155                                                168 
                                               155                                                170 
                                               157                                                160 
                                               157                                                170 
                                               157                                                171 
                                               159                                                161 
                                               159                                                171 
                                               159                                                479 
                                               162                                                164 
                                               162                                                174 
                                               162                                                195 
                                               163                                                166 
                                               163                                                174 
                                               163                                                176 
                                               165                                                168 
                                               165                                                176 
                                               165                                                178 
                                               167                                                170 
                                               167                                                178 
                                               167                                                179 
                                               169                                                171 
                                               169                                                179 
                                               169                                                489 
                                               172                                                174 
                                               172                                                182 
                                               172                                                196 
                                               173                                                176 
                                               173                                                182 
                                               173                                                184 
                                               175                                                178 
                                               175                                                184 
                                               175                                                185 
                                               177                                                179 
                                               177                                                185 
                                               177                                                497 
                                               180                                                182 
                                               180                                                188 
                                               180                                                197 
                                               181                                                184 
                                               181                                                188 
                                               181                                                189 
                                               183                                                185 
                                               183                                                189 
                                               183                                                503 
                                               186                                                188 
                                               186                                                191 
                                               186                                                198 
                                               187                                                189 
                                               187                                                191 
                                               187                                                507 
                                               190                                                191 
                                               190                                                199 
                                               190                                                510 
                                               192                                                202 
                                               192                                                256 
                                               193                                                202 
                                               193                                                204 
                                               194                                                204 
                                               194                                                206 
                                               195                                                206 
                                               195                                                208 
                                               196                                                208 
                                               196                                                210 
                                               197                                                210 
                                               197                                                212 
                                               198                                                212 
                                               198                                                213 
                                               199                                                213 
                                               199                                                775 
                                               200                                                202 
                                               200                                                216 
                                               200                                                257 
                                               201                                                204 
                                               201                                                216 
                                               201                                                218 
                                               203                                                206 
                                               203                                                218 
                                               203                                                220 
                                               205                                                208 
                                               205                                                220 
                                               205                                                222 
                                               207                                                210 
                                               207                                                222 
                                               207                                                224 
                                               209                                                212 
                                               209                                                224 
                                               209                                                225 
                                               211                                                213 
                                               211                                                225 
                                               211                                                787 
                                               214                                                216 
                                               214                                                228 
                                               214                                                258 
                                               215                                                218 
                                               215                                                228 
                                               215                                                230 
                                               217                                                220 
                                               217                                                230 
                                               217                                                232 
                                               219                                                222 
                                               219                                                232 
                                               219                                                234 
                                               221                                                224 
                                               221                                                234 
                                               221                                                235 
                                               223                                                225 
                                               223                                                235 
                                               223                                                799 
                                               226                                                228 
                                               226                                                238 
                                               226                                                259 
                                               227                                                230 
                                               227                                                238 
                                               227                                                240 
                                               229                                                232 
                                               229                                                240 
                                               229                                                242 
                                               231                                                234 
                                               231                                                242 
                                               231                                                243 
                                               233                                                235 
                                               233                                                243 
                                               233                                                809 
                                               236                                                238 
                                               236                                                246 
                                               236                                                260 
                                               237                                                240 
                                               237                                                246 
                                               237                                                248 
                                               239                                                242 
                                               239                                                248 
                                               239                                                249 
                                               241                                                243 
                                               241                                                249 
                                               241                                                817 
                                               244                                                246 
                                               244                                                252 
                                               244                                                261 
                                               245                                                248 
                                               245                                                252 
                                               245                                                253 
                                               247                                                249 
                                               247                                                253 
                                               247                                                823 
                                               250                                                252 
                                               250                                                255 
                                               250                                                262 
                                               251                                                253 
                                               251                                                255 
                                               251                                                827 
                                               254                                                255 
                                               254                                                263 
                                               254                                                830 
                                               256                                                266 
                                               257                                                266 
                                               257                                                268 
                                               258                                                268 
                                               258                                                270 
                                               259                                                270 
                                               259                                                272 
                                               260                                                272 
                                               260                                                274 
                                               261                                                274 
                                               261                                                276 
                                               262                                                276 
                                               262                                                277 
                                               263                                                277 
                                               263                                               1159 
                                               264                                                266 
                                               264                                                280 
                                               265                                                268 
                                               265                                                280 
                                               265                                                282 
                                               267                                                270 
                                               267                                                282 
                                               267                                                284 
                                               269                                                272 
                                               269                                                284 
                                               269                                                286 
                                               271                                                274 
                                               271                                                286 
                                               271                                                288 
                                               273                                                276 
                                               273                                                288 
                                               273                                                289 
                                               275                                                277 
                                               275                                                289 
                                               275                                               1171 
                                               278                                                280 
                                               278                                                292 
                                               279                                                282 
                                               279                                                292 
                                               279                                                294 
                                               281                                                284 
                                               281                                                294 
                                               281                                                296 
                                               283                                                286 
                                               283                                                296 
                                               283                                                298 
                                               285                                                288 
                                               285                                                298 
                                               285                                                299 
                                               287                                                289 
                                               287                                                299 
                                               287                                               1183 
                                               290                                                292 
                                               290                                                302 
                                               291                                                294 
                                               291                                                302 
                                               291                                                304 
                                               293                                                296 
                                               293                                                304 
                                               293                                                306 
                                               295                                                298 
                                               295                                                306 
                                               295                                                307 
                                               297                                                299 
                                               297                                                307 
                                               297                                               1193 
                                               300                                                302 
                                               300                                                310 
                                               301                                                304 
                                               301                                                310 
                                               301                                                312 
                                               303                                                306 
                                               303                                                312 
                                               303                                                313 
                                               305                                                307 
                                               305                                                313 
                                               305                                               1201 
                                               308                                                310 
                                               308                                                316 
                                               309                                                312 
                                               309                                                316 
                                               309                                                317 
                                               311                                                313 
                                               311                                                317 
                                               311                                               1207 
                                               314                                                316 
                                               314                                                319 
                                               315                                                317 
                                               315                                                319 
                                               315                                               1211 
                                               318                                                319 
                                               318                                               1214 
                                               320                                                330 
                                               320                                                384 
                                               320                                                576 
                                               321                                                330 
                                               321                                                332 
                                               321                                                385 
                                               322                                                332 
                                               322                                                334 
                                               322                                                386 
                                               323                                                334 
                                               323                                                336 
                                               323                                                387 
                                               324                                                336 
                                               324                                                338 
                                               324                                                388 
                                               325                                                338 
                                               325                                                340 
                                               325                                                389 
                                               326                                                340 
                                               326                                                341 
                                               326                                                390 
                                               327                                                341 
                                               327                                                391 
                                               327                                                640 
                                               328                                                330 
                                               328                                                344 
                                               328                                                577 
                                               329                                                332 
                                               329                                                344 
                                               329                                                346 
                                               331                                                334 
                                               331                                                346 
                                               331                                                348 
                                               333                                                336 
                                               333                                                348 
                                               333                                                350 
                                               335                                                338 
                                               335                                                350 
                                               335                                                352 
                                               337                                                340 
                                               337                                                352 
                                               337                                                353 
                                               339                                                341 
                                               339                                                353 
                                               339                                                648 
                                               342                                                344 
                                               342                                                356 
                                               342                                                578 
                                               343                                                346 
                                               343                                                356 
                                               343                                                358 
                                               345                                                348 
                                               345                                                358 
                                               345                                                360 
                                               347                                                350 
                                               347                                                360 
                                               347                                                362 
                                               349                                                352 
                                               349                                                362 
                                               349                                                363 
                                               351                                                353 
                                               351                                                363 
                                               351                                                662 
                                               354                                                356 
                                               354                                                366 
                                               354                                                579 
                                               355                                                358 
                                               355                                                366 
                                               355                                                368 
                                               357                                                360 
                                               357                                                368 
                                               357                                                370 
                                               359                                                362 
                                               359                                                370 
                                               359                                                371 
                                               361                                                363 
                                               361                                                371 
                                               361                                                674 
                                               364                                                366 
                                               364                                                374 
                                               364                                                580 
                                               365                                                368 
                                               365                                                374 
                                               365                                                376 
                                               367                                                370 
                                               367                                                376 
                                               367                                                377 
                                               369                                                371 
                                               369                                                377 
                                               369                                                684 
                                               372                                                374 
                                               372                                                380 
                                               372                                                581 
                                               373                                                376 
                                               373                                                380 
                                               373                                                381 
                                               375                                                377 
                                               375                                                381 
                                               375                                                692 
                                               378                                                380 
                                               378                                                383 
                                               378                                                582 
                                               379                                                381 
                                               379                                                383 
                                               379                                                698 
                                               382                                                383 
                                               382                                                583 
                                               382                                                702 
                                               384                                                394 
                                               384                                                448 
                                               385                                                394 
                                               385                                                396 
                                               386                                                396 
                                               386                                                398 
                                               387                                                398 
                                               387                                                400 
                                               388                                                400 
                                               388                                                402 
                                               389                                                402 
                                               389                                                404 
                                               390                                                404 
                                               390                                                405 
                                               391                                                405 
                                               391                                                768 
                                               392                                                394 
                                               392                                                408 
                                               392                                                456 
                                               393                                                396 
                                               393                                                408 
                                               393                                                410 
                                               395                                                398 
                                               395                                                410 
                                               395                                                412 
                                               397                                                400 
                                               397                                                412 
                                               397                                                414 
                                               399                                                402 
                                               399                                                414 
                                               399                                                416 
                                               401                                                404 
                                               401                                                416 
                                               401                                                417 
                                               403                                                405 
                                               403                                                417 
                                               403                                                769 
                                               406                                                408 
                                               406                                                420 
                                               406                                                470 
                                               407                                                410 
                                               407                                                420 
                                               407                                                422 
                                               409                                                412 
                                               409                                                422 
                                               409                                                424 
                                               411                                                414 
                                               411                                                424 
                                               411                                                426 
                                               413                                                416 
                                               413                                                426 
                                               413                                                427 
                                               415                                                417 
                                               415                                                427 
                                               415                                                770 
                                               418                                                420 
                                               418                                                430 
                                               418                                                482 
                                               419                                                422 
                                               419                                                430 
                                               419                                                432 
                                               421                                                424 
                                               421                                                432 
                                               421                                                434 
                                               423                                                426 
                                               423                                                434 
                                               423                                                435 
                                               425                                                427 
                                               425                                                435 
                                               425                                                771 
                                               428                                                430 
                                               428                                                438 
                                               428                                                492 
                                               429                                                432 
                                               429                                                438 
                                               429                                                440 
                                               431                                                434 
                                               431                                                440 
                                               431                                                441 
                                               433                                                435 
                                               433                                                441 
                                               433                                                772 
                                               436                                                438 
                                               436                                                444 
                                               436                                                500 
                                               437                                                440 
                                               437                                                444 
                                               437                                                445 
                                               439                                                441 
                                               439                                                445 
                                               439                                                773 
                                               442                                                444 
                                               442                                                447 
                                               442                                                506 
                                               443                                                445 
                                               443                                                447 
                                               443                                                774 
                                               446                                                447 
                                               446                                                510 
                                               446                                                775 
                                               448                                                458 
                                               448                                                512 
                                               449                                                458 
                                               449                                                460 
                                               449                                                513 
                                               450                                                460 
                                               450                                                462 
                                               450                                                514 
                                               451                                                462 
                                               451                                                464 
                                               451                                                515 
                                               452                                                464 
                                               452                                                466 
                                               452                                                516 
                                               453                                                466 
                                               453                                                468 
                                               453                                                517 
                                               454                                                468 
                                               454                                                469 
                                               454                                                518 
                                               455                                                469 
                                               455                                                519 
                                               456                                                458 
                                               456                                                472 
                                               457                                                460 
                                               457                                                472 
                                               457                                                474 
                                               459                                                462 
                                               459                                                474 
                                               459                                                476 
                                               461                                                464 
                                               461                                                476 
                                               461                                                478 
                                               463                                                466 
                                               463                                                478 
                                               463                                                480 
                                               465                                                468 
                                               465                                                480 
                                               465                                                481 
                                               467                                                469 
                                               467                                                481 
                                               470                                                472 
                                               470                                                484 
                                               471                                                474 
                                               471                                                484 
                                               471                                                486 
                                               473                                                476 
                                               473                                                486 
                                               473                                                488 
                                               475                                                478 
                                               475                                                488 
                                               475                                                490 
                                               477                                                480 
                                               477                                                490 
                                               477                                                491 
                                               479                                                481 
                                               479                                                491 
                                               482                                                484 
                                               482                                                494 
                                               483                                                486 
                                               483                                                494 
                                               483                                                496 
                                               485                                                488 
                                               485                                                496 
                                               485                                                498 
                                               487                                                490 
                                               487                                                498 
                                               487                                                499 
                                               489                                                491 
                                               489                                                499 
                                               492                                                494 
                                               492                                                502 
                                               493                                                496 
                                               493                                                502 
                                               493                                                504 
                                               495                                                498 
                                               495                                                504 
                                               495                                                505 
                                               497                                                499 
                                               497                                                505 
                                               500                                                502 
                                               500                                                508 
                                               501                                                504 
                                               501                                                508 
                                               501                                                509 
                                               503                                                505 
                                               503                                                509 
                                               506                                                508 
                                               506                                                511 
                                               507                                                509 
                                               507                                                511 
                                               510                                                511 
                                               512                                                522 
                                               512                                                576 
                                               513                                                522 
                                               513                                                524 
                                               514                                                524 
                                               514                                                526 
                                               515                                                526 
                                               515                                                528 
                                               516                                                528 
                                               516                                                530 
                                               517                                                530 
                                               517                                                532 
                                               518                                                532 
                                               518                                                533 
                                               519                                                533 
                                               519                                                839 
                                               520                                                522 
                                               520                                                536 
                                               520                                                584 
                                               521                                                524 
                                               521                                                536 
                                               521                                                538 
                                               523                                                526 
                                               523                                                538 
                                               523                                                540 
                                               525                                                528 
                                               525                                                540 
                                               525                                                542 
                                               527                                                530 
                                               527                                                542 
                                               527                                                544 
                                               529                                                532 
                                               529                                                544 
                                               529                                                545 
                                               531                                                533 
                                               531                                                545 
                                               531                                                851 
                                               534                                                536 
                                               534                                                548 
                                               534                                                598 
                                               535                                                538 
                                               535                                                548 
                                               535                                                550 
                                               537                                                540 
                                               537                                                550 
                                               537                                                552 
                                               539                                                542 
                                               539                                                552 
                                               539                                                554 
                                               541                                                544 
                                               541                                                554 
                                               541                                                555 
                                               543                                                545 
                                               543                                                555 
                                               543                                                863 
                                               546                                                548 
                                               546                                                558 
                                               546                                                610 
                                               547                                                550 
                                               547                                                558 
                                               547                                                560 
                                               549                                                552 
                                               549                                                560 
                                               549                                                562 
                                               551                                                554 
                                               551                                                562 
                                               551                                                563 
                                               553                                                555 
                                               553                                                563 
                                               553                                                873 
                                               556                                                558 
                                               556                                                566 
                                               556                                                620 
                                               557                                                560 
                                               557                                                566 
                                               557                                                568 
                                               559                                                562 
                                               559                                                568 
                                               559                                                569 
                                               561                                                563 
                                               561                                                569 
                                               561                                                881 
                                               564                                                566 
                                               564                                                572 
                                               564                                                628 
                                               565                                                568 
                                               565                                                572 
                                               565                                                573 
                                               567                                                569 
                                               567                                                573 
                                               567                                                887 
                                               570                                                572 
                                               570                                                575 
                                               570                                                634 
                                               571                                                573 
                                               571                                                575 
                                               571                                                891 
                                               574                                                575 
                                               574                                                638 
                                               574                                                894 
                                               576                                                586 
                                               577                                                586 
                                               577                                                588 
                                               578                                                588 
                                               578                                                590 
                                               579                                                590 
                                               579                                                592 
                                               580                                                592 
                                               580                                                594 
                                               581                                                594 
                                               581                                                596 
                                               582                                                596 
                                               582                                                597 
                                               583                                                597 
                                               583                                               1216 
                                               584                                                586 
                                               584                                                600 
                                               585                                                588 
                                               585                                                600 
                                               585                                                602 
                                               587                                                590 
                                               587                                                602 
                                               587                                                604 
                                               589                                                592 
                                               589                                                604 
                                               589                                                606 
                                               591                                                594 
                                               591                                                606 
                                               591                                                608 
                                               593                                                596 
                                               593                                                608 
                                               593                                                609 
                                               595                                                597 
                                               595                                                609 
                                               595                                               1224 
                                               598                                                600 
                                               598                                                612 
                                               599                                                602 
                                               599                                                612 
                                               599                                                614 
                                               601                                                604 
                                               601                                                614 
                                               601                                                616 
                                               603                                                606 
                                               603                                                616 
                                               603                                                618 
                                               605                                                608 
                                               605                                                618 
                                               605                                                619 
                                               607                                                609 
                                               607                                                619 
                                               607                                               1238 
                                               610                                                612 
                                               610                                                622 
                                               611                                                614 
                                               611                                                622 
                                               611                                                624 
                                               613                                                616 
                                               613                                                624 
                                               613                                                626 
                                               615                                                618 
                                               615                                                626 
                                               615                                                627 
                                               617                                                619 
                                               617                                                627 
                                               617                                               1250 
                                               620                                                622 
                                               620                                                630 
                                               621                                                624 
                                               621                                                630 
                                               621                                                632 
                                               623                                                626 
                                               623                                                632 
                                               623                                                633 
                                               625                                                627 
                                               625                                                633 
                                               625                                               1260 
                                               628                                                630 
                                               628                                                636 
                                               629                                                632 
                                               629                                                636 
                                               629                                                637 
                                               631                                                633 
                                               631                                                637 
                                               631                                               1268 
                                               634                                                636 
                                               634                                                639 
                                               635                                                637 
                                               635                                                639 
                                               635                                               1274 
                                               638                                                639 
                                               638                                               1278 
                                               640                                                650 
                                               640                                                704 
                                               641                                                650 
                                               641                                                652 
                                               641                                                705 
                                               642                                                652 
                                               642                                                654 
                                               642                                                706 
                                               643                                                654 
                                               643                                                656 
                                               643                                                707 
                                               644                                                656 
                                               644                                                658 
                                               644                                                708 
                                               645                                                658 
                                               645                                                660 
                                               645                                                709 
                                               646                                                660 
                                               646                                                661 
                                               646                                                710 
                                               647                                                661 
                                               647                                                711 
                                               647                                               1024 
                                               648                                                650 
                                               648                                                664 
                                               649                                                652 
                                               649                                                664 
                                               649                                                666 
                                               651                                                654 
                                               651                                                666 
                                               651                                                668 
                                               653                                                656 
                                               653                                                668 
                                               653                                                670 
                                               655                                                658 
                                               655                                                670 
                                               655                                                672 
                                               657                                                660 
                                               657                                                672 
                                               657                                                673 
                                               659                                                661 
                                               659                                                673 
                                               659                                               1025 
                                               662                                                664 
                                               662                                                676 
                                               663                                                666 
                                               663                                                676 
                                               663                                                678 
                                               665                                                668 
                                               665                                                678 
                                               665                                                680 
                                               667                                                670 
                                               667                                                680 
                                               667                                                682 
                                               669                                                672 
                                               669                                                682 
                                               669                                                683 
                                               671                                                673 
                                               671                                                683 
                                               671                                               1026 
                                               674                                                676 
                                               674                                                686 
                                               675                                                678 
                                               675                                                686 
                                               675                                                688 
                                               677                                                680 
                                               677                                                688 
                                               677                                                690 
                                               679                                                682 
                                               679                                                690 
                                               679                                                691 
                                               681                                                683 
                                               681                                                691 
                                               681                                               1027 
                                               684                                                686 
                                               684                                                694 
                                               685                                                688 
                                               685                                                694 
                                               685                                                696 
                                               687                                                690 
                                               687                                                696 
                                               687                                                697 
                                               689                                                691 
                                               689                                                697 
                                               689                                               1028 
                                               692                                                694 
                                               692                                                700 
                                               693                                                696 
                                               693                                                700 
                                               693                                                701 
                                               695                                                697 
                                               695                                                701 
                                               695                                               1029 
                                               698                                                700 
                                               698                                                703 
                                               699                                                701 
                                               699                                                703 
                                               699                                               1030 
                                               702                                                703 
                                               702                                               1031 
                                               704                                                714 
                                               704                                                768 
                                               705                                                714 
                                               705                                                716 
                                               706                                                716 
                                               706                                                718 
                                               707                                                718 
                                               707                                                720 
                                               708                                                720 
                                               708                                                722 
                                               709                                                722 
                                               709                                                724 
                                               710                                                724 
                                               710                                                725 
                                               711                                                725 
                                               711                                               1152 
                                               712                                                714 
                                               712                                                728 
                                               712                                                776 
                                               713                                                716 
                                               713                                                728 
                                               713                                                730 
                                               715                                                718 
                                               715                                                730 
                                               715                                                732 
                                               717                                                720 
                                               717                                                732 
                                               717                                                734 
                                               719                                                722 
                                               719                                                734 
                                               719                                                736 
                                               721                                                724 
                                               721                                                736 
                                               721                                                737 
                                               723                                                725 
                                               723                                                737 
                                               723                                               1153 
                                               726                                                728 
                                               726                                                740 
                                               726                                                790 
                                               727                                                730 
                                               727                                                740 
                                               727                                                742 
                                               729                                                732 
                                               729                                                742 
                                               729                                                744 
                                               731                                                734 
                                               731                                                744 
                                               731                                                746 
                                               733                                                736 
                                               733                                                746 
                                               733                                                747 
                                               735                                                737 
                                               735                                                747 
                                               735                                               1154 
                                               738                                                740 
                                               738                                                750 
                                               738                                                802 
                                               739                                                742 
                                               739                                                750 
                                               739                                                752 
                                               741                                                744 
                                               741                                                752 
                                               741                                                754 
                                               743                                                746 
                                               743                                                754 
                                               743                                                755 
                                               745                                                747 
                                               745                                                755 
                                               745                                               1155 
                                               748                                                750 
                                               748                                                758 
                                               748                                                812 
                                               749                                                752 
                                               749                                                758 
                                               749                                                760 
                                               751                                                754 
                                               751                                                760 
                                               751                                                761 
                                               753                                                755 
                                               753                                                761 
                                               753                                               1156 
                                               756                                                758 
                                               756                                                764 
                                               756                                                820 
                                               757                                                760 
                                               757                                                764 
                                               757                                                765 
                                               759                                                761 
                                               759                                                765 
                                               759                                               1157 
                                               762                                                764 
                                               762                                                767 
                                               762                                                826 
                                               763                                                765 
                                               763                                                767 
                                               763                                               1158 
                                               766                                                767 
                                               766                                                830 
                                               766                                               1159 
                                               768                                                778 
                                               769                                                778 
                                               769                                                780 
                                               770                                                780 
                                               770                                                782 
                                               771                                                782 
                                               771                                                784 
                                               772                                                784 
                                               772                                                786 
                                               773                                                786 
                                               773                                                788 
                                               774                                                788 
                                               774                                                789 
                                               775                                                789 
                                               776                                                778 
                                               776                                                792 
                                               777                                                780 
                                               777                                                792 
                                               777                                                794 
                                               779                                                782 
                                               779                                                794 
                                               779                                                796 
                                               781                                                784 
                                               781                                                796 
                                               781                                                798 
                                               783                                                786 
                                               783                                                798 
                                               783                                                800 
                                               785                                                788 
                                               785                                                800 
                                               785                                                801 
                                               787                                                789 
                                               787                                                801 
                                               790                                                792 
                                               790                                                804 
                                               791                                                794 
                                               791                                                804 
                                               791                                                806 
                                               793                                                796 
                                               793                                                806 
                                               793                                                808 
                                               795                                                798 
                                               795                                                808 
                                               795                                                810 
                                               797                                                800 
                                               797                                                810 
                                               797                                                811 
                                               799                                                801 
                                               799                                                811 
                                               802                                                804 
                                               802                                                814 
                                               803                                                806 
                                               803                                                814 
                                               803                                                816 
                                               805                                                808 
                                               805                                                816 
                                               805                                                818 
                                               807                                                810 
                                               807                                                818 
                                               807                                                819 
                                               809                                                811 
                                               809                                                819 
                                               812                                                814 
                                               812                                                822 
                                               813                                                816 
                                               813                                                822 
                                               813                                                824 
                                               815                                                818 
                                               815                                                824 
                                               815                                                825 
                                               817                                                819 
                                               817                                                825 
                                               820                                                822 
                                               820                                                828 
                                               821                                                824 
                                               821                                                828 
                                               821                                                829 
                                               823                                                825 
                                               823                                                829 
                                               826                                                828 
                                               826                                                831 
                                               827                                                829 
                                               827                                                831 
                                               830                                                831 
                                               832                                                842 
                                               832                                                896 
                                               833                                                842 
                                               833                                                844 
                                               834                                                844 
                                               834                                                846 
                                               835                                                846 
                                               835                                                848 
                                               836                                                848 
                                               836                                                850 
                                               837                                                850 
                                               837                                                852 
                                               838                                                852 
                                               838                                                853 
                                               839                                                853 
                                               840                                                842 
                                               840                                                856 
                                               840                                                904 
                                               841                                                844 
                                               841                                                856 
                                               841                                                858 
                                               843                                                846 
                                               843                                                858 
                                               843                                                860 
                                               845                                                848 
                                               845                                                860 
                                               845                                                862 
                                               847                                                850 
                                               847                                                862 
                                               847                                                864 
                                               849                                                852 
                                               849                                                864 
                                               849                                                865 
                                               851                                                853 
                                               851                                                865 
                                               854                                                856 
                                               854                                                868 
                                               854                                                918 
                                               855                                                858 
                                               855                                                868 
                                               855                                                870 
                                               857                                                860 
                                               857                                                870 
                                               857                                                872 
                                               859                                                862 
                                               859                                                872 
                                               859                                                874 
                                               861                                                864 
                                               861                                                874 
                                               861                                                875 
                                               863                                                865 
                                               863                                                875 
                                               866                                                868 
                                               866                                                878 
                                               866                                                930 
                                               867                                                870 
                                               867                                                878 
                                               867                                                880 
                                               869                                                872 
                                               869                                                880 
                                               869                                                882 
                                               871                                                874 
                                               871                                                882 
                                               871                                                883 
                                               873                                                875 
                                               873                                                883 
                                               876                                                878 
                                               876                                                886 
                                               876                                                940 
                                               877                                                880 
                                               877                                                886 
                                               877                                                888 
                                               879                                                882 
                                               879                                                888 
                                               879                                                889 
                                               881                                                883 
                                               881                                                889 
                                               884                                                886 
                                               884                                                892 
                                               884                                                948 
                                               885                                                888 
                                               885                                                892 
                                               885                                                893 
                                               887                                                889 
                                               887                                                893 
                                               890                                                892 
                                               890                                                895 
                                               890                                                954 
                                               891                                                893 
                                               891                                                895 
                                               894                                                895 
                                               894                                                958 
                                               896                                                906 
                                               896                                                960 
                                               897                                                906 
                                               897                                                908 
                                               897                                                961 
                                               898                                                908 
                                               898                                                910 
                                               898                                                962 
                                               899                                                910 
                                               899                                                912 
                                               899                                                963 
                                               900                                                912 
                                               900                                                914 
                                               900                                                964 
                                               901                                                914 
                                               901                                                916 
                                               901                                                965 
                                               902                                                916 
                                               902                                                917 
                                               902                                                966 
                                               903                                                917 
                                               903                                                967 
                                               903                                               1223 
                                               904                                                906 
                                               904                                                920 
                                               905                                                908 
                                               905                                                920 
                                               905                                                922 
                                               907                                                910 
                                               907                                                922 
                                               907                                                924 
                                               909                                                912 
                                               909                                                924 
                                               909                                                926 
                                               911                                                914 
                                               911                                                926 
                                               911                                                928 
                                               913                                                916 
                                               913                                                928 
                                               913                                                929 
                                               915                                                917 
                                               915                                                929 
                                               915                                               1235 
                                               918                                                920 
                                               918                                                932 
                                               919                                                922 
                                               919                                                932 
                                               919                                                934 
                                               921                                                924 
                                               921                                                934 
                                               921                                                936 
                                               923                                                926 
                                               923                                                936 
                                               923                                                938 
                                               925                                                928 
                                               925                                                938 
                                               925                                                939 
                                               927                                                929 
                                               927                                                939 
                                               927                                               1247 
                                               930                                                932 
                                               930                                                942 
                                               931                                                934 
                                               931                                                942 
                                               931                                                944 
                                               933                                                936 
                                               933                                                944 
                                               933                                                946 
                                               935                                                938 
                                               935                                                946 
                                               935                                                947 
                                               937                                                939 
                                               937                                                947 
                                               937                                               1257 
                                               940                                                942 
                                               940                                                950 
                                               941                                                944 
                                               941                                                950 
                                               941                                                952 
                                               943                                                946 
                                               943                                                952 
                                               943                                                953 
                                               945                                                947 
                                               945                                                953 
                                               945                                               1265 
                                               948                                                950 
                                               948                                                956 
                                               949                                                952 
                                               949                                                956 
                                               949                                                957 
                                               951                                                953 
                                               951                                                957 
                                               951                                               1271 
                                               954                                                956 
                                               954                                                959 
                                               955                                                957 
                                               955                                                959 
                                               955                                               1275 
                                               958                                                959 
                                               958                                               1278 
                                               960                                                970 
                                               961                                                970 
                                               961                                                972 
                                               962                                                972 
                                               962                                                974 
                                               963                                                974 
                                               963                                                976 
                                               964                                                976 
                                               964                                                978 
                                               965                                                978 
                                               965                                                980 
                                               966                                                980 
                                               966                                                981 
                                               967                                                981 
                                               967                                               1095 
                                               968                                                970 
                                               968                                                984 
                                               969                                                972 
                                               969                                                984 
                                               969                                                986 
                                               971                                                974 
                                               971                                                986 
                                               971                                                988 
                                               973                                                976 
                                               973                                                988 
                                               973                                                990 
                                               975                                                978 
                                               975                                                990 
                                               975                                                992 
                                               977                                                980 
                                               977                                                992 
                                               977                                                993 
                                               979                                                981 
                                               979                                                993 
                                               979                                               1107 
                                               982                                                984 
                                               982                                                996 
                                               983                                                986 
                                               983                                                996 
                                               983                                                998 
                                               985                                                988 
                                               985                                                998 
                                               985                                               1000 
                                               987                                                990 
                                               987                                               1000 
                                               987                                               1002 
                                               989                                                992 
                                               989                                               1002 
                                               989                                               1003 
                                               991                                                993 
                                               991                                               1003 
                                               991                                               1119 
                                               994                                                996 
                                               994                                               1006 
                                               995                                                998 
                                               995                                               1006 
                                               995                                               1008 
                                               997                                               1000 
                                               997                                               1008 
                                               997                                               1010 
                                               999                                               1002 
                                               999                                               1010 
                                               999                                               1011 
                                              1001                                               1003 
                                              1001                                               1011 
                                              1001                                               1129 
                                              1004                                               1006 
                                              1004                                               1014 
                                              1005                                               1008 
                                              1005                                               1014 
                                              1005                                               1016 
                                              1007                                               1010 
                                              1007                                               1016 
                                              1007                                               1017 
                                              1009                                               1011 
                                              1009                                               1017 
                                              1009                                               1137 
                                              1012                                               1014 
                                              1012                                               1020 
                                              1013                                               1016 
                                              1013                                               1020 
                                              1013                                               1021 
                                              1015                                               1017 
                                              1015                                               1021 
                                              1015                                               1143 
                                              1018                                               1020 
                                              1018                                               1023 
                                              1019                                               1021 
                                              1019                                               1023 
                                              1019                                               1147 
                                              1022                                               1023 
                                              1022                                               1150 
                                              1024                                               1034 
                                              1024                                               1088 
                                              1025                                               1034 
                                              1025                                               1036 
                                              1026                                               1036 
                                              1026                                               1038 
                                              1027                                               1038 
                                              1027                                               1040 
                                              1028                                               1040 
                                              1028                                               1042 
                                              1029                                               1042 
                                              1029                                               1044 
                                              1030                                               1044 
                                              1030                                               1045 
                                              1031                                               1045 
                                              1031                                               1216 
                                              1032                                               1034 
                                              1032                                               1048 
                                              1032                                               1089 
                                              1033                                               1036 
                                              1033                                               1048 
                                              1033                                               1050 
                                              1035                                               1038 
                                              1035                                               1050 
                                              1035                                               1052 
                                              1037                                               1040 
                                              1037                                               1052 
                                              1037                                               1054 
                                              1039                                               1042 
                                              1039                                               1054 
                                              1039                                               1056 
                                              1041                                               1044 
                                              1041                                               1056 
                                              1041                                               1057 
                                              1043                                               1045 
                                              1043                                               1057 
                                              1043                                               1217 
                                              1046                                               1048 
                                              1046                                               1060 
                                              1046                                               1090 
                                              1047                                               1050 
                                              1047                                               1060 
                                              1047                                               1062 
                                              1049                                               1052 
                                              1049                                               1062 
                                              1049                                               1064 
                                              1051                                               1054 
                                              1051                                               1064 
                                              1051                                               1066 
                                              1053                                               1056 
                                              1053                                               1066 
                                              1053                                               1067 
                                              1055                                               1057 
                                              1055                                               1067 
                                              1055                                               1218 
                                              1058                                               1060 
                                              1058                                               1070 
                                              1058                                               1091 
                                              1059                                               1062 
                                              1059                                               1070 
                                              1059                                               1072 
                                              1061                                               1064 
                                              1061                                               1072 
                                              1061                                               1074 
                                              1063                                               1066 
                                              1063                                               1074 
                                              1063                                               1075 
                                              1065                                               1067 
                                              1065                                               1075 
                                              1065                                               1219 
                                              1068                                               1070 
                                              1068                                               1078 
                                              1068                                               1092 
                                              1069                                               1072 
                                              1069                                               1078 
                                              1069                                               1080 
                                              1071                                               1074 
                                              1071                                               1080 
                                              1071                                               1081 
                                              1073                                               1075 
                                              1073                                               1081 
                                              1073                                               1220 
                                              1076                                               1078 
                                              1076                                               1084 
                                              1076                                               1093 
                                              1077                                               1080 
                                              1077                                               1084 
                                              1077                                               1085 
                                              1079                                               1081 
                                              1079                                               1085 
                                              1079                                               1221 
                                              1082                                               1084 
                                              1082                                               1087 
                                              1082                                               1094 
                                              1083                                               1085 
                                              1083                                               1087 
                                              1083                                               1222 
                                              1086                                               1087 
                                              1086                                               1095 
                                              1086                                               1223 
                                              1088                                               1098 
                                              1088                                               1152 
                                              1089                                               1098 
                                              1089                                               1100 
                                              1090                                               1100 
                                              1090                                               1102 
                                              1091                                               1102 
                                              1091                                               1104 
                                              1092                                               1104 
                                              1092                                               1106 
                                              1093                                               1106 
                                              1093                                               1108 
                                              1094                                               1108 
                                              1094                                               1109 
                                              1095                                               1109 
                                              1096                                               1098 
                                              1096                                               1112 
                                              1096                                               1160 
                                              1097                                               1100 
                                              1097                                               1112 
                                              1097                                               1114 
                                              1099                                               1102 
                                              1099                                               1114 
                                              1099                                               1116 
                                              1101                                               1104 
                                              1101                                               1116 
                                              1101                                               1118 
                                              1103                                               1106 
                                              1103                                               1118 
                                              1103                                               1120 
                                              1105                                               1108 
                                              1105                                               1120 
                                              1105                                               1121 
                                              1107                                               1109 
                                              1107                                               1121 
                                              1110                                               1112 
                                              1110                                               1124 
                                              1110                                               1174 
                                              1111                                               1114 
                                              1111                                               1124 
                                              1111                                               1126 
                                              1113                                               1116 
                                              1113                                               1126 
                                              1113                                               1128 
                                              1115                                               1118 
                                              1115                                               1128 
                                              1115                                               1130 
                                              1117                                               1120 
                                              1117                                               1130 
                                              1117                                               1131 
                                              1119                                               1121 
                                              1119                                               1131 
                                              1122                                               1124 
                                              1122                                               1134 
                                              1122                                               1186 
                                              1123                                               1126 
                                              1123                                               1134 
                                              1123                                               1136 
                                              1125                                               1128 
                                              1125                                               1136 
                                              1125                                               1138 
                                              1127                                               1130 
                                              1127                                               1138 
                                              1127                                               1139 
                                              1129                                               1131 
                                              1129                                               1139 
                                              1132                                               1134 
                                              1132                                               1142 
                                              1132                                               1196 
                                              1133                                               1136 
                                              1133                                               1142 
                                              1133                                               1144 
                                              1135                                               1138 
                                              1135                                               1144 
                                              1135                                               1145 
                                              1137                                               1139 
                                              1137                                               1145 
                                              1140                                               1142 
                                              1140                                               1148 
                                              1140                                               1204 
                                              1141                                               1144 
                                              1141                                               1148 
                                              1141                                               1149 
                                              1143                                               1145 
                                              1143                                               1149 
                                              1146                                               1148 
                                              1146                                               1151 
                                              1146                                               1210 
                                              1147                                               1149 
                                              1147                                               1151 
                                              1150                                               1151 
                                              1150                                               1214 
                                              1152                                               1162 
                                              1153                                               1162 
                                              1153                                               1164 
                                              1154                                               1164 
                                              1154                                               1166 
                                              1155                                               1166 
                                              1155                                               1168 
                                              1156                                               1168 
                                              1156                                               1170 
                                              1157                                               1170 
                                              1157                                               1172 
                                              1158                                               1172 
                                              1158                                               1173 
                                              1159                                               1173 
                                              1160                                               1162 
                                              1160                                               1176 
                                              1161                                               1164 
                                              1161                                               1176 
                                              1161                                               1178 
                                              1163                                               1166 
                                              1163                                               1178 
                                              1163                                               1180 
                                              1165                                               1168 
                                              1165                                               1180 
                                              1165                                               1182 
                                              1167                                               1170 
                                              1167                                               1182 
                                              1167                                               1184 
                                              1169                                               1172 
                                              1169                                               1184 
                                              1169                                               1185 
                                              1171                                               1173 
                                              1171                                               1185 
                                              1174                                               1176 
                                              1174                                               1188 
                                              1175                                               1178 
                                              1175                                               1188 
                                              1175                                               1190 
                                              1177                                               1180 
                                              1177                                               1190 
                                              1177                                               1192 
                                              1179                                               1182 
                                              1179                                               1192 
                                              1179                                               1194 
                                              1181                                               1184 
                                              1181                                               1194 
                                              1181                                               1195 
                                              1183                                               1185 
                                              1183                                               1195 
                                              1186                                               1188 
                                              1186                                               1198 
                                              1187                                               1190 
                                              1187                                               1198 
                                              1187                                               1200 
                                              1189                                               1192 
                                              1189                                               1200 
                                              1189                                               1202 
                                              1191                                               1194 
                                              1191                                               1202 
                                              1191                                               1203 
                                              1193                                               1195 
                                              1193                                               1203 
                                              1196                                               1198 
                                              1196                                               1206 
                                              1197                                               1200 
                                              1197                                               1206 
                                              1197                                               1208 
                                              1199                                               1202 
                                              1199                                               1208 
                                              1199                                               1209 
                                              1201                                               1203 
                                              1201                                               1209 
                                              1204                                               1206 
                                              1204                                               1212 
                                              1205                                               1208 
                                              1205                                               1212 
                                              1205                                               1213 
                                              1207                                               1209 
                                              1207                                               1213 
                                              1210                                               1212 
                                              1210                                               1215 
                                              1211                                               1213 
                                              1211                                               1215 
                                              1214                                               1215 
                                              1216                                               1226 
                                              1217                                               1226 
                                              1217                                               1228 
                                              1218                                               1228 
                                              1218                                               1230 
                                              1219                                               1230 
                                              1219                                               1232 
                                              1220                                               1232 
                                              1220                                               1234 
                                              1221                                               1234 
                                              1221                                               1236 
                                              1222                                               1236 
                                              1222                                               1237 
                                              1223                                               1237 
                                              1224                                               1226 
                                              1224                                               1240 
                                              1225                                               1228 
                                              1225                                               1240 
                                              1225                                               1242 
                                              1227                                               1230 
                                              1227                                               1242 
                                              1227                                               1244 
                                              1229                                               1232 
                                              1229                                               1244 
                                              1229                                               1246 
                                              1231                                               1234 
                                              1231                                               1246 
                                              1231                                               1248 
                                              1233                                               1236 
                                              1233                                               1248 
                                              1233                                               1249 
                                              1235                                               1237 
                                              1235                                               1249 
                                              1238                                               1240 
                                              1238                                               1252 
                                              1239                                               1242 
                                              1239                                               1252 
                                              1239                                               1254 
                                              1241                                               1244 
                                              1241                                               1254 
                                              1241                                               1256 
                                              1243                                               1246 
                                              1243                                               1256 
                                              1243                                               1258 
                                              1245                                               1248 
                                              1245                                               1258 
                                              1245                                               1259 
                                              1247                                               1249 
                                              1247                                               1259 
                                              1250                                               1252 
                                              1250                                               1262 
                                              1251                                               1254 
                                              1251                                               1262 
                                              1251                                               1264 
                                              1253                                               1256 
                                              1253                                               1264 
                                              1253                                               1266 
                                              1255                                               1258 
                                              1255                                               1266 
                                              1255                                               1267 
                                              1257                                               1259 
                                              1257                                               1267 
                                              1260                                               1262 
                                              1260                                               1270 
                                              1261                                               1264 
                                              1261                                               1270 
                                              1261                                               1272 
                                              1263                                               1266 
                                              1263                                               1272 
                                              1263                                               1273 
                                              1265                                               1267 
                                              1265                                               1273 
                                              1268                                               1270 
                                              1268                                               1276 
                                              1269                                               1272 
                                              1269                                               1276 
                                              1269                                               1277 
                                              1271                                               1273 
                                              1271                                               1277 
                                              1274                                               1276 
                                              1274                                               1279 
                                              1275                                               1277 
                                              1275                                               1279 
                                              1278                                               1279 
