                                                 0                                                  9                                                  1 
                                                 1                                                 10                                                  2 
                                                 2                                                 11                                                  3 
                                                 3                                                 12                                                  4 
                                                 4                                                 13                                                  5 
                                                 5                                                 14                                                  6 
                                                 6                                                 15                                                  7 
                                                 7                                                 16                                                  8 
                                                 9                                                 17                                                 10 
                                                10                                                 18                                                 11 
                                                10                                                  1                                                  9 
                                                11                                                 19                                                 12 
                                                11                                                  2                                                 10 
                                                12                                                 20                                                 13 
                                                12                                                  3                                                 11 
                                                13                                                 21                                                 14 
                                                13                                                  4                                                 12 
                                                14                                                 22                                                 15 
                                                14                                                  5                                                 13 
                                                15                                                 23                                                 16 
                                                15                                                  6                                                 14 
                                                16                                                  7                                                 15 
                                                17                                                 24                                                 18 
                                                18                                                 25                                                 19 
                                                18                                                 10                                                 17 
                                                19                                                 26                                                 20 
                                                19                                                 11                                                 18 
                                                20                                                 27                                                 21 
                                                20                                                 12                                                 19 
                                                21                                                 28                                                 22 
                                                21                                                 13                                                 20 
                                                22                                                 29                                                 23 
                                                22                                                 14                                                 21 
                                                23                                                 15                                                 22 
                                                24                                                 30                                                 25 
                                                25                                                 31                                                 26 
                                                25                                                 18                                                 24 
                                                26                                                 32                                                 27 
                                                26                                                 19                                                 25 
                                                27                                                 33                                                 28 
                                                27                                                 20                                                 26 
                                                28                                                 34                                                 29 
                                                28                                                 21                                                 27 
                                                29                                                 22                                                 28 
                                                30                                                 35                                                 31 
                                                31                                                 36                                                 32 
                                                31                                                 25                                                 30 
                                                32                                                 37                                                 33 
                                                32                                                 26                                                 31 
                                                33                                                 38                                                 34 
                                                33                                                 27                                                 32 
                                                34                                                 28                                                 33 
                                                35                                                 39                                                 36 
                                                36                                                 40                                                 37 
                                                36                                                 31                                                 35 
                                                37                                                 41                                                 38 
                                                37                                                 32                                                 36 
                                                38                                                 33                                                 37 
                                                39                                                 42                                                 40 
                                                40                                                 43                                                 41 
                                                40                                                 36                                                 39 
                                                41                                                 37                                                 40 
                                                42                                                 44                                                 43 
                                                43                                                 40                                                 42 
                                                 0                                                 45                                                  1 
                                                 1                                                 46                                                  2 
                                                 2                                                 47                                                  3 
                                                 3                                                 48                                                  4 
                                                 4                                                 49                                                  5 
                                                 5                                                 50                                                  6 
                                                 6                                                 51                                                  7 
                                                 7                                                 52                                                  8 
                                                45                                                 53                                                 46 
                                                46                                                 54                                                 47 
                                                46                                                  1                                                 45 
                                                47                                                 55                                                 48 
                                                47                                                  2                                                 46 
                                                48                                                 56                                                 49 
                                                48                                                  3                                                 47 
                                                49                                                 57                                                 50 
                                                49                                                  4                                                 48 
                                                50                                                 58                                                 51 
                                                50                                                  5                                                 49 
                                                51                                                 59                                                 52 
                                                51                                                  6                                                 50 
                                                52                                                  7                                                 51 
                                                53                                                 60                                                 54 
                                                54                                                 61                                                 55 
                                                54                                                 46                                                 53 
                                                55                                                 62                                                 56 
                                                55                                                 47                                                 54 
                                                56                                                 63                                                 57 
                                                56                                                 48                                                 55 
                                                57                                                 64                                                 58 
                                                57                                                 49                                                 56 
                                                58                                                 65                                                 59 
                                                58                                                 50                                                 57 
                                                59                                                 51                                                 58 
                                                60                                                 66                                                 61 
                                                61                                                 67                                                 62 
                                                61                                                 54                                                 60 
                                                62                                                 68                                                 63 
                                                62                                                 55                                                 61 
                                                63                                                 69                                                 64 
                                                63                                                 56                                                 62 
                                                64                                                 70                                                 65 
                                                64                                                 57                                                 63 
                                                65                                                 58                                                 64 
                                                66                                                 71                                                 67 
                                                67                                                 72                                                 68 
                                                67                                                 61                                                 66 
                                                68                                                 73                                                 69 
                                                68                                                 62                                                 67 
                                                69                                                 74                                                 70 
                                                69                                                 63                                                 68 
                                                70                                                 64                                                 69 
                                                71                                                 75                                                 72 
                                                72                                                 76                                                 73 
                                                72                                                 67                                                 71 
                                                73                                                 77                                                 74 
                                                73                                                 68                                                 72 
                                                74                                                 69                                                 73 
                                                75                                                 78                                                 76 
                                                76                                                 79                                                 77 
                                                76                                                 72                                                 75 
                                                77                                                 73                                                 76 
                                                78                                                 80                                                 79 
                                                79                                                 76                                                 78 
                                                 0                                                 81                                                  9 
                                                 9                                                 82                                                 17 
                                                17                                                 83                                                 24 
                                                24                                                 84                                                 30 
                                                30                                                 85                                                 35 
                                                35                                                 86                                                 39 
                                                39                                                 87                                                 42 
                                                42                                                 88                                                 44 
                                                81                                                 89                                                 82 
                                                82                                                 90                                                 83 
                                                82                                                  9                                                 81 
                                                83                                                 91                                                 84 
                                                83                                                 17                                                 82 
                                                84                                                 92                                                 85 
                                                84                                                 24                                                 83 
                                                85                                                 93                                                 86 
                                                85                                                 30                                                 84 
                                                86                                                 94                                                 87 
                                                86                                                 35                                                 85 
                                                87                                                 95                                                 88 
                                                87                                                 39                                                 86 
                                                88                                                 42                                                 87 
                                                89                                                 96                                                 90 
                                                90                                                 97                                                 91 
                                                90                                                 82                                                 89 
                                                91                                                 98                                                 92 
                                                91                                                 83                                                 90 
                                                92                                                 99                                                 93 
                                                92                                                 84                                                 91 
                                                93                                                100                                                 94 
                                                93                                                 85                                                 92 
                                                94                                                101                                                 95 
                                                94                                                 86                                                 93 
                                                95                                                 87                                                 94 
                                                96                                                102                                                 97 
                                                97                                                103                                                 98 
                                                97                                                 90                                                 96 
                                                98                                                104                                                 99 
                                                98                                                 91                                                 97 
                                                99                                                105                                                100 
                                                99                                                 92                                                 98 
                                               100                                                106                                                101 
                                               100                                                 93                                                 99 
                                               101                                                 94                                                100 
                                               102                                                107                                                103 
                                               103                                                108                                                104 
                                               103                                                 97                                                102 
                                               104                                                109                                                105 
                                               104                                                 98                                                103 
                                               105                                                110                                                106 
                                               105                                                 99                                                104 
                                               106                                                100                                                105 
                                               107                                                111                                                108 
                                               108                                                112                                                109 
                                               108                                                103                                                107 
                                               109                                                113                                                110 
                                               109                                                104                                                108 
                                               110                                                105                                                109 
                                               111                                                114                                                112 
                                               112                                                115                                                113 
                                               112                                                108                                                111 
                                               113                                                109                                                112 
                                               114                                                116                                                115 
                                               115                                                112                                                114 
                                                 0                                                117                                                 81 
                                                81                                                118                                                 89 
                                                89                                                119                                                 96 
                                                96                                                120                                                102 
                                               102                                                121                                                107 
                                               107                                                122                                                111 
                                               111                                                123                                                114 
                                               114                                                124                                                116 
                                               117                                                125                                                118 
                                               118                                                126                                                119 
                                               118                                                 81                                                117 
                                               119                                                127                                                120 
                                               119                                                 89                                                118 
                                               120                                                128                                                121 
                                               120                                                 96                                                119 
                                               121                                                129                                                122 
                                               121                                                102                                                120 
                                               122                                                130                                                123 
                                               122                                                107                                                121 
                                               123                                                131                                                124 
                                               123                                                111                                                122 
                                               124                                                114                                                123 
                                               125                                                132                                                126 
                                               126                                                133                                                127 
                                               126                                                118                                                125 
                                               127                                                134                                                128 
                                               127                                                119                                                126 
                                               128                                                135                                                129 
                                               128                                                120                                                127 
                                               129                                                136                                                130 
                                               129                                                121                                                128 
                                               130                                                137                                                131 
                                               130                                                122                                                129 
                                               131                                                123                                                130 
                                               132                                                138                                                133 
                                               133                                                139                                                134 
                                               133                                                126                                                132 
                                               134                                                140                                                135 
                                               134                                                127                                                133 
                                               135                                                141                                                136 
                                               135                                                128                                                134 
                                               136                                                142                                                137 
                                               136                                                129                                                135 
                                               137                                                130                                                136 
                                               138                                                143                                                139 
                                               139                                                144                                                140 
                                               139                                                133                                                138 
                                               140                                                145                                                141 
                                               140                                                134                                                139 
                                               141                                                146                                                142 
                                               141                                                135                                                140 
                                               142                                                136                                                141 
                                               143                                                147                                                144 
                                               144                                                148                                                145 
                                               144                                                139                                                143 
                                               145                                                149                                                146 
                                               145                                                140                                                144 
                                               146                                                141                                                145 
                                               147                                                150                                                148 
                                               148                                                151                                                149 
                                               148                                                144                                                147 
                                               149                                                145                                                148 
                                               150                                                152                                                151 
                                               151                                                148                                                150 
                                                 0                                                 45                                                117 
                                               117                                                153                                                125 
                                               125                                                154                                                132 
                                               132                                                155                                                138 
                                               138                                                156                                                143 
                                               143                                                157                                                147 
                                               147                                                158                                                150 
                                               150                                                159                                                152 
                                                45                                                 53                                                153 
                                               153                                                160                                                154 
                                               153                                                117                                                 45 
                                               154                                                161                                                155 
                                               154                                                125                                                153 
                                               155                                                162                                                156 
                                               155                                                132                                                154 
                                               156                                                163                                                157 
                                               156                                                138                                                155 
                                               157                                                164                                                158 
                                               157                                                143                                                156 
                                               158                                                165                                                159 
                                               158                                                147                                                157 
                                               159                                                150                                                158 
                                                53                                                 60                                                160 
                                               160                                                166                                                161 
                                               160                                                153                                                 53 
                                               161                                                167                                                162 
                                               161                                                154                                                160 
                                               162                                                168                                                163 
                                               162                                                155                                                161 
                                               163                                                169                                                164 
                                               163                                                156                                                162 
                                               164                                                170                                                165 
                                               164                                                157                                                163 
                                               165                                                158                                                164 
                                                60                                                 66                                                166 
                                               166                                                171                                                167 
                                               166                                                160                                                 60 
                                               167                                                172                                                168 
                                               167                                                161                                                166 
                                               168                                                173                                                169 
                                               168                                                162                                                167 
                                               169                                                174                                                170 
                                               169                                                163                                                168 
                                               170                                                164                                                169 
                                                66                                                 71                                                171 
                                               171                                                175                                                172 
                                               171                                                166                                                 66 
                                               172                                                176                                                173 
                                               172                                                167                                                171 
                                               173                                                177                                                174 
                                               173                                                168                                                172 
                                               174                                                169                                                173 
                                                71                                                 75                                                175 
                                               175                                                178                                                176 
                                               175                                                171                                                 71 
                                               176                                                179                                                177 
                                               176                                                172                                                175 
                                               177                                                173                                                176 
                                                75                                                 78                                                178 
                                               178                                                180                                                179 
                                               178                                                175                                                 75 
                                               179                                                176                                                178 
                                                78                                                 80                                                180 
                                               180                                                178                                                 78 
                                               181                                                190                                                182 
                                               182                                                191                                                183 
                                               183                                                192                                                184 
                                               184                                                193                                                185 
                                               185                                                194                                                186 
                                               186                                                195                                                187 
                                               187                                                196                                                188 
                                               188                                                197                                                189 
                                               190                                                198                                                191 
                                               191                                                199                                                192 
                                               191                                                182                                                190 
                                               192                                                200                                                193 
                                               192                                                183                                                191 
                                               193                                                201                                                194 
                                               193                                                184                                                192 
                                               194                                                202                                                195 
                                               194                                                185                                                193 
                                               195                                                203                                                196 
                                               195                                                186                                                194 
                                               196                                                204                                                197 
                                               196                                                187                                                195 
                                               197                                                188                                                196 
                                               198                                                205                                                199 
                                               199                                                206                                                200 
                                               199                                                191                                                198 
                                               200                                                207                                                201 
                                               200                                                192                                                199 
                                               201                                                208                                                202 
                                               201                                                193                                                200 
                                               202                                                209                                                203 
                                               202                                                194                                                201 
                                               203                                                210                                                204 
                                               203                                                195                                                202 
                                               204                                                196                                                203 
                                               205                                                211                                                206 
                                               206                                                212                                                207 
                                               206                                                199                                                205 
                                               207                                                213                                                208 
                                               207                                                200                                                206 
                                               208                                                214                                                209 
                                               208                                                201                                                207 
                                               209                                                215                                                210 
                                               209                                                202                                                208 
                                               210                                                203                                                209 
                                               211                                                216                                                212 
                                               212                                                217                                                213 
                                               212                                                206                                                211 
                                               213                                                218                                                214 
                                               213                                                207                                                212 
                                               214                                                219                                                215 
                                               214                                                208                                                213 
                                               215                                                209                                                214 
                                               216                                                220                                                217 
                                               217                                                221                                                218 
                                               217                                                212                                                216 
                                               218                                                222                                                219 
                                               218                                                213                                                217 
                                               219                                                214                                                218 
                                               220                                                223                                                221 
                                               221                                                224                                                222 
                                               221                                                217                                                220 
                                               222                                                218                                                221 
                                               223                                                225                                                224 
                                               224                                                221                                                223 
                                               181                                                226                                                182 
                                               182                                                227                                                183 
                                               183                                                228                                                184 
                                               184                                                229                                                185 
                                               185                                                230                                                186 
                                               186                                                231                                                187 
                                               187                                                232                                                188 
                                               188                                                233                                                189 
                                               226                                                234                                                227 
                                               227                                                235                                                228 
                                               227                                                182                                                226 
                                               228                                                236                                                229 
                                               228                                                183                                                227 
                                               229                                                237                                                230 
                                               229                                                184                                                228 
                                               230                                                238                                                231 
                                               230                                                185                                                229 
                                               231                                                239                                                232 
                                               231                                                186                                                230 
                                               232                                                240                                                233 
                                               232                                                187                                                231 
                                               233                                                188                                                232 
                                               234                                                241                                                235 
                                               235                                                242                                                236 
                                               235                                                227                                                234 
                                               236                                                243                                                237 
                                               236                                                228                                                235 
                                               237                                                244                                                238 
                                               237                                                229                                                236 
                                               238                                                245                                                239 
                                               238                                                230                                                237 
                                               239                                                246                                                240 
                                               239                                                231                                                238 
                                               240                                                232                                                239 
                                               241                                                247                                                242 
                                               242                                                248                                                243 
                                               242                                                235                                                241 
                                               243                                                249                                                244 
                                               243                                                236                                                242 
                                               244                                                250                                                245 
                                               244                                                237                                                243 
                                               245                                                251                                                246 
                                               245                                                238                                                244 
                                               246                                                239                                                245 
                                               247                                                252                                                248 
                                               248                                                253                                                249 
                                               248                                                242                                                247 
                                               249                                                254                                                250 
                                               249                                                243                                                248 
                                               250                                                255                                                251 
                                               250                                                244                                                249 
                                               251                                                245                                                250 
                                               252                                                256                                                253 
                                               253                                                257                                                254 
                                               253                                                248                                                252 
                                               254                                                258                                                255 
                                               254                                                249                                                253 
                                               255                                                250                                                254 
                                               256                                                259                                                257 
                                               257                                                260                                                258 
                                               257                                                253                                                256 
                                               258                                                254                                                257 
                                               259                                                116                                                260 
                                               260                                                257                                                259 
                                               181                                                226                                                261 
                                               261                                                268                                                262 
                                               262                                                269                                                263 
                                               263                                                270                                                264 
                                               264                                                271                                                265 
                                               265                                                272                                                266 
                                               266                                                273                                                267 
                                               267                                                 88                                                 44 
                                               226                                                234                                                268 
                                               268                                                274                                                269 
                                               268                                                261                                                226 
                                               269                                                275                                                270 
                                               269                                                262                                                268 
                                               270                                                276                                                271 
                                               270                                                263                                                269 
                                               271                                                277                                                272 
                                               271                                                264                                                270 
                                               272                                                278                                                273 
                                               272                                                265                                                271 
                                               273                                                 95                                                 88 
                                               273                                                266                                                272 
                                                88                                                267                                                273 
                                               234                                                241                                                274 
                                               274                                                279                                                275 
                                               274                                                268                                                234 
                                               275                                                280                                                276 
                                               275                                                269                                                274 
                                               276                                                281                                                277 
                                               276                                                270                                                275 
                                               277                                                282                                                278 
                                               277                                                271                                                276 
                                               278                                                101                                                 95 
                                               278                                                272                                                277 
                                                95                                                273                                                278 
                                               241                                                247                                                279 
                                               279                                                283                                                280 
                                               279                                                274                                                241 
                                               280                                                284                                                281 
                                               280                                                275                                                279 
                                               281                                                285                                                282 
                                               281                                                276                                                280 
                                               282                                                106                                                101 
                                               282                                                277                                                281 
                                               101                                                278                                                282 
                                               247                                                252                                                283 
                                               283                                                286                                                284 
                                               283                                                279                                                247 
                                               284                                                287                                                285 
                                               284                                                280                                                283 
                                               285                                                110                                                106 
                                               285                                                281                                                284 
                                               106                                                282                                                285 
                                               252                                                256                                                286 
                                               286                                                288                                                287 
                                               286                                                283                                                252 
                                               287                                                113                                                110 
                                               287                                                284                                                286 
                                               110                                                285                                                287 
                                               256                                                259                                                288 
                                               288                                                115                                                113 
                                               288                                                286                                                256 
                                               113                                                287                                                288 
                                               259                                                116                                                115 
                                               115                                                288                                                259 
                                               181                                                289                                                261 
                                               261                                                290                                                262 
                                               262                                                291                                                263 
                                               263                                                292                                                264 
                                               264                                                293                                                265 
                                               265                                                294                                                266 
                                               266                                                295                                                267 
                                               267                                                296                                                 44 
                                               289                                                297                                                290 
                                               290                                                298                                                291 
                                               290                                                261                                                289 
                                               291                                                299                                                292 
                                               291                                                262                                                290 
                                               292                                                300                                                293 
                                               292                                                263                                                291 
                                               293                                                301                                                294 
                                               293                                                264                                                292 
                                               294                                                302                                                295 
                                               294                                                265                                                293 
                                               295                                                303                                                296 
                                               295                                                266                                                294 
                                               296                                                267                                                295 
                                               297                                                304                                                298 
                                               298                                                305                                                299 
                                               298                                                290                                                297 
                                               299                                                306                                                300 
                                               299                                                291                                                298 
                                               300                                                307                                                301 
                                               300                                                292                                                299 
                                               301                                                308                                                302 
                                               301                                                293                                                300 
                                               302                                                309                                                303 
                                               302                                                294                                                301 
                                               303                                                295                                                302 
                                               304                                                310                                                305 
                                               305                                                311                                                306 
                                               305                                                298                                                304 
                                               306                                                312                                                307 
                                               306                                                299                                                305 
                                               307                                                313                                                308 
                                               307                                                300                                                306 
                                               308                                                314                                                309 
                                               308                                                301                                                307 
                                               309                                                302                                                308 
                                               310                                                315                                                311 
                                               311                                                316                                                312 
                                               311                                                305                                                310 
                                               312                                                317                                                313 
                                               312                                                306                                                311 
                                               313                                                318                                                314 
                                               313                                                307                                                312 
                                               314                                                308                                                313 
                                               315                                                319                                                316 
                                               316                                                320                                                317 
                                               316                                                311                                                315 
                                               317                                                321                                                318 
                                               317                                                312                                                316 
                                               318                                                313                                                317 
                                               319                                                322                                                320 
                                               320                                                323                                                321 
                                               320                                                316                                                319 
                                               321                                                317                                                320 
                                               322                                                324                                                323 
                                               323                                                320                                                322 
                                               181                                                289                                                190 
                                               190                                                325                                                198 
                                               198                                                326                                                205 
                                               205                                                327                                                211 
                                               211                                                328                                                216 
                                               216                                                329                                                220 
                                               220                                                330                                                223 
                                               223                                                331                                                225 
                                               289                                                297                                                325 
                                               325                                                332                                                326 
                                               325                                                190                                                289 
                                               326                                                333                                                327 
                                               326                                                198                                                325 
                                               327                                                334                                                328 
                                               327                                                205                                                326 
                                               328                                                335                                                329 
                                               328                                                211                                                327 
                                               329                                                336                                                330 
                                               329                                                216                                                328 
                                               330                                                337                                                331 
                                               330                                                220                                                329 
                                               331                                                223                                                330 
                                               297                                                304                                                332 
                                               332                                                338                                                333 
                                               332                                                325                                                297 
                                               333                                                339                                                334 
                                               333                                                326                                                332 
                                               334                                                340                                                335 
                                               334                                                327                                                333 
                                               335                                                341                                                336 
                                               335                                                328                                                334 
                                               336                                                342                                                337 
                                               336                                                329                                                335 
                                               337                                                330                                                336 
                                               304                                                310                                                338 
                                               338                                                343                                                339 
                                               338                                                332                                                304 
                                               339                                                344                                                340 
                                               339                                                333                                                338 
                                               340                                                345                                                341 
                                               340                                                334                                                339 
                                               341                                                346                                                342 
                                               341                                                335                                                340 
                                               342                                                336                                                341 
                                               310                                                315                                                343 
                                               343                                                347                                                344 
                                               343                                                338                                                310 
                                               344                                                348                                                345 
                                               344                                                339                                                343 
                                               345                                                349                                                346 
                                               345                                                340                                                344 
                                               346                                                341                                                345 
                                               315                                                319                                                347 
                                               347                                                350                                                348 
                                               347                                                343                                                315 
                                               348                                                351                                                349 
                                               348                                                344                                                347 
                                               349                                                345                                                348 
                                               319                                                322                                                350 
                                               350                                                352                                                351 
                                               350                                                347                                                319 
                                               351                                                348                                                350 
                                               322                                                324                                                352 
                                               352                                                350                                                322 
                                               189                                                197                                                353 
                                               353                                                361                                                354 
                                               354                                                362                                                355 
                                               355                                                363                                                356 
                                               356                                                364                                                357 
                                               357                                                365                                                358 
                                               358                                                366                                                359 
                                               359                                                367                                                360 
                                               197                                                204                                                361 
                                               361                                                368                                                362 
                                               361                                                353                                                197 
                                               362                                                369                                                363 
                                               362                                                354                                                361 
                                               363                                                370                                                364 
                                               363                                                355                                                362 
                                               364                                                371                                                365 
                                               364                                                356                                                363 
                                               365                                                372                                                366 
                                               365                                                357                                                364 
                                               366                                                373                                                367 
                                               366                                                358                                                365 
                                               367                                                359                                                366 
                                               204                                                210                                                368 
                                               368                                                374                                                369 
                                               368                                                361                                                204 
                                               369                                                375                                                370 
                                               369                                                362                                                368 
                                               370                                                376                                                371 
                                               370                                                363                                                369 
                                               371                                                377                                                372 
                                               371                                                364                                                370 
                                               372                                                378                                                373 
                                               372                                                365                                                371 
                                               373                                                366                                                372 
                                               210                                                215                                                374 
                                               374                                                379                                                375 
                                               374                                                368                                                210 
                                               375                                                380                                                376 
                                               375                                                369                                                374 
                                               376                                                381                                                377 
                                               376                                                370                                                375 
                                               377                                                382                                                378 
                                               377                                                371                                                376 
                                               378                                                372                                                377 
                                               215                                                219                                                379 
                                               379                                                383                                                380 
                                               379                                                374                                                215 
                                               380                                                384                                                381 
                                               380                                                375                                                379 
                                               381                                                385                                                382 
                                               381                                                376                                                380 
                                               382                                                377                                                381 
                                               219                                                222                                                383 
                                               383                                                386                                                384 
                                               383                                                379                                                219 
                                               384                                                387                                                385 
                                               384                                                380                                                383 
                                               385                                                381                                                384 
                                               222                                                224                                                386 
                                               386                                                388                                                387 
                                               386                                                383                                                222 
                                               387                                                384                                                386 
                                               224                                                225                                                388 
                                               388                                                386                                                224 
                                               189                                                389                                                353 
                                               353                                                390                                                354 
                                               354                                                391                                                355 
                                               355                                                392                                                356 
                                               356                                                393                                                357 
                                               357                                                394                                                358 
                                               358                                                395                                                359 
                                               359                                                396                                                360 
                                               389                                                397                                                390 
                                               390                                                398                                                391 
                                               390                                                353                                                389 
                                               391                                                399                                                392 
                                               391                                                354                                                390 
                                               392                                                400                                                393 
                                               392                                                355                                                391 
                                               393                                                401                                                394 
                                               393                                                356                                                392 
                                               394                                                402                                                395 
                                               394                                                357                                                393 
                                               395                                                403                                                396 
                                               395                                                358                                                394 
                                               396                                                359                                                395 
                                               397                                                404                                                398 
                                               398                                                405                                                399 
                                               398                                                390                                                397 
                                               399                                                406                                                400 
                                               399                                                391                                                398 
                                               400                                                407                                                401 
                                               400                                                392                                                399 
                                               401                                                408                                                402 
                                               401                                                393                                                400 
                                               402                                                409                                                403 
                                               402                                                394                                                401 
                                               403                                                395                                                402 
                                               404                                                410                                                405 
                                               405                                                411                                                406 
                                               405                                                398                                                404 
                                               406                                                412                                                407 
                                               406                                                399                                                405 
                                               407                                                413                                                408 
                                               407                                                400                                                406 
                                               408                                                414                                                409 
                                               408                                                401                                                407 
                                               409                                                402                                                408 
                                               410                                                415                                                411 
                                               411                                                416                                                412 
                                               411                                                405                                                410 
                                               412                                                417                                                413 
                                               412                                                406                                                411 
                                               413                                                418                                                414 
                                               413                                                407                                                412 
                                               414                                                408                                                413 
                                               415                                                419                                                416 
                                               416                                                420                                                417 
                                               416                                                411                                                415 
                                               417                                                421                                                418 
                                               417                                                412                                                416 
                                               418                                                413                                                417 
                                               419                                                422                                                420 
                                               420                                                423                                                421 
                                               420                                                416                                                419 
                                               421                                                417                                                420 
                                               422                                                152                                                423 
                                               423                                                420                                                422 
                                               189                                                389                                                233 
                                               233                                                424                                                240 
                                               240                                                425                                                246 
                                               246                                                426                                                251 
                                               251                                                427                                                255 
                                               255                                                428                                                258 
                                               258                                                429                                                260 
                                               260                                                124                                                116 
                                               389                                                397                                                424 
                                               424                                                430                                                425 
                                               424                                                233                                                389 
                                               425                                                431                                                426 
                                               425                                                240                                                424 
                                               426                                                432                                                427 
                                               426                                                246                                                425 
                                               427                                                433                                                428 
                                               427                                                251                                                426 
                                               428                                                434                                                429 
                                               428                                                255                                                427 
                                               429                                                131                                                124 
                                               429                                                258                                                428 
                                               124                                                260                                                429 
                                               397                                                404                                                430 
                                               430                                                435                                                431 
                                               430                                                424                                                397 
                                               431                                                436                                                432 
                                               431                                                425                                                430 
                                               432                                                437                                                433 
                                               432                                                426                                                431 
                                               433                                                438                                                434 
                                               433                                                427                                                432 
                                               434                                                137                                                131 
                                               434                                                428                                                433 
                                               131                                                429                                                434 
                                               404                                                410                                                435 
                                               435                                                439                                                436 
                                               435                                                430                                                404 
                                               436                                                440                                                437 
                                               436                                                431                                                435 
                                               437                                                441                                                438 
                                               437                                                432                                                436 
                                               438                                                142                                                137 
                                               438                                                433                                                437 
                                               137                                                434                                                438 
                                               410                                                415                                                439 
                                               439                                                442                                                440 
                                               439                                                435                                                410 
                                               440                                                443                                                441 
                                               440                                                436                                                439 
                                               441                                                146                                                142 
                                               441                                                437                                                440 
                                               142                                                438                                                441 
                                               415                                                419                                                442 
                                               442                                                444                                                443 
                                               442                                                439                                                415 
                                               443                                                149                                                146 
                                               443                                                440                                                442 
                                               146                                                441                                                443 
                                               419                                                422                                                444 
                                               444                                                151                                                149 
                                               444                                                442                                                419 
                                               149                                                443                                                444 
                                               422                                                152                                                151 
                                               151                                                444                                                422 
                                                 8                                                445                                                 16 
                                                16                                                446                                                 23 
                                                23                                                447                                                 29 
                                                29                                                448                                                 34 
                                                34                                                449                                                 38 
                                                38                                                450                                                 41 
                                                41                                                451                                                 43 
                                                43                                                296                                                 44 
                                               445                                                452                                                446 
                                               446                                                453                                                447 
                                               446                                                 16                                                445 
                                               447                                                454                                                448 
                                               447                                                 23                                                446 
                                               448                                                455                                                449 
                                               448                                                 29                                                447 
                                               449                                                456                                                450 
                                               449                                                 34                                                448 
                                               450                                                457                                                451 
                                               450                                                 38                                                449 
                                               451                                                303                                                296 
                                               451                                                 41                                                450 
                                               296                                                 43                                                451 
                                               452                                                458                                                453 
                                               453                                                459                                                454 
                                               453                                                446                                                452 
                                               454                                                460                                                455 
                                               454                                                447                                                453 
                                               455                                                461                                                456 
                                               455                                                448                                                454 
                                               456                                                462                                                457 
                                               456                                                449                                                455 
                                               457                                                309                                                303 
                                               457                                                450                                                456 
                                               303                                                451                                                457 
                                               458                                                463                                                459 
                                               459                                                464                                                460 
                                               459                                                453                                                458 
                                               460                                                465                                                461 
                                               460                                                454                                                459 
                                               461                                                466                                                462 
                                               461                                                455                                                460 
                                               462                                                314                                                309 
                                               462                                                456                                                461 
                                               309                                                457                                                462 
                                               463                                                467                                                464 
                                               464                                                468                                                465 
                                               464                                                459                                                463 
                                               465                                                469                                                466 
                                               465                                                460                                                464 
                                               466                                                318                                                314 
                                               466                                                461                                                465 
                                               314                                                462                                                466 
                                               467                                                470                                                468 
                                               468                                                471                                                469 
                                               468                                                464                                                467 
                                               469                                                321                                                318 
                                               469                                                465                                                468 
                                               318                                                466                                                469 
                                               470                                                472                                                471 
                                               471                                                323                                                321 
                                               471                                                468                                                470 
                                               321                                                469                                                471 
                                               472                                                324                                                323 
                                               323                                                471                                                472 
                                                 8                                                445                                                473 
                                               473                                                481                                                474 
                                               474                                                482                                                475 
                                               475                                                483                                                476 
                                               476                                                484                                                477 
                                               477                                                485                                                478 
                                               478                                                486                                                479 
                                               479                                                487                                                480 
                                               445                                                452                                                481 
                                               481                                                488                                                482 
                                               481                                                473                                                445 
                                               482                                                489                                                483 
                                               482                                                474                                                481 
                                               483                                                490                                                484 
                                               483                                                475                                                482 
                                               484                                                491                                                485 
                                               484                                                476                                                483 
                                               485                                                492                                                486 
                                               485                                                477                                                484 
                                               486                                                493                                                487 
                                               486                                                478                                                485 
                                               487                                                479                                                486 
                                               452                                                458                                                488 
                                               488                                                494                                                489 
                                               488                                                481                                                452 
                                               489                                                495                                                490 
                                               489                                                482                                                488 
                                               490                                                496                                                491 
                                               490                                                483                                                489 
                                               491                                                497                                                492 
                                               491                                                484                                                490 
                                               492                                                498                                                493 
                                               492                                                485                                                491 
                                               493                                                486                                                492 
                                               458                                                463                                                494 
                                               494                                                499                                                495 
                                               494                                                488                                                458 
                                               495                                                500                                                496 
                                               495                                                489                                                494 
                                               496                                                501                                                497 
                                               496                                                490                                                495 
                                               497                                                502                                                498 
                                               497                                                491                                                496 
                                               498                                                492                                                497 
                                               463                                                467                                                499 
                                               499                                                503                                                500 
                                               499                                                494                                                463 
                                               500                                                504                                                501 
                                               500                                                495                                                499 
                                               501                                                505                                                502 
                                               501                                                496                                                500 
                                               502                                                497                                                501 
                                               467                                                470                                                503 
                                               503                                                506                                                504 
                                               503                                                499                                                467 
                                               504                                                507                                                505 
                                               504                                                500                                                503 
                                               505                                                501                                                504 
                                               470                                                472                                                506 
                                               506                                                508                                                507 
                                               506                                                503                                                470 
                                               507                                                504                                                506 
                                               472                                                324                                                508 
                                               508                                                506                                                472 
                                                 8                                                 52                                                473 
                                               473                                                509                                                474 
                                               474                                                510                                                475 
                                               475                                                511                                                476 
                                               476                                                512                                                477 
                                               477                                                513                                                478 
                                               478                                                514                                                479 
                                               479                                                515                                                480 
                                                52                                                 59                                                509 
                                               509                                                516                                                510 
                                               509                                                473                                                 52 
                                               510                                                517                                                511 
                                               510                                                474                                                509 
                                               511                                                518                                                512 
                                               511                                                475                                                510 
                                               512                                                519                                                513 
                                               512                                                476                                                511 
                                               513                                                520                                                514 
                                               513                                                477                                                512 
                                               514                                                521                                                515 
                                               514                                                478                                                513 
                                               515                                                479                                                514 
                                                59                                                 65                                                516 
                                               516                                                522                                                517 
                                               516                                                509                                                 59 
                                               517                                                523                                                518 
                                               517                                                510                                                516 
                                               518                                                524                                                519 
                                               518                                                511                                                517 
                                               519                                                525                                                520 
                                               519                                                512                                                518 
                                               520                                                526                                                521 
                                               520                                                513                                                519 
                                               521                                                514                                                520 
                                                65                                                 70                                                522 
                                               522                                                527                                                523 
                                               522                                                516                                                 65 
                                               523                                                528                                                524 
                                               523                                                517                                                522 
                                               524                                                529                                                525 
                                               524                                                518                                                523 
                                               525                                                530                                                526 
                                               525                                                519                                                524 
                                               526                                                520                                                525 
                                                70                                                 74                                                527 
                                               527                                                531                                                528 
                                               527                                                522                                                 70 
                                               528                                                532                                                529 
                                               528                                                523                                                527 
                                               529                                                533                                                530 
                                               529                                                524                                                528 
                                               530                                                525                                                529 
                                                74                                                 77                                                531 
                                               531                                                534                                                532 
                                               531                                                527                                                 74 
                                               532                                                535                                                533 
                                               532                                                528                                                531 
                                               533                                                529                                                532 
                                                77                                                 79                                                534 
                                               534                                                536                                                535 
                                               534                                                531                                                 77 
                                               535                                                532                                                534 
                                                79                                                 80                                                536 
                                               536                                                534                                                 79 
                                               360                                                537                                                367 
                                               367                                                538                                                373 
                                               373                                                539                                                378 
                                               378                                                540                                                382 
                                               382                                                541                                                385 
                                               385                                                542                                                387 
                                               387                                                543                                                388 
                                               388                                                544                                                225 
                                               537                                                545                                                538 
                                               538                                                546                                                539 
                                               538                                                367                                                537 
                                               539                                                547                                                540 
                                               539                                                373                                                538 
                                               540                                                548                                                541 
                                               540                                                378                                                539 
                                               541                                                549                                                542 
                                               541                                                382                                                540 
                                               542                                                550                                                543 
                                               542                                                385                                                541 
                                               543                                                551                                                544 
                                               543                                                387                                                542 
                                               544                                                388                                                543 
                                               545                                                552                                                546 
                                               546                                                553                                                547 
                                               546                                                538                                                545 
                                               547                                                554                                                548 
                                               547                                                539                                                546 
                                               548                                                555                                                549 
                                               548                                                540                                                547 
                                               549                                                556                                                550 
                                               549                                                541                                                548 
                                               550                                                557                                                551 
                                               550                                                542                                                549 
                                               551                                                543                                                550 
                                               552                                                558                                                553 
                                               553                                                559                                                554 
                                               553                                                546                                                552 
                                               554                                                560                                                555 
                                               554                                                547                                                553 
                                               555                                                561                                                556 
                                               555                                                548                                                554 
                                               556                                                562                                                557 
                                               556                                                549                                                555 
                                               557                                                550                                                556 
                                               558                                                563                                                559 
                                               559                                                564                                                560 
                                               559                                                553                                                558 
                                               560                                                565                                                561 
                                               560                                                554                                                559 
                                               561                                                566                                                562 
                                               561                                                555                                                560 
                                               562                                                556                                                561 
                                               563                                                567                                                564 
                                               564                                                568                                                565 
                                               564                                                559                                                563 
                                               565                                                569                                                566 
                                               565                                                560                                                564 
                                               566                                                561                                                565 
                                               567                                                570                                                568 
                                               568                                                571                                                569 
                                               568                                                564                                                567 
                                               569                                                565                                                568 
                                               570                                                480                                                571 
                                               571                                                568                                                570 
                                               360                                                572                                                537 
                                               537                                                573                                                545 
                                               545                                                574                                                552 
                                               552                                                575                                                558 
                                               558                                                576                                                563 
                                               563                                                577                                                567 
                                               567                                                578                                                570 
                                               570                                                515                                                480 
                                               572                                                579                                                573 
                                               573                                                580                                                574 
                                               573                                                537                                                572 
                                               574                                                581                                                575 
                                               574                                                545                                                573 
                                               575                                                582                                                576 
                                               575                                                552                                                574 
                                               576                                                583                                                577 
                                               576                                                558                                                575 
                                               577                                                584                                                578 
                                               577                                                563                                                576 
                                               578                                                521                                                515 
                                               578                                                567                                                577 
                                               515                                                570                                                578 
                                               579                                                585                                                580 
                                               580                                                586                                                581 
                                               580                                                573                                                579 
                                               581                                                587                                                582 
                                               581                                                574                                                580 
                                               582                                                588                                                583 
                                               582                                                575                                                581 
                                               583                                                589                                                584 
                                               583                                                576                                                582 
                                               584                                                526                                                521 
                                               584                                                577                                                583 
                                               521                                                578                                                584 
                                               585                                                590                                                586 
                                               586                                                591                                                587 
                                               586                                                580                                                585 
                                               587                                                592                                                588 
                                               587                                                581                                                586 
                                               588                                                593                                                589 
                                               588                                                582                                                587 
                                               589                                                530                                                526 
                                               589                                                583                                                588 
                                               526                                                584                                                589 
                                               590                                                594                                                591 
                                               591                                                595                                                592 
                                               591                                                586                                                590 
                                               592                                                596                                                593 
                                               592                                                587                                                591 
                                               593                                                533                                                530 
                                               593                                                588                                                592 
                                               530                                                589                                                593 
                                               594                                                597                                                595 
                                               595                                                598                                                596 
                                               595                                                591                                                594 
                                               596                                                535                                                533 
                                               596                                                592                                                595 
                                               533                                                593                                                596 
                                               597                                                599                                                598 
                                               598                                                536                                                535 
                                               598                                                595                                                597 
                                               535                                                596                                                598 
                                               599                                                 80                                                536 
                                               536                                                598                                                599 
                                               360                                                572                                                396 
                                               396                                                600                                                403 
                                               403                                                601                                                409 
                                               409                                                602                                                414 
                                               414                                                603                                                418 
                                               418                                                604                                                421 
                                               421                                                605                                                423 
                                               423                                                159                                                152 
                                               572                                                579                                                600 
                                               600                                                606                                                601 
                                               600                                                396                                                572 
                                               601                                                607                                                602 
                                               601                                                403                                                600 
                                               602                                                608                                                603 
                                               602                                                409                                                601 
                                               603                                                609                                                604 
                                               603                                                414                                                602 
                                               604                                                610                                                605 
                                               604                                                418                                                603 
                                               605                                                165                                                159 
                                               605                                                421                                                604 
                                               159                                                423                                                605 
                                               579                                                585                                                606 
                                               606                                                611                                                607 
                                               606                                                600                                                579 
                                               607                                                612                                                608 
                                               607                                                601                                                606 
                                               608                                                613                                                609 
                                               608                                                602                                                607 
                                               609                                                614                                                610 
                                               609                                                603                                                608 
                                               610                                                170                                                165 
                                               610                                                604                                                609 
                                               165                                                605                                                610 
                                               585                                                590                                                611 
                                               611                                                615                                                612 
                                               611                                                606                                                585 
                                               612                                                616                                                613 
                                               612                                                607                                                611 
                                               613                                                617                                                614 
                                               613                                                608                                                612 
                                               614                                                174                                                170 
                                               614                                                609                                                613 
                                               170                                                610                                                614 
                                               590                                                594                                                615 
                                               615                                                618                                                616 
                                               615                                                611                                                590 
                                               616                                                619                                                617 
                                               616                                                612                                                615 
                                               617                                                177                                                174 
                                               617                                                613                                                616 
                                               174                                                614                                                617 
                                               594                                                597                                                618 
                                               618                                                620                                                619 
                                               618                                                615                                                594 
                                               619                                                179                                                177 
                                               619                                                616                                                618 
                                               177                                                617                                                619 
                                               597                                                599                                                620 
                                               620                                                180                                                179 
                                               620                                                618                                                597 
                                               179                                                619                                                620 
                                               599                                                 80                                                180 
                                               180                                                620                                                599 
                                               225                                                331                                                544 
                                               544                                                621                                                551 
                                               551                                                622                                                557 
                                               557                                                623                                                562 
                                               562                                                624                                                566 
                                               566                                                625                                                569 
                                               569                                                626                                                571 
                                               571                                                487                                                480 
                                               331                                                337                                                621 
                                               621                                                627                                                622 
                                               621                                                544                                                331 
                                               622                                                628                                                623 
                                               622                                                551                                                621 
                                               623                                                629                                                624 
                                               623                                                557                                                622 
                                               624                                                630                                                625 
                                               624                                                562                                                623 
                                               625                                                631                                                626 
                                               625                                                566                                                624 
                                               626                                                493                                                487 
                                               626                                                569                                                625 
                                               487                                                571                                                626 
                                               337                                                342                                                627 
                                               627                                                632                                                628 
                                               627                                                621                                                337 
                                               628                                                633                                                629 
                                               628                                                622                                                627 
                                               629                                                634                                                630 
                                               629                                                623                                                628 
                                               630                                                635                                                631 
                                               630                                                624                                                629 
                                               631                                                498                                                493 
                                               631                                                625                                                630 
                                               493                                                626                                                631 
                                               342                                                346                                                632 
                                               632                                                636                                                633 
                                               632                                                627                                                342 
                                               633                                                637                                                634 
                                               633                                                628                                                632 
                                               634                                                638                                                635 
                                               634                                                629                                                633 
                                               635                                                502                                                498 
                                               635                                                630                                                634 
                                               498                                                631                                                635 
                                               346                                                349                                                636 
                                               636                                                639                                                637 
                                               636                                                632                                                346 
                                               637                                                640                                                638 
                                               637                                                633                                                636 
                                               638                                                505                                                502 
                                               638                                                634                                                637 
                                               502                                                635                                                638 
                                               349                                                351                                                639 
                                               639                                                641                                                640 
                                               639                                                636                                                349 
                                               640                                                507                                                505 
                                               640                                                637                                                639 
                                               505                                                638                                                640 
                                               351                                                352                                                641 
                                               641                                                508                                                507 
                                               641                                                639                                                351 
                                               507                                                640                                                641 
                                               352                                                324                                                508 
                                               508                                                641                                                352 
