                                                 1                                                  9 
                                                 0                                                  1 
                                                 0                                                  9 
                                                 1                                                 10 
                                                 2                                                 10 
                                                 1                                                  2 
                                                 2                                                 11 
                                                 3                                                 11 
                                                 2                                                  3 
                                                 3                                                 12 
                                                 4                                                 12 
                                                 3                                                  4 
                                                 4                                                 13 
                                                 5                                                 13 
                                                 4                                                  5 
                                                 5                                                 14 
                                                 6                                                 14 
                                                 5                                                  6 
                                                 6                                                 15 
                                                 7                                                 15 
                                                 6                                                  7 
                                                 7                                                 16 
                                                 7                                                  8 
                                                 8                                                 16 
                                                 9                                                 10 
                                                10                                                 17 
                                                 9                                                 17 
                                                10                                                 11 
                                                10                                                 18 
                                                11                                                 18 
                                                11                                                 12 
                                                11                                                 19 
                                                12                                                 19 
                                                12                                                 13 
                                                12                                                 20 
                                                13                                                 20 
                                                13                                                 14 
                                                13                                                 21 
                                                14                                                 21 
                                                14                                                 15 
                                                14                                                 22 
                                                15                                                 22 
                                                15                                                 16 
                                                15                                                 23 
                                                16                                                 23 
                                                17                                                 18 
                                                18                                                 24 
                                                17                                                 24 
                                                18                                                 19 
                                                18                                                 25 
                                                19                                                 25 
                                                19                                                 20 
                                                19                                                 26 
                                                20                                                 26 
                                                20                                                 21 
                                                20                                                 27 
                                                21                                                 27 
                                                21                                                 22 
                                                21                                                 28 
                                                22                                                 28 
                                                22                                                 23 
                                                22                                                 29 
                                                23                                                 29 
                                                24                                                 25 
                                                25                                                 30 
                                                24                                                 30 
                                                25                                                 26 
                                                25                                                 31 
                                                26                                                 31 
                                                26                                                 27 
                                                26                                                 32 
                                                27                                                 32 
                                                27                                                 28 
                                                27                                                 33 
                                                28                                                 33 
                                                28                                                 29 
                                                28                                                 34 
                                                29                                                 34 
                                                30                                                 31 
                                                31                                                 35 
                                                30                                                 35 
                                                31                                                 32 
                                                31                                                 36 
                                                32                                                 36 
                                                32                                                 33 
                                                32                                                 37 
                                                33                                                 37 
                                                33                                                 34 
                                                33                                                 38 
                                                34                                                 38 
                                                35                                                 36 
                                                36                                                 39 
                                                35                                                 39 
                                                36                                                 37 
                                                36                                                 40 
                                                37                                                 40 
                                                37                                                 38 
                                                37                                                 41 
                                                38                                                 41 
                                                39                                                 40 
                                                40                                                 42 
                                                39                                                 42 
                                                40                                                 41 
                                                40                                                 43 
                                                41                                                 43 
                                                42                                                 43 
                                                42                                                 44 
                                                43                                                 44 
                                                 1                                                 45 
                                                 0                                                 45 
                                                 1                                                 46 
                                                 2                                                 46 
                                                 2                                                 47 
                                                 3                                                 47 
                                                 3                                                 48 
                                                 4                                                 48 
                                                 4                                                 49 
                                                 5                                                 49 
                                                 5                                                 50 
                                                 6                                                 50 
                                                 6                                                 51 
                                                 7                                                 51 
                                                 7                                                 52 
                                                 8                                                 52 
                                                45                                                 46 
                                                46                                                 53 
                                                45                                                 53 
                                                46                                                 47 
                                                46                                                 54 
                                                47                                                 54 
                                                47                                                 48 
                                                47                                                 55 
                                                48                                                 55 
                                                48                                                 49 
                                                48                                                 56 
                                                49                                                 56 
                                                49                                                 50 
                                                49                                                 57 
                                                50                                                 57 
                                                50                                                 51 
                                                50                                                 58 
                                                51                                                 58 
                                                51                                                 52 
                                                51                                                 59 
                                                52                                                 59 
                                                53                                                 54 
                                                54                                                 60 
                                                53                                                 60 
                                                54                                                 55 
                                                54                                                 61 
                                                55                                                 61 
                                                55                                                 56 
                                                55                                                 62 
                                                56                                                 62 
                                                56                                                 57 
                                                56                                                 63 
                                                57                                                 63 
                                                57                                                 58 
                                                57                                                 64 
                                                58                                                 64 
                                                58                                                 59 
                                                58                                                 65 
                                                59                                                 65 
                                                60                                                 61 
                                                61                                                 66 
                                                60                                                 66 
                                                61                                                 62 
                                                61                                                 67 
                                                62                                                 67 
                                                62                                                 63 
                                                62                                                 68 
                                                63                                                 68 
                                                63                                                 64 
                                                63                                                 69 
                                                64                                                 69 
                                                64                                                 65 
                                                64                                                 70 
                                                65                                                 70 
                                                66                                                 67 
                                                67                                                 71 
                                                66                                                 71 
                                                67                                                 68 
                                                67                                                 72 
                                                68                                                 72 
                                                68                                                 69 
                                                68                                                 73 
                                                69                                                 73 
                                                69                                                 70 
                                                69                                                 74 
                                                70                                                 74 
                                                71                                                 72 
                                                72                                                 75 
                                                71                                                 75 
                                                72                                                 73 
                                                72                                                 76 
                                                73                                                 76 
                                                73                                                 74 
                                                73                                                 77 
                                                74                                                 77 
                                                75                                                 76 
                                                76                                                 78 
                                                75                                                 78 
                                                76                                                 77 
                                                76                                                 79 
                                                77                                                 79 
                                                78                                                 79 
                                                78                                                 80 
                                                79                                                 80 
                                                 9                                                 81 
                                                 0                                                 81 
                                                 9                                                 82 
                                                17                                                 82 
                                                17                                                 83 
                                                24                                                 83 
                                                24                                                 84 
                                                30                                                 84 
                                                30                                                 85 
                                                35                                                 85 
                                                35                                                 86 
                                                39                                                 86 
                                                39                                                 87 
                                                42                                                 87 
                                                42                                                 88 
                                                44                                                 88 
                                                81                                                 82 
                                                82                                                 89 
                                                81                                                 89 
                                                82                                                 83 
                                                82                                                 90 
                                                83                                                 90 
                                                83                                                 84 
                                                83                                                 91 
                                                84                                                 91 
                                                84                                                 85 
                                                84                                                 92 
                                                85                                                 92 
                                                85                                                 86 
                                                85                                                 93 
                                                86                                                 93 
                                                86                                                 87 
                                                86                                                 94 
                                                87                                                 94 
                                                87                                                 88 
                                                87                                                 95 
                                                88                                                 95 
                                                89                                                 90 
                                                90                                                 96 
                                                89                                                 96 
                                                90                                                 91 
                                                90                                                 97 
                                                91                                                 97 
                                                91                                                 92 
                                                91                                                 98 
                                                92                                                 98 
                                                92                                                 93 
                                                92                                                 99 
                                                93                                                 99 
                                                93                                                 94 
                                                93                                                100 
                                                94                                                100 
                                                94                                                 95 
                                                94                                                101 
                                                95                                                101 
                                                96                                                 97 
                                                97                                                102 
                                                96                                                102 
                                                97                                                 98 
                                                97                                                103 
                                                98                                                103 
                                                98                                                 99 
                                                98                                                104 
                                                99                                                104 
                                                99                                                100 
                                                99                                                105 
                                               100                                                105 
                                               100                                                101 
                                               100                                                106 
                                               101                                                106 
                                               102                                                103 
                                               103                                                107 
                                               102                                                107 
                                               103                                                104 
                                               103                                                108 
                                               104                                                108 
                                               104                                                105 
                                               104                                                109 
                                               105                                                109 
                                               105                                                106 
                                               105                                                110 
                                               106                                                110 
                                               107                                                108 
                                               108                                                111 
                                               107                                                111 
                                               108                                                109 
                                               108                                                112 
                                               109                                                112 
                                               109                                                110 
                                               109                                                113 
                                               110                                                113 
                                               111                                                112 
                                               112                                                114 
                                               111                                                114 
                                               112                                                113 
                                               112                                                115 
                                               113                                                115 
                                               114                                                115 
                                               114                                                116 
                                               115                                                116 
                                                81                                                117 
                                                 0                                                117 
                                                81                                                118 
                                                89                                                118 
                                                89                                                119 
                                                96                                                119 
                                                96                                                120 
                                               102                                                120 
                                               102                                                121 
                                               107                                                121 
                                               107                                                122 
                                               111                                                122 
                                               111                                                123 
                                               114                                                123 
                                               114                                                124 
                                               116                                                124 
                                               117                                                118 
                                               118                                                125 
                                               117                                                125 
                                               118                                                119 
                                               118                                                126 
                                               119                                                126 
                                               119                                                120 
                                               119                                                127 
                                               120                                                127 
                                               120                                                121 
                                               120                                                128 
                                               121                                                128 
                                               121                                                122 
                                               121                                                129 
                                               122                                                129 
                                               122                                                123 
                                               122                                                130 
                                               123                                                130 
                                               123                                                124 
                                               123                                                131 
                                               124                                                131 
                                               125                                                126 
                                               126                                                132 
                                               125                                                132 
                                               126                                                127 
                                               126                                                133 
                                               127                                                133 
                                               127                                                128 
                                               127                                                134 
                                               128                                                134 
                                               128                                                129 
                                               128                                                135 
                                               129                                                135 
                                               129                                                130 
                                               129                                                136 
                                               130                                                136 
                                               130                                                131 
                                               130                                                137 
                                               131                                                137 
                                               132                                                133 
                                               133                                                138 
                                               132                                                138 
                                               133                                                134 
                                               133                                                139 
                                               134                                                139 
                                               134                                                135 
                                               134                                                140 
                                               135                                                140 
                                               135                                                136 
                                               135                                                141 
                                               136                                                141 
                                               136                                                137 
                                               136                                                142 
                                               137                                                142 
                                               138                                                139 
                                               139                                                143 
                                               138                                                143 
                                               139                                                140 
                                               139                                                144 
                                               140                                                144 
                                               140                                                141 
                                               140                                                145 
                                               141                                                145 
                                               141                                                142 
                                               141                                                146 
                                               142                                                146 
                                               143                                                144 
                                               144                                                147 
                                               143                                                147 
                                               144                                                145 
                                               144                                                148 
                                               145                                                148 
                                               145                                                146 
                                               145                                                149 
                                               146                                                149 
                                               147                                                148 
                                               148                                                150 
                                               147                                                150 
                                               148                                                149 
                                               148                                                151 
                                               149                                                151 
                                               150                                                151 
                                               150                                                152 
                                               151                                                152 
                                                45                                                117 
                                               117                                                153 
                                               125                                                153 
                                               125                                                154 
                                               132                                                154 
                                               132                                                155 
                                               138                                                155 
                                               138                                                156 
                                               143                                                156 
                                               143                                                157 
                                               147                                                157 
                                               147                                                158 
                                               150                                                158 
                                               150                                                159 
                                               152                                                159 
                                                45                                                153 
                                                53                                                153 
                                               153                                                154 
                                               153                                                160 
                                               154                                                160 
                                               154                                                155 
                                               154                                                161 
                                               155                                                161 
                                               155                                                156 
                                               155                                                162 
                                               156                                                162 
                                               156                                                157 
                                               156                                                163 
                                               157                                                163 
                                               157                                                158 
                                               157                                                164 
                                               158                                                164 
                                               158                                                159 
                                               158                                                165 
                                               159                                                165 
                                                53                                                160 
                                                60                                                160 
                                               160                                                161 
                                               160                                                166 
                                               161                                                166 
                                               161                                                162 
                                               161                                                167 
                                               162                                                167 
                                               162                                                163 
                                               162                                                168 
                                               163                                                168 
                                               163                                                164 
                                               163                                                169 
                                               164                                                169 
                                               164                                                165 
                                               164                                                170 
                                               165                                                170 
                                                60                                                166 
                                                66                                                166 
                                               166                                                167 
                                               166                                                171 
                                               167                                                171 
                                               167                                                168 
                                               167                                                172 
                                               168                                                172 
                                               168                                                169 
                                               168                                                173 
                                               169                                                173 
                                               169                                                170 
                                               169                                                174 
                                               170                                                174 
                                                66                                                171 
                                                71                                                171 
                                               171                                                172 
                                               171                                                175 
                                               172                                                175 
                                               172                                                173 
                                               172                                                176 
                                               173                                                176 
                                               173                                                174 
                                               173                                                177 
                                               174                                                177 
                                                71                                                175 
                                                75                                                175 
                                               175                                                176 
                                               175                                                178 
                                               176                                                178 
                                               176                                                177 
                                               176                                                179 
                                               177                                                179 
                                                75                                                178 
                                                78                                                178 
                                               178                                                179 
                                               178                                                180 
                                               179                                                180 
                                                78                                                180 
                                                80                                                180 
                                               182                                                190 
                                               181                                                182 
                                               181                                                190 
                                               182                                                191 
                                               183                                                191 
                                               182                                                183 
                                               183                                                192 
                                               184                                                192 
                                               183                                                184 
                                               184                                                193 
                                               185                                                193 
                                               184                                                185 
                                               185                                                194 
                                               186                                                194 
                                               185                                                186 
                                               186                                                195 
                                               187                                                195 
                                               186                                                187 
                                               187                                                196 
                                               188                                                196 
                                               187                                                188 
                                               188                                                197 
                                               188                                                189 
                                               189                                                197 
                                               190                                                191 
                                               191                                                198 
                                               190                                                198 
                                               191                                                192 
                                               191                                                199 
                                               192                                                199 
                                               192                                                193 
                                               192                                                200 
                                               193                                                200 
                                               193                                                194 
                                               193                                                201 
                                               194                                                201 
                                               194                                                195 
                                               194                                                202 
                                               195                                                202 
                                               195                                                196 
                                               195                                                203 
                                               196                                                203 
                                               196                                                197 
                                               196                                                204 
                                               197                                                204 
                                               198                                                199 
                                               199                                                205 
                                               198                                                205 
                                               199                                                200 
                                               199                                                206 
                                               200                                                206 
                                               200                                                201 
                                               200                                                207 
                                               201                                                207 
                                               201                                                202 
                                               201                                                208 
                                               202                                                208 
                                               202                                                203 
                                               202                                                209 
                                               203                                                209 
                                               203                                                204 
                                               203                                                210 
                                               204                                                210 
                                               205                                                206 
                                               206                                                211 
                                               205                                                211 
                                               206                                                207 
                                               206                                                212 
                                               207                                                212 
                                               207                                                208 
                                               207                                                213 
                                               208                                                213 
                                               208                                                209 
                                               208                                                214 
                                               209                                                214 
                                               209                                                210 
                                               209                                                215 
                                               210                                                215 
                                               211                                                212 
                                               212                                                216 
                                               211                                                216 
                                               212                                                213 
                                               212                                                217 
                                               213                                                217 
                                               213                                                214 
                                               213                                                218 
                                               214                                                218 
                                               214                                                215 
                                               214                                                219 
                                               215                                                219 
                                               216                                                217 
                                               217                                                220 
                                               216                                                220 
                                               217                                                218 
                                               217                                                221 
                                               218                                                221 
                                               218                                                219 
                                               218                                                222 
                                               219                                                222 
                                               220                                                221 
                                               221                                                223 
                                               220                                                223 
                                               221                                                222 
                                               221                                                224 
                                               222                                                224 
                                               223                                                224 
                                               223                                                225 
                                               224                                                225 
                                               182                                                226 
                                               181                                                226 
                                               182                                                227 
                                               183                                                227 
                                               183                                                228 
                                               184                                                228 
                                               184                                                229 
                                               185                                                229 
                                               185                                                230 
                                               186                                                230 
                                               186                                                231 
                                               187                                                231 
                                               187                                                232 
                                               188                                                232 
                                               188                                                233 
                                               189                                                233 
                                               226                                                227 
                                               227                                                234 
                                               226                                                234 
                                               227                                                228 
                                               227                                                235 
                                               228                                                235 
                                               228                                                229 
                                               228                                                236 
                                               229                                                236 
                                               229                                                230 
                                               229                                                237 
                                               230                                                237 
                                               230                                                231 
                                               230                                                238 
                                               231                                                238 
                                               231                                                232 
                                               231                                                239 
                                               232                                                239 
                                               232                                                233 
                                               232                                                240 
                                               233                                                240 
                                               234                                                235 
                                               235                                                241 
                                               234                                                241 
                                               235                                                236 
                                               235                                                242 
                                               236                                                242 
                                               236                                                237 
                                               236                                                243 
                                               237                                                243 
                                               237                                                238 
                                               237                                                244 
                                               238                                                244 
                                               238                                                239 
                                               238                                                245 
                                               239                                                245 
                                               239                                                240 
                                               239                                                246 
                                               240                                                246 
                                               241                                                242 
                                               242                                                247 
                                               241                                                247 
                                               242                                                243 
                                               242                                                248 
                                               243                                                248 
                                               243                                                244 
                                               243                                                249 
                                               244                                                249 
                                               244                                                245 
                                               244                                                250 
                                               245                                                250 
                                               245                                                246 
                                               245                                                251 
                                               246                                                251 
                                               247                                                248 
                                               248                                                252 
                                               247                                                252 
                                               248                                                249 
                                               248                                                253 
                                               249                                                253 
                                               249                                                250 
                                               249                                                254 
                                               250                                                254 
                                               250                                                251 
                                               250                                                255 
                                               251                                                255 
                                               252                                                253 
                                               253                                                256 
                                               252                                                256 
                                               253                                                254 
                                               253                                                257 
                                               254                                                257 
                                               254                                                255 
                                               254                                                258 
                                               255                                                258 
                                               256                                                257 
                                               257                                                259 
                                               256                                                259 
                                               257                                                258 
                                               257                                                260 
                                               258                                                260 
                                               259                                                260 
                                               116                                                259 
                                               116                                                260 
                                               226                                                261 
                                               181                                                261 
                                               261                                                268 
                                               262                                                268 
                                               261                                                262 
                                               262                                                269 
                                               263                                                269 
                                               262                                                263 
                                               263                                                270 
                                               264                                                270 
                                               263                                                264 
                                               264                                                271 
                                               265                                                271 
                                               264                                                265 
                                               265                                                272 
                                               266                                                272 
                                               265                                                266 
                                               266                                                273 
                                               267                                                273 
                                               266                                                267 
                                                88                                                267 
                                                44                                                267 
                                               226                                                268 
                                               234                                                268 
                                               268                                                269 
                                               268                                                274 
                                               269                                                274 
                                               269                                                270 
                                               269                                                275 
                                               270                                                275 
                                               270                                                271 
                                               270                                                276 
                                               271                                                276 
                                               271                                                272 
                                               271                                                277 
                                               272                                                277 
                                               272                                                273 
                                               272                                                278 
                                               273                                                278 
                                                88                                                273 
                                                95                                                273 
                                               234                                                274 
                                               241                                                274 
                                               274                                                275 
                                               274                                                279 
                                               275                                                279 
                                               275                                                276 
                                               275                                                280 
                                               276                                                280 
                                               276                                                277 
                                               276                                                281 
                                               277                                                281 
                                               277                                                278 
                                               277                                                282 
                                               278                                                282 
                                                95                                                278 
                                               101                                                278 
                                               241                                                279 
                                               247                                                279 
                                               279                                                280 
                                               279                                                283 
                                               280                                                283 
                                               280                                                281 
                                               280                                                284 
                                               281                                                284 
                                               281                                                282 
                                               281                                                285 
                                               282                                                285 
                                               101                                                282 
                                               106                                                282 
                                               247                                                283 
                                               252                                                283 
                                               283                                                284 
                                               283                                                286 
                                               284                                                286 
                                               284                                                285 
                                               284                                                287 
                                               285                                                287 
                                               106                                                285 
                                               110                                                285 
                                               252                                                286 
                                               256                                                286 
                                               286                                                287 
                                               286                                                288 
                                               287                                                288 
                                               110                                                287 
                                               113                                                287 
                                               256                                                288 
                                               259                                                288 
                                               113                                                288 
                                               115                                                288 
                                               115                                                259 
                                               261                                                289 
                                               181                                                289 
                                               261                                                290 
                                               262                                                290 
                                               262                                                291 
                                               263                                                291 
                                               263                                                292 
                                               264                                                292 
                                               264                                                293 
                                               265                                                293 
                                               265                                                294 
                                               266                                                294 
                                               266                                                295 
                                               267                                                295 
                                               267                                                296 
                                                44                                                296 
                                               289                                                290 
                                               290                                                297 
                                               289                                                297 
                                               290                                                291 
                                               290                                                298 
                                               291                                                298 
                                               291                                                292 
                                               291                                                299 
                                               292                                                299 
                                               292                                                293 
                                               292                                                300 
                                               293                                                300 
                                               293                                                294 
                                               293                                                301 
                                               294                                                301 
                                               294                                                295 
                                               294                                                302 
                                               295                                                302 
                                               295                                                296 
                                               295                                                303 
                                               296                                                303 
                                               297                                                298 
                                               298                                                304 
                                               297                                                304 
                                               298                                                299 
                                               298                                                305 
                                               299                                                305 
                                               299                                                300 
                                               299                                                306 
                                               300                                                306 
                                               300                                                301 
                                               300                                                307 
                                               301                                                307 
                                               301                                                302 
                                               301                                                308 
                                               302                                                308 
                                               302                                                303 
                                               302                                                309 
                                               303                                                309 
                                               304                                                305 
                                               305                                                310 
                                               304                                                310 
                                               305                                                306 
                                               305                                                311 
                                               306                                                311 
                                               306                                                307 
                                               306                                                312 
                                               307                                                312 
                                               307                                                308 
                                               307                                                313 
                                               308                                                313 
                                               308                                                309 
                                               308                                                314 
                                               309                                                314 
                                               310                                                311 
                                               311                                                315 
                                               310                                                315 
                                               311                                                312 
                                               311                                                316 
                                               312                                                316 
                                               312                                                313 
                                               312                                                317 
                                               313                                                317 
                                               313                                                314 
                                               313                                                318 
                                               314                                                318 
                                               315                                                316 
                                               316                                                319 
                                               315                                                319 
                                               316                                                317 
                                               316                                                320 
                                               317                                                320 
                                               317                                                318 
                                               317                                                321 
                                               318                                                321 
                                               319                                                320 
                                               320                                                322 
                                               319                                                322 
                                               320                                                321 
                                               320                                                323 
                                               321                                                323 
                                               322                                                323 
                                               322                                                324 
                                               323                                                324 
                                               190                                                289 
                                               190                                                325 
                                               198                                                325 
                                               198                                                326 
                                               205                                                326 
                                               205                                                327 
                                               211                                                327 
                                               211                                                328 
                                               216                                                328 
                                               216                                                329 
                                               220                                                329 
                                               220                                                330 
                                               223                                                330 
                                               223                                                331 
                                               225                                                331 
                                               289                                                325 
                                               297                                                325 
                                               325                                                326 
                                               325                                                332 
                                               326                                                332 
                                               326                                                327 
                                               326                                                333 
                                               327                                                333 
                                               327                                                328 
                                               327                                                334 
                                               328                                                334 
                                               328                                                329 
                                               328                                                335 
                                               329                                                335 
                                               329                                                330 
                                               329                                                336 
                                               330                                                336 
                                               330                                                331 
                                               330                                                337 
                                               331                                                337 
                                               297                                                332 
                                               304                                                332 
                                               332                                                333 
                                               332                                                338 
                                               333                                                338 
                                               333                                                334 
                                               333                                                339 
                                               334                                                339 
                                               334                                                335 
                                               334                                                340 
                                               335                                                340 
                                               335                                                336 
                                               335                                                341 
                                               336                                                341 
                                               336                                                337 
                                               336                                                342 
                                               337                                                342 
                                               304                                                338 
                                               310                                                338 
                                               338                                                339 
                                               338                                                343 
                                               339                                                343 
                                               339                                                340 
                                               339                                                344 
                                               340                                                344 
                                               340                                                341 
                                               340                                                345 
                                               341                                                345 
                                               341                                                342 
                                               341                                                346 
                                               342                                                346 
                                               310                                                343 
                                               315                                                343 
                                               343                                                344 
                                               343                                                347 
                                               344                                                347 
                                               344                                                345 
                                               344                                                348 
                                               345                                                348 
                                               345                                                346 
                                               345                                                349 
                                               346                                                349 
                                               315                                                347 
                                               319                                                347 
                                               347                                                348 
                                               347                                                350 
                                               348                                                350 
                                               348                                                349 
                                               348                                                351 
                                               349                                                351 
                                               319                                                350 
                                               322                                                350 
                                               350                                                351 
                                               350                                                352 
                                               351                                                352 
                                               322                                                352 
                                               324                                                352 
                                               197                                                353 
                                               189                                                353 
                                               353                                                361 
                                               354                                                361 
                                               353                                                354 
                                               354                                                362 
                                               355                                                362 
                                               354                                                355 
                                               355                                                363 
                                               356                                                363 
                                               355                                                356 
                                               356                                                364 
                                               357                                                364 
                                               356                                                357 
                                               357                                                365 
                                               358                                                365 
                                               357                                                358 
                                               358                                                366 
                                               359                                                366 
                                               358                                                359 
                                               359                                                367 
                                               359                                                360 
                                               360                                                367 
                                               197                                                361 
                                               204                                                361 
                                               361                                                362 
                                               361                                                368 
                                               362                                                368 
                                               362                                                363 
                                               362                                                369 
                                               363                                                369 
                                               363                                                364 
                                               363                                                370 
                                               364                                                370 
                                               364                                                365 
                                               364                                                371 
                                               365                                                371 
                                               365                                                366 
                                               365                                                372 
                                               366                                                372 
                                               366                                                367 
                                               366                                                373 
                                               367                                                373 
                                               204                                                368 
                                               210                                                368 
                                               368                                                369 
                                               368                                                374 
                                               369                                                374 
                                               369                                                370 
                                               369                                                375 
                                               370                                                375 
                                               370                                                371 
                                               370                                                376 
                                               371                                                376 
                                               371                                                372 
                                               371                                                377 
                                               372                                                377 
                                               372                                                373 
                                               372                                                378 
                                               373                                                378 
                                               210                                                374 
                                               215                                                374 
                                               374                                                375 
                                               374                                                379 
                                               375                                                379 
                                               375                                                376 
                                               375                                                380 
                                               376                                                380 
                                               376                                                377 
                                               376                                                381 
                                               377                                                381 
                                               377                                                378 
                                               377                                                382 
                                               378                                                382 
                                               215                                                379 
                                               219                                                379 
                                               379                                                380 
                                               379                                                383 
                                               380                                                383 
                                               380                                                381 
                                               380                                                384 
                                               381                                                384 
                                               381                                                382 
                                               381                                                385 
                                               382                                                385 
                                               219                                                383 
                                               222                                                383 
                                               383                                                384 
                                               383                                                386 
                                               384                                                386 
                                               384                                                385 
                                               384                                                387 
                                               385                                                387 
                                               222                                                386 
                                               224                                                386 
                                               386                                                387 
                                               386                                                388 
                                               387                                                388 
                                               224                                                388 
                                               225                                                388 
                                               353                                                389 
                                               189                                                389 
                                               353                                                390 
                                               354                                                390 
                                               354                                                391 
                                               355                                                391 
                                               355                                                392 
                                               356                                                392 
                                               356                                                393 
                                               357                                                393 
                                               357                                                394 
                                               358                                                394 
                                               358                                                395 
                                               359                                                395 
                                               359                                                396 
                                               360                                                396 
                                               389                                                390 
                                               390                                                397 
                                               389                                                397 
                                               390                                                391 
                                               390                                                398 
                                               391                                                398 
                                               391                                                392 
                                               391                                                399 
                                               392                                                399 
                                               392                                                393 
                                               392                                                400 
                                               393                                                400 
                                               393                                                394 
                                               393                                                401 
                                               394                                                401 
                                               394                                                395 
                                               394                                                402 
                                               395                                                402 
                                               395                                                396 
                                               395                                                403 
                                               396                                                403 
                                               397                                                398 
                                               398                                                404 
                                               397                                                404 
                                               398                                                399 
                                               398                                                405 
                                               399                                                405 
                                               399                                                400 
                                               399                                                406 
                                               400                                                406 
                                               400                                                401 
                                               400                                                407 
                                               401                                                407 
                                               401                                                402 
                                               401                                                408 
                                               402                                                408 
                                               402                                                403 
                                               402                                                409 
                                               403                                                409 
                                               404                                                405 
                                               405                                                410 
                                               404                                                410 
                                               405                                                406 
                                               405                                                411 
                                               406                                                411 
                                               406                                                407 
                                               406                                                412 
                                               407                                                412 
                                               407                                                408 
                                               407                                                413 
                                               408                                                413 
                                               408                                                409 
                                               408                                                414 
                                               409                                                414 
                                               410                                                411 
                                               411                                                415 
                                               410                                                415 
                                               411                                                412 
                                               411                                                416 
                                               412                                                416 
                                               412                                                413 
                                               412                                                417 
                                               413                                                417 
                                               413                                                414 
                                               413                                                418 
                                               414                                                418 
                                               415                                                416 
                                               416                                                419 
                                               415                                                419 
                                               416                                                417 
                                               416                                                420 
                                               417                                                420 
                                               417                                                418 
                                               417                                                421 
                                               418                                                421 
                                               419                                                420 
                                               420                                                422 
                                               419                                                422 
                                               420                                                421 
                                               420                                                423 
                                               421                                                423 
                                               422                                                423 
                                               152                                                422 
                                               152                                                423 
                                               233                                                389 
                                               233                                                424 
                                               240                                                424 
                                               240                                                425 
                                               246                                                425 
                                               246                                                426 
                                               251                                                426 
                                               251                                                427 
                                               255                                                427 
                                               255                                                428 
                                               258                                                428 
                                               258                                                429 
                                               260                                                429 
                                               124                                                260 
                                               389                                                424 
                                               397                                                424 
                                               424                                                425 
                                               424                                                430 
                                               425                                                430 
                                               425                                                426 
                                               425                                                431 
                                               426                                                431 
                                               426                                                427 
                                               426                                                432 
                                               427                                                432 
                                               427                                                428 
                                               427                                                433 
                                               428                                                433 
                                               428                                                429 
                                               428                                                434 
                                               429                                                434 
                                               124                                                429 
                                               131                                                429 
                                               397                                                430 
                                               404                                                430 
                                               430                                                431 
                                               430                                                435 
                                               431                                                435 
                                               431                                                432 
                                               431                                                436 
                                               432                                                436 
                                               432                                                433 
                                               432                                                437 
                                               433                                                437 
                                               433                                                434 
                                               433                                                438 
                                               434                                                438 
                                               131                                                434 
                                               137                                                434 
                                               404                                                435 
                                               410                                                435 
                                               435                                                436 
                                               435                                                439 
                                               436                                                439 
                                               436                                                437 
                                               436                                                440 
                                               437                                                440 
                                               437                                                438 
                                               437                                                441 
                                               438                                                441 
                                               137                                                438 
                                               142                                                438 
                                               410                                                439 
                                               415                                                439 
                                               439                                                440 
                                               439                                                442 
                                               440                                                442 
                                               440                                                441 
                                               440                                                443 
                                               441                                                443 
                                               142                                                441 
                                               146                                                441 
                                               415                                                442 
                                               419                                                442 
                                               442                                                443 
                                               442                                                444 
                                               443                                                444 
                                               146                                                443 
                                               149                                                443 
                                               419                                                444 
                                               422                                                444 
                                               149                                                444 
                                               151                                                444 
                                               151                                                422 
                                                16                                                445 
                                                 8                                                445 
                                                16                                                446 
                                                23                                                446 
                                                23                                                447 
                                                29                                                447 
                                                29                                                448 
                                                34                                                448 
                                                34                                                449 
                                                38                                                449 
                                                38                                                450 
                                                41                                                450 
                                                41                                                451 
                                                43                                                451 
                                                43                                                296 
                                               445                                                446 
                                               446                                                452 
                                               445                                                452 
                                               446                                                447 
                                               446                                                453 
                                               447                                                453 
                                               447                                                448 
                                               447                                                454 
                                               448                                                454 
                                               448                                                449 
                                               448                                                455 
                                               449                                                455 
                                               449                                                450 
                                               449                                                456 
                                               450                                                456 
                                               450                                                451 
                                               450                                                457 
                                               451                                                457 
                                               296                                                451 
                                               303                                                451 
                                               452                                                453 
                                               453                                                458 
                                               452                                                458 
                                               453                                                454 
                                               453                                                459 
                                               454                                                459 
                                               454                                                455 
                                               454                                                460 
                                               455                                                460 
                                               455                                                456 
                                               455                                                461 
                                               456                                                461 
                                               456                                                457 
                                               456                                                462 
                                               457                                                462 
                                               303                                                457 
                                               309                                                457 
                                               458                                                459 
                                               459                                                463 
                                               458                                                463 
                                               459                                                460 
                                               459                                                464 
                                               460                                                464 
                                               460                                                461 
                                               460                                                465 
                                               461                                                465 
                                               461                                                462 
                                               461                                                466 
                                               462                                                466 
                                               309                                                462 
                                               314                                                462 
                                               463                                                464 
                                               464                                                467 
                                               463                                                467 
                                               464                                                465 
                                               464                                                468 
                                               465                                                468 
                                               465                                                466 
                                               465                                                469 
                                               466                                                469 
                                               314                                                466 
                                               318                                                466 
                                               467                                                468 
                                               468                                                470 
                                               467                                                470 
                                               468                                                469 
                                               468                                                471 
                                               469                                                471 
                                               318                                                469 
                                               321                                                469 
                                               470                                                471 
                                               471                                                472 
                                               470                                                472 
                                               321                                                471 
                                               323                                                471 
                                               323                                                472 
                                               324                                                472 
                                               445                                                473 
                                                 8                                                473 
                                               473                                                481 
                                               474                                                481 
                                               473                                                474 
                                               474                                                482 
                                               475                                                482 
                                               474                                                475 
                                               475                                                483 
                                               476                                                483 
                                               475                                                476 
                                               476                                                484 
                                               477                                                484 
                                               476                                                477 
                                               477                                                485 
                                               478                                                485 
                                               477                                                478 
                                               478                                                486 
                                               479                                                486 
                                               478                                                479 
                                               479                                                487 
                                               479                                                480 
                                               480                                                487 
                                               445                                                481 
                                               452                                                481 
                                               481                                                482 
                                               481                                                488 
                                               482                                                488 
                                               482                                                483 
                                               482                                                489 
                                               483                                                489 
                                               483                                                484 
                                               483                                                490 
                                               484                                                490 
                                               484                                                485 
                                               484                                                491 
                                               485                                                491 
                                               485                                                486 
                                               485                                                492 
                                               486                                                492 
                                               486                                                487 
                                               486                                                493 
                                               487                                                493 
                                               452                                                488 
                                               458                                                488 
                                               488                                                489 
                                               488                                                494 
                                               489                                                494 
                                               489                                                490 
                                               489                                                495 
                                               490                                                495 
                                               490                                                491 
                                               490                                                496 
                                               491                                                496 
                                               491                                                492 
                                               491                                                497 
                                               492                                                497 
                                               492                                                493 
                                               492                                                498 
                                               493                                                498 
                                               458                                                494 
                                               463                                                494 
                                               494                                                495 
                                               494                                                499 
                                               495                                                499 
                                               495                                                496 
                                               495                                                500 
                                               496                                                500 
                                               496                                                497 
                                               496                                                501 
                                               497                                                501 
                                               497                                                498 
                                               497                                                502 
                                               498                                                502 
                                               463                                                499 
                                               467                                                499 
                                               499                                                500 
                                               499                                                503 
                                               500                                                503 
                                               500                                                501 
                                               500                                                504 
                                               501                                                504 
                                               501                                                502 
                                               501                                                505 
                                               502                                                505 
                                               467                                                503 
                                               470                                                503 
                                               503                                                504 
                                               503                                                506 
                                               504                                                506 
                                               504                                                505 
                                               504                                                507 
                                               505                                                507 
                                               470                                                506 
                                               472                                                506 
                                               506                                                507 
                                               506                                                508 
                                               507                                                508 
                                               472                                                508 
                                               324                                                508 
                                                52                                                473 
                                               473                                                509 
                                               474                                                509 
                                               474                                                510 
                                               475                                                510 
                                               475                                                511 
                                               476                                                511 
                                               476                                                512 
                                               477                                                512 
                                               477                                                513 
                                               478                                                513 
                                               478                                                514 
                                               479                                                514 
                                               479                                                515 
                                               480                                                515 
                                                52                                                509 
                                                59                                                509 
                                               509                                                510 
                                               509                                                516 
                                               510                                                516 
                                               510                                                511 
                                               510                                                517 
                                               511                                                517 
                                               511                                                512 
                                               511                                                518 
                                               512                                                518 
                                               512                                                513 
                                               512                                                519 
                                               513                                                519 
                                               513                                                514 
                                               513                                                520 
                                               514                                                520 
                                               514                                                515 
                                               514                                                521 
                                               515                                                521 
                                                59                                                516 
                                                65                                                516 
                                               516                                                517 
                                               516                                                522 
                                               517                                                522 
                                               517                                                518 
                                               517                                                523 
                                               518                                                523 
                                               518                                                519 
                                               518                                                524 
                                               519                                                524 
                                               519                                                520 
                                               519                                                525 
                                               520                                                525 
                                               520                                                521 
                                               520                                                526 
                                               521                                                526 
                                                65                                                522 
                                                70                                                522 
                                               522                                                523 
                                               522                                                527 
                                               523                                                527 
                                               523                                                524 
                                               523                                                528 
                                               524                                                528 
                                               524                                                525 
                                               524                                                529 
                                               525                                                529 
                                               525                                                526 
                                               525                                                530 
                                               526                                                530 
                                                70                                                527 
                                                74                                                527 
                                               527                                                528 
                                               527                                                531 
                                               528                                                531 
                                               528                                                529 
                                               528                                                532 
                                               529                                                532 
                                               529                                                530 
                                               529                                                533 
                                               530                                                533 
                                                74                                                531 
                                                77                                                531 
                                               531                                                532 
                                               531                                                534 
                                               532                                                534 
                                               532                                                533 
                                               532                                                535 
                                               533                                                535 
                                                77                                                534 
                                                79                                                534 
                                               534                                                535 
                                               534                                                536 
                                               535                                                536 
                                                79                                                536 
                                                80                                                536 
                                               367                                                537 
                                               360                                                537 
                                               367                                                538 
                                               373                                                538 
                                               373                                                539 
                                               378                                                539 
                                               378                                                540 
                                               382                                                540 
                                               382                                                541 
                                               385                                                541 
                                               385                                                542 
                                               387                                                542 
                                               387                                                543 
                                               388                                                543 
                                               388                                                544 
                                               225                                                544 
                                               537                                                538 
                                               538                                                545 
                                               537                                                545 
                                               538                                                539 
                                               538                                                546 
                                               539                                                546 
                                               539                                                540 
                                               539                                                547 
                                               540                                                547 
                                               540                                                541 
                                               540                                                548 
                                               541                                                548 
                                               541                                                542 
                                               541                                                549 
                                               542                                                549 
                                               542                                                543 
                                               542                                                550 
                                               543                                                550 
                                               543                                                544 
                                               543                                                551 
                                               544                                                551 
                                               545                                                546 
                                               546                                                552 
                                               545                                                552 
                                               546                                                547 
                                               546                                                553 
                                               547                                                553 
                                               547                                                548 
                                               547                                                554 
                                               548                                                554 
                                               548                                                549 
                                               548                                                555 
                                               549                                                555 
                                               549                                                550 
                                               549                                                556 
                                               550                                                556 
                                               550                                                551 
                                               550                                                557 
                                               551                                                557 
                                               552                                                553 
                                               553                                                558 
                                               552                                                558 
                                               553                                                554 
                                               553                                                559 
                                               554                                                559 
                                               554                                                555 
                                               554                                                560 
                                               555                                                560 
                                               555                                                556 
                                               555                                                561 
                                               556                                                561 
                                               556                                                557 
                                               556                                                562 
                                               557                                                562 
                                               558                                                559 
                                               559                                                563 
                                               558                                                563 
                                               559                                                560 
                                               559                                                564 
                                               560                                                564 
                                               560                                                561 
                                               560                                                565 
                                               561                                                565 
                                               561                                                562 
                                               561                                                566 
                                               562                                                566 
                                               563                                                564 
                                               564                                                567 
                                               563                                                567 
                                               564                                                565 
                                               564                                                568 
                                               565                                                568 
                                               565                                                566 
                                               565                                                569 
                                               566                                                569 
                                               567                                                568 
                                               568                                                570 
                                               567                                                570 
                                               568                                                569 
                                               568                                                571 
                                               569                                                571 
                                               570                                                571 
                                               480                                                570 
                                               480                                                571 
                                               537                                                572 
                                               360                                                572 
                                               537                                                573 
                                               545                                                573 
                                               545                                                574 
                                               552                                                574 
                                               552                                                575 
                                               558                                                575 
                                               558                                                576 
                                               563                                                576 
                                               563                                                577 
                                               567                                                577 
                                               567                                                578 
                                               570                                                578 
                                               515                                                570 
                                               572                                                573 
                                               573                                                579 
                                               572                                                579 
                                               573                                                574 
                                               573                                                580 
                                               574                                                580 
                                               574                                                575 
                                               574                                                581 
                                               575                                                581 
                                               575                                                576 
                                               575                                                582 
                                               576                                                582 
                                               576                                                577 
                                               576                                                583 
                                               577                                                583 
                                               577                                                578 
                                               577                                                584 
                                               578                                                584 
                                               515                                                578 
                                               521                                                578 
                                               579                                                580 
                                               580                                                585 
                                               579                                                585 
                                               580                                                581 
                                               580                                                586 
                                               581                                                586 
                                               581                                                582 
                                               581                                                587 
                                               582                                                587 
                                               582                                                583 
                                               582                                                588 
                                               583                                                588 
                                               583                                                584 
                                               583                                                589 
                                               584                                                589 
                                               521                                                584 
                                               526                                                584 
                                               585                                                586 
                                               586                                                590 
                                               585                                                590 
                                               586                                                587 
                                               586                                                591 
                                               587                                                591 
                                               587                                                588 
                                               587                                                592 
                                               588                                                592 
                                               588                                                589 
                                               588                                                593 
                                               589                                                593 
                                               526                                                589 
                                               530                                                589 
                                               590                                                591 
                                               591                                                594 
                                               590                                                594 
                                               591                                                592 
                                               591                                                595 
                                               592                                                595 
                                               592                                                593 
                                               592                                                596 
                                               593                                                596 
                                               530                                                593 
                                               533                                                593 
                                               594                                                595 
                                               595                                                597 
                                               594                                                597 
                                               595                                                596 
                                               595                                                598 
                                               596                                                598 
                                               533                                                596 
                                               535                                                596 
                                               597                                                598 
                                               598                                                599 
                                               597                                                599 
                                               535                                                598 
                                               536                                                598 
                                               536                                                599 
                                                80                                                599 
                                               396                                                572 
                                               396                                                600 
                                               403                                                600 
                                               403                                                601 
                                               409                                                601 
                                               409                                                602 
                                               414                                                602 
                                               414                                                603 
                                               418                                                603 
                                               418                                                604 
                                               421                                                604 
                                               421                                                605 
                                               423                                                605 
                                               159                                                423 
                                               572                                                600 
                                               579                                                600 
                                               600                                                601 
                                               600                                                606 
                                               601                                                606 
                                               601                                                602 
                                               601                                                607 
                                               602                                                607 
                                               602                                                603 
                                               602                                                608 
                                               603                                                608 
                                               603                                                604 
                                               603                                                609 
                                               604                                                609 
                                               604                                                605 
                                               604                                                610 
                                               605                                                610 
                                               159                                                605 
                                               165                                                605 
                                               579                                                606 
                                               585                                                606 
                                               606                                                607 
                                               606                                                611 
                                               607                                                611 
                                               607                                                608 
                                               607                                                612 
                                               608                                                612 
                                               608                                                609 
                                               608                                                613 
                                               609                                                613 
                                               609                                                610 
                                               609                                                614 
                                               610                                                614 
                                               165                                                610 
                                               170                                                610 
                                               585                                                611 
                                               590                                                611 
                                               611                                                612 
                                               611                                                615 
                                               612                                                615 
                                               612                                                613 
                                               612                                                616 
                                               613                                                616 
                                               613                                                614 
                                               613                                                617 
                                               614                                                617 
                                               170                                                614 
                                               174                                                614 
                                               590                                                615 
                                               594                                                615 
                                               615                                                616 
                                               615                                                618 
                                               616                                                618 
                                               616                                                617 
                                               616                                                619 
                                               617                                                619 
                                               174                                                617 
                                               177                                                617 
                                               594                                                618 
                                               597                                                618 
                                               618                                                619 
                                               618                                                620 
                                               619                                                620 
                                               177                                                619 
                                               179                                                619 
                                               597                                                620 
                                               599                                                620 
                                               179                                                620 
                                               180                                                620 
                                               180                                                599 
                                               331                                                544 
                                               544                                                621 
                                               551                                                621 
                                               551                                                622 
                                               557                                                622 
                                               557                                                623 
                                               562                                                623 
                                               562                                                624 
                                               566                                                624 
                                               566                                                625 
                                               569                                                625 
                                               569                                                626 
                                               571                                                626 
                                               487                                                571 
                                               331                                                621 
                                               337                                                621 
                                               621                                                622 
                                               621                                                627 
                                               622                                                627 
                                               622                                                623 
                                               622                                                628 
                                               623                                                628 
                                               623                                                624 
                                               623                                                629 
                                               624                                                629 
                                               624                                                625 
                                               624                                                630 
                                               625                                                630 
                                               625                                                626 
                                               625                                                631 
                                               626                                                631 
                                               487                                                626 
                                               493                                                626 
                                               337                                                627 
                                               342                                                627 
                                               627                                                628 
                                               627                                                632 
                                               628                                                632 
                                               628                                                629 
                                               628                                                633 
                                               629                                                633 
                                               629                                                630 
                                               629                                                634 
                                               630                                                634 
                                               630                                                631 
                                               630                                                635 
                                               631                                                635 
                                               493                                                631 
                                               498                                                631 
                                               342                                                632 
                                               346                                                632 
                                               632                                                633 
                                               632                                                636 
                                               633                                                636 
                                               633                                                634 
                                               633                                                637 
                                               634                                                637 
                                               634                                                635 
                                               634                                                638 
                                               635                                                638 
                                               498                                                635 
                                               502                                                635 
                                               346                                                636 
                                               349                                                636 
                                               636                                                637 
                                               636                                                639 
                                               637                                                639 
                                               637                                                638 
                                               637                                                640 
                                               638                                                640 
                                               502                                                638 
                                               505                                                638 
                                               349                                                639 
                                               351                                                639 
                                               639                                                640 
                                               639                                                641 
                                               640                                                641 
                                               505                                                640 
                                               507                                                640 
                                               351                                                641 
                                               352                                                641 
                                               507                                                641 
                                               508                                                641 
                                               352                                                508 
