                                                10                                                 64                                                128 
                                                10                                                 12                                                 65 
                                                12                                                 14                                                 66 
                                                14                                                 16                                                 67 
                                                16                                                 18                                                 68 
                                                18                                                 20                                                 69 
                                                20                                                 21                                                 70 
                                                21                                                 71                                                832 
                                                10                                                 24                                                129 
                                                12                                                 24                                                 26 
                                                 0                                                  1                                                  8 
                                                14                                                 26                                                 28 
                                                 1                                                  2                                                  9 
                                                16                                                 28                                                 30 
                                                 2                                                  3                                                 11 
                                                18                                                 30                                                 32 
                                                 3                                                  4                                                 13 
                                                20                                                 32                                                 33 
                                                 4                                                  5                                                 15 
                                                21                                                 33                                                833 
                                                 5                                                  6                                                 17 
                                                 6                                                  7                                                 19 
                                                24                                                 36                                                130 
                                                26                                                 36                                                 38 
                                                 8                                                  9                                                 22 
                                                28                                                 38                                                 40 
                                                 9                                                 11                                                 23 
                                                30                                                 40                                                 42 
                                                11                                                 13                                                 25 
                                                32                                                 42                                                 43 
                                                13                                                 15                                                 27 
                                                33                                                 43                                                834 
                                                15                                                 17                                                 29 
                                                17                                                 19                                                 31 
                                                36                                                 46                                                131 
                                                38                                                 46                                                 48 
                                                22                                                 23                                                 34 
                                                40                                                 48                                                 50 
                                                23                                                 25                                                 35 
                                                42                                                 50                                                 51 
                                                25                                                 27                                                 37 
                                                43                                                 51                                                835 
                                                27                                                 29                                                 39 
                                                29                                                 31                                                 41 
                                                46                                                 54                                                132 
                                                48                                                 54                                                 56 
                                                34                                                 35                                                 44 
                                                50                                                 56                                                 57 
                                                35                                                 37                                                 45 
                                                51                                                 57                                                836 
                                                37                                                 39                                                 47 
                                                39                                                 41                                                 49 
                                                54                                                 60                                                133 
                                                56                                                 60                                                 61 
                                                44                                                 45                                                 52 
                                                57                                                 61                                                837 
                                                45                                                 47                                                 53 
                                                47                                                 49                                                 55 
                                                60                                                 63                                                134 
                                                61                                                 63                                                838 
                                                52                                                 53                                                 58 
                                                53                                                 55                                                 59 
                                                63                                                135                                                839 
                                                58                                                 59                                                 62 
                                                 0                                                 74                                                256 
                                                 1                                                 74                                                 76 
                                                 2                                                 76                                                 78 
                                                 3                                                 78                                                 80 
                                                 4                                                 80                                                 82 
                                                 5                                                 82                                                 84 
                                                 6                                                 84                                                 85 
                                                 7                                                 85                                                960 
                                                74                                                 88                                                264 
                                                76                                                 88                                                 90 
                                                64                                                 65                                                 72 
                                                78                                                 90                                                 92 
                                                65                                                 66                                                 73 
                                                80                                                 92                                                 94 
                                                66                                                 67                                                 75 
                                                82                                                 94                                                 96 
                                                67                                                 68                                                 77 
                                                84                                                 96                                                 97 
                                                68                                                 69                                                 79 
                                                85                                                 97                                                968 
                                                69                                                 70                                                 81 
                                                70                                                 71                                                 83 
                                                88                                                100                                                278 
                                                90                                                100                                                102 
                                                72                                                 73                                                 86 
                                                92                                                102                                                104 
                                                73                                                 75                                                 87 
                                                94                                                104                                                106 
                                                75                                                 77                                                 89 
                                                96                                                106                                                107 
                                                77                                                 79                                                 91 
                                                97                                                107                                                982 
                                                79                                                 81                                                 93 
                                                81                                                 83                                                 95 
                                               100                                                110                                                290 
                                               102                                                110                                                112 
                                                86                                                 87                                                 98 
                                               104                                                112                                                114 
                                                87                                                 89                                                 99 
                                               106                                                114                                                115 
                                                89                                                 91                                                101 
                                               107                                                115                                                994 
                                                91                                                 93                                                103 
                                                93                                                 95                                                105 
                                               110                                                118                                                300 
                                               112                                                118                                                120 
                                                98                                                 99                                                108 
                                               114                                                120                                                121 
                                                99                                                101                                                109 
                                               115                                                121                                               1004 
                                               101                                                103                                                111 
                                               103                                                105                                                113 
                                               118                                                124                                                308 
                                               120                                                124                                                125 
                                               108                                                109                                                116 
                                               121                                                125                                               1012 
                                               109                                                111                                                117 
                                               111                                                113                                                119 
                                               124                                                127                                                314 
                                               125                                                127                                               1018 
                                               116                                                117                                                122 
                                               117                                                119                                                123 
                                               127                                                318                                               1022 
                                               122                                                123                                                126 
                                                 0                                                138                                                192 
                                                 8                                                138                                                140 
                                                22                                                140                                                142 
                                                34                                                142                                                144 
                                                44                                                144                                                146 
                                                52                                                146                                                148 
                                                58                                                148                                                149 
                                                62                                                149                                                455 
                                               138                                                152                                                193 
                                               140                                                152                                                154 
                                               128                                                129                                                136 
                                               142                                                154                                                156 
                                               129                                                130                                                137 
                                               144                                                156                                                158 
                                               130                                                131                                                139 
                                               146                                                158                                                160 
                                               131                                                132                                                141 
                                               148                                                160                                                161 
                                               132                                                133                                                143 
                                               149                                                161                                                467 
                                               133                                                134                                                145 
                                               134                                                135                                                147 
                                               152                                                164                                                194 
                                               154                                                164                                                166 
                                               136                                                137                                                150 
                                               156                                                166                                                168 
                                               137                                                139                                                151 
                                               158                                                168                                                170 
                                               139                                                141                                                153 
                                               160                                                170                                                171 
                                               141                                                143                                                155 
                                               161                                                171                                                479 
                                               143                                                145                                                157 
                                               145                                                147                                                159 
                                               164                                                174                                                195 
                                               166                                                174                                                176 
                                               150                                                151                                                162 
                                               168                                                176                                                178 
                                               151                                                153                                                163 
                                               170                                                178                                                179 
                                               153                                                155                                                165 
                                               171                                                179                                                489 
                                               155                                                157                                                167 
                                               157                                                159                                                169 
                                               174                                                182                                                196 
                                               176                                                182                                                184 
                                               162                                                163                                                172 
                                               178                                                184                                                185 
                                               163                                                165                                                173 
                                               179                                                185                                                497 
                                               165                                                167                                                175 
                                               167                                                169                                                177 
                                               182                                                188                                                197 
                                               184                                                188                                                189 
                                               172                                                173                                                180 
                                               185                                                189                                                503 
                                               173                                                175                                                181 
                                               175                                                177                                                183 
                                               188                                                191                                                198 
                                               189                                                191                                                507 
                                               180                                                181                                                186 
                                               181                                                183                                                187 
                                               191                                                199                                                510 
                                               186                                                187                                                190 
                                               128                                                202                                                256 
                                               136                                                202                                                204 
                                               150                                                204                                                206 
                                               162                                                206                                                208 
                                               172                                                208                                                210 
                                               180                                                210                                                212 
                                               186                                                212                                                213 
                                               190                                                213                                                775 
                                               202                                                216                                                257 
                                               204                                                216                                                218 
                                               192                                                193                                                200 
                                               206                                                218                                                220 
                                               193                                                194                                                201 
                                               208                                                220                                                222 
                                               194                                                195                                                203 
                                               210                                                222                                                224 
                                               195                                                196                                                205 
                                               212                                                224                                                225 
                                               196                                                197                                                207 
                                               213                                                225                                                787 
                                               197                                                198                                                209 
                                               198                                                199                                                211 
                                               216                                                228                                                258 
                                               218                                                228                                                230 
                                               200                                                201                                                214 
                                               220                                                230                                                232 
                                               201                                                203                                                215 
                                               222                                                232                                                234 
                                               203                                                205                                                217 
                                               224                                                234                                                235 
                                               205                                                207                                                219 
                                               225                                                235                                                799 
                                               207                                                209                                                221 
                                               209                                                211                                                223 
                                               228                                                238                                                259 
                                               230                                                238                                                240 
                                               214                                                215                                                226 
                                               232                                                240                                                242 
                                               215                                                217                                                227 
                                               234                                                242                                                243 
                                               217                                                219                                                229 
                                               235                                                243                                                809 
                                               219                                                221                                                231 
                                               221                                                223                                                233 
                                               238                                                246                                                260 
                                               240                                                246                                                248 
                                               226                                                227                                                236 
                                               242                                                248                                                249 
                                               227                                                229                                                237 
                                               243                                                249                                                817 
                                               229                                                231                                                239 
                                               231                                                233                                                241 
                                               246                                                252                                                261 
                                               248                                                252                                                253 
                                               236                                                237                                                244 
                                               249                                                253                                                823 
                                               237                                                239                                                245 
                                               239                                                241                                                247 
                                               252                                                255                                                262 
                                               253                                                255                                                827 
                                               244                                                245                                                250 
                                               245                                                247                                                251 
                                               255                                                263                                                830 
                                               250                                                251                                                254 
                                                64                                                192                                                266 
                                               200                                                266                                                268 
                                               214                                                268                                                270 
                                               226                                                270                                                272 
                                               236                                                272                                                274 
                                               244                                                274                                                276 
                                               250                                                276                                                277 
                                               254                                                277                                               1159 
                                                72                                                266                                                280 
                                               268                                                280                                                282 
                                               256                                                257                                                264 
                                               270                                                282                                                284 
                                               257                                                258                                                265 
                                               272                                                284                                                286 
                                               258                                                259                                                267 
                                               274                                                286                                                288 
                                               259                                                260                                                269 
                                               276                                                288                                                289 
                                               260                                                261                                                271 
                                               277                                                289                                               1171 
                                               261                                                262                                                273 
                                               262                                                263                                                275 
                                                86                                                280                                                292 
                                               282                                                292                                                294 
                                               264                                                265                                                278 
                                               284                                                294                                                296 
                                               265                                                267                                                279 
                                               286                                                296                                                298 
                                               267                                                269                                                281 
                                               288                                                298                                                299 
                                               269                                                271                                                283 
                                               289                                                299                                               1183 
                                               271                                                273                                                285 
                                               273                                                275                                                287 
                                                98                                                292                                                302 
                                               294                                                302                                                304 
                                               278                                                279                                                290 
                                               296                                                304                                                306 
                                               279                                                281                                                291 
                                               298                                                306                                                307 
                                               281                                                283                                                293 
                                               299                                                307                                               1193 
                                               283                                                285                                                295 
                                               285                                                287                                                297 
                                               108                                                302                                                310 
                                               304                                                310                                                312 
                                               290                                                291                                                300 
                                               306                                                312                                                313 
                                               291                                                293                                                301 
                                               307                                                313                                               1201 
                                               293                                                295                                                303 
                                               295                                                297                                                305 
                                               116                                                310                                                316 
                                               312                                                316                                                317 
                                               300                                                301                                                308 
                                               313                                                317                                               1207 
                                               301                                                303                                                309 
                                               303                                                305                                                311 
                                               122                                                316                                                319 
                                               317                                                319                                               1211 
                                               308                                                309                                                314 
                                               309                                                311                                                315 
                                               126                                                319                                               1214 
                                               314                                                315                                                318 
                                               330                                                384                                                576 
                                               330                                                332                                                385 
                                               332                                                334                                                386 
                                               334                                                336                                                387 
                                               336                                                338                                                388 
                                               338                                                340                                                389 
                                               340                                                341                                                390 
                                               341                                                391                                                640 
                                               330                                                344                                                577 
                                               332                                                344                                                346 
                                               320                                                321                                                328 
                                               334                                                346                                                348 
                                               321                                                322                                                329 
                                               336                                                348                                                350 
                                               322                                                323                                                331 
                                               338                                                350                                                352 
                                               323                                                324                                                333 
                                               340                                                352                                                353 
                                               324                                                325                                                335 
                                               341                                                353                                                648 
                                               325                                                326                                                337 
                                               326                                                327                                                339 
                                               344                                                356                                                578 
                                               346                                                356                                                358 
                                               328                                                329                                                342 
                                               348                                                358                                                360 
                                               329                                                331                                                343 
                                               350                                                360                                                362 
                                               331                                                333                                                345 
                                               352                                                362                                                363 
                                               333                                                335                                                347 
                                               353                                                363                                                662 
                                               335                                                337                                                349 
                                               337                                                339                                                351 
                                               356                                                366                                                579 
                                               358                                                366                                                368 
                                               342                                                343                                                354 
                                               360                                                368                                                370 
                                               343                                                345                                                355 
                                               362                                                370                                                371 
                                               345                                                347                                                357 
                                               363                                                371                                                674 
                                               347                                                349                                                359 
                                               349                                                351                                                361 
                                               366                                                374                                                580 
                                               368                                                374                                                376 
                                               354                                                355                                                364 
                                               370                                                376                                                377 
                                               355                                                357                                                365 
                                               371                                                377                                                684 
                                               357                                                359                                                367 
                                               359                                                361                                                369 
                                               374                                                380                                                581 
                                               376                                                380                                                381 
                                               364                                                365                                                372 
                                               377                                                381                                                692 
                                               365                                                367                                                373 
                                               367                                                369                                                375 
                                               380                                                383                                                582 
                                               381                                                383                                                698 
                                               372                                                373                                                378 
                                               373                                                375                                                379 
                                               383                                                583                                                702 
                                               378                                                379                                                382 
                                               320                                                394                                                448 
                                               321                                                394                                                396 
                                               322                                                396                                                398 
                                               323                                                398                                                400 
                                               324                                                400                                                402 
                                               325                                                402                                                404 
                                               326                                                404                                                405 
                                               327                                                405                                                768 
                                               394                                                408                                                456 
                                               396                                                408                                                410 
                                               384                                                385                                                392 
                                               398                                                410                                                412 
                                               385                                                386                                                393 
                                               400                                                412                                                414 
                                               386                                                387                                                395 
                                               402                                                414                                                416 
                                               387                                                388                                                397 
                                               404                                                416                                                417 
                                               388                                                389                                                399 
                                               405                                                417                                                769 
                                               389                                                390                                                401 
                                               390                                                391                                                403 
                                               408                                                420                                                470 
                                               410                                                420                                                422 
                                               392                                                393                                                406 
                                               412                                                422                                                424 
                                               393                                                395                                                407 
                                               414                                                424                                                426 
                                               395                                                397                                                409 
                                               416                                                426                                                427 
                                               397                                                399                                                411 
                                               417                                                427                                                770 
                                               399                                                401                                                413 
                                               401                                                403                                                415 
                                               420                                                430                                                482 
                                               422                                                430                                                432 
                                               406                                                407                                                418 
                                               424                                                432                                                434 
                                               407                                                409                                                419 
                                               426                                                434                                                435 
                                               409                                                411                                                421 
                                               427                                                435                                                771 
                                               411                                                413                                                423 
                                               413                                                415                                                425 
                                               430                                                438                                                492 
                                               432                                                438                                                440 
                                               418                                                419                                                428 
                                               434                                                440                                                441 
                                               419                                                421                                                429 
                                               435                                                441                                                772 
                                               421                                                423                                                431 
                                               423                                                425                                                433 
                                               438                                                444                                                500 
                                               440                                                444                                                445 
                                               428                                                429                                                436 
                                               441                                                445                                                773 
                                               429                                                431                                                437 
                                               431                                                433                                                439 
                                               444                                                447                                                506 
                                               445                                                447                                                774 
                                               436                                                437                                                442 
                                               437                                                439                                                443 
                                               447                                                510                                                775 
                                               442                                                443                                                446 
                                               384                                                458                                                512 
                                               458                                                460                                                513 
                                               460                                                462                                                514 
                                               462                                                464                                                515 
                                               464                                                466                                                516 
                                               466                                                468                                                517 
                                               468                                                469                                                518 
                                               135                                                469                                                519 
                                               392                                                458                                                472 
                                               460                                                472                                                474 
                                               448                                                449                                                456 
                                               462                                                474                                                476 
                                               449                                                450                                                457 
                                               464                                                476                                                478 
                                               450                                                451                                                459 
                                               466                                                478                                                480 
                                               451                                                452                                                461 
                                               468                                                480                                                481 
                                               452                                                453                                                463 
                                               147                                                469                                                481 
                                               453                                                454                                                465 
                                               454                                                455                                                467 
                                               406                                                472                                                484 
                                               474                                                484                                                486 
                                               456                                                457                                                470 
                                               476                                                486                                                488 
                                               457                                                459                                                471 
                                               478                                                488                                                490 
                                               459                                                461                                                473 
                                               480                                                490                                                491 
                                               461                                                463                                                475 
                                               159                                                481                                                491 
                                               463                                                465                                                477 
                                               465                                                467                                                479 
                                               418                                                484                                                494 
                                               486                                                494                                                496 
                                               470                                                471                                                482 
                                               488                                                496                                                498 
                                               471                                                473                                                483 
                                               490                                                498                                                499 
                                               473                                                475                                                485 
                                               169                                                491                                                499 
                                               475                                                477                                                487 
                                               477                                                479                                                489 
                                               428                                                494                                                502 
                                               496                                                502                                                504 
                                               482                                                483                                                492 
                                               498                                                504                                                505 
                                               483                                                485                                                493 
                                               177                                                499                                                505 
                                               485                                                487                                                495 
                                               487                                                489                                                497 
                                               436                                                502                                                508 
                                               504                                                508                                                509 
                                               492                                                493                                                500 
                                               183                                                505                                                509 
                                               493                                                495                                                501 
                                               495                                                497                                                503 
                                               442                                                508                                                511 
                                               187                                                509                                                511 
                                               500                                                501                                                506 
                                               501                                                503                                                507 
                                               190                                                446                                                511 
                                               506                                                507                                                510 
                                               448                                                522                                                576 
                                               449                                                522                                                524 
                                               450                                                524                                                526 
                                               451                                                526                                                528 
                                               452                                                528                                                530 
                                               453                                                530                                                532 
                                               454                                                532                                                533 
                                               455                                                533                                                839 
                                               522                                                536                                                584 
                                               524                                                536                                                538 
                                               512                                                513                                                520 
                                               526                                                538                                                540 
                                               513                                                514                                                521 
                                               528                                                540                                                542 
                                               514                                                515                                                523 
                                               530                                                542                                                544 
                                               515                                                516                                                525 
                                               532                                                544                                                545 
                                               516                                                517                                                527 
                                               533                                                545                                                851 
                                               517                                                518                                                529 
                                               518                                                519                                                531 
                                               536                                                548                                                598 
                                               538                                                548                                                550 
                                               520                                                521                                                534 
                                               540                                                550                                                552 
                                               521                                                523                                                535 
                                               542                                                552                                                554 
                                               523                                                525                                                537 
                                               544                                                554                                                555 
                                               525                                                527                                                539 
                                               545                                                555                                                863 
                                               527                                                529                                                541 
                                               529                                                531                                                543 
                                               548                                                558                                                610 
                                               550                                                558                                                560 
                                               534                                                535                                                546 
                                               552                                                560                                                562 
                                               535                                                537                                                547 
                                               554                                                562                                                563 
                                               537                                                539                                                549 
                                               555                                                563                                                873 
                                               539                                                541                                                551 
                                               541                                                543                                                553 
                                               558                                                566                                                620 
                                               560                                                566                                                568 
                                               546                                                547                                                556 
                                               562                                                568                                                569 
                                               547                                                549                                                557 
                                               563                                                569                                                881 
                                               549                                                551                                                559 
                                               551                                                553                                                561 
                                               566                                                572                                                628 
                                               568                                                572                                                573 
                                               556                                                557                                                564 
                                               569                                                573                                                887 
                                               557                                                559                                                565 
                                               559                                                561                                                567 
                                               572                                                575                                                634 
                                               573                                                575                                                891 
                                               564                                                565                                                570 
                                               565                                                567                                                571 
                                               575                                                638                                                894 
                                               570                                                571                                                574 
                                               320                                                512                                                586 
                                               328                                                586                                                588 
                                               342                                                588                                                590 
                                               354                                                590                                                592 
                                               364                                                592                                                594 
                                               372                                                594                                                596 
                                               378                                                596                                                597 
                                               382                                                597                                               1216 
                                               520                                                586                                                600 
                                               588                                                600                                                602 
                                               576                                                577                                                584 
                                               590                                                602                                                604 
                                               577                                                578                                                585 
                                               592                                                604                                                606 
                                               578                                                579                                                587 
                                               594                                                606                                                608 
                                               579                                                580                                                589 
                                               596                                                608                                                609 
                                               580                                                581                                                591 
                                               597                                                609                                               1224 
                                               581                                                582                                                593 
                                               582                                                583                                                595 
                                               534                                                600                                                612 
                                               602                                                612                                                614 
                                               584                                                585                                                598 
                                               604                                                614                                                616 
                                               585                                                587                                                599 
                                               606                                                616                                                618 
                                               587                                                589                                                601 
                                               608                                                618                                                619 
                                               589                                                591                                                603 
                                               609                                                619                                               1238 
                                               591                                                593                                                605 
                                               593                                                595                                                607 
                                               546                                                612                                                622 
                                               614                                                622                                                624 
                                               598                                                599                                                610 
                                               616                                                624                                                626 
                                               599                                                601                                                611 
                                               618                                                626                                                627 
                                               601                                                603                                                613 
                                               619                                                627                                               1250 
                                               603                                                605                                                615 
                                               605                                                607                                                617 
                                               556                                                622                                                630 
                                               624                                                630                                                632 
                                               610                                                611                                                620 
                                               626                                                632                                                633 
                                               611                                                613                                                621 
                                               627                                                633                                               1260 
                                               613                                                615                                                623 
                                               615                                                617                                                625 
                                               564                                                630                                                636 
                                               632                                                636                                                637 
                                               620                                                621                                                628 
                                               633                                                637                                               1268 
                                               621                                                623                                                629 
                                               623                                                625                                                631 
                                               570                                                636                                                639 
                                               637                                                639                                               1274 
                                               628                                                629                                                634 
                                               629                                                631                                                635 
                                               574                                                639                                               1278 
                                               634                                                635                                                638 
                                               327                                                650                                                704 
                                               650                                                652                                                705 
                                               652                                                654                                                706 
                                               654                                                656                                                707 
                                               656                                                658                                                708 
                                               658                                                660                                                709 
                                               660                                                661                                                710 
                                               661                                                711                                               1024 
                                               339                                                650                                                664 
                                               652                                                664                                                666 
                                               640                                                641                                                648 
                                               654                                                666                                                668 
                                               641                                                642                                                649 
                                               656                                                668                                                670 
                                               642                                                643                                                651 
                                               658                                                670                                                672 
                                               643                                                644                                                653 
                                               660                                                672                                                673 
                                               644                                                645                                                655 
                                               661                                                673                                               1025 
                                               645                                                646                                                657 
                                               646                                                647                                                659 
                                               351                                                664                                                676 
                                               666                                                676                                                678 
                                               648                                                649                                                662 
                                               668                                                678                                                680 
                                               649                                                651                                                663 
                                               670                                                680                                                682 
                                               651                                                653                                                665 
                                               672                                                682                                                683 
                                               653                                                655                                                667 
                                               673                                                683                                               1026 
                                               655                                                657                                                669 
                                               657                                                659                                                671 
                                               361                                                676                                                686 
                                               678                                                686                                                688 
                                               662                                                663                                                674 
                                               680                                                688                                                690 
                                               663                                                665                                                675 
                                               682                                                690                                                691 
                                               665                                                667                                                677 
                                               683                                                691                                               1027 
                                               667                                                669                                                679 
                                               669                                                671                                                681 
                                               369                                                686                                                694 
                                               688                                                694                                                696 
                                               674                                                675                                                684 
                                               690                                                696                                                697 
                                               675                                                677                                                685 
                                               691                                                697                                               1028 
                                               677                                                679                                                687 
                                               679                                                681                                                689 
                                               375                                                694                                                700 
                                               696                                                700                                                701 
                                               684                                                685                                                692 
                                               697                                                701                                               1029 
                                               685                                                687                                                693 
                                               687                                                689                                                695 
                                               379                                                700                                                703 
                                               701                                                703                                               1030 
                                               692                                                693                                                698 
                                               693                                                695                                                699 
                                               382                                                703                                               1031 
                                               698                                                699                                                702 
                                               640                                                714                                                768 
                                               641                                                714                                                716 
                                               642                                                716                                                718 
                                               643                                                718                                                720 
                                               644                                                720                                                722 
                                               645                                                722                                                724 
                                               646                                                724                                                725 
                                               647                                                725                                               1152 
                                               714                                                728                                                776 
                                               716                                                728                                                730 
                                               704                                                705                                                712 
                                               718                                                730                                                732 
                                               705                                                706                                                713 
                                               720                                                732                                                734 
                                               706                                                707                                                715 
                                               722                                                734                                                736 
                                               707                                                708                                                717 
                                               724                                                736                                                737 
                                               708                                                709                                                719 
                                               725                                                737                                               1153 
                                               709                                                710                                                721 
                                               710                                                711                                                723 
                                               728                                                740                                                790 
                                               730                                                740                                                742 
                                               712                                                713                                                726 
                                               732                                                742                                                744 
                                               713                                                715                                                727 
                                               734                                                744                                                746 
                                               715                                                717                                                729 
                                               736                                                746                                                747 
                                               717                                                719                                                731 
                                               737                                                747                                               1154 
                                               719                                                721                                                733 
                                               721                                                723                                                735 
                                               740                                                750                                                802 
                                               742                                                750                                                752 
                                               726                                                727                                                738 
                                               744                                                752                                                754 
                                               727                                                729                                                739 
                                               746                                                754                                                755 
                                               729                                                731                                                741 
                                               747                                                755                                               1155 
                                               731                                                733                                                743 
                                               733                                                735                                                745 
                                               750                                                758                                                812 
                                               752                                                758                                                760 
                                               738                                                739                                                748 
                                               754                                                760                                                761 
                                               739                                                741                                                749 
                                               755                                                761                                               1156 
                                               741                                                743                                                751 
                                               743                                                745                                                753 
                                               758                                                764                                                820 
                                               760                                                764                                                765 
                                               748                                                749                                                756 
                                               761                                                765                                               1157 
                                               749                                                751                                                757 
                                               751                                                753                                                759 
                                               764                                                767                                                826 
                                               765                                                767                                               1158 
                                               756                                                757                                                762 
                                               757                                                759                                                763 
                                               767                                                830                                               1159 
                                               762                                                763                                                766 
                                               391                                                704                                                778 
                                               403                                                778                                                780 
                                               415                                                780                                                782 
                                               425                                                782                                                784 
                                               433                                                784                                                786 
                                               439                                                786                                                788 
                                               443                                                788                                                789 
                                               199                                                446                                                789 
                                               712                                                778                                                792 
                                               780                                                792                                                794 
                                               768                                                769                                                776 
                                               782                                                794                                                796 
                                               769                                                770                                                777 
                                               784                                                796                                                798 
                                               770                                                771                                                779 
                                               786                                                798                                                800 
                                               771                                                772                                                781 
                                               788                                                800                                                801 
                                               772                                                773                                                783 
                                               211                                                789                                                801 
                                               773                                                774                                                785 
                                               774                                                775                                                787 
                                               726                                                792                                                804 
                                               794                                                804                                                806 
                                               776                                                777                                                790 
                                               796                                                806                                                808 
                                               777                                                779                                                791 
                                               798                                                808                                                810 
                                               779                                                781                                                793 
                                               800                                                810                                                811 
                                               781                                                783                                                795 
                                               223                                                801                                                811 
                                               783                                                785                                                797 
                                               785                                                787                                                799 
                                               738                                                804                                                814 
                                               806                                                814                                                816 
                                               790                                                791                                                802 
                                               808                                                816                                                818 
                                               791                                                793                                                803 
                                               810                                                818                                                819 
                                               793                                                795                                                805 
                                               233                                                811                                                819 
                                               795                                                797                                                807 
                                               797                                                799                                                809 
                                               748                                                814                                                822 
                                               816                                                822                                                824 
                                               802                                                803                                                812 
                                               818                                                824                                                825 
                                               803                                                805                                                813 
                                               241                                                819                                                825 
                                               805                                                807                                                815 
                                               807                                                809                                                817 
                                               756                                                822                                                828 
                                               824                                                828                                                829 
                                               812                                                813                                                820 
                                               247                                                825                                                829 
                                               813                                                815                                                821 
                                               815                                                817                                                823 
                                               762                                                828                                                831 
                                               251                                                829                                                831 
                                               820                                                821                                                826 
                                               821                                                823                                                827 
                                               254                                                766                                                831 
                                               826                                                827                                                830 
                                                 7                                                842                                                896 
                                                19                                                842                                                844 
                                                31                                                844                                                846 
                                                41                                                846                                                848 
                                                49                                                848                                                850 
                                                55                                                850                                                852 
                                                59                                                852                                                853 
                                                62                                                519                                                853 
                                               842                                                856                                                904 
                                               844                                                856                                                858 
                                               832                                                833                                                840 
                                               846                                                858                                                860 
                                               833                                                834                                                841 
                                               848                                                860                                                862 
                                               834                                                835                                                843 
                                               850                                                862                                                864 
                                               835                                                836                                                845 
                                               852                                                864                                                865 
                                               836                                                837                                                847 
                                               531                                                853                                                865 
                                               837                                                838                                                849 
                                               838                                                839                                                851 
                                               856                                                868                                                918 
                                               858                                                868                                                870 
                                               840                                                841                                                854 
                                               860                                                870                                                872 
                                               841                                                843                                                855 
                                               862                                                872                                                874 
                                               843                                                845                                                857 
                                               864                                                874                                                875 
                                               845                                                847                                                859 
                                               543                                                865                                                875 
                                               847                                                849                                                861 
                                               849                                                851                                                863 
                                               868                                                878                                                930 
                                               870                                                878                                                880 
                                               854                                                855                                                866 
                                               872                                                880                                                882 
                                               855                                                857                                                867 
                                               874                                                882                                                883 
                                               857                                                859                                                869 
                                               553                                                875                                                883 
                                               859                                                861                                                871 
                                               861                                                863                                                873 
                                               878                                                886                                                940 
                                               880                                                886                                                888 
                                               866                                                867                                                876 
                                               882                                                888                                                889 
                                               867                                                869                                                877 
                                               561                                                883                                                889 
                                               869                                                871                                                879 
                                               871                                                873                                                881 
                                               886                                                892                                                948 
                                               888                                                892                                                893 
                                               876                                                877                                                884 
                                               567                                                889                                                893 
                                               877                                                879                                                885 
                                               879                                                881                                                887 
                                               892                                                895                                                954 
                                               571                                                893                                                895 
                                               884                                                885                                                890 
                                               885                                                887                                                891 
                                               574                                                895                                                958 
                                               890                                                891                                                894 
                                               832                                                906                                                960 
                                               906                                                908                                                961 
                                               908                                                910                                                962 
                                               910                                                912                                                963 
                                               912                                                914                                                964 
                                               914                                                916                                                965 
                                               916                                                917                                                966 
                                               917                                                967                                               1223 
                                               840                                                906                                                920 
                                               908                                                920                                                922 
                                               896                                                897                                                904 
                                               910                                                922                                                924 
                                               897                                                898                                                905 
                                               912                                                924                                                926 
                                               898                                                899                                                907 
                                               914                                                926                                                928 
                                               899                                                900                                                909 
                                               916                                                928                                                929 
                                               900                                                901                                                911 
                                               917                                                929                                               1235 
                                               901                                                902                                                913 
                                               902                                                903                                                915 
                                               854                                                920                                                932 
                                               922                                                932                                                934 
                                               904                                                905                                                918 
                                               924                                                934                                                936 
                                               905                                                907                                                919 
                                               926                                                936                                                938 
                                               907                                                909                                                921 
                                               928                                                938                                                939 
                                               909                                                911                                                923 
                                               929                                                939                                               1247 
                                               911                                                913                                                925 
                                               913                                                915                                                927 
                                               866                                                932                                                942 
                                               934                                                942                                                944 
                                               918                                                919                                                930 
                                               936                                                944                                                946 
                                               919                                                921                                                931 
                                               938                                                946                                                947 
                                               921                                                923                                                933 
                                               939                                                947                                               1257 
                                               923                                                925                                                935 
                                               925                                                927                                                937 
                                               876                                                942                                                950 
                                               944                                                950                                                952 
                                               930                                                931                                                940 
                                               946                                                952                                                953 
                                               931                                                933                                                941 
                                               947                                                953                                               1265 
                                               933                                                935                                                943 
                                               935                                                937                                                945 
                                               884                                                950                                                956 
                                               952                                                956                                                957 
                                               940                                                941                                                948 
                                               953                                                957                                               1271 
                                               941                                                943                                                949 
                                               943                                                945                                                951 
                                               890                                                956                                                959 
                                               957                                                959                                               1275 
                                               948                                                949                                                954 
                                               949                                                951                                                955 
                                               894                                                959                                               1278 
                                               954                                                955                                                958 
                                                71                                                896                                                970 
                                               897                                                970                                                972 
                                               898                                                972                                                974 
                                               899                                                974                                                976 
                                               900                                                976                                                978 
                                               901                                                978                                                980 
                                               902                                                980                                                981 
                                               903                                                981                                               1095 
                                                83                                                970                                                984 
                                               972                                                984                                                986 
                                               960                                                961                                                968 
                                               974                                                986                                                988 
                                               961                                                962                                                969 
                                               976                                                988                                                990 
                                               962                                                963                                                971 
                                               978                                                990                                                992 
                                               963                                                964                                                973 
                                               980                                                992                                                993 
                                               964                                                965                                                975 
                                               981                                                993                                               1107 
                                               965                                                966                                                977 
                                               966                                                967                                                979 
                                                95                                                984                                                996 
                                               986                                                996                                                998 
                                               968                                                969                                                982 
                                               988                                                998                                               1000 
                                               969                                                971                                                983 
                                               990                                               1000                                               1002 
                                               971                                                973                                                985 
                                               992                                               1002                                               1003 
                                               973                                                975                                                987 
                                               993                                               1003                                               1119 
                                               975                                                977                                                989 
                                               977                                                979                                                991 
                                               105                                                996                                               1006 
                                               998                                               1006                                               1008 
                                               982                                                983                                                994 
                                              1000                                               1008                                               1010 
                                               983                                                985                                                995 
                                              1002                                               1010                                               1011 
                                               985                                                987                                                997 
                                              1003                                               1011                                               1129 
                                               987                                                989                                                999 
                                               989                                                991                                               1001 
                                               113                                               1006                                               1014 
                                              1008                                               1014                                               1016 
                                               994                                                995                                               1004 
                                              1010                                               1016                                               1017 
                                               995                                                997                                               1005 
                                              1011                                               1017                                               1137 
                                               997                                                999                                               1007 
                                               999                                               1001                                               1009 
                                               119                                               1014                                               1020 
                                              1016                                               1020                                               1021 
                                              1004                                               1005                                               1012 
                                              1017                                               1021                                               1143 
                                              1005                                               1007                                               1013 
                                              1007                                               1009                                               1015 
                                               123                                               1020                                               1023 
                                              1021                                               1023                                               1147 
                                              1012                                               1013                                               1018 
                                              1013                                               1015                                               1019 
                                               126                                               1023                                               1150 
                                              1018                                               1019                                               1022 
                                               647                                               1034                                               1088 
                                               659                                               1034                                               1036 
                                               671                                               1036                                               1038 
                                               681                                               1038                                               1040 
                                               689                                               1040                                               1042 
                                               695                                               1042                                               1044 
                                               699                                               1044                                               1045 
                                               702                                               1045                                               1216 
                                              1034                                               1048                                               1089 
                                              1036                                               1048                                               1050 
                                              1024                                               1025                                               1032 
                                              1038                                               1050                                               1052 
                                              1025                                               1026                                               1033 
                                              1040                                               1052                                               1054 
                                              1026                                               1027                                               1035 
                                              1042                                               1054                                               1056 
                                              1027                                               1028                                               1037 
                                              1044                                               1056                                               1057 
                                              1028                                               1029                                               1039 
                                              1045                                               1057                                               1217 
                                              1029                                               1030                                               1041 
                                              1030                                               1031                                               1043 
                                              1048                                               1060                                               1090 
                                              1050                                               1060                                               1062 
                                              1032                                               1033                                               1046 
                                              1052                                               1062                                               1064 
                                              1033                                               1035                                               1047 
                                              1054                                               1064                                               1066 
                                              1035                                               1037                                               1049 
                                              1056                                               1066                                               1067 
                                              1037                                               1039                                               1051 
                                              1057                                               1067                                               1218 
                                              1039                                               1041                                               1053 
                                              1041                                               1043                                               1055 
                                              1060                                               1070                                               1091 
                                              1062                                               1070                                               1072 
                                              1046                                               1047                                               1058 
                                              1064                                               1072                                               1074 
                                              1047                                               1049                                               1059 
                                              1066                                               1074                                               1075 
                                              1049                                               1051                                               1061 
                                              1067                                               1075                                               1219 
                                              1051                                               1053                                               1063 
                                              1053                                               1055                                               1065 
                                              1070                                               1078                                               1092 
                                              1072                                               1078                                               1080 
                                              1058                                               1059                                               1068 
                                              1074                                               1080                                               1081 
                                              1059                                               1061                                               1069 
                                              1075                                               1081                                               1220 
                                              1061                                               1063                                               1071 
                                              1063                                               1065                                               1073 
                                              1078                                               1084                                               1093 
                                              1080                                               1084                                               1085 
                                              1068                                               1069                                               1076 
                                              1081                                               1085                                               1221 
                                              1069                                               1071                                               1077 
                                              1071                                               1073                                               1079 
                                              1084                                               1087                                               1094 
                                              1085                                               1087                                               1222 
                                              1076                                               1077                                               1082 
                                              1077                                               1079                                               1083 
                                              1087                                               1095                                               1223 
                                              1082                                               1083                                               1086 
                                              1024                                               1098                                               1152 
                                              1032                                               1098                                               1100 
                                              1046                                               1100                                               1102 
                                              1058                                               1102                                               1104 
                                              1068                                               1104                                               1106 
                                              1076                                               1106                                               1108 
                                              1082                                               1108                                               1109 
                                               967                                               1086                                               1109 
                                              1098                                               1112                                               1160 
                                              1100                                               1112                                               1114 
                                              1088                                               1089                                               1096 
                                              1102                                               1114                                               1116 
                                              1089                                               1090                                               1097 
                                              1104                                               1116                                               1118 
                                              1090                                               1091                                               1099 
                                              1106                                               1118                                               1120 
                                              1091                                               1092                                               1101 
                                              1108                                               1120                                               1121 
                                              1092                                               1093                                               1103 
                                               979                                               1109                                               1121 
                                              1093                                               1094                                               1105 
                                              1094                                               1095                                               1107 
                                              1112                                               1124                                               1174 
                                              1114                                               1124                                               1126 
                                              1096                                               1097                                               1110 
                                              1116                                               1126                                               1128 
                                              1097                                               1099                                               1111 
                                              1118                                               1128                                               1130 
                                              1099                                               1101                                               1113 
                                              1120                                               1130                                               1131 
                                              1101                                               1103                                               1115 
                                               991                                               1121                                               1131 
                                              1103                                               1105                                               1117 
                                              1105                                               1107                                               1119 
                                              1124                                               1134                                               1186 
                                              1126                                               1134                                               1136 
                                              1110                                               1111                                               1122 
                                              1128                                               1136                                               1138 
                                              1111                                               1113                                               1123 
                                              1130                                               1138                                               1139 
                                              1113                                               1115                                               1125 
                                              1001                                               1131                                               1139 
                                              1115                                               1117                                               1127 
                                              1117                                               1119                                               1129 
                                              1134                                               1142                                               1196 
                                              1136                                               1142                                               1144 
                                              1122                                               1123                                               1132 
                                              1138                                               1144                                               1145 
                                              1123                                               1125                                               1133 
                                              1009                                               1139                                               1145 
                                              1125                                               1127                                               1135 
                                              1127                                               1129                                               1137 
                                              1142                                               1148                                               1204 
                                              1144                                               1148                                               1149 
                                              1132                                               1133                                               1140 
                                              1015                                               1145                                               1149 
                                              1133                                               1135                                               1141 
                                              1135                                               1137                                               1143 
                                              1148                                               1151                                               1210 
                                              1019                                               1149                                               1151 
                                              1140                                               1141                                               1146 
                                              1141                                               1143                                               1147 
                                              1022                                               1151                                               1214 
                                              1146                                               1147                                               1150 
                                               711                                               1088                                               1162 
                                               723                                               1162                                               1164 
                                               735                                               1164                                               1166 
                                               745                                               1166                                               1168 
                                               753                                               1168                                               1170 
                                               759                                               1170                                               1172 
                                               763                                               1172                                               1173 
                                               263                                                766                                               1173 
                                              1096                                               1162                                               1176 
                                              1164                                               1176                                               1178 
                                              1152                                               1153                                               1160 
                                              1166                                               1178                                               1180 
                                              1153                                               1154                                               1161 
                                              1168                                               1180                                               1182 
                                              1154                                               1155                                               1163 
                                              1170                                               1182                                               1184 
                                              1155                                               1156                                               1165 
                                              1172                                               1184                                               1185 
                                              1156                                               1157                                               1167 
                                               275                                               1173                                               1185 
                                              1157                                               1158                                               1169 
                                              1158                                               1159                                               1171 
                                              1110                                               1176                                               1188 
                                              1178                                               1188                                               1190 
                                              1160                                               1161                                               1174 
                                              1180                                               1190                                               1192 
                                              1161                                               1163                                               1175 
                                              1182                                               1192                                               1194 
                                              1163                                               1165                                               1177 
                                              1184                                               1194                                               1195 
                                              1165                                               1167                                               1179 
                                               287                                               1185                                               1195 
                                              1167                                               1169                                               1181 
                                              1169                                               1171                                               1183 
                                              1122                                               1188                                               1198 
                                              1190                                               1198                                               1200 
                                              1174                                               1175                                               1186 
                                              1192                                               1200                                               1202 
                                              1175                                               1177                                               1187 
                                              1194                                               1202                                               1203 
                                              1177                                               1179                                               1189 
                                               297                                               1195                                               1203 
                                              1179                                               1181                                               1191 
                                              1181                                               1183                                               1193 
                                              1132                                               1198                                               1206 
                                              1200                                               1206                                               1208 
                                              1186                                               1187                                               1196 
                                              1202                                               1208                                               1209 
                                              1187                                               1189                                               1197 
                                               305                                               1203                                               1209 
                                              1189                                               1191                                               1199 
                                              1191                                               1193                                               1201 
                                              1140                                               1206                                               1212 
                                              1208                                               1212                                               1213 
                                              1196                                               1197                                               1204 
                                               311                                               1209                                               1213 
                                              1197                                               1199                                               1205 
                                              1199                                               1201                                               1207 
                                              1146                                               1212                                               1215 
                                               315                                               1213                                               1215 
                                              1204                                               1205                                               1210 
                                              1205                                               1207                                               1211 
                                               318                                               1150                                               1215 
                                              1210                                               1211                                               1214 
                                               583                                               1031                                               1226 
                                              1043                                               1226                                               1228 
                                              1055                                               1228                                               1230 
                                              1065                                               1230                                               1232 
                                              1073                                               1232                                               1234 
                                              1079                                               1234                                               1236 
                                              1083                                               1236                                               1237 
                                               903                                               1086                                               1237 
                                               595                                               1226                                               1240 
                                              1228                                               1240                                               1242 
                                              1216                                               1217                                               1224 
                                              1230                                               1242                                               1244 
                                              1217                                               1218                                               1225 
                                              1232                                               1244                                               1246 
                                              1218                                               1219                                               1227 
                                              1234                                               1246                                               1248 
                                              1219                                               1220                                               1229 
                                              1236                                               1248                                               1249 
                                              1220                                               1221                                               1231 
                                               915                                               1237                                               1249 
                                              1221                                               1222                                               1233 
                                              1222                                               1223                                               1235 
                                               607                                               1240                                               1252 
                                              1242                                               1252                                               1254 
                                              1224                                               1225                                               1238 
                                              1244                                               1254                                               1256 
                                              1225                                               1227                                               1239 
                                              1246                                               1256                                               1258 
                                              1227                                               1229                                               1241 
                                              1248                                               1258                                               1259 
                                              1229                                               1231                                               1243 
                                               927                                               1249                                               1259 
                                              1231                                               1233                                               1245 
                                              1233                                               1235                                               1247 
                                               617                                               1252                                               1262 
                                              1254                                               1262                                               1264 
                                              1238                                               1239                                               1250 
                                              1256                                               1264                                               1266 
                                              1239                                               1241                                               1251 
                                              1258                                               1266                                               1267 
                                              1241                                               1243                                               1253 
                                               937                                               1259                                               1267 
                                              1243                                               1245                                               1255 
                                              1245                                               1247                                               1257 
                                               625                                               1262                                               1270 
                                              1264                                               1270                                               1272 
                                              1250                                               1251                                               1260 
                                              1266                                               1272                                               1273 
                                              1251                                               1253                                               1261 
                                               945                                               1267                                               1273 
                                              1253                                               1255                                               1263 
                                              1255                                               1257                                               1265 
                                               631                                               1270                                               1276 
                                              1272                                               1276                                               1277 
                                              1260                                               1261                                               1268 
                                               951                                               1273                                               1277 
                                              1261                                               1263                                               1269 
                                              1263                                               1265                                               1271 
                                               635                                               1276                                               1279 
                                               955                                               1277                                               1279 
                                              1268                                               1269                                               1274 
                                              1269                                               1271                                               1275 
                                               638                                                958                                               1279 
                                              1274                                               1275                                               1278 
