                                                 9                                                  1                                                 45                                                 81                                                117 
                                                 9                                                  0                                                 10                                                  2                                                 45                                                 46 
                                                10                                                  1                                                 11                                                  3                                                 46                                                 47 
                                                11                                                  2                                                 12                                                  4                                                 47                                                 48 
                                                12                                                  3                                                 13                                                  5                                                 48                                                 49 
                                                13                                                  4                                                 14                                                  6                                                 49                                                 50 
                                                14                                                  5                                                 15                                                  7                                                 50                                                 51 
                                                15                                                  6                                                 16                                                  8                                                 51                                                 52 
                                                16                                                  7                                                 52                                                445                                                473 
                                                 0                                                  1                                                 17                                                 10                                                 81                                                 82 
                                                 1                                                  2                                                 17                                                  9                                                 18                                                 11 
                                                 2                                                  3                                                 18                                                 10                                                 19                                                 12 
                                                 3                                                  4                                                 19                                                 11                                                 20                                                 13 
                                                 4                                                  5                                                 20                                                 12                                                 21                                                 14 
                                                 5                                                  6                                                 21                                                 13                                                 22                                                 15 
                                                 6                                                  7                                                 22                                                 14                                                 23                                                 16 
                                                 7                                                  8                                                 23                                                 15                                                445                                                446 
                                                 9                                                 10                                                 24                                                 18                                                 82                                                 83 
                                                10                                                 11                                                 24                                                 17                                                 25                                                 19 
                                                11                                                 12                                                 25                                                 18                                                 26                                                 20 
                                                12                                                 13                                                 26                                                 19                                                 27                                                 21 
                                                13                                                 14                                                 27                                                 20                                                 28                                                 22 
                                                14                                                 15                                                 28                                                 21                                                 29                                                 23 
                                                15                                                 16                                                 29                                                 22                                                446                                                447 
                                                17                                                 18                                                 30                                                 25                                                 83                                                 84 
                                                18                                                 19                                                 30                                                 24                                                 31                                                 26 
                                                19                                                 20                                                 31                                                 25                                                 32                                                 27 
                                                20                                                 21                                                 32                                                 26                                                 33                                                 28 
                                                21                                                 22                                                 33                                                 27                                                 34                                                 29 
                                                22                                                 23                                                 34                                                 28                                                447                                                448 
                                                24                                                 25                                                 35                                                 31                                                 84                                                 85 
                                                25                                                 26                                                 35                                                 30                                                 36                                                 32 
                                                26                                                 27                                                 36                                                 31                                                 37                                                 33 
                                                27                                                 28                                                 37                                                 32                                                 38                                                 34 
                                                28                                                 29                                                 38                                                 33                                                448                                                449 
                                                30                                                 31                                                 39                                                 36                                                 85                                                 86 
                                                31                                                 32                                                 39                                                 35                                                 40                                                 37 
                                                32                                                 33                                                 40                                                 36                                                 41                                                 38 
                                                33                                                 34                                                 41                                                 37                                                449                                                450 
                                                35                                                 36                                                 42                                                 40                                                 86                                                 87 
                                                36                                                 37                                                 42                                                 39                                                 43                                                 41 
                                                37                                                 38                                                 43                                                 40                                                450                                                451 
                                                39                                                 40                                                 44                                                 43                                                 87                                                 88 
                                                40                                                 41                                                 44                                                 42                                                451                                                296 
                                                42                                                 43                                                 88                                                267                                                296 
                                                 0                                                  1                                                 53                                                 46                                                117                                                153 
                                                 1                                                  2                                                 53                                                 45                                                 54                                                 47 
                                                 2                                                  3                                                 54                                                 46                                                 55                                                 48 
                                                 3                                                  4                                                 55                                                 47                                                 56                                                 49 
                                                 4                                                  5                                                 56                                                 48                                                 57                                                 50 
                                                 5                                                  6                                                 57                                                 49                                                 58                                                 51 
                                                 6                                                  7                                                 58                                                 50                                                 59                                                 52 
                                                 7                                                  8                                                 59                                                 51                                                473                                                509 
                                                45                                                 46                                                 60                                                 54                                                153                                                160 
                                                46                                                 47                                                 60                                                 53                                                 61                                                 55 
                                                47                                                 48                                                 61                                                 54                                                 62                                                 56 
                                                48                                                 49                                                 62                                                 55                                                 63                                                 57 
                                                49                                                 50                                                 63                                                 56                                                 64                                                 58 
                                                50                                                 51                                                 64                                                 57                                                 65                                                 59 
                                                51                                                 52                                                 65                                                 58                                                509                                                516 
                                                53                                                 54                                                 66                                                 61                                                160                                                166 
                                                54                                                 55                                                 66                                                 60                                                 67                                                 62 
                                                55                                                 56                                                 67                                                 61                                                 68                                                 63 
                                                56                                                 57                                                 68                                                 62                                                 69                                                 64 
                                                57                                                 58                                                 69                                                 63                                                 70                                                 65 
                                                58                                                 59                                                 70                                                 64                                                516                                                522 
                                                60                                                 61                                                 71                                                 67                                                166                                                171 
                                                61                                                 62                                                 71                                                 66                                                 72                                                 68 
                                                62                                                 63                                                 72                                                 67                                                 73                                                 69 
                                                63                                                 64                                                 73                                                 68                                                 74                                                 70 
                                                64                                                 65                                                 74                                                 69                                                522                                                527 
                                                66                                                 67                                                 75                                                 72                                                171                                                175 
                                                67                                                 68                                                 75                                                 71                                                 76                                                 73 
                                                68                                                 69                                                 76                                                 72                                                 77                                                 74 
                                                69                                                 70                                                 77                                                 73                                                527                                                531 
                                                71                                                 72                                                 78                                                 76                                                175                                                178 
                                                72                                                 73                                                 78                                                 75                                                 79                                                 77 
                                                73                                                 74                                                 79                                                 76                                                531                                                534 
                                                75                                                 76                                                 80                                                 79                                                178                                                180 
                                                76                                                 77                                                 80                                                 78                                                534                                                536 
                                                78                                                 79                                                180                                                536                                                599 
                                                 0                                                  9                                                 89                                                 82                                                117                                                118 
                                                 9                                                 17                                                 89                                                 81                                                 90                                                 83 
                                                17                                                 24                                                 90                                                 82                                                 91                                                 84 
                                                24                                                 30                                                 91                                                 83                                                 92                                                 85 
                                                30                                                 35                                                 92                                                 84                                                 93                                                 86 
                                                35                                                 39                                                 93                                                 85                                                 94                                                 87 
                                                39                                                 42                                                 94                                                 86                                                 95                                                 88 
                                                42                                                 44                                                 95                                                 87                                                267                                                273 
                                                81                                                 82                                                 96                                                 90                                                118                                                119 
                                                82                                                 83                                                 96                                                 89                                                 97                                                 91 
                                                83                                                 84                                                 97                                                 90                                                 98                                                 92 
                                                84                                                 85                                                 98                                                 91                                                 99                                                 93 
                                                85                                                 86                                                 99                                                 92                                                100                                                 94 
                                                86                                                 87                                                100                                                 93                                                101                                                 95 
                                                87                                                 88                                                101                                                 94                                                273                                                278 
                                                89                                                 90                                                102                                                 97                                                119                                                120 
                                                90                                                 91                                                102                                                 96                                                103                                                 98 
                                                91                                                 92                                                103                                                 97                                                104                                                 99 
                                                92                                                 93                                                104                                                 98                                                105                                                100 
                                                93                                                 94                                                105                                                 99                                                106                                                101 
                                                94                                                 95                                                106                                                100                                                278                                                282 
                                                96                                                 97                                                107                                                103                                                120                                                121 
                                                97                                                 98                                                107                                                102                                                108                                                104 
                                                98                                                 99                                                108                                                103                                                109                                                105 
                                                99                                                100                                                109                                                104                                                110                                                106 
                                               100                                                101                                                110                                                105                                                282                                                285 
                                               102                                                103                                                111                                                108                                                121                                                122 
                                               103                                                104                                                111                                                107                                                112                                                109 
                                               104                                                105                                                112                                                108                                                113                                                110 
                                               105                                                106                                                113                                                109                                                285                                                287 
                                               107                                                108                                                114                                                112                                                122                                                123 
                                               108                                                109                                                114                                                111                                                115                                                113 
                                               109                                                110                                                115                                                112                                                287                                                288 
                                               111                                                112                                                116                                                115                                                123                                                124 
                                               112                                                113                                                116                                                114                                                288                                                259 
                                               114                                                115                                                124                                                259                                                260 
                                                 0                                                 81                                                125                                                118                                                 45                                                153 
                                                81                                                 89                                                125                                                117                                                126                                                119 
                                                89                                                 96                                                126                                                118                                                127                                                120 
                                                96                                                102                                                127                                                119                                                128                                                121 
                                               102                                                107                                                128                                                120                                                129                                                122 
                                               107                                                111                                                129                                                121                                                130                                                123 
                                               111                                                114                                                130                                                122                                                131                                                124 
                                               114                                                116                                                131                                                123                                                260                                                429 
                                               117                                                118                                                132                                                126                                                153                                                154 
                                               118                                                119                                                132                                                125                                                133                                                127 
                                               119                                                120                                                133                                                126                                                134                                                128 
                                               120                                                121                                                134                                                127                                                135                                                129 
                                               121                                                122                                                135                                                128                                                136                                                130 
                                               122                                                123                                                136                                                129                                                137                                                131 
                                               123                                                124                                                137                                                130                                                429                                                434 
                                               125                                                126                                                138                                                133                                                154                                                155 
                                               126                                                127                                                138                                                132                                                139                                                134 
                                               127                                                128                                                139                                                133                                                140                                                135 
                                               128                                                129                                                140                                                134                                                141                                                136 
                                               129                                                130                                                141                                                135                                                142                                                137 
                                               130                                                131                                                142                                                136                                                434                                                438 
                                               132                                                133                                                143                                                139                                                155                                                156 
                                               133                                                134                                                143                                                138                                                144                                                140 
                                               134                                                135                                                144                                                139                                                145                                                141 
                                               135                                                136                                                145                                                140                                                146                                                142 
                                               136                                                137                                                146                                                141                                                438                                                441 
                                               138                                                139                                                147                                                144                                                156                                                157 
                                               139                                                140                                                147                                                143                                                148                                                145 
                                               140                                                141                                                148                                                144                                                149                                                146 
                                               141                                                142                                                149                                                145                                                441                                                443 
                                               143                                                144                                                150                                                148                                                157                                                158 
                                               144                                                145                                                150                                                147                                                151                                                149 
                                               145                                                146                                                151                                                148                                                443                                                444 
                                               147                                                148                                                152                                                151                                                158                                                159 
                                               148                                                149                                                152                                                150                                                444                                                422 
                                               150                                                151                                                159                                                422                                                423 
                                               117                                                125                                                 53                                                 45                                                160                                                154 
                                               125                                                132                                                160                                                153                                                161                                                155 
                                               132                                                138                                                161                                                154                                                162                                                156 
                                               138                                                143                                                162                                                155                                                163                                                157 
                                               143                                                147                                                163                                                156                                                164                                                158 
                                               147                                                150                                                164                                                157                                                165                                                159 
                                               150                                                152                                                165                                                158                                                423                                                605 
                                               153                                                154                                                 60                                                 53                                                166                                                161 
                                               154                                                155                                                166                                                160                                                167                                                162 
                                               155                                                156                                                167                                                161                                                168                                                163 
                                               156                                                157                                                168                                                162                                                169                                                164 
                                               157                                                158                                                169                                                163                                                170                                                165 
                                               158                                                159                                                170                                                164                                                605                                                610 
                                               160                                                161                                                 66                                                 60                                                171                                                167 
                                               161                                                162                                                171                                                166                                                172                                                168 
                                               162                                                163                                                172                                                167                                                173                                                169 
                                               163                                                164                                                173                                                168                                                174                                                170 
                                               164                                                165                                                174                                                169                                                610                                                614 
                                               166                                                167                                                 71                                                 66                                                175                                                172 
                                               167                                                168                                                175                                                171                                                176                                                173 
                                               168                                                169                                                176                                                172                                                177                                                174 
                                               169                                                170                                                177                                                173                                                614                                                617 
                                               171                                                172                                                 75                                                 71                                                178                                                176 
                                               172                                                173                                                178                                                175                                                179                                                177 
                                               173                                                174                                                179                                                176                                                617                                                619 
                                               175                                                176                                                 78                                                 75                                                180                                                179 
                                               176                                                177                                                180                                                178                                                619                                                620 
                                               178                                                179                                                 80                                                 78                                                620                                                599 
                                               190                                                182                                                226                                                261                                                289 
                                               190                                                181                                                191                                                183                                                226                                                227 
                                               191                                                182                                                192                                                184                                                227                                                228 
                                               192                                                183                                                193                                                185                                                228                                                229 
                                               193                                                184                                                194                                                186                                                229                                                230 
                                               194                                                185                                                195                                                187                                                230                                                231 
                                               195                                                186                                                196                                                188                                                231                                                232 
                                               196                                                187                                                197                                                189                                                232                                                233 
                                               197                                                188                                                233                                                353                                                389 
                                               181                                                182                                                198                                                191                                                289                                                325 
                                               182                                                183                                                198                                                190                                                199                                                192 
                                               183                                                184                                                199                                                191                                                200                                                193 
                                               184                                                185                                                200                                                192                                                201                                                194 
                                               185                                                186                                                201                                                193                                                202                                                195 
                                               186                                                187                                                202                                                194                                                203                                                196 
                                               187                                                188                                                203                                                195                                                204                                                197 
                                               188                                                189                                                204                                                196                                                353                                                361 
                                               190                                                191                                                205                                                199                                                325                                                326 
                                               191                                                192                                                205                                                198                                                206                                                200 
                                               192                                                193                                                206                                                199                                                207                                                201 
                                               193                                                194                                                207                                                200                                                208                                                202 
                                               194                                                195                                                208                                                201                                                209                                                203 
                                               195                                                196                                                209                                                202                                                210                                                204 
                                               196                                                197                                                210                                                203                                                361                                                368 
                                               198                                                199                                                211                                                206                                                326                                                327 
                                               199                                                200                                                211                                                205                                                212                                                207 
                                               200                                                201                                                212                                                206                                                213                                                208 
                                               201                                                202                                                213                                                207                                                214                                                209 
                                               202                                                203                                                214                                                208                                                215                                                210 
                                               203                                                204                                                215                                                209                                                368                                                374 
                                               205                                                206                                                216                                                212                                                327                                                328 
                                               206                                                207                                                216                                                211                                                217                                                213 
                                               207                                                208                                                217                                                212                                                218                                                214 
                                               208                                                209                                                218                                                213                                                219                                                215 
                                               209                                                210                                                219                                                214                                                374                                                379 
                                               211                                                212                                                220                                                217                                                328                                                329 
                                               212                                                213                                                220                                                216                                                221                                                218 
                                               213                                                214                                                221                                                217                                                222                                                219 
                                               214                                                215                                                222                                                218                                                379                                                383 
                                               216                                                217                                                223                                                221                                                329                                                330 
                                               217                                                218                                                223                                                220                                                224                                                222 
                                               218                                                219                                                224                                                221                                                383                                                386 
                                               220                                                221                                                225                                                224                                                330                                                331 
                                               221                                                222                                                225                                                223                                                386                                                388 
                                               223                                                224                                                331                                                388                                                544 
                                               181                                                182                                                234                                                227                                                261                                                268 
                                               182                                                183                                                234                                                226                                                235                                                228 
                                               183                                                184                                                235                                                227                                                236                                                229 
                                               184                                                185                                                236                                                228                                                237                                                230 
                                               185                                                186                                                237                                                229                                                238                                                231 
                                               186                                                187                                                238                                                230                                                239                                                232 
                                               187                                                188                                                239                                                231                                                240                                                233 
                                               188                                                189                                                240                                                232                                                389                                                424 
                                               226                                                227                                                241                                                235                                                268                                                274 
                                               227                                                228                                                241                                                234                                                242                                                236 
                                               228                                                229                                                242                                                235                                                243                                                237 
                                               229                                                230                                                243                                                236                                                244                                                238 
                                               230                                                231                                                244                                                237                                                245                                                239 
                                               231                                                232                                                245                                                238                                                246                                                240 
                                               232                                                233                                                246                                                239                                                424                                                425 
                                               234                                                235                                                247                                                242                                                274                                                279 
                                               235                                                236                                                247                                                241                                                248                                                243 
                                               236                                                237                                                248                                                242                                                249                                                244 
                                               237                                                238                                                249                                                243                                                250                                                245 
                                               238                                                239                                                250                                                244                                                251                                                246 
                                               239                                                240                                                251                                                245                                                425                                                426 
                                               241                                                242                                                252                                                248                                                279                                                283 
                                               242                                                243                                                252                                                247                                                253                                                249 
                                               243                                                244                                                253                                                248                                                254                                                250 
                                               244                                                245                                                254                                                249                                                255                                                251 
                                               245                                                246                                                255                                                250                                                426                                                427 
                                               247                                                248                                                256                                                253                                                283                                                286 
                                               248                                                249                                                256                                                252                                                257                                                254 
                                               249                                                250                                                257                                                253                                                258                                                255 
                                               250                                                251                                                258                                                254                                                427                                                428 
                                               252                                                253                                                259                                                257                                                286                                                288 
                                               253                                                254                                                259                                                256                                                260                                                258 
                                               254                                                255                                                260                                                257                                                428                                                429 
                                               256                                                257                                                116                                                260                                                288                                                115 
                                               257                                                258                                                116                                                259                                                429                                                124 
                                               226                                                181                                                268                                                262                                                289                                                290 
                                               268                                                261                                                269                                                263                                                290                                                291 
                                               269                                                262                                                270                                                264                                                291                                                292 
                                               270                                                263                                                271                                                265                                                292                                                293 
                                               271                                                264                                                272                                                266                                                293                                                294 
                                               272                                                265                                                273                                                267                                                294                                                295 
                                               273                                                266                                                 88                                                 44                                                295                                                296 
                                               261                                                262                                                234                                                226                                                274                                                269 
                                               262                                                263                                                274                                                268                                                275                                                270 
                                               263                                                264                                                275                                                269                                                276                                                271 
                                               264                                                265                                                276                                                270                                                277                                                272 
                                               265                                                266                                                277                                                271                                                278                                                273 
                                               266                                                267                                                278                                                272                                                 95                                                 88 
                                               268                                                269                                                241                                                234                                                279                                                275 
                                               269                                                270                                                279                                                274                                                280                                                276 
                                               270                                                271                                                280                                                275                                                281                                                277 
                                               271                                                272                                                281                                                276                                                282                                                278 
                                               272                                                273                                                282                                                277                                                101                                                 95 
                                               274                                                275                                                247                                                241                                                283                                                280 
                                               275                                                276                                                283                                                279                                                284                                                281 
                                               276                                                277                                                284                                                280                                                285                                                282 
                                               277                                                278                                                285                                                281                                                106                                                101 
                                               279                                                280                                                252                                                247                                                286                                                284 
                                               280                                                281                                                286                                                283                                                287                                                285 
                                               281                                                282                                                287                                                284                                                110                                                106 
                                               283                                                284                                                256                                                252                                                288                                                287 
                                               284                                                285                                                288                                                286                                                113                                                110 
                                               286                                                287                                                259                                                256                                                115                                                113 
                                               181                                                261                                                297                                                290                                                190                                                325 
                                               261                                                262                                                297                                                289                                                298                                                291 
                                               262                                                263                                                298                                                290                                                299                                                292 
                                               263                                                264                                                299                                                291                                                300                                                293 
                                               264                                                265                                                300                                                292                                                301                                                294 
                                               265                                                266                                                301                                                293                                                302                                                295 
                                               266                                                267                                                302                                                294                                                303                                                296 
                                               267                                                 44                                                303                                                295                                                 43                                                451 
                                               289                                                290                                                304                                                298                                                325                                                332 
                                               290                                                291                                                304                                                297                                                305                                                299 
                                               291                                                292                                                305                                                298                                                306                                                300 
                                               292                                                293                                                306                                                299                                                307                                                301 
                                               293                                                294                                                307                                                300                                                308                                                302 
                                               294                                                295                                                308                                                301                                                309                                                303 
                                               295                                                296                                                309                                                302                                                451                                                457 
                                               297                                                298                                                310                                                305                                                332                                                338 
                                               298                                                299                                                310                                                304                                                311                                                306 
                                               299                                                300                                                311                                                305                                                312                                                307 
                                               300                                                301                                                312                                                306                                                313                                                308 
                                               301                                                302                                                313                                                307                                                314                                                309 
                                               302                                                303                                                314                                                308                                                457                                                462 
                                               304                                                305                                                315                                                311                                                338                                                343 
                                               305                                                306                                                315                                                310                                                316                                                312 
                                               306                                                307                                                316                                                311                                                317                                                313 
                                               307                                                308                                                317                                                312                                                318                                                314 
                                               308                                                309                                                318                                                313                                                462                                                466 
                                               310                                                311                                                319                                                316                                                343                                                347 
                                               311                                                312                                                319                                                315                                                320                                                317 
                                               312                                                313                                                320                                                316                                                321                                                318 
                                               313                                                314                                                321                                                317                                                466                                                469 
                                               315                                                316                                                322                                                320                                                347                                                350 
                                               316                                                317                                                322                                                319                                                323                                                321 
                                               317                                                318                                                323                                                320                                                469                                                471 
                                               319                                                320                                                324                                                323                                                350                                                352 
                                               320                                                321                                                324                                                322                                                471                                                472 
                                               322                                                323                                                352                                                472                                                508 
                                               190                                                198                                                297                                                289                                                332                                                326 
                                               198                                                205                                                332                                                325                                                333                                                327 
                                               205                                                211                                                333                                                326                                                334                                                328 
                                               211                                                216                                                334                                                327                                                335                                                329 
                                               216                                                220                                                335                                                328                                                336                                                330 
                                               220                                                223                                                336                                                329                                                337                                                331 
                                               223                                                225                                                337                                                330                                                544                                                621 
                                               325                                                326                                                304                                                297                                                338                                                333 
                                               326                                                327                                                338                                                332                                                339                                                334 
                                               327                                                328                                                339                                                333                                                340                                                335 
                                               328                                                329                                                340                                                334                                                341                                                336 
                                               329                                                330                                                341                                                335                                                342                                                337 
                                               330                                                331                                                342                                                336                                                621                                                627 
                                               332                                                333                                                310                                                304                                                343                                                339 
                                               333                                                334                                                343                                                338                                                344                                                340 
                                               334                                                335                                                344                                                339                                                345                                                341 
                                               335                                                336                                                345                                                340                                                346                                                342 
                                               336                                                337                                                346                                                341                                                627                                                632 
                                               338                                                339                                                315                                                310                                                347                                                344 
                                               339                                                340                                                347                                                343                                                348                                                345 
                                               340                                                341                                                348                                                344                                                349                                                346 
                                               341                                                342                                                349                                                345                                                632                                                636 
                                               343                                                344                                                319                                                315                                                350                                                348 
                                               344                                                345                                                350                                                347                                                351                                                349 
                                               345                                                346                                                351                                                348                                                636                                                639 
                                               347                                                348                                                322                                                319                                                352                                                351 
                                               348                                                349                                                352                                                350                                                639                                                641 
                                               350                                                351                                                324                                                322                                                641                                                508 
                                               197                                                189                                                361                                                354                                                389                                                390 
                                               361                                                353                                                362                                                355                                                390                                                391 
                                               362                                                354                                                363                                                356                                                391                                                392 
                                               363                                                355                                                364                                                357                                                392                                                393 
                                               364                                                356                                                365                                                358                                                393                                                394 
                                               365                                                357                                                366                                                359                                                394                                                395 
                                               366                                                358                                                367                                                360                                                395                                                396 
                                               367                                                359                                                396                                                537                                                572 
                                               353                                                354                                                204                                                197                                                368                                                362 
                                               354                                                355                                                368                                                361                                                369                                                363 
                                               355                                                356                                                369                                                362                                                370                                                364 
                                               356                                                357                                                370                                                363                                                371                                                365 
                                               357                                                358                                                371                                                364                                                372                                                366 
                                               358                                                359                                                372                                                365                                                373                                                367 
                                               359                                                360                                                373                                                366                                                537                                                538 
                                               361                                                362                                                210                                                204                                                374                                                369 
                                               362                                                363                                                374                                                368                                                375                                                370 
                                               363                                                364                                                375                                                369                                                376                                                371 
                                               364                                                365                                                376                                                370                                                377                                                372 
                                               365                                                366                                                377                                                371                                                378                                                373 
                                               366                                                367                                                378                                                372                                                538                                                539 
                                               368                                                369                                                215                                                210                                                379                                                375 
                                               369                                                370                                                379                                                374                                                380                                                376 
                                               370                                                371                                                380                                                375                                                381                                                377 
                                               371                                                372                                                381                                                376                                                382                                                378 
                                               372                                                373                                                382                                                377                                                539                                                540 
                                               374                                                375                                                219                                                215                                                383                                                380 
                                               375                                                376                                                383                                                379                                                384                                                381 
                                               376                                                377                                                384                                                380                                                385                                                382 
                                               377                                                378                                                385                                                381                                                540                                                541 
                                               379                                                380                                                222                                                219                                                386                                                384 
                                               380                                                381                                                386                                                383                                                387                                                385 
                                               381                                                382                                                387                                                384                                                541                                                542 
                                               383                                                384                                                224                                                222                                                388                                                387 
                                               384                                                385                                                388                                                386                                                542                                                543 
                                               386                                                387                                                225                                                224                                                543                                                544 
                                               189                                                353                                                397                                                390                                                233                                                424 
                                               353                                                354                                                397                                                389                                                398                                                391 
                                               354                                                355                                                398                                                390                                                399                                                392 
                                               355                                                356                                                399                                                391                                                400                                                393 
                                               356                                                357                                                400                                                392                                                401                                                394 
                                               357                                                358                                                401                                                393                                                402                                                395 
                                               358                                                359                                                402                                                394                                                403                                                396 
                                               359                                                360                                                403                                                395                                                572                                                600 
                                               389                                                390                                                404                                                398                                                424                                                430 
                                               390                                                391                                                404                                                397                                                405                                                399 
                                               391                                                392                                                405                                                398                                                406                                                400 
                                               392                                                393                                                406                                                399                                                407                                                401 
                                               393                                                394                                                407                                                400                                                408                                                402 
                                               394                                                395                                                408                                                401                                                409                                                403 
                                               395                                                396                                                409                                                402                                                600                                                601 
                                               397                                                398                                                410                                                405                                                430                                                435 
                                               398                                                399                                                410                                                404                                                411                                                406 
                                               399                                                400                                                411                                                405                                                412                                                407 
                                               400                                                401                                                412                                                406                                                413                                                408 
                                               401                                                402                                                413                                                407                                                414                                                409 
                                               402                                                403                                                414                                                408                                                601                                                602 
                                               404                                                405                                                415                                                411                                                435                                                439 
                                               405                                                406                                                415                                                410                                                416                                                412 
                                               406                                                407                                                416                                                411                                                417                                                413 
                                               407                                                408                                                417                                                412                                                418                                                414 
                                               408                                                409                                                418                                                413                                                602                                                603 
                                               410                                                411                                                419                                                416                                                439                                                442 
                                               411                                                412                                                419                                                415                                                420                                                417 
                                               412                                                413                                                420                                                416                                                421                                                418 
                                               413                                                414                                                421                                                417                                                603                                                604 
                                               415                                                416                                                422                                                420                                                442                                                444 
                                               416                                                417                                                422                                                419                                                423                                                421 
                                               417                                                418                                                423                                                420                                                604                                                605 
                                               419                                                420                                                152                                                423                                                444                                                151 
                                               420                                                421                                                152                                                422                                                605                                                159 
                                               233                                                240                                                397                                                389                                                430                                                425 
                                               240                                                246                                                430                                                424                                                431                                                426 
                                               246                                                251                                                431                                                425                                                432                                                427 
                                               251                                                255                                                432                                                426                                                433                                                428 
                                               255                                                258                                                433                                                427                                                434                                                429 
                                               258                                                260                                                434                                                428                                                131                                                124 
                                               424                                                425                                                404                                                397                                                435                                                431 
                                               425                                                426                                                435                                                430                                                436                                                432 
                                               426                                                427                                                436                                                431                                                437                                                433 
                                               427                                                428                                                437                                                432                                                438                                                434 
                                               428                                                429                                                438                                                433                                                137                                                131 
                                               430                                                431                                                410                                                404                                                439                                                436 
                                               431                                                432                                                439                                                435                                                440                                                437 
                                               432                                                433                                                440                                                436                                                441                                                438 
                                               433                                                434                                                441                                                437                                                142                                                137 
                                               435                                                436                                                415                                                410                                                442                                                440 
                                               436                                                437                                                442                                                439                                                443                                                441 
                                               437                                                438                                                443                                                440                                                146                                                142 
                                               439                                                440                                                419                                                415                                                444                                                443 
                                               440                                                441                                                444                                                442                                                149                                                146 
                                               442                                                443                                                422                                                419                                                151                                                149 
                                                 8                                                 16                                                452                                                446                                                473                                                481 
                                                16                                                 23                                                452                                                445                                                453                                                447 
                                                23                                                 29                                                453                                                446                                                454                                                448 
                                                29                                                 34                                                454                                                447                                                455                                                449 
                                                34                                                 38                                                455                                                448                                                456                                                450 
                                                38                                                 41                                                456                                                449                                                457                                                451 
                                                41                                                 43                                                457                                                450                                                303                                                296 
                                               445                                                446                                                458                                                453                                                481                                                488 
                                               446                                                447                                                458                                                452                                                459                                                454 
                                               447                                                448                                                459                                                453                                                460                                                455 
                                               448                                                449                                                460                                                454                                                461                                                456 
                                               449                                                450                                                461                                                455                                                462                                                457 
                                               450                                                451                                                462                                                456                                                309                                                303 
                                               452                                                453                                                463                                                459                                                488                                                494 
                                               453                                                454                                                463                                                458                                                464                                                460 
                                               454                                                455                                                464                                                459                                                465                                                461 
                                               455                                                456                                                465                                                460                                                466                                                462 
                                               456                                                457                                                466                                                461                                                314                                                309 
                                               458                                                459                                                467                                                464                                                494                                                499 
                                               459                                                460                                                467                                                463                                                468                                                465 
                                               460                                                461                                                468                                                464                                                469                                                466 
                                               461                                                462                                                469                                                465                                                318                                                314 
                                               463                                                464                                                470                                                468                                                499                                                503 
                                               464                                                465                                                470                                                467                                                471                                                469 
                                               465                                                466                                                471                                                468                                                321                                                318 
                                               467                                                468                                                472                                                471                                                503                                                506 
                                               468                                                469                                                472                                                470                                                323                                                321 
                                               470                                                471                                                324                                                323                                                506                                                508 
                                               445                                                  8                                                481                                                474                                                 52                                                509 
                                               481                                                473                                                482                                                475                                                509                                                510 
                                               482                                                474                                                483                                                476                                                510                                                511 
                                               483                                                475                                                484                                                477                                                511                                                512 
                                               484                                                476                                                485                                                478                                                512                                                513 
                                               485                                                477                                                486                                                479                                                513                                                514 
                                               486                                                478                                                487                                                480                                                514                                                515 
                                               487                                                479                                                515                                                570                                                571 
                                               473                                                474                                                452                                                445                                                488                                                482 
                                               474                                                475                                                488                                                481                                                489                                                483 
                                               475                                                476                                                489                                                482                                                490                                                484 
                                               476                                                477                                                490                                                483                                                491                                                485 
                                               477                                                478                                                491                                                484                                                492                                                486 
                                               478                                                479                                                492                                                485                                                493                                                487 
                                               479                                                480                                                493                                                486                                                571                                                626 
                                               481                                                482                                                458                                                452                                                494                                                489 
                                               482                                                483                                                494                                                488                                                495                                                490 
                                               483                                                484                                                495                                                489                                                496                                                491 
                                               484                                                485                                                496                                                490                                                497                                                492 
                                               485                                                486                                                497                                                491                                                498                                                493 
                                               486                                                487                                                498                                                492                                                626                                                631 
                                               488                                                489                                                463                                                458                                                499                                                495 
                                               489                                                490                                                499                                                494                                                500                                                496 
                                               490                                                491                                                500                                                495                                                501                                                497 
                                               491                                                492                                                501                                                496                                                502                                                498 
                                               492                                                493                                                502                                                497                                                631                                                635 
                                               494                                                495                                                467                                                463                                                503                                                500 
                                               495                                                496                                                503                                                499                                                504                                                501 
                                               496                                                497                                                504                                                500                                                505                                                502 
                                               497                                                498                                                505                                                501                                                635                                                638 
                                               499                                                500                                                470                                                467                                                506                                                504 
                                               500                                                501                                                506                                                503                                                507                                                505 
                                               501                                                502                                                507                                                504                                                638                                                640 
                                               503                                                504                                                472                                                470                                                508                                                507 
                                               504                                                505                                                508                                                506                                                640                                                641 
                                               506                                                507                                                324                                                472                                                641                                                352 
                                               473                                                474                                                 59                                                 52                                                516                                                510 
                                               474                                                475                                                516                                                509                                                517                                                511 
                                               475                                                476                                                517                                                510                                                518                                                512 
                                               476                                                477                                                518                                                511                                                519                                                513 
                                               477                                                478                                                519                                                512                                                520                                                514 
                                               478                                                479                                                520                                                513                                                521                                                515 
                                               479                                                480                                                521                                                514                                                570                                                578 
                                               509                                                510                                                 65                                                 59                                                522                                                517 
                                               510                                                511                                                522                                                516                                                523                                                518 
                                               511                                                512                                                523                                                517                                                524                                                519 
                                               512                                                513                                                524                                                518                                                525                                                520 
                                               513                                                514                                                525                                                519                                                526                                                521 
                                               514                                                515                                                526                                                520                                                578                                                584 
                                               516                                                517                                                 70                                                 65                                                527                                                523 
                                               517                                                518                                                527                                                522                                                528                                                524 
                                               518                                                519                                                528                                                523                                                529                                                525 
                                               519                                                520                                                529                                                524                                                530                                                526 
                                               520                                                521                                                530                                                525                                                584                                                589 
                                               522                                                523                                                 74                                                 70                                                531                                                528 
                                               523                                                524                                                531                                                527                                                532                                                529 
                                               524                                                525                                                532                                                528                                                533                                                530 
                                               525                                                526                                                533                                                529                                                589                                                593 
                                               527                                                528                                                 77                                                 74                                                534                                                532 
                                               528                                                529                                                534                                                531                                                535                                                533 
                                               529                                                530                                                535                                                532                                                593                                                596 
                                               531                                                532                                                 79                                                 77                                                536                                                535 
                                               532                                                533                                                536                                                534                                                596                                                598 
                                               534                                                535                                                 80                                                 79                                                598                                                599 
                                               360                                                367                                                545                                                538                                                572                                                573 
                                               367                                                373                                                545                                                537                                                546                                                539 
                                               373                                                378                                                546                                                538                                                547                                                540 
                                               378                                                382                                                547                                                539                                                548                                                541 
                                               382                                                385                                                548                                                540                                                549                                                542 
                                               385                                                387                                                549                                                541                                                550                                                543 
                                               387                                                388                                                550                                                542                                                551                                                544 
                                               388                                                225                                                551                                                543                                                331                                                621 
                                               537                                                538                                                552                                                546                                                573                                                574 
                                               538                                                539                                                552                                                545                                                553                                                547 
                                               539                                                540                                                553                                                546                                                554                                                548 
                                               540                                                541                                                554                                                547                                                555                                                549 
                                               541                                                542                                                555                                                548                                                556                                                550 
                                               542                                                543                                                556                                                549                                                557                                                551 
                                               543                                                544                                                557                                                550                                                621                                                622 
                                               545                                                546                                                558                                                553                                                574                                                575 
                                               546                                                547                                                558                                                552                                                559                                                554 
                                               547                                                548                                                559                                                553                                                560                                                555 
                                               548                                                549                                                560                                                554                                                561                                                556 
                                               549                                                550                                                561                                                555                                                562                                                557 
                                               550                                                551                                                562                                                556                                                622                                                623 
                                               552                                                553                                                563                                                559                                                575                                                576 
                                               553                                                554                                                563                                                558                                                564                                                560 
                                               554                                                555                                                564                                                559                                                565                                                561 
                                               555                                                556                                                565                                                560                                                566                                                562 
                                               556                                                557                                                566                                                561                                                623                                                624 
                                               558                                                559                                                567                                                564                                                576                                                577 
                                               559                                                560                                                567                                                563                                                568                                                565 
                                               560                                                561                                                568                                                564                                                569                                                566 
                                               561                                                562                                                569                                                565                                                624                                                625 
                                               563                                                564                                                570                                                568                                                577                                                578 
                                               564                                                565                                                570                                                567                                                571                                                569 
                                               565                                                566                                                571                                                568                                                625                                                626 
                                               567                                                568                                                480                                                571                                                578                                                515 
                                               568                                                569                                                480                                                570                                                626                                                487 
                                               360                                                537                                                579                                                573                                                396                                                600 
                                               537                                                545                                                579                                                572                                                580                                                574 
                                               545                                                552                                                580                                                573                                                581                                                575 
                                               552                                                558                                                581                                                574                                                582                                                576 
                                               558                                                563                                                582                                                575                                                583                                                577 
                                               563                                                567                                                583                                                576                                                584                                                578 
                                               567                                                570                                                584                                                577                                                521                                                515 
                                               572                                                573                                                585                                                580                                                600                                                606 
                                               573                                                574                                                585                                                579                                                586                                                581 
                                               574                                                575                                                586                                                580                                                587                                                582 
                                               575                                                576                                                587                                                581                                                588                                                583 
                                               576                                                577                                                588                                                582                                                589                                                584 
                                               577                                                578                                                589                                                583                                                526                                                521 
                                               579                                                580                                                590                                                586                                                606                                                611 
                                               580                                                581                                                590                                                585                                                591                                                587 
                                               581                                                582                                                591                                                586                                                592                                                588 
                                               582                                                583                                                592                                                587                                                593                                                589 
                                               583                                                584                                                593                                                588                                                530                                                526 
                                               585                                                586                                                594                                                591                                                611                                                615 
                                               586                                                587                                                594                                                590                                                595                                                592 
                                               587                                                588                                                595                                                591                                                596                                                593 
                                               588                                                589                                                596                                                592                                                533                                                530 
                                               590                                                591                                                597                                                595                                                615                                                618 
                                               591                                                592                                                597                                                594                                                598                                                596 
                                               592                                                593                                                598                                                595                                                535                                                533 
                                               594                                                595                                                599                                                598                                                618                                                620 
                                               595                                                596                                                599                                                597                                                536                                                535 
                                               597                                                598                                                 80                                                536                                                620                                                180 
                                               396                                                403                                                579                                                572                                                606                                                601 
                                               403                                                409                                                606                                                600                                                607                                                602 
                                               409                                                414                                                607                                                601                                                608                                                603 
                                               414                                                418                                                608                                                602                                                609                                                604 
                                               418                                                421                                                609                                                603                                                610                                                605 
                                               421                                                423                                                610                                                604                                                165                                                159 
                                               600                                                601                                                585                                                579                                                611                                                607 
                                               601                                                602                                                611                                                606                                                612                                                608 
                                               602                                                603                                                612                                                607                                                613                                                609 
                                               603                                                604                                                613                                                608                                                614                                                610 
                                               604                                                605                                                614                                                609                                                170                                                165 
                                               606                                                607                                                590                                                585                                                615                                                612 
                                               607                                                608                                                615                                                611                                                616                                                613 
                                               608                                                609                                                616                                                612                                                617                                                614 
                                               609                                                610                                                617                                                613                                                174                                                170 
                                               611                                                612                                                594                                                590                                                618                                                616 
                                               612                                                613                                                618                                                615                                                619                                                617 
                                               613                                                614                                                619                                                616                                                177                                                174 
                                               615                                                616                                                597                                                594                                                620                                                619 
                                               616                                                617                                                620                                                618                                                179                                                177 
                                               618                                                619                                                599                                                597                                                180                                                179 
                                               544                                                551                                                337                                                331                                                627                                                622 
                                               551                                                557                                                627                                                621                                                628                                                623 
                                               557                                                562                                                628                                                622                                                629                                                624 
                                               562                                                566                                                629                                                623                                                630                                                625 
                                               566                                                569                                                630                                                624                                                631                                                626 
                                               569                                                571                                                631                                                625                                                493                                                487 
                                               621                                                622                                                342                                                337                                                632                                                628 
                                               622                                                623                                                632                                                627                                                633                                                629 
                                               623                                                624                                                633                                                628                                                634                                                630 
                                               624                                                625                                                634                                                629                                                635                                                631 
                                               625                                                626                                                635                                                630                                                498                                                493 
                                               627                                                628                                                346                                                342                                                636                                                633 
                                               628                                                629                                                636                                                632                                                637                                                634 
                                               629                                                630                                                637                                                633                                                638                                                635 
                                               630                                                631                                                638                                                634                                                502                                                498 
                                               632                                                633                                                349                                                346                                                639                                                637 
                                               633                                                634                                                639                                                636                                                640                                                638 
                                               634                                                635                                                640                                                637                                                505                                                502 
                                               636                                                637                                                351                                                349                                                641                                                640 
                                               637                                                638                                                641                                                639                                                507                                                505 
                                               639                                                640                                                352                                                351                                                508                                                507 
