                        0                         9    -5.097654580911613e+00
                        9                         1    -5.702672275533559e-01
                        1                         0    -6.891646105505514e+00
                        1                        10     6.493316298216723e-01
                       10                         2    -3.854387089092486e-01
                        2                         1    -2.557488057525460e-01
                        2                        11     3.969778483907982e-01
                       11                         3    -2.690908150285091e-01
                        3                         2    -1.185831910699232e-01
                        3                        12     2.677833708345934e-01
                       12                         4    -1.946489277614787e-01
                        4                         3    -6.314362083080027e-02
                        4                        13     1.887406330024947e-01
                       13                         5    -1.422707655938796e-01
                        5                         4    -3.647904516630008e-02
                        5                        14     1.347703324207877e-01
                       14                         6    -1.034715503356144e-01
                        6                         5    -2.199493979280891e-02
                        6                        15     9.592986111743686e-02
                       15                         7    -7.425536737646085e-02
                        7                         6    -1.353037858109649e-02
                        7                        16     6.746096730371202e-02
                       16                         8    -5.228530919547395e-02
                        8                         7    -8.372957719555926e-03
                        9                        17     8.773604073916731e-01
                       17                        10    -7.824214138789982e-01
                       10                         9    -8.679487835279533e-02
                       10                        18     4.720530065187851e-01
                       18                        11    -4.417844891244320e-01
                       11                        10    -2.063148742448181e-02
                       11                        19     3.071979704258160e-01
                       19                        12    -2.876259361456326e-01
                       12                        11    -8.805968347099654e-03
                       12                        20     2.143608903471412e-01
                       20                        13    -1.985803335905399e-01
                       13                        12    -4.588484281503219e-03
                       13                        21     1.529578125218194e-01
                       21                        14    -1.395787672208126e-01
                       14                        13    -2.612979367923759e-03
                       14                        22     1.091080953276782e-01
                       22                        15    -9.792040663305340e-02
                       15                        14    -1.550658724752319e-03
                       15                        23     7.692530889693319e-02
                       23                        16    -6.784511772533075e-02
                       16                        15    -9.360760117230325e-04
                       17                        24     2.058972098763207e-01
                       24                        18    -4.978694270012322e-01
                       18                        17     3.012760594172751e-01
                       18                        25     2.370672699572410e-01
                       25                        19    -3.503907977471418e-01
                       19                        18     1.240895937229850e-01
                       19                        26     1.957232288058058e-01
                       26                        20    -2.460012818118076e-01
                       20                        19     6.192476431959184e-02
                       20                        27     1.507513123533647e-01
                       27                        21    -1.733868406295943e-01
                       21                        20     3.428223958982118e-02
                       21                        28     1.123360837593555e-01
                       28                        22    -1.215437647437778e-01
                       22                        21     1.997374691750529e-02
                       22                        29     8.146705756386598e-02
                       29                        23    -8.406596506469352e-02
                       23                        22     1.190274979319104e-02
                       24                        30     7.790023907281707e-02
                       30                        25    -3.185981613334750e-01
                       25                        24     2.506887445029710e-01
                       25                        31     1.210874678386389e-01
                       31                        26    -2.532226828259784e-01
                       26                        25     1.433272874624371e-01
                       26                        32     1.181098056998381e-01
                       32                        27    -1.899079414131346e-01
                       27                        26     8.344484702688817e-02
                       27                        33     9.927363323837446e-02
                       33                        28    -1.377920361546172e-01
                       28                        27     4.971047539134071e-02
                       28                        34     7.735464304079716e-02
                       34                        29    -9.732711543737792e-02
                       29                        28     2.996329463889540e-02
                       30                        35     3.820822983056673e-02
                       35                        31    -2.152313220426022e-01
                       31                        30     1.870139144543490e-01
                       31                        36     6.682502250924652e-02
                       36                        32    -1.798315522234034e-01
                       32                        31     1.237725956472413e-01
                       32                        37     7.134539886511639e-02
                       37                        33    -1.398733596278949e-01
                       33                        32     7.929402669586173e-02
                       33                        38     6.354379415526228e-02
                       38                        34    -1.034935859862807e-01
                       34                        33     4.994061407333183e-02
                       35                        39     2.121872278167452e-02
                       39                        36    -1.502077674816503e-01
                       36                        35     1.382928869923400e-01
                       36                        40     3.904136321913200e-02
                       40                        37    -1.273935616319179e-01
                       37                        36     9.798922838265874e-02
                       37                        41     4.365458213800051e-02
                       41                        38    -1.005668927772549e-01
                       38                        37     6.621615293161751e-02
                       39                        42     1.259779240320646e-02
                       42                        40    -1.065277335629177e-01
                       40                        39     1.020740563195889e-01
                       40                        43     2.366994575494986e-02
                       43                        41    -9.017246214606003e-02
                       41                        40     7.464663155098912e-02
                       42                        44     7.781287291028702e-03
                       44                        43    -7.610589862584173e-02
                       43                        42     7.512731172349534e-02
                        0                        45     0.000000000000000e+00
                       45                         1    -5.681527209242340e+00
                        1                        46    -2.105185027712065e-01
                       46                         2     4.581231933638663e-01
                        2                        47    -2.118725502281878e-01
                       47                         3     3.211518990057454e-01
                        3                        48    -1.727496834458488e-01
                       48                         4     2.259024820343342e-01
                        4                        49    -1.334837702582672e-01
                       49                         5     1.599719931822532e-01
                        5                        50    -1.003239138739911e-01
                       50                         6     1.130150113744353e-01
                        6                        51    -7.364967597763027e-02
                       51                         7     7.903593939884668e-02
                        7                        52    -5.278983299018056e-02
                       52                         8     5.436009032105384e-02
                       45                        53     0.000000000000000e+00
                       53                        46    -5.907920302554164e+00
                       46                        45    -6.666594426261152e+00
                       46                        54    -9.964984352382175e-02
                       54                        47     3.271711087466946e-01
                       47                        46    -2.371582951927486e-01
                       47                        55    -1.258439639976246e-01
                       55                        48     2.533667010834213e-01
                       48                        47    -1.382888030188814e-01
                       48                        56    -1.161181992731652e-01
                       56                        49     1.868480595336452e-01
                       49                        48    -8.192193273557806e-02
                       49                        57    -9.524068215516701e-02
                       57                        50     1.340092829893292e-01
                       50                        49    -4.953466676724586e-02
                       50                        58    -7.325250283503509e-02
                       58                        51     9.388846031904084e-02
                       51                        50    -3.027298745387723e-02
                       51                        59    -5.380482602057399e-02
                       59                        52     6.417634118488751e-02
                       52                        51    -1.851563032419378e-02
                       53                        60     0.000000000000000e+00
                       60                        54    -6.025966337017008e+00
                       54                        53    -6.549708122039524e+00
                       54                        61    -5.405095714826021e-02
                       61                        55     2.341151109886180e-01
                       55                        54    -1.908302197734404e-01
                       55                        62    -7.588467043593942e-02
                       62                        56     1.901461794537092e-01
                       56                        55    -1.259082203313591e-01
                       56                        63    -7.537880326830820e-02
                       63                        57     1.439991878542962e-01
                       57                        56    -8.026709589957880e-02
                       57                        64    -6.432954066515260e-02
                       64                        58     1.038233299107353e-01
                       58                        57    -5.025985517866561e-02
                       58                        65    -5.015902160373882e-02
                       65                        59     7.184646566691352e-02
                       59                        58    -3.099128635553823e-02
                       60                        66     0.000000000000000e+00
                       66                        61    -6.100121528948597e+00
                       61                        60    -6.476239907652891e+00
                       61                        67    -3.150663393290626e-02
                       67                        62     1.672047205315875e-01
                       62                        61    -1.468901590737805e-01
                       62                        68    -4.630203634426733e-02
                       68                        63     1.376175787845224e-01
                       63                        62    -1.029622537538458e-01
                       63                        69    -4.766264294085118e-02
                       69                        64     1.047999361759978e-01
                       64                        63    -6.832936571024538e-02
                       64                        70    -4.140495390182779e-02
                       70                        65     7.496502742549453e-02
                       65                        64    -4.355089576598065e-02
                       66                        71     0.000000000000000e+00
                       71                        67    -6.152115764164305e+00
                       67                        66    -6.424245672437182e+00
                       67                        72    -1.894996583035787e-02
                       72                        68     1.177463026056964e-01
                       68                        67    -1.095624027084224e-01
                       68                        73    -2.820428669753406e-02
                       73                        69     9.605287512922371e-02
                       69                        68    -7.861465436477257e-02
                       69                        74    -2.928166874816468e-02
                       74                        70     7.218904973953298e-02
                       70                        69    -5.289820323368274e-02
                       71                        75     0.000000000000000e+00
                       75                        72    -6.190482984828040e+00
                       72                        71    -6.385191471823495e+00
                       72                        76    -1.147019207988469e-02
                       76                        73     8.087825304254544e-02
                       73                        72    -7.904509093253270e-02
                       73                        77    -1.692098476521737e-02
                       77                        74     6.427493631289732e-02
                       74                        73    -5.665779384004339e-02
                       75                        78     0.000000000000000e+00
                       78                        76    -6.219189640010733e+00
                       76                        75    -6.355325089508319e+00
                       76                        79    -6.864582089328480e-03
                       79                        77     5.358538726384892e-02
                       77                        76    -5.486492033439974e-02
                       78                        80     0.000000000000000e+00
                       80                        79    -6.240587398573217e+00
                       79                        78    -6.332585916174637e+00
                        0                        81    -1.185530726267973e+00
                       81                         9    -3.905321154254837e+00
                        9                        82     1.948795339085306e+00
                       82                        17    -1.063290816533747e+00
                       17                        83     6.893545555857274e-01
                       83                        24    -4.741535034170520e-01
                       24                        84     3.808135494474240e-01
                       84                        30    -2.929224881322928e-01
                       30                        85     2.481702884770772e-01
                       85                        35    -1.999712364041952e-01
                       35                        86     1.723994986836617e-01
                       86                        39    -1.418769336096241e-01
                       39                        87     1.229405256550309e-01
                       87                        42    -1.021986180919451e-01
                       42                        88     8.860281394248717e-02
                       88                        44    -7.401882626277628e-02
                       81                        89    -8.773604073916731e-01
                       89                        82    -1.063290816533739e+00
                       82                        81     1.948795339085366e+00
                       82                        90     3.648439130050526e-01
                       90                        83    -7.200507960402448e-01
                       83                        82     3.648439130050442e-01
                       83                        91     3.547769355323057e-01
                       91                        84    -4.272374110278692e-01
                       84                        83     8.322654142860877e-02
                       84                        92     2.531110816649171e-01
                       92                        85    -2.761744298045474e-01
                       85                        84     3.425542061472806e-02
                       85                        93     1.816620355499061e-01
                       93                        86    -1.883542947963389e-01
                       86                        85     1.745832517951680e-02
                       86                        94     1.315587505964461e-01
                       94                        87    -1.317657806382355e-01
                       87                        86     9.844060011662851e-03
                       87                        95     9.549335557403706e-02
                       95                        88    -9.321456847914432e-02
                       88                        87     5.865328064985915e-03
                       89                        96    -2.058972098763203e-01
                       96                        90    -4.741535034170386e-01
                       90                        89     6.893545555857354e-01
                       90                        97     8.322654142861291e-02
                       97                        91    -4.272374110278314e-01
                       91                        90     3.547769355323012e-01
                       91                        98     1.627860478840163e-01
                       98                        92    -3.139253844544450e-01
                       92                        91     1.627860478840144e-01
                       92                        99     1.510601310114432e-01
                       99                        93    -2.225855324735977e-01
                       93                        92     8.317211277574343e-02
                       93                       100     1.217746876356303e-01
                      100                        94    -1.573072409268125e-01
                       94                        93     4.629861922426514e-02
                       94                       101     9.332544919637627e-02
                      101                        95    -1.112016840252804e-01
                       95                        94     2.718007712126886e-02
                       96                       102    -7.790023907281661e-02
                      102                        97    -2.929224881322893e-01
                       97                        96     3.808135494474184e-01
                       97                       103     3.425542061472800e-02
                      103                        98    -2.761744298045468e-01
                       98                        97     2.531110816649144e-01
                       98                       104     8.317211277574464e-02
                      104                        99    -2.225855324735994e-01
                       99                        98     1.510601310114438e-01
                       99                       105     8.947056335907018e-02
                      105                       100    -1.677490542430395e-01
                      100                        99     8.947056335906763e-02
                      100                       106     7.862613760127522e-02
                      106                       101    -1.225036945483818e-01
                      101                       100     5.386837918941916e-02
                      102                       107    -3.820822983056708e-02
                      107                       103    -1.999712364041938e-01
                      103                       102     2.481702884770771e-01
                      103                       108     1.745832517951565e-02
                      108                       104    -1.883542947963394e-01
                      104                       103     1.816620355499064e-01
                      104                       109     4.629861922426722e-02
                      109                       105    -1.573072409268118e-01
                      105                       104     1.217746876356298e-01
                      105                       110     5.386837918941913e-02
                      110                       106    -1.225036945483817e-01
                      106                       105     7.862613760127513e-02
                      107                       111    -2.121872278167449e-02
                      111                       108    -1.418769336096226e-01
                      108                       107     1.723994986836611e-01
                      108                       112     9.844060011663500e-03
                      112                       109    -1.317657806382361e-01
                      109                       108     1.315587505964439e-01
                      109                       113     2.718007712126802e-02
                      113                       110    -1.112016840252808e-01
                      110                       109     9.332544919637557e-02
                      111                       114    -1.259779240320634e-02
                      114                       112    -1.021986180919456e-01
                      112                       111     1.229405256550306e-01
                      112                       115     5.865328064985901e-03
                      115                       113    -9.321456847914467e-02
                      113                       112     9.549335557403799e-02
                      114                       116    -7.781287291028827e-03
                      116                       115    -7.401882626277613e-02
                      115                       114     8.860281394248762e-02
                        0                       117    -6.084607983259350e-01
                      117                        81    -5.702672275533551e-01
                       81                       118    -8.679487835280146e-02
                      118                        89    -7.824214138789902e-01
                       89                       119     3.012760594172770e-01
                      119                        96    -4.978694270012296e-01
                       96                       120     2.506887445029762e-01
                      120                       102    -3.185981613334765e-01
                      102                       121     1.870139144543509e-01
                      121                       107    -2.152313220426020e-01
                      107                       122     1.382928869923400e-01
                      122                       111    -1.502077674816510e-01
                      111                       123     1.020740563195900e-01
                      123                       114    -1.065277335629173e-01
                      114                       124     7.512731172349567e-02
                      124                       116    -7.610589862584191e-02
                      117                       125    -2.557488057525432e-01
                      125                       118    -3.854387089092403e-01
                      118                       117     6.493316298216709e-01
                      118                       126    -2.063148742448164e-02
                      126                       119    -4.417844891244284e-01
                      119                       118     4.720530065187796e-01
                      119                       127     1.240895937229854e-01
                      127                       120    -3.503907977471421e-01
                      120                       119     2.370672699572384e-01
                      120                       128     1.433272874624386e-01
                      128                       121    -2.532226828259785e-01
                      121                       120     1.210874678386370e-01
                      121                       129     1.237725956472412e-01
                      129                       122    -1.798315522234038e-01
                      122                       121     6.682502250924559e-02
                      122                       130     9.798922838265929e-02
                      130                       123    -1.273935616319182e-01
                      123                       122     3.904136321913157e-02
                      123                       131     7.464663155098936e-02
                      131                       124    -9.017246214605905e-02
                      124                       123     2.366994575494974e-02
                      125                       132    -1.185831910699256e-01
                      132                       126    -2.690908150285091e-01
                      126                       125     3.969778483907968e-01
                      126                       133    -8.805968347099971e-03
                      133                       127    -2.876259361456313e-01
                      127                       126     3.071979704258138e-01
                      127                       134     6.192476431959289e-02
                      134                       128    -2.460012818118086e-01
                      128                       127     1.957232288058041e-01
                      128                       135     8.344484702688801e-02
                      135                       129    -1.899079414131347e-01
                      129                       128     1.181098056998375e-01
                      129                       136     7.929402669586320e-02
                      136                       130    -1.398733596278955e-01
                      130                       129     7.134539886511587e-02
                      130                       137     6.621615293161753e-02
                      137                       131    -1.005668927772550e-01
                      131                       130     4.365458213799999e-02
                      132                       138    -6.314362083080009e-02
                      138                       133    -1.946489277614786e-01
                      133                       132     2.677833708345930e-01
                      133                       139    -4.588484281503234e-03
                      139                       134    -1.985803335905411e-01
                      134                       133     2.143608903471425e-01
                      134                       140     3.428223958982175e-02
                      140                       135    -1.733868406295944e-01
                      135                       134     1.507513123533641e-01
                      135                       141     4.971047539134105e-02
                      141                       136    -1.377920361546168e-01
                      136                       135     9.927363323837403e-02
                      136                       142     4.994061407333234e-02
                      142                       137    -1.034935859862792e-01
                      137                       136     6.354379415526190e-02
                      138                       143    -3.647904516630041e-02
                      143                       139    -1.422707655938787e-01
                      139                       138     1.887406330024950e-01
                      139                       144    -2.612979367923750e-03
                      144                       140    -1.395787672208119e-01
                      140                       139     1.529578125218192e-01
                      140                       145     1.997374691750558e-02
                      145                       141    -1.215437647437774e-01
                      141                       140     1.123360837593548e-01
                      141                       146     2.996329463889544e-02
                      146                       142    -9.732711543737771e-02
                      142                       141     7.735464304079674e-02
                      143                       147    -2.199493979280930e-02
                      147                       144    -1.034715503356132e-01
                      144                       143     1.347703324207869e-01
                      144                       148    -1.550658724752200e-03
                      148                       145    -9.792040663305338e-02
                      145                       144     1.091080953276780e-01
                      145                       149     1.190274979319112e-02
                      149                       146    -8.406596506469384e-02
                      146                       145     8.146705756386609e-02
                      147                       150    -1.353037858109655e-02
                      150                       148    -7.425536737646157e-02
                      148                       147     9.592986111743669e-02
                      148                       151    -9.360760117231474e-04
                      151                       149    -6.784511772533014e-02
                      149                       148     7.692530889693346e-02
                      150                       152    -8.372957719556004e-03
                      152                       151    -5.228530919547331e-02
                      151                       150     6.746096730371190e-02
                       45                       117    -6.016580979372464e-01
                      117                       153     2.105185027712070e-01
                      153                       125    -4.581231933638639e-01
                      125                       154     2.118725502281879e-01
                      154                       132    -3.211518990057454e-01
                      132                       155     1.727496834458488e-01
                      155                       138    -2.259024820343341e-01
                      138                       156     1.334837702582677e-01
                      156                       143    -1.599719931822525e-01
                      143                       157     1.003239138739911e-01
                      157                       147    -1.130150113744359e-01
                      147                       158     7.364967597762995e-02
                      158                       150    -7.903593939884709e-02
                      150                       159     5.278983299018111e-02
                      159                       152    -5.436009032105382e-02
                       53                       153    -3.752650032179557e-01
                      153                        45     3.834091190815678e-01
                      153                       160     9.964984352381899e-02
                      160                       154    -3.271711087466946e-01
                      154                       153     2.371582951927472e-01
                      154                       161     1.258439639976247e-01
                      161                       155    -2.533667010834225e-01
                      155                       154     1.382888030188814e-01
                      155                       162     1.161181992731659e-01
                      162                       156    -1.868480595336461e-01
                      156                       155     8.192193273557812e-02
                      156                       163     9.524068215516748e-02
                      163                       157    -1.340092829893309e-01
                      157                       156     4.953466676724658e-02
                      157                       164     7.325250283503638e-02
                      164                       158    -9.388846031904124e-02
                      158                       157     3.027298745387710e-02
                      158                       165     5.380482602057350e-02
                      165                       159    -6.417634118488789e-02
                      159                       158     1.851563032419374e-02
                       60                       160    -2.572189701625785e-01
                      160                        53     2.665228100499493e-01
                      160                       166     5.405095714826459e-02
                      166                       161    -2.341151109886185e-01
                      161                       160     1.908302197734423e-01
                      161                       167     7.588467043594102e-02
                      167                       162    -1.901461794537100e-01
                      162                       161     1.259082203313583e-01
                      162                       168     7.537880326830736e-02
                      168                       163    -1.439991878542962e-01
                      163                       162     8.026709589957930e-02
                      163                       169     6.432954066515294e-02
                      169                       164    -1.038233299107362e-01
                      164                       163     5.025985517866594e-02
                      164                       170     5.015902160373906e-02
                      170                       165    -7.184646566691387e-02
                      165                       164     3.099128635553805e-02
                       66                       166    -1.830637782309881e-01
                      166                        60     1.930546004733023e-01
                      166                       171     3.150663393290338e-02
                      171                       167    -1.672047205315884e-01
                      167                       166     1.468901590737805e-01
                      167                       172     4.630203634426747e-02
                      172                       168    -1.376175787845219e-01
                      168                       167     1.029622537538463e-01
                      168                       173     4.766264294085110e-02
                      173                       169    -1.047999361759982e-01
                      169                       168     6.832936571024571e-02
                      169                       174     4.140495390182793e-02
                      174                       170    -7.496502742549424e-02
                      170                       169     4.355089576598085e-02
                       71                       171    -1.310695430152818e-01
                      171                        66     1.410603652575962e-01
                      171                       175     1.894996583035807e-02
                      175                       172    -1.177463026056963e-01
                      172                       171     1.095624027084224e-01
                      172                       176     2.820428669753491e-02
                      176                       173    -9.605287512922324e-02
                      173                       172     7.861465436477179e-02
                      173                       177     2.928166874816443e-02
                      177                       174    -7.218904973953227e-02
                      174                       173     5.289820323368232e-02
                       75                       175    -9.270232235154645e-02
                      175                        71     1.020061646439089e-01
                      175                       178     1.147019207988503e-02
                      178                       176    -8.087825304254603e-02
                      176                       175     7.904509093253304e-02
                      176                       179     1.692098476521751e-02
                      179                       177    -6.427493631289737e-02
                      177                       176     5.665779384004338e-02
                       78                       178    -6.399566716885328e-02
                      178                        75     7.213978232873280e-02
                      178                       180     6.864582089327930e-03
                      180                       179    -5.358538726384884e-02
                      179                       178     5.486492033439973e-02
                       80                       180    -4.259790860636890e-02
                      180                        78     4.940060899505113e-02
                      181                       190    -0.000000000000000e+00
                      190                       182    -4.940060626841242e-02
                      182                       181     4.259790860636921e-02
                      182                       191    -6.864582089329551e-03
                      191                       183    -5.486492033439947e-02
                      183                       182     5.358538726384899e-02
                      183                       192    -1.692098476521629e-02
                      192                       184    -5.665779384004350e-02
                      184                       183     6.427493631289739e-02
                      184                       193    -2.928166874816467e-02
                      193                       185    -5.289820323368299e-02
                      185                       184     7.218904973953298e-02
                      185                       194    -4.140495390182749e-02
                      194                       186    -4.355089576598112e-02
                      186                       185     7.496502742549463e-02
                      186                       195    -5.015902160373870e-02
                      195                       187    -3.099128635553857e-02
                      187                       186     7.184646566691355e-02
                      187                       196    -5.380482602057337e-02
                      196                       188    -1.851563032419415e-02
                      188                       187     6.417634118488746e-02
                      188                       197    -5.278983299018036e-02
                      197                       189    -8.372957719555965e-03
                      189                       188     5.436009032105371e-02
                      190                       198    -0.000000000000000e+00
                      198                       191    -7.213978232873335e-02
                      191                       190     6.399566593519171e-02
                      191                       199    -1.147019207988573e-02
                      199                       192    -7.904509093253277e-02
                      192                       191     8.087825304254569e-02
                      192                       200    -2.820428669753438e-02
                      200                       193    -7.861465436477291e-02
                      193                       192     9.605287512922379e-02
                      193                       201    -4.766264294085139e-02
                      201                       194    -6.832936571024519e-02
                      194                       193     1.047999361759979e-01
                      194                       202    -6.432954066515231e-02
                      202                       195    -5.025985517866587e-02
                      195                       194     1.038233299107353e-01
                      195                       203    -7.325250283503493e-02
                      203                       196    -3.027298745387760e-02
                      196                       195     9.388846031904063e-02
                      196                       204    -7.364967597762952e-02
                      204                       197    -1.353037858109652e-02
                      197                       196     7.903593939884651e-02
                      198                       205    -0.000000000000000e+00
                      205                       199    -1.020061646439093e-01
                      199                       198     9.270232235154678e-02
                      199                       206    -1.894996583036051e-02
                      206                       200    -1.095624027084222e-01
                      200                       199     1.177463026056963e-01
                      200                       207    -4.630203634426665e-02
                      207                       201    -1.029622537538468e-01
                      201                       200     1.376175787845225e-01
                      201                       208    -7.537880326830791e-02
                      208                       202    -8.026709589957942e-02
                      202                       201     1.439991878542962e-01
                      202                       209    -9.524068215516612e-02
                      209                       203    -4.953466676724637e-02
                      203                       202     1.340092829893289e-01
                      203                       210    -1.003239138739908e-01
                      210                       204    -2.199493979280927e-02
                      204                       203     1.130150113744350e-01
                      205                       211    -0.000000000000000e+00
                      211                       206    -1.410603652575969e-01
                      206                       205     1.310695430152824e-01
                      206                       212    -3.150663393290519e-02
                      212                       207    -1.468901590737815e-01
                      207                       206     1.672047205315875e-01
                      207                       213    -7.588467043593972e-02
                      213                       208    -1.259082203313600e-01
                      208                       207     1.901461794537094e-01
                      208                       214    -1.161181992731657e-01
                      214                       209    -8.192193273557882e-02
                      209                       208     1.868480595336453e-01
                      209                       215    -1.334837702582679e-01
                      215                       210    -3.647904516630020e-02
                      210                       209     1.599719931822531e-01
                      211                       216    -0.000000000000000e+00
                      216                       212    -1.930545895709517e-01
                      212                       211     1.830637782309890e-01
                      212                       217    -5.405095714826279e-02
                      217                       213    -1.908302197734419e-01
                      213                       212     2.341151109886195e-01
                      213                       218    -1.258439639976227e-01
                      218                       214    -1.382888030188828e-01
                      214                       213     2.533667010834212e-01
                      214                       219    -1.727496834458461e-01
                      219                       215    -6.314362083080022e-02
                      215                       214     2.259024820343335e-01
                      216                       220    -0.000000000000000e+00
                      220                       217    -2.665228124549438e-01
                      217                       216     2.572189615523455e-01
                      217                       221    -9.964984352381512e-02
                      221                       218    -2.371582951927513e-01
                      218                       217     3.271711087466946e-01
                      218                       222    -2.118725502281853e-01
                      222                       219    -1.185831910699260e-01
                      219                       218     3.211518990057456e-01
                      220                       223    -0.000000000000000e+00
                      223                       221    -3.834091190815729e-01
                      221                       220     3.752650039216948e-01
                      221                       224    -2.105185027712006e-01
                      224                       222    -2.557488057525425e-01
                      222                       221     4.581231933638658e-01
                      223                       225    -0.000000000000000e+00
                      225                       224    -6.084607983259346e-01
                      224                       223     6.016580979372543e-01
                      181                       226    -2.068478133565904e-02
                      226                       182    -1.511042688202272e-02
                      182                       227    -2.589339079089449e-02
                      227                       183    -1.954788131307484e-02
                      183                       228    -3.102359007287302e-02
                      228                       184    -2.394750394766062e-02
                      184                       229    -3.490325276790866e-02
                      229                       185    -2.729497472930973e-02
                      185                       230    -3.632414454354705e-02
                      230                       186    -2.865006063963306e-02
                      186                       231    -3.479825496543733e-02
                      231                       187    -2.774436840911279e-02
                      187                       232    -3.091859242864878e-02
                      232                       188    -2.511363359635897e-02
                      188                       233    -2.590426614495023e-02
                      233                       189    -2.165312378742167e-02
                      226                       234    -1.428445036795800e-02
                      234                       227    -1.084477606061139e-02
                      227                       226     3.327334158844882e-02
                      227                       235    -1.791283095314414e-02
                      235                       228    -1.392926252000262e-02
                      228                       227     4.147912344301894e-02
                      228                       236    -2.123394895012052e-02
                      236                       229    -1.673732929134919e-02
                      229                       228     4.873734417455278e-02
                      229                       237    -2.337928119034588e-02
                      237                       230    -1.855098656692471e-02
                      230                       229     5.312234023236907e-02
                      230                       238    -2.367124767246119e-02
                      238                       231    -1.889758945850966e-02
                      231                       230     5.333490306405404e-02
                      231                       239    -2.208555514932063e-02
                      239                       232    -1.784802777564079e-02
                      232                       231     4.957061289483297e-02
                      232                       240    -1.924309749522755e-02
                      240                       233    -1.590021100172968e-02
                      233                       232     4.328742365683683e-02
                      234                       241    -5.680535900428950e-03
                      241                       235    -4.680880878034137e-03
                      235                       234     1.966525907082617e-02
                      235                       242    -7.615485300349370e-03
                      242                       236    -6.284735261062509e-03
                      236                       235     2.466628649449508e-02
                      236                       243    -9.402210149912675e-03
                      243                       237    -7.727407539292914e-03
                      237                       236     2.877632900279656e-02
                      237                       244    -1.058135247387012e-02
                      244                       238    -8.653888973026387e-03
                      238                       237     3.088195276048743e-02
                      238                       245    -1.084339292483555e-02
                      245                       239    -8.876760774283230e-03
                      239                       238     3.048621963220174e-02
                      239                       246    -1.022472257953866e-02
                      246                       240    -8.470212456037350e-03
                      240                       239     2.799877732793910e-02
                      241                       247     4.715671139262232e-03
                      247                       242     3.092197465685002e-03
                      242                       241     2.182953637367217e-03
                      242                       248     4.141577273097108e-03
                      248                       243     2.703831269925063e-03
                      243                       242     4.346663932076494e-03
                      243                       249     3.139632276415271e-03
                      249                       244     2.003441455567562e-03
                      244                       243     6.503637581607947e-03
                      244                       250     1.900335488590984e-03
                      250                       245     1.134736567544199e-03
                      245                       244     8.157000418963530e-03
                      245                       251     7.091672553115341e-04
                      251                       246     2.935841741971125e-04
                      246                       245     8.988070812805924e-03
                      247                       252     1.598234570466204e-02
                      252                       248     1.173903031692206e-02
                      248                       247    -1.773055377926958e-02
                      248                       253     1.600768115205889e-02
                      253                       249     1.194212980626320e-02
                      249                       248    -1.718374502523907e-02
                      249                       254     1.481227510743607e-02
                      254                       250     1.119784924870408e-02
                      250                       249    -1.524405842305704e-02
                      250                       255     1.262916083570875e-02
                      255                       251     9.702344269948765e-03
                      251                       250    -1.234068286334333e-02
                      252                       256     2.689622627509707e-02
                      256                       253     2.026774002726353e-02
                      253                       252    -3.786012400999739e-02
                      253                       257     2.657935771658063e-02
                      257                       254     2.030900214261853e-02
                      254                       253    -3.725132988932750e-02
                      254                       258     2.436294430086951e-02
                      258                       255     1.888132061692284e-02
                      255                       254    -3.394042262542880e-02
                      256                       259     3.631841613167823e-02
                      259                       257     2.776514471497471e-02
                      257                       256    -5.593944568677331e-02
                      257                       260     3.487287278667715e-02
                      260                       258     2.703553675962001e-02
                      258                       257    -5.376429438641732e-02
                      259                       116     4.351661630995017e-02
                      116                       260     3.365457766485657e-02
                      260                       259    -7.036849358612365e-02
                      226                       261     3.456686228263666e-02
                      261                       181    -2.068478133565962e-02
                      261                       268    -1.341819309908227e-02
                      268                       262     1.955852830715990e-02
                      262                       261    -1.428445036795755e-02
                      262                       269    -4.956572166252580e-03
                      269                       263     1.333265774316338e-03
                      263                       262    -5.680535900429008e-03
                      263                       270     3.956570213111852e-03
                      270                       264    -1.866306359468852e-02
                      264                       263     4.715671139262204e-03
                      264                       271     1.222024049659086e-02
                      271                       265    -3.819340844356720e-02
                      265                       264     1.598234570466199e-02
                      265                       272     1.868868948388342e-02
                      272                       266    -5.488875805134399e-02
                      266                       265     2.689622627509719e-02
                      266                       273     2.257842770806962e-02
                      273                       267    -6.704095899962829e-02
                      267                       266     3.631841613167822e-02
                      267                        88     2.369950956414345e-02
                       44                       267     4.351661630995045e-02
                      234                       268     1.955852830715979e-02
                      268                       226    -1.341819309908131e-02
                      268                       274    -5.509608197978206e-03
                      274                       269     1.382186426082792e-03
                      269                       268    -5.509608197977879e-03
                      269                       275     4.557369274771807e-03
                      275                       270    -2.014701176144150e-02
                      270                       269     4.823576553586534e-03
                      270                       276     1.488472568172938e-02
                      276                       271    -4.301640029541350e-02
                      271                       270     1.693960213858495e-02
                      271                       277     2.404750409835339e-02
                      277                       272    -6.443170153213509e-02
                      272                       271     2.961813150069981e-02
                      272                       278     3.068780278253974e-02
                      278                       273    -8.172751103861547e-02
                      273                       272     4.140267828620243e-02
                      273                        95     3.399852779930755e-02
                       88                       273     5.107192551995682e-02
                      241                       274     1.333265774316372e-03
                      274                       234    -4.956572166252339e-03
                      274                       279     4.823576553586071e-03
                      279                       275    -2.014701176144149e-02
                      275                       274     4.557369274771688e-03
                      275                       280     1.660256755860967e-02
                      280                       276    -4.485184643081151e-02
                      276                       275     1.660256755861016e-02
                      276                       281     2.832848443118284e-02
                      281                       277    -7.028437342073256e-02
                      277                       276     3.030917767595835e-02
                      277                       282     3.831623500523069e-02
                      282                       278    -9.332312466353879e-02
                      278                       277     4.424082372522415e-02
                      278                       101     4.507651055068096e-02
                       95                       278     5.682133118223652e-02
                      247                       279    -1.866306359468844e-02
                      279                       241     3.956570213111711e-03
                      279                       283     1.693960213858563e-02
                      283                       280    -4.301640029541352e-02
                      280                       279     1.488472568172980e-02
                      280                       284     3.030917767595872e-02
                      284                       281    -7.028437342073249e-02
                      281                       280     2.832848443118291e-02
                      281                       285     4.330841989439983e-02
                      285                       282    -9.780891226389921e-02
                      282                       281     4.330841989440016e-02
                      282                       106     5.415284565219240e-02
                      101                       282     5.836002665387404e-02
                      252                       283    -3.819340844356694e-02
                      283                       247     1.222024049659075e-02
                      283                       286     2.961813150069875e-02
                      286                       284    -6.443170153213525e-02
                      284                       283     2.404750409835362e-02
                      284                       287     4.424082372522496e-02
                      287                       285    -9.332312466353868e-02
                      285                       284     3.831623500523158e-02
                      285                       110     5.836002665387417e-02
                      106                       285     5.415284565219280e-02
                      256                       286    -5.488875805134355e-02
                      286                       252     1.868868948388386e-02
                      286                       288     4.140267828620391e-02
                      288                       287    -8.172751103861493e-02
                      287                       286     3.068780278253987e-02
                      287                       113     5.682133118223621e-02
                      110                       287     4.507651055068142e-02
                      259                       288    -6.704095899962800e-02
                      288                       256     2.257842770806983e-02
                      288                       115     5.107192551995786e-02
                      113                       288     3.399852779930780e-02
                      115                       259     2.369950956414374e-02
                      181                       289     4.259790860636885e-02
                      289                       261    -1.511042688202448e-02
                      261                       290     3.327334158844852e-02
                      290                       262    -1.084477606061125e-02
                      262                       291     1.966525907082630e-02
                      291                       263    -4.680880878033969e-03
                      263                       292     2.182953637367177e-03
                      292                       264     3.092197465684777e-03
                      264                       293    -1.773055377926979e-02
                      293                       265     1.173903031692211e-02
                      265                       294    -3.786012400999721e-02
                      294                       266     2.026774002726326e-02
                      266                       295    -5.593944568677345e-02
                      295                       267     2.776514471497411e-02
                      267                       296    -7.036849358612328e-02
                      296                        44     3.365457766485613e-02
                      289                       297     5.358538726384892e-02
                      297                       290    -1.954788131307550e-02
                      290                       289    -2.589339079089394e-02
                      290                       298     4.147912344301916e-02
                      298                       291    -1.392926252000316e-02
                      291                       290    -1.791283095314393e-02
                      291                       299     2.466628649449504e-02
                      299                       292    -6.284735261062611e-03
                      292                       291    -7.615485300349225e-03
                      292                       300     4.346663932076436e-03
                      300                       293     2.703831269924875e-03
                      293                       292     4.141577273097262e-03
                      293                       301    -1.718374502523910e-02
                      301                       294     1.194212980626300e-02
                      294                       293     1.600768115205913e-02
                      294                       302    -3.725132988932751e-02
                      302                       295     2.030900214261827e-02
                      295                       294     2.657935771658091e-02
                      295                       303    -5.376429438641736e-02
                      303                       296     2.703553675962026e-02
                      296                       295     3.487287278667704e-02
                      297                       304     6.427493631289731e-02
                      304                       298    -2.394750394766065e-02
                      298                       297    -3.102359007287299e-02
                      298                       305     4.873734417455276e-02
                      305                       299    -1.673732929134960e-02
                      299                       298    -2.123394895012034e-02
                      299                       306     2.877632900279632e-02
                      306                       300    -7.727407539292835e-03
                      300                       299    -9.402210149912568e-03
                      300                       307     6.503637581608027e-03
                      307                       301     2.003441455567374e-03
                      301                       300     3.139632276415465e-03
                      301                       308    -1.524405842305709e-02
                      308                       302     1.119784924870397e-02
                      302                       301     1.481227510743612e-02
                      302                       309    -3.394042262542907e-02
                      309                       303     1.888132061692257e-02
                      303                       302     2.436294430086984e-02
                      304                       310     7.218904973953262e-02
                      310                       305    -2.729497472931004e-02
                      305                       304    -3.490325276790850e-02
                      305                       311     5.312234023236925e-02
                      311                       306    -1.855098656692502e-02
                      306                       305    -2.337928119034568e-02
                      306                       312     3.088195276048738e-02
                      312                       307    -8.653888973026588e-03
                      307                       306    -1.058135247386990e-02
                      307                       313     8.157000418963450e-03
                      313                       308     1.134736567543998e-03
                      308                       307     1.900335488591158e-03
                      308                       314    -1.234068286334338e-02
                      314                       309     9.702344269948687e-03
                      309                       308     1.262916083570892e-02
                      310                       315     7.496502742549420e-02
                      315                       311    -2.865006063963318e-02
                      311                       310    -3.632414454354661e-02
                      311                       316     5.333490306405401e-02
                      316                       312    -1.889758945850993e-02
                      312                       311    -2.367124767246110e-02
                      312                       317     3.048621963220198e-02
                      317                       313    -8.876760774283553e-03
                      313                       312    -1.084339292483536e-02
                      313                       318     8.988070812805848e-03
                      318                       314     2.935841741968959e-04
                      314                       313     7.091672553114585e-04
                      315                       319     7.184646566691386e-02
                      319                       316    -2.774436840911330e-02
                      316                       315    -3.479825496543718e-02
                      316                       320     4.957061289483356e-02
                      320                       317    -1.784802777564124e-02
                      317                       316    -2.208555514932035e-02
                      317                       321     2.799877732793925e-02
                      321                       318    -8.470212456037438e-03
                      318                       317    -1.022472257953860e-02
                      319                       322     6.417634118488794e-02
                      322                       320    -2.511363359635917e-02
                      320                       319    -3.091859242864911e-02
                      320                       323     4.328742365683690e-02
                      323                       321    -1.590021100172988e-02
                      321                       320    -1.924309749522725e-02
                      322                       324     5.436009032105413e-02
                      324                       323    -2.165312378742173e-02
                      323                       322    -2.590426614494999e-02
                      289                       190    -4.940061070153184e-02
                      190                       325     6.399566759937182e-02
                      325                       198    -7.213978232873305e-02
                      198                       326     9.270232235154628e-02
                      326                       205    -1.020061646439089e-01
                      205                       327     1.310695430152821e-01
                      327                       211    -1.410603652575959e-01
                      211                       328     1.830637782309880e-01
                      328                       216    -1.930546059642778e-01
                      216                       329     2.572189726837012e-01
                      329                       220    -2.665228124549423e-01
                      220                       330     3.752650039216901e-01
                      330                       223    -3.834091190815680e-01
                      223                       331     6.016580979372460e-01
                      331                       225    -6.084607983259273e-01
                      297                       325    -5.486492033439945e-02
                      325                       289    -6.864582089331306e-03
                      325                       332     8.087825304254588e-02
                      332                       326    -7.904509093253352e-02
                      326                       325    -1.147019207988313e-02
                      326                       333     1.177463026056963e-01
                      333                       327    -1.095624027084224e-01
                      327                       326    -1.894996583035824e-02
                      327                       334     1.672047205315883e-01
                      334                       328    -1.468901590737805e-01
                      328                       327    -3.150663393290593e-02
                      328                       335     2.341151109886185e-01
                      335                       329    -1.908302197734404e-01
                      329                       328    -5.405095714826190e-02
                      329                       336     3.271711087466946e-01
                      336                       330    -2.371582951927473e-01
                      330                       329    -9.964984352381363e-02
                      330                       337     4.581231933638640e-01
                      337                       331    -2.557488057525456e-01
                      331                       330    -2.105185027712100e-01
                      304                       332    -5.665779384004338e-02
                      332                       297    -1.692098476521737e-02
                      332                       338     9.605287512922328e-02
                      338                       333    -7.861465436477182e-02
                      333                       332    -2.820428669753448e-02
                      333                       339     1.376175787845214e-01
                      339                       334    -1.029622537538453e-01
                      334                       333    -4.630203634426559e-02
                      334                       340     1.901461794537100e-01
                      340                       335    -1.259082203313583e-01
                      335                       334    -7.588467043594233e-02
                      335                       341     2.533667010834226e-01
                      341                       336    -1.382888030188812e-01
                      336                       335    -1.258439639976239e-01
                      336                       342     3.211518990057461e-01
                      342                       337    -1.185831910699232e-01
                      337                       336    -2.118725502281839e-01
                      310                       338    -5.289820323368155e-02
                      338                       304    -2.928166874816485e-02
                      338                       343     1.047999361759981e-01
                      343                       339    -6.832936571024462e-02
                      339                       338    -4.766264294085073e-02
                      339                       344     1.439991878542949e-01
                      344                       340    -8.026709589958010e-02
                      340                       339    -7.537880326830694e-02
                      340                       345     1.868480595336461e-01
                      345                       341    -8.192193273557830e-02
                      341                       340    -1.161181992731655e-01
                      341                       346     2.259024820343342e-01
                      346                       342    -6.314362083080033e-02
                      342                       341    -1.727496834458488e-01
                      315                       343    -4.355089576598096e-02
                      343                       310    -4.140495390182768e-02
                      343                       347     1.038233299107362e-01
                      347                       344    -5.025985517866591e-02
                      344                       343    -6.432954066515296e-02
                      344                       348     1.340092829893309e-01
                      348                       345    -4.953466676724571e-02
                      345                       344    -9.524068215516733e-02
                      345                       349     1.599719931822526e-01
                      349                       346    -3.647904516630003e-02
                      346                       345    -1.334837702582672e-01
                      319                       347    -3.099128635553798e-02
                      347                       315    -5.015902160373913e-02
                      347                       350     9.388846031904131e-02
                      350                       348    -3.027298745387709e-02
                      348                       347    -7.325250283503641e-02
                      348                       351     1.130150113744360e-01
                      351                       349    -2.199493979280882e-02
                      349                       348    -1.003239138739903e-01
                      322                       350    -1.851563032419378e-02
                      350                       319    -5.380482602057354e-02
                      350                       352     7.903593939884712e-02
                      352                       351    -1.353037858109668e-02
                      351                       350    -7.364967597762992e-02
                      324                       352    -8.372957719556014e-03
                      352                       322    -5.278983299018150e-02
                      197                       353    -6.746096730371209e-02
                      353                       189     5.228530919547356e-02
                      353                       361     9.360760117230109e-04
                      361                       354    -7.692530889693323e-02
                      354                       353     6.784511772533086e-02
                      354                       362    -1.190274979319094e-02
                      362                       355    -8.146705756386599e-02
                      355                       354     8.406596506469335e-02
                      355                       363    -2.996329463889538e-02
                      363                       356    -7.735464304079716e-02
                      356                       355     9.732711543737781e-02
                      356                       364    -4.994061407333194e-02
                      364                       357    -6.354379415526232e-02
                      357                       356     1.034935859862808e-01
                      357                       365    -6.621615293161746e-02
                      365                       358    -4.365458213800054e-02
                      358                       357     1.005668927772549e-01
                      358                       366    -7.464663155098912e-02
                      366                       359    -2.366994575494952e-02
                      359                       358     9.017246214606002e-02
                      359                       367    -7.512731172349534e-02
                      367                       360    -7.781287291028635e-03
                      360                       359     7.610589862584180e-02
                      204                       361    -9.592986111743677e-02
                      361                       197     7.425536737646089e-02
                      361                       368     1.550658724752438e-03
                      368                       362    -1.091080953276782e-01
                      362                       361     9.792040663305344e-02
                      362                       369    -1.997374691750532e-02
                      369                       363    -1.123360837593555e-01
                      363                       362     1.215437647437778e-01
                      363                       370    -4.971047539134076e-02
                      370                       364    -9.927363323837436e-02
                      364                       363     1.377920361546171e-01
                      364                       371    -7.929402669586182e-02
                      371                       365    -7.134539886511641e-02
                      365                       364     1.398733596278948e-01
                      365                       372    -9.798922838265872e-02
                      372                       366    -3.904136321913178e-02
                      366                       365     1.273935616319179e-01
                      366                       373    -1.020740563195889e-01
                      373                       367    -1.259779240320658e-02
                      367                       366     1.065277335629175e-01
                      210                       368    -1.347703324207882e-01
                      368                       204     1.034715503356141e-01
                      368                       374     2.612979367923512e-03
                      374                       369    -1.529578125218194e-01
                      369                       368     1.395787672208126e-01
                      369                       375    -3.428223958982134e-02
                      375                       370    -1.507513123533647e-01
                      370                       369     1.733868406295943e-01
                      370                       376    -8.344484702688813e-02
                      376                       371    -1.181098056998382e-01
                      371                       370     1.899079414131349e-01
                      371                       377    -1.237725956472413e-01
                      377                       372    -6.682502250924678e-02
                      372                       371     1.798315522234035e-01
                      372                       378    -1.382928869923400e-01
                      378                       373    -2.121872278167468e-02
                      373                       372     1.502077674816500e-01
                      215                       374    -1.887406330024948e-01
                      374                       210     1.422707655938789e-01
                      374                       379     4.588484281503484e-03
                      379                       375    -2.143608903471413e-01
                      375                       374     1.985803335905398e-01
                      375                       380    -6.192476431959167e-02
                      380                       376    -1.957232288058058e-01
                      376                       375     2.460012818118076e-01
                      376                       381    -1.433272874624372e-01
                      381                       377    -1.210874678386386e-01
                      377                       376     2.532226828259784e-01
                      377                       382    -1.870139144543502e-01
                      382                       378    -3.820822983056654e-02
                      378                       377     2.152313220426022e-01
                      219                       379    -2.677833708345935e-01
                      379                       215     1.946489277614789e-01
                      379                       383     8.805968347099489e-03
                      383                       380    -3.071979704258158e-01
                      380                       379     2.876259361456328e-01
                      380                       384    -1.240895937229852e-01
                      384                       381    -2.370672699572412e-01
                      381                       380     3.503907977471425e-01
                      381                       385    -2.506887445029709e-01
                      385                       382    -7.790023907281853e-02
                      382                       381     3.185981613334767e-01
                      222                       383    -3.969778483907982e-01
                      383                       219     2.690908150285090e-01
                      383                       386     2.063148742448083e-02
                      386                       384    -4.720530065187851e-01
                      384                       383     4.417844891244320e-01
                      384                       387    -3.012760594172752e-01
                      387                       385    -2.058972098763202e-01
                      385                       384     4.978694270012317e-01
                      224                       386    -6.493316298216717e-01
                      386                       222     3.854387089092486e-01
                      386                       388     8.679487835279559e-02
                      388                       387    -8.773604073916725e-01
                      387                       386     7.824214138789910e-01
                      225                       388    -1.185530726267972e+00
                      388                       224     5.702672275533558e-01
                      189                       389    -3.209682642439553e-02
                      389                       353    -1.338578238239568e-02
                      353                       390    -4.015870336061315e-02
                      390                       354    -1.954229920483821e-02
                      354                       391    -4.807375833855065e-02
                      391                       355    -2.668836443378035e-02
                      355                       392    -5.386621809631942e-02
                      392                       356    -3.347007509874417e-02
                      356                       393    -5.542339240139389e-02
                      393                       357    -3.807937134257192e-02
                      357                       394    -5.191657148790110e-02
                      394                       358    -3.934647899699094e-02
                      358                       395    -4.454969389809801e-02
                      395                       359    -3.747865308808258e-02
                      359                       396    -3.564862057230307e-02
                      396                       360    -3.365457766485622e-02
                      389                       397    -2.558767911178166e-02
                      397                       390    -1.208221538687436e-02
                      390                       389     4.581400965853558e-02
                      390                       398    -3.176223140683040e-02
                      398                       391    -1.712444822375734e-02
                      391                       390     5.852370960045958e-02
                      391                       399    -3.721043678204348e-02
                      399                       392    -2.246466727395654e-02
                      392                       391     7.044116998908403e-02
                      392                       400    -4.032841295550123e-02
                      400                       393    -2.687620302905102e-02
                      393                       392     7.839668845965064e-02
                      393                       401    -3.992018845762431e-02
                      401                       394    -2.919627589874884e-02
                      394                       393     7.988253028945635e-02
                      394                       402    -3.609977277003004e-02
                      402                       395    -2.906702221225732e-02
                      395                       394     7.480382495215929e-02
                      395                       403    -3.021714565641370e-02
                      403                       396    -2.703553675962021e-02
                      396                       395     6.539679757591295e-02
                      397                       404    -1.661190972923180e-02
                      404                       398    -8.836346829180261e-03
                      398                       397     3.475209885077535e-02
                      398                       405    -2.074296914547061e-02
                      405                       399    -1.232892495161927e-02
                      399                       398     4.383796003017250e-02
                      399                       406    -2.406346702596727e-02
                      406                       400    -1.574262041100155e-02
                      400                       399     5.145279875055914e-02
                      400                       407    -2.555750989414393e-02
                      407                       401    -1.825188880004184e-02
                      401                       400     5.545611000777659e-02
                      401                       408    -2.473966528575460e-02
                      408                       402    -1.929339247431316e-02
                      402                       401     5.479912369315056e-02
                      402                       409    -2.200665701645558e-02
                      409                       403    -1.888132061692260e-02
                      403                       402     5.019181992574170e-02
                      404                       410    -5.771080752464327e-03
                      410                       405    -3.704000438856003e-03
                      405                       404     1.946590343363467e-02
                      405                       411    -8.240096470952951e-03
                      411                       406    -5.619941552636528e-03
                      406                       405     2.505211049868774e-02
                      406                       412    -1.033196323726819e-02
                      412                       407    -7.516333322731656e-03
                      407                       406     2.949500787359050e-02
                      407                       413    -1.149450074693584e-02
                      413                       408    -8.964699384863590e-03
                      408                       407     3.165127260689782e-02
                      408                       414    -1.149347043748958e-02
                      414                       409    -9.702344269948640e-03
                      409                       408     3.118663694975246e-02
                      410                       415     5.771080752464327e-03
                      415                       411     2.772423620529064e-03
                      411                       410     1.447317869321039e-03
                      411                       416     4.131431931170351e-03
                      416                       412     2.023010690906900e-03
                      412                       411     4.611623311005905e-03
                      412                       417     2.175622716656455e-03
                      417                       413     9.198906256576802e-04
                      413                       412     7.670552590768804e-03
                      413                       418     3.230156346458391e-04
                      418                       414    -2.935841741968982e-04
                      414                       413     9.961390781865401e-03
                      415                       419     1.661190972923139e-02
                      419                       416     9.709200655847036e-03
                      416                       415    -1.701726809271541e-02
                      416                       420     1.485257942247094e-02
                      420                       417     9.480008930592984e-03
                      417                       416    -1.469555838319189e-02
                      417                       421     1.218994863764548e-02
                      421                       418     8.470212456037431e-03
                      418                       417    -1.135631880131970e-02
                      419                       422     2.558767911178158e-02
                      422                       420     1.621056406934493e-02
                      420                       419    -3.365412802124704e-02
                      420                       423     2.300620966931767e-02
                      423                       421     1.590021100172989e-02
                      421                       420    -3.076230551116778e-02
                      422                       152     3.209682642439526e-02
                      152                       423     2.165312378742160e-02
                      423                       422    -4.694724982313535e-02
                      389                       233     4.694724982313462e-02
                      233                       424    -2.300620966931785e-02
                      424                       240     3.076230551116755e-02
                      240                       425    -1.218994863764569e-02
                      425                       246     1.135631880131976e-02
                      246                       426    -3.230156346458692e-04
                      426                       251    -9.961390781865368e-03
                      251                       427     1.149347043748935e-02
                      427                       255    -3.118663694975238e-02
                      255                       428     2.200665701645532e-02
                      428                       258    -5.019181992574167e-02
                      258                       429     3.021714565641371e-02
                      429                       260    -6.539679757591293e-02
                      260                       124     3.564862057230225e-02
                      397                       424     3.365412802124698e-02
                      424                       389    -1.621056406934479e-02
                      424                       430    -1.485257942247090e-02
                      430                       425     1.469555838319197e-02
                      425                       424    -9.480008930592834e-03
                      425                       431    -2.175622716656615e-03
                      431                       426    -7.670552590768740e-03
                      426                       425    -9.198906256575246e-04
                      426                       432     1.149450074693556e-02
                      432                       427    -3.165127260689776e-02
                      427                       426     8.964699384863710e-03
                      427                       433     2.473966528575448e-02
                      433                       428    -5.479912369315079e-02
                      428                       427     1.929339247431338e-02
                      428                       434     3.609977277003002e-02
                      434                       429    -7.480382495215857e-02
                      429                       428     2.906702221225742e-02
                      429                       131     4.454969389809726e-02
                      124                       429     3.747865308808227e-02
                      404                       430     1.701726809271529e-02
                      430                       397    -9.709200655846810e-03
                      430                       435    -4.131431931170252e-03
                      435                       431    -4.611623311005841e-03
                      431                       430    -2.023010690906781e-03
                      431                       436     1.033196323726796e-02
                      436                       432    -2.949500787359051e-02
                      432                       431     7.516333322731899e-03
                      432                       437     2.555750989414384e-02
                      437                       433    -5.545611000777655e-02
                      433                       432     1.825188880004216e-02
                      433                       438     3.992018845762426e-02
                      438                       434    -7.988253028945602e-02
                      434                       433     2.919627589874910e-02
                      434                       137     5.191657148790038e-02
                      131                       434     3.934647899699086e-02
                      410                       435    -1.447317869321049e-03
                      435                       404    -2.772423620528845e-03
                      435                       439     8.240096470952430e-03
                      439                       436    -2.505211049868776e-02
                      436                       435     5.619941552636698e-03
                      436                       440     2.406346702596711e-02
                      440                       437    -5.145279875055932e-02
                      437                       436     1.574262041100149e-02
                      437                       441     4.032841295550057e-02
                      441                       438    -7.839668845965031e-02
                      438                       437     2.687620302905125e-02
                      438                       142     5.542339240139377e-02
                      137                       438     3.807937134257171e-02
                      415                       439    -1.946590343363456e-02
                      439                       410     3.704000438855987e-03
                      439                       442     2.074296914547048e-02
                      442                       440    -4.383796003017307e-02
                      440                       439     1.232892495161955e-02
                      440                       443     3.721043678204378e-02
                      443                       441    -7.044116998908356e-02
                      441                       440     2.246466727395717e-02
                      441                       146     5.386621809631933e-02
                      142                       441     3.347007509874420e-02
                      419                       442    -3.475209885077547e-02
                      442                       415     8.836346829180348e-03
                      442                       444     3.176223140683038e-02
                      444                       443    -5.852370960045921e-02
                      443                       442     1.712444822375761e-02
                      443                       149     4.807375833854970e-02
                      146                       443     2.668836443378062e-02
                      422                       444    -4.581400965853576e-02
                      444                       419     1.208221538687443e-02
                      444                       151     4.015870336061279e-02
                      149                       444     1.954229920483838e-02
                      151                       422     1.338578238239565e-02
                        8                       445     3.209682642439554e-02
                      445                        16     1.338578238239547e-02
                       16                       446     4.015870336061314e-02
                      446                        23     1.954229920483817e-02
                       23                       447     4.807375833855065e-02
                      447                        29     2.668836443378042e-02
                       29                       448     5.386621809631945e-02
                      448                        34     3.347007509874399e-02
                       34                       449     5.542339240139388e-02
                      449                        38     3.807937134257187e-02
                       38                       450     5.191657148790114e-02
                      450                        41     3.934647899699090e-02
                       41                       451     4.454969389809754e-02
                      451                        43     3.747865308808268e-02
                       43                       296     3.564862057230304e-02
                      445                       452     2.558767911178166e-02
                      452                       446     1.208221538687434e-02
                      446                       445    -4.581400965853565e-02
                      446                       453     3.176223140683008e-02
                      453                       447     1.712444822375744e-02
                      447                       446    -5.852370960045946e-02
                      447                       454     3.721043678204349e-02
                      454                       448     2.246466727395705e-02
                      448                       447    -7.044116998908406e-02
                      448                       455     4.032841295550121e-02
                      455                       449     2.687620302905102e-02
                      449                       448    -7.839668845965068e-02
                      449                       456     3.992018845762429e-02
                      456                       450     2.919627589874886e-02
                      450                       449    -7.988253028945635e-02
                      450                       457     3.609977277003042e-02
                      457                       451     2.906702221225726e-02
                      451                       450    -7.480382495215930e-02
                      451                       303     3.021714565641362e-02
                      296                       451    -6.539679757591292e-02
                      452                       458     1.661190972923180e-02
                      458                       453     8.836346829180230e-03
                      453                       452    -3.475209885077535e-02
                      453                       459     2.074296914547062e-02
                      459                       454     1.232892495161928e-02
                      454                       453    -4.383796003017246e-02
                      454                       460     2.406346702596730e-02
                      460                       455     1.574262041100156e-02
                      455                       454    -5.145279875055919e-02
                      455                       461     2.555750989414388e-02
                      461                       456     1.825188880004184e-02
                      456                       455    -5.545611000777659e-02
                      456                       462     2.473966528575456e-02
                      462                       457     1.929339247431321e-02
                      457                       456    -5.479912369315056e-02
                      457                       309     2.200665701645559e-02
                      303                       457    -5.019181992574170e-02
                      458                       463     5.771080752464327e-03
                      463                       459     3.704000438855999e-03
                      459                       458    -1.946590343363467e-02
                      459                       464     8.240096470952944e-03
                      464                       460     5.619941552636554e-03
                      460                       459    -2.505211049868774e-02
                      460                       465     1.033196323726818e-02
                      465                       461     7.516333322731700e-03
                      461                       460    -2.949500787359058e-02
                      461                       466     1.149450074693581e-02
                      466                       462     8.964699384863573e-03
                      462                       461    -3.165127260689769e-02
                      462                       314     1.149347043748958e-02
                      309                       462    -3.118663694975243e-02
                      463                       467    -5.771080752464327e-03
                      467                       464    -2.772423620529049e-03
                      464                       463    -1.447317869321049e-03
                      464                       468    -4.131431931170081e-03
                      468                       465    -2.023010690906904e-03
                      465                       464    -4.611623311005870e-03
                      465                       469    -2.175622716656450e-03
                      469                       466    -9.198906256576779e-04
                      466                       465    -7.670552590768797e-03
                      466                       318    -3.230156346458366e-04
                      314                       466    -9.961390781865434e-03
                      467                       470    -1.661190972923180e-02
                      470                       468    -9.709200655847032e-03
                      468                       467     1.701726809271532e-02
                      468                       471    -1.485257942247067e-02
                      471                       469    -9.480008930592981e-03
                      469                       468     1.469555838319190e-02
                      469                       321    -1.218994863764575e-02
                      318                       469     1.135631880131970e-02
                      470                       472    -2.558767911178180e-02
                      472                       471    -1.621056406934484e-02
                      471                       470     3.365412802124709e-02
                      471                       323    -2.300620966931767e-02
                      321                       471     3.076230551116767e-02
                      472                       324    -3.209682642439524e-02
                      323                       472     4.694724982313543e-02
                      445                       473    -4.694724982313498e-02
                      473                         8     2.165312378742175e-02
                      473                       481     2.300620966931786e-02
                      481                       474    -3.076230551116762e-02
                      474                       473     1.590021100172968e-02
                      474                       482     1.218994863764570e-02
                      482                       475    -1.135631880131980e-02
                      475                       474     8.470212456037371e-03
                      475                       483     3.230156346458677e-04
                      483                       476     9.961390781865405e-03
                      476                       475    -2.935841741971124e-04
                      476                       484    -1.149347043748932e-02
                      484                       477     3.118663694975242e-02
                      477                       476    -9.702344269948711e-03
                      477                       485    -2.200665701645534e-02
                      485                       478     5.019181992574167e-02
                      478                       477    -1.888132061692285e-02
                      478                       486    -3.021714565641329e-02
                      486                       479     6.539679757591299e-02
                      479                       478    -2.703553675962009e-02
                      479                       487    -3.564862057230228e-02
                      487                       480     7.610589862584126e-02
                      480                       479    -3.365457766485656e-02
                      452                       481    -3.365412802124704e-02
                      481                       445     1.621056406934481e-02
                      481                       488     1.485257942247091e-02
                      488                       482    -1.469555838319197e-02
                      482                       481     9.480008930592842e-03
                      482                       489     2.175622716656612e-03
                      489                       483     7.670552590768749e-03
                      483                       482     9.198906256575289e-04
                      483                       490    -1.149450074693554e-02
                      490                       484     3.165127260689779e-02
                      484                       483    -8.964699384863715e-03
                      484                       491    -2.473966528575450e-02
                      491                       485     5.479912369315075e-02
                      485                       484    -1.929339247431335e-02
                      485                       492    -3.609977277002997e-02
                      492                       486     7.480382495215861e-02
                      486                       485    -2.906702221225749e-02
                      486                       493    -4.454969389809728e-02
                      493                       487     9.017246214605912e-02
                      487                       486    -3.747865308808217e-02
                      458                       488    -1.701726809271526e-02
                      488                       452     9.709200655846852e-03
                      488                       494     4.131431931170248e-03
                      494                       489     4.611623311005842e-03
                      489                       488     2.023010690906769e-03
                      489                       495    -1.033196323726797e-02
                      495                       490     2.949500787359051e-02
                      490                       489    -7.516333322731934e-03
                      490                       496    -2.555750989414386e-02
                      496                       491     5.545611000777662e-02
                      491                       490    -1.825188880004215e-02
                      491                       497    -3.992018845762432e-02
                      497                       492     7.988253028945599e-02
                      492                       491    -2.919627589874909e-02
                      492                       498    -5.191657148790039e-02
                      498                       493     1.005668927772551e-01
                      493                       492    -3.934647899699082e-02
                      463                       494     1.447317869321038e-03
                      494                       458     2.772423620528831e-03
                      494                       499    -8.240096470952455e-03
                      499                       495     2.505211049868776e-02
                      495                       494    -5.619941552636675e-03
                      495                       500    -2.406346702596711e-02
                      500                       496     5.145279875055932e-02
                      496                       495    -1.574262041100148e-02
                      496                       501    -4.032841295550054e-02
                      501                       497     7.839668845965032e-02
                      497                       496    -2.687620302905124e-02
                      497                       502    -5.542339240139378e-02
                      502                       498     1.034935859862792e-01
                      498                       497    -3.807937134257171e-02
                      467                       499     1.946590343363449e-02
                      499                       463    -3.704000438855986e-03
                      499                       503    -2.074296914547048e-02
                      503                       500     4.383796003017307e-02
                      500                       499    -1.232892495161950e-02
                      500                       504    -3.721043678204379e-02
                      504                       501     7.044116998908363e-02
                      501                       500    -2.246466727395713e-02
                      501                       505    -5.386621809631929e-02
                      505                       502     9.732711543737771e-02
                      502                       501    -3.347007509874422e-02
                      470                       503     3.475209885077570e-02
                      503                       467    -8.836346829180336e-03
                      503                       506    -3.176223140683038e-02
                      506                       504     5.852370960045912e-02
                      504                       503    -1.712444822375769e-02
                      504                       507    -4.807375833855010e-02
                      507                       505     8.406596506469374e-02
                      505                       504    -2.668836443378056e-02
                      472                       506     4.581400965853587e-02
                      506                       470    -1.208221538687447e-02
                      506                       508    -4.015870336061279e-02
                      508                       507     6.784511772533026e-02
                      507                       506    -1.954229920483840e-02
                      324                       508     5.228530919547338e-02
                      508                       472    -1.338578238239566e-02
                       52                       473     2.590426614495026e-02
                      473                       509    -4.328742365683685e-02
                      509                       474     1.924309749522752e-02
                      474                       510    -2.799877732793910e-02
                      510                       475     1.022472257953866e-02
                      475                       511    -8.988070812805815e-03
                      511                       476    -7.091672553115377e-04
                      476                       512     1.234068286334333e-02
                      512                       477    -1.262916083570877e-02
                      477                       513     3.394042262542882e-02
                      513                       478    -2.436294430086954e-02
                      478                       514     5.376429438641726e-02
                      514                       479    -3.487287278667710e-02
                      479                       515     7.036849358612404e-02
                      515                       480    -4.351661630994966e-02
                       59                       509     3.091859242864876e-02
                      509                        52     2.511363359635866e-02
                      509                       516    -4.957061289483299e-02
                      516                       510     2.208555514932033e-02
                      510                       509     1.784802777564085e-02
                      510                       517    -3.048621963220174e-02
                      517                       511     1.084339292483554e-02
                      511                       510     8.876760774283237e-03
                      511                       518    -8.157000418963457e-03
                      518                       512    -1.900335488590981e-03
                      512                       511    -1.134736567544198e-03
                      512                       519     1.524405842305708e-02
                      519                       513    -1.481227510743608e-02
                      513                       512    -1.119784924870406e-02
                      513                       520     3.725132988932751e-02
                      520                       514    -2.657935771658069e-02
                      514                       513    -2.030900214261850e-02
                      514                       521     5.593944568677366e-02
                      521                       515    -3.631841613167848e-02
                      515                       514    -2.776514471497464e-02
                       65                       516     3.479825496543728e-02
                      516                        59     2.774436840911276e-02
                      516                       522    -5.333490306405399e-02
                      522                       517     2.367124767246121e-02
                      517                       516     1.889758945850975e-02
                      517                       523    -3.088195276048745e-02
                      523                       518     1.058135247387009e-02
                      518                       517     8.653888973026450e-03
                      518                       524    -6.503637581607989e-03
                      524                       519    -3.139632276415305e-03
                      519                       518    -2.003441455567570e-03
                      519                       525     1.718374502523914e-02
                      525                       520    -1.600768115205894e-02
                      520                       519    -1.194212980626319e-02
                      520                       526     3.786012400999738e-02
                      526                       521    -2.689622627509656e-02
                      521                       520    -2.026774002726361e-02
                       70                       522     3.632414454354702e-02
                      522                        65     2.865006063963325e-02
                      522                       527    -5.312234023236906e-02
                      527                       523     2.337928119034593e-02
                      523                       522     1.855098656692472e-02
                      523                       528    -2.877632900279658e-02
                      528                       524     9.402210149912663e-03
                      524                       523     7.727407539292975e-03
                      524                       529    -4.346663932076443e-03
                      529                       525    -4.141577273097101e-03
                      525                       524    -2.703831269925067e-03
                      525                       530     1.773055377926968e-02
                      530                       526    -1.598234570466189e-02
                      526                       525    -1.173903031692208e-02
                       74                       527     3.490325276790861e-02
                      527                        70     2.729497472931029e-02
                      527                       531    -4.873734417455274e-02
                      531                       528     2.123394895012050e-02
                      528                       527     1.673732929134930e-02
                      528                       532    -2.466628649449508e-02
                      532                       529     7.615485300349374e-03
                      529                       528     6.284735261062555e-03
                      529                       533    -2.182953637367200e-03
                      533                       530    -4.715671139261969e-03
                      530                       529    -3.092197465684977e-03
                       77                       531     3.102359007287304e-02
                      531                        74     2.394750394766070e-02
                      531                       534    -4.147912344301895e-02
                      534                       532     1.791283095314410e-02
                      532                       531     1.392926252000270e-02
                      532                       535    -1.966525907082622e-02
                      535                       533     5.680535900428948e-03
                      533                       532     4.680880878034550e-03
                       79                       534     2.589339079089454e-02
                      534                        77     1.954788131307515e-02
                      534                       536    -3.327334158844877e-02
                      536                       535     1.428445036795769e-02
                      535                       534     1.084477606061138e-02
                       80                       536    -6.262500525843927e+00
                      536                        79     1.511042688202598e-02
                      360                       537    -7.401882626277606e-02
                      537                       367     8.860281394248691e-02
                      367                       538    -1.021986180919449e-01
                      538                       373     1.229405256550307e-01
                      373                       539    -1.418769336096241e-01
                      539                       378     1.723994986836619e-01
                      378                       540    -1.999712364041951e-01
                      540                       382     2.481702884770771e-01
                      382                       541    -2.929224881322910e-01
                      541                       385     3.808135494474223e-01
                      385                       542    -4.741535034170411e-01
                      542                       387     6.893545555857354e-01
                      387                       543    -1.063290816533737e+00
                      543                       388     1.948795339085365e+00
                      388                       544     2.377864152924748e+00
                      544                       225    -1.185530726267969e+00
                      537                       545    -9.321456847914426e-02
                      545                       538     9.549335557403751e-02
                      538                       537     5.865328064986255e-03
                      538                       546    -1.317657806382352e-01
                      546                       539     1.315587505964447e-01
                      539                       538     9.844060011662851e-03
                      539                       547    -1.883542947963378e-01
                      547                       540     1.816620355499049e-01
                      540                       539     1.745832517951700e-02
                      540                       548    -2.761744298045463e-01
                      548                       541     2.531110816649145e-01
                      541                       540     3.425542061473042e-02
                      541                       549    -4.272374110278314e-01
                      549                       542     3.547769453318951e-01
                      542                       541     8.322654142861131e-02
                      542                       550    -7.003236103219832e+00
                      550                       543    -5.918341394174550e+00
                      543                       542     3.648439130050523e-01
                      543                       551    -7.346476123713334e+00
                      551                       544    -8.773604073916891e-01
                      544                       543    -4.334389968094281e+00
                      545                       552    -1.112016840252804e-01
                      552                       546     9.332544919637528e-02
                      546                       545     2.718007712126837e-02
                      546                       553    -1.573072409268120e-01
                      553                       547     1.217746876356293e-01
                      547                       546     4.629861922426616e-02
                      547                       554    -2.225855324735974e-01
                      554                       548     1.510601310114435e-01
                      548                       547     8.317211277574366e-02
                      548                       555    -6.597110691634031e+00
                      555                       549    -6.120399276783913e+00
                      549                       548     1.627860686607253e-01
                      549                       556    -6.710422713766837e+00
                      556                       550     8.322654142861166e-02
                      550                       549    -5.928408390313835e+00
                      550                       557    -4.741535034170501e-01
                      557                       551    -2.058972098763119e-01
                      551                       550     6.893545555857363e-01
                      552                       558    -1.225036945483818e-01
                      558                       553     7.862614395804962e-02
                      553                       552     5.386837918942095e-02
                      553                       559    -6.450934361422626e+00
                      559                       554    -6.193714743820516e+00
                      554                       553     8.947056335906817e-02
                      554                       560    -6.505770839653184e+00
                      560                       555     8.317211277574345e-02
                      555                       554    -6.132125176168141e+00
                      555                       561    -2.761744298045473e-01
                      561                       556     3.425542061472719e-02
                      556                       555     2.531110816649171e-01
                      556                       562    -2.929224881322928e-01
                      562                       557    -7.790023907281796e-02
                      557                       556     3.808135494474212e-01
                      558                       563    -6.405689001480257e+00
                      563                       559     5.386837918941879e-02
                      559                       558    -6.204559177103239e+00
                      559                       564    -1.573072409268122e-01
                      564                       560     4.629861922426702e-02
                      560                       559     1.217746876356281e-01
                      560                       565    -1.883542947963389e-01
                      565                       561     1.745832517951591e-02
                      561                       560     1.816620355499060e-01
                      561                       566    -1.999712364041943e-01
                      566                       562    -3.820822983056648e-02
                      562                       561     2.481702884770766e-01
                      563                       567    -1.112016840252809e-01
                      567                       564     2.718007712126847e-02
                      564                       563     9.332544919637661e-02
                      564                       568    -1.317657806382361e-01
                      568                       565     9.844060011662617e-03
                      565                       564     1.315587505964450e-01
                      565                       569    -1.418769336096233e-01
                      569                       566    -2.121872278167382e-02
                      566                       565     1.723994986836618e-01
                      567                       570    -9.321456847914483e-02
                      570                       568     5.865328064985726e-03
                      568                       567     9.549335557403792e-02
                      568                       571    -1.021986180919458e-01
                      571                       569    -1.259779240320643e-02
                      569                       568     1.229405256550309e-01
                      570                       480    -7.401882626277574e-02
                      480                       571    -7.781287291029137e-03
                      571                       570     8.860281394248821e-02
                      360                       572    -4.351661630994962e-02
                      572                       537    -2.369950956414367e-02
                      537                       573    -5.107192551995840e-02
                      573                       545    -3.399852779930757e-02
                      545                       574    -5.682133118223513e-02
                      574                       552    -4.507651055068053e-02
                      552                       575    -5.836002665387430e-02
                      575                       558    -5.415285166336781e-02
                      558                       576    -6.337338146010451e+00
                      576                       563    -5.836002665387340e-02
                      563                       577    -4.507651055068142e-02
                      577                       567    -5.682133118223699e-02
                      567                       578    -3.399852779930791e-02
                      578                       570    -5.107192551995728e-02
                      570                       515    -2.369950956414383e-02
                      572                       579    -3.631841613167860e-02
                      579                       573    -2.257842770806957e-02
                      573                       572     6.704095899962827e-02
                      573                       580    -4.140267828620354e-02
                      580                       574    -3.068780278253951e-02
                      574                       573     8.172751103861547e-02
                      574                       581    -4.424082372522415e-02
                      581                       575    -3.831623500523044e-02
                      575                       574     9.332312466353884e-02
                      575                       582    -4.330841989440070e-02
                      582                       576    -6.326493727073987e+00
                      576                       575    -6.185376394915687e+00
                      576                       583    -3.831623500523125e-02
                      583                       577    -4.424082372522405e-02
                      577                       576     9.332312466353868e-02
                      577                       584    -3.068780278253972e-02
                      584                       578    -4.140267828620391e-02
                      578                       577     8.172751103861492e-02
                      578                       521    -2.257842770806972e-02
                      515                       578     6.704095899962806e-02
                      579                       585    -2.689622627509707e-02
                      585                       580    -1.868868948388336e-02
                      580                       579     5.488875805134364e-02
                      580                       586    -2.961813150069912e-02
                      586                       581    -2.404750409835307e-02
                      581                       580     6.443170153213509e-02
                      581                       587    -3.030917767595962e-02
                      587                       582    -2.832848443118298e-02
                      582                       581     7.028437342073252e-02
                      582                       588    -6.311513791610769e+00
                      588                       583    -3.030917767595901e-02
                      583                       582    -6.212900933758854e+00
                      583                       589    -2.404750409835327e-02
                      589                       584    -2.961813150069967e-02
                      584                       583     6.443170153213534e-02
                      584                       526    -1.868868948388375e-02
                      521                       584     5.488875805134384e-02
                      585                       590    -1.598234570466191e-02
                      590                       586    -1.222024049659079e-02
                      586                       585     3.819340844356702e-02
                      586                       591    -1.693960213858540e-02
                      591                       587    -1.488472568172950e-02
                      587                       586     4.301640029541337e-02
                      587                       592    -1.660256755861057e-02
                      592                       588    -6.299787874738197e+00
                      588                       587    -6.238333460748775e+00
                      588                       593    -1.488472568172980e-02
                      593                       589    -1.693960213858537e-02
                      589                       588     4.301640029541353e-02
                      589                       530    -1.222024049659073e-02
                      526                       589     3.819340844356681e-02
                      590                       594    -4.715671139262197e-03
                      594                       591    -3.956570213111818e-03
                      591                       590     1.866306359468842e-02
                      591                       595    -4.823576553586459e-03
                      595                       592    -4.557369274771971e-03
                      592                       591     2.014701176144151e-02
                      592                       596    -6.287742676454358e+00
                      596                       593    -4.823576553586510e-03
                      593                       592    -6.263038295418145e+00
                      593                       533    -3.956570213111711e-03
                      530                       593     1.866306359468842e-02
                      594                       597     5.680535900428911e-03
                      597                       595     4.956572166252577e-03
                      595                       594    -1.333265774316390e-03
                      595                       598     5.509608197978331e-03
                      598                       596    -6.277675698981608e+00
                      596                       595    -6.284567493605669e+00
                      596                       535     4.956572166252314e-03
                      533                       596    -1.333265774316322e-03
                      597                       599     1.428445036795783e-02
                      599                       598     1.341819309908196e-02
                      598                       597    -1.955852830716035e-02
                      598                       536    -6.269767114080504e+00
                      535                       598    -6.302743835486746e+00
                      599                        80     2.068478133565928e-02
                      536                       599    -6.317752169462223e+00
                      572                       396     7.036849358612368e-02
                      396                       600    -3.487287278667704e-02
                      600                       403     5.376429438641733e-02
                      403                       601    -2.436294430086982e-02
                      601                       409     3.394042262542900e-02
                      409                       602    -1.262916083570894e-02
                      602                       414     1.234068286334332e-02
                      414                       603    -7.091672553114579e-04
                      603                       418    -8.988070812805815e-03
                      418                       604     1.022472257953857e-02
                      604                       421    -2.799877732793925e-02
                      421                       605     1.924309749522729e-02
                      605                       423    -4.328742365683685e-02
                      423                       159     2.590426614495001e-02
                      579                       600     5.593944568677318e-02
                      600                       572    -2.776514471497417e-02
                      600                       606    -2.657935771658096e-02
                      606                       601     3.725132988932747e-02
                      601                       600    -2.030900214261834e-02
                      601                       607    -1.481227510743616e-02
                      607                       602     1.524405842305711e-02
                      602                       601    -1.119784924870393e-02
                      602                       608    -1.900335488591157e-03
                      608                       603    -8.157000418963363e-03
                      603                       602    -1.134736567544009e-03
                      603                       609     1.084339292483538e-02
                      609                       604    -3.048621963220195e-02
                      604                       603     8.876760774283548e-03
                      604                       610     2.208555514932036e-02
                      610                       605    -4.957061289483350e-02
                      605                       604     1.784802777564121e-02
                      605                       165     3.091859242864905e-02
                      159                       605     2.511363359635920e-02
                      585                       606     3.786012400999725e-02
                      606                       579    -2.026774002726324e-02
                      606                       611    -1.600768115205916e-02
                      611                       607     1.718374502523906e-02
                      607                       606    -1.194212980626296e-02
                      607                       612    -3.139632276415450e-03
                      612                       608    -6.503637581608013e-03
                      608                       607    -2.003441455567390e-03
                      608                       613     1.058135247386984e-02
                      613                       609    -3.088195276048730e-02
                      609                       608     8.653888973026607e-03
                      609                       614     2.367124767246108e-02
                      614                       610    -5.333490306405402e-02
                      610                       609     1.889758945850992e-02
                      610                       170     3.479825496543718e-02
                      165                       610     2.774436840911324e-02
                      590                       611     1.773055377926971e-02
                      611                       585    -1.173903031692196e-02
                      611                       615    -4.141577273097261e-03
                      615                       612    -4.346663932076433e-03
                      612                       611    -2.703831269924953e-03
                      612                       616     9.402210149912606e-03
                      616                       613    -2.877632900279637e-02
                      613                       612     7.727407539292852e-03
                      613                       617     2.337928119034564e-02
                      617                       614    -5.312234023236932e-02
                      614                       613     1.855098656692497e-02
                      614                       174     3.632414454354634e-02
                      170                       614     2.865006063963326e-02
                      594                       615    -2.182953637367205e-03
                      615                       590    -3.092197465684796e-03
                      615                       618     7.615485300349149e-03
                      618                       616    -2.466628649449512e-02
                      616                       615     6.284735261062648e-03
                      616                       619     2.123394895012038e-02
                      619                       617    -4.873734417455277e-02
                      617                       616     1.673732929134949e-02
                      617                       177     3.490325276790843e-02
                      174                       617     2.729497472931005e-02
                      597                       618    -1.966525907082623e-02
                      618                       594     4.680880878033988e-03
                      618                       620     1.791283095314394e-02
                      620                       619    -4.147912344301920e-02
                      619                       618     1.392926252000315e-02
                      619                       179     3.102359007287297e-02
                      177                       619     2.394750394766119e-02
                      599                       620    -3.327334158844848e-02
                      620                       597     1.084477606061151e-02
                      620                       180     2.589339079089387e-02
                      179                       620     1.954788131307542e-02
                      180                       599     1.511042688202255e-02
                      331                       544     5.702672275533552e-01
                      544                       621     8.679487835280136e-02
                      621                       551     7.824214138789903e-01
                      551                       622    -3.012760594172771e-01
                      622                       557     4.978694270012294e-01
                      557                       623    -2.506887445029722e-01
                      623                       562     3.185981613334776e-01
                      562                       624    -1.870139144543516e-01
                      624                       566     2.152313220426014e-01
                      566                       625    -1.382928869923400e-01
                      625                       569     1.502077674816505e-01
                      569                       626    -1.020740563195900e-01
                      626                       571     1.065277335629169e-01
                      571                       487    -7.512731172349565e-02
                      337                       621     3.854387089092404e-01
                      621                       331    -6.493316298216700e-01
                      621                       627     2.063148742448143e-02
                      627                       622     4.417844891244284e-01
                      622                       621    -4.720530065187795e-01
                      622                       628    -1.240895937229856e-01
                      628                       623     3.503907977471424e-01
                      623                       622    -2.370672699572386e-01
                      623                       629    -1.433272874624388e-01
                      629                       624     2.532226828259785e-01
                      624                       623    -1.210874678386367e-01
                      624                       630    -1.237725956472411e-01
                      630                       625     1.798315522234037e-01
                      625                       624    -6.682502250924588e-02
                      625                       631    -9.798922838265928e-02
                      631                       626     1.273935616319182e-01
                      626                       625    -3.904136321913144e-02
                      626                       493    -7.464663155098936e-02
                      487                       626    -2.366994575494951e-02
                      342                       627     2.690908150285090e-01
                      627                       337    -3.969778483907968e-01
                      627                       632     8.805968347099643e-03
                      632                       628     2.876259361456313e-01
                      628                       627    -3.071979704258138e-01
                      628                       633    -6.192476431959255e-02
                      633                       629     2.460012818118085e-01
                      629                       628    -1.957232288058041e-01
                      629                       634    -8.344484702688786e-02
                      634                       630     1.899079414131345e-01
                      630                       629    -1.181098056998376e-01
                      630                       635    -7.929402669586239e-02
                      635                       631     1.398733596278955e-01
                      631                       630    -7.134539886511604e-02
                      631                       498    -6.621615293161748e-02
                      493                       631    -4.365458213800021e-02
                      346                       632     1.946489277614773e-01
                      632                       342    -2.677833708345930e-01
                      632                       636     4.588484281503367e-03
                      636                       633     1.985803335905411e-01
                      633                       632    -2.143608903471409e-01
                      633                       637    -3.428223958982177e-02
                      637                       634     1.733868406295937e-01
                      634                       633    -1.507513123533634e-01
                      634                       638    -4.971047539134074e-02
                      638                       635     1.377920361546168e-01
                      635                       634    -9.927363323837371e-02
                      635                       502    -4.994061407333253e-02
                      498                       635    -6.354379415526201e-02
                      349                       636     1.422707655938786e-01
                      636                       346    -1.887406330024949e-01
                      636                       639     2.612979367923813e-03
                      639                       637     1.395787672208117e-01
                      637                       636    -1.529578125218193e-01
                      637                       640    -1.997374691750571e-02
                      640                       638     1.215437647437772e-01
                      638                       637    -1.123360837593548e-01
                      638                       505    -2.996329463889546e-02
                      502                       638    -7.735464304079613e-02
                      351                       639     1.034715503356136e-01
                      639                       349    -1.347703324207865e-01
                      639                       641     1.550658724752253e-03
                      641                       640     9.792040663305321e-02
                      640                       639    -1.091080953276780e-01
                      640                       507    -1.190274979319111e-02
                      505                       640    -8.146705756386606e-02
                      352                       641     7.425536737646185e-02
                      641                       351    -9.592986111743701e-02
                      641                       508     9.360760117231603e-04
                      507                       641    -7.692530889693346e-02
                      508                       352    -6.746096730371193e-02
