                  -2.2793108653135395885724890e-02                    7.0149975262801658737465971e-02                    9.9727601754406725031998349e-01 
                   1.6136817517781291281275813e-02                    1.8974110986483919139011789e-01                    9.8170154036125301111326280e-01 
                   5.8393449755184435867594317e-02                    3.1852082541986953545531946e-01                    9.4611557898574627500920542e-01 
                   1.0126628601970233400919597e-01                    4.4933394431398315793657616e-01                    8.8760585047813544967709731e-01 
                   1.4148671135738138948667597e-01                    5.7311968523394429819717288e-01                    8.0716499980277733872213730e-01 
                   1.7634858923537144459459114e-01                    6.8154941632325183320517681e-01                    7.1020530002537207714397027e-01 
                   2.0454068233600500303914771e-01                    7.6958858295607834865137420e-01                    6.0489381072480541412517141e-01 
                   2.2616056692636496427972759e-01                    8.3635060411309880556984808e-01                    4.9936866638506655080576024e-01 
                  -1.2458198573917082796480571e-01                    1.4401879905633216405469454e-01                    9.8170154036125301111326280e-01 
                  -8.9332467671428730793259376e-02                    2.7493706508759679918441066e-01                    9.5730314971839081117366277e-01 
                  -3.9916312804616937981450064e-02                    1.2284977878350729352252557e-01                    9.9162221628245461602091382e-01 
                  -4.9465614195779397666008492e-02                    4.1231249521501844856885555e-01                    9.0969860904686428160204059e-01 
                  -4.7055486604786339599471034e-03                    2.5381290060529609897699288e-01                    9.6724188768794017168062283e-01 
                  -7.4960432405362445451579845e-03                    5.4658968669148055852247126e-01                    8.3736701853980677334732263e-01 
                   3.4681965580857072872777991e-02                    3.9134971514047528495794381e-01                    9.1958825662516874288598956e-01 
                   3.3437898521340124469158894e-02                    6.6746327147849648930844069e-01                    7.4389158361262519569834240e-01 
                   7.6393202250021038923755157e-02                    5.2573111211913359230862852e-01                    8.4721359549995800541921653e-01 
                   7.0667340474219117463228201e-02                    7.6736584056865619896115049e-01                    6.3730353342709500363838515e-01 
                   1.1760600305109959740068604e-01                    6.4656366009874455258454873e-01                    7.5374018168468359668565881e-01 
                   1.0271559972803263882656921e-01                    8.4356883588842934695861686e-01                    5.2710636942684607753051296e-01 
                   1.5533075032421728156606378e-01                    7.4635398334095148786815344e-01                    6.4716928971854836838417668e-01 
                   1.8742649392096455418510459e-01                    8.2253899233804494972588373e-01                    5.3693660283129163168780451e-01 
                  -2.3446313694194864662989630e-01                    2.2336595223043120839179210e-01                    9.4611557898574627500920542e-01 
                  -2.0233268150171856980534812e-01                    3.6264297414195745261622505e-01                    9.0969860904686439262434305e-01 
                  -1.4538061098318291741726682e-01                    2.0810480208785778200031302e-01                    9.6724188768794017168062283e-01 
                  -1.6367864965884917904936913e-01                    5.0375108544211588679218039e-01                    8.4820053263467465320957217e-01 
                  -1.1285511735993360160623666e-01                    3.4733233678464864313539806e-01                    9.3092640434643980640316840e-01 
                  -1.2088008925397035475679530e-01                    6.3547151021501202539099040e-01                    7.6260341182491708789115137e-01 
                  -7.4227092909766603789911699e-02                    4.8846457404738102825447754e-01                    8.6942089840242253728774813e-01 
                  -7.7177750533341013539079256e-02                    7.4783024477963833120952586e-01                    6.5938874711010930784738093e-01 
                  -3.1423527128080545878230367e-02                    6.2020040378607421693857304e-01                    7.8381376683905035207544643e-01 
                  -3.5564427664530065542614068e-02                    8.3551323533894905626340233e-01                    5.4831816043090919610136780e-01 
                   1.2313539708851569537406689e-02                    7.3256185201558365882590351e-01                    6.8058909020886937391026095e-01 
                   5.3537318953606478910689503e-02                    8.2031124030329527485605468e-01                    5.6940602781436133739134675e-01 
                  -3.4603801216934004791880852e-01                    3.0399596762272618200029228e-01                    8.8760585047813544967709731e-01 
                  -3.1521293052025256553605459e-01                    4.4660640915081972757150197e-01                    8.3736701853980677334732263e-01 
                  -2.5808789060167214302055072e-01                    2.9622302240349618340786719e-01                    9.1958825662516874288598956e-01 
                  -2.7572673546838732949737505e-01                    5.8515878496433937350218457e-01                    7.6260341182491697686884891e-01 
                  -2.2706129328532592692724279e-01                    4.3880573208735512702460824e-01                    8.6942089840242253728774813e-01 
                  -2.3016207465860302749938171e-01                    7.0836602805888404521539314e-01                    6.6726530681650764176282564e-01 
                  -1.8759247408507992438408962e-01                    5.7735026918962584208117050e-01                    7.9465447229176622290225396e-01 
                  -1.8218571947499331842301729e-01                    8.0828147137653816312052868e-01                    5.5990126508944193517436361e-01 
                  -1.4201539344851762947108398e-01                    7.0055009791935562990516928e-01                    6.9932909872880599788658174e-01 
                  -9.4244255058862247409479096e-02                    8.0048188218454441322791126e-01                    5.9190098553954895166384631e-01 
                  -4.5133645274536116076546932e-01                    3.8049976283385084085963967e-01                    8.0716499980277744974443976e-01 
                  -4.1937689558189666927390249e-01                    5.2033482612870674000049576e-01                    7.4389158361262530672064486e-01 
                  -3.7082039324993693041321308e-01                    3.8042260651806142357500562e-01                    8.4721359549995800541921653e-01 
                  -3.7712547733063861432611930e-01                    6.5037132050290957785421142e-01                    6.5938874711010919682507847e-01 
                  -3.3912248334147210293565422e-01                    5.2022295240203675348311663e-01                    7.8381376683905035207544643e-01 
                  -3.2770458538869351450273371e-01                    7.6099952566770168171927935e-01                    5.5990126508944193517436361e-01 
                  -2.9688014928634987033007064e-01                    6.5023148849534395665727970e-01                    6.9932909872880588686427927e-01 
                  -2.4721359549995794435695018e-01                    7.6084521303612284715001124e-01                    6.0000000000000008881784197e-01 
                  -5.4327370124881280144535367e-01                    4.4772996029670242279507875e-01                    7.1020530002537218816627274e-01 
                  -5.0821740359019718091815321e-01                    5.7927478537338239483744928e-01                    6.3730353342709500363838515e-01 
                  -4.7518583918313689329337990e-01                    4.5395391479065144713089808e-01                    7.5374018168468359668565881e-01 
                  -4.6233013145158136092405243e-01                    6.9684865250183802842798286e-01                    5.4831816043090897405676287e-01 
                  -4.4055091589219297354418359e-01                    5.8541727066701187975894527e-01                    6.8058909020886926288795848e-01 
                  -3.9426624111056951527132242e-01                    7.0299882961343040932433723e-01                    5.9190098553954884064154385e-01 
                  -6.1782970744512111238577745e-01                    5.0238424571745798896671431e-01                    6.0489381072480552514747387e-01 
                  -5.7893598679614144408844822e-01                    6.2208680945831595909822909e-01                    5.2710636942684607753051296e-01 
                  -5.6436108115885708080838867e-01                    5.1251193207416689823219258e-01                    6.4716928971854836838417668e-01 
                  -5.2547945020676367633427617e-01                    6.3217728755394897444119806e-01                    5.6940602781436122636904429e-01 
                  -6.7456229294448200040079655e-01                    5.4368800609382861299678780e-01                    4.9936866638506655080576024e-01 
                  -6.3510750790998748982474353e-01                    5.5528149432189521927938358e-01                    5.3693660283129163168780451e-01 
                   5.9673133163177842497315595e-02                    4.3355069022375784804079757e-02                    9.9727601754406725031998349e-01 
                   9.8472066525145951487729690e-02                    1.6298876576810553129526227e-01                    9.8170154036125301111326280e-01 
                   1.3998055051770100232211291e-01                    2.9201156942358907908641186e-01                    9.4611557898574616398690296e-01 
                   1.8218571947499334617859290e-01                    4.2304162657635119293431103e-01                    8.8760585047813544967709731e-01 
                   2.2240614481267234614492168e-01                    5.4682736749631233319490775e-01                    8.0716499980277744974443976e-01 
                   2.5793568999788801798800364e-01                    6.5504016032697154336972289e-01                    7.1020530002537207714397027e-01 
                   2.8687593134336969447062415e-01                    7.4283623885934479957882104e-01                    6.0489381072480552514747387e-01 
                   3.0862680874267822694889674e-01                    8.0955569787267300796429481e-01                    4.9936866638506655080576024e-01 
                   1.8544106979415178604320147e-01                    4.3286202027247581980429203e-02                    9.8170154036125301111326280e-01 
                   2.3387543666270163567055818e-01                    1.6992045099127689455897894e-01                    9.5730314971839070015136031e-01 
                   1.0450226362805975499625788e-01                    7.5925338798613226098943585e-02                    9.9162221628245461602091382e-01 
                   2.8236972654487901834841068e-01                    3.0449265710222078729074724e-01                    9.0969860904686428160204059e-01 
                   1.5299434865155389640101191e-01                    2.0257309787471006190529010e-01                    9.6724188768794017168062283e-01 
                   3.2734178326457891161638258e-01                    4.3779428181615215320832135e-01                    8.3736701853980666232502017e-01 
                   2.0197129149519132962353751e-01                    3.3699411818138214069762171e-01                    9.1958825662516874288598956e-01 
                   3.6527323926199845027795732e-01                    5.5964343336569888354148361e-01                    7.4389158361262519569834240e-01 
                   2.4721359549995799986810141e-01                    4.7022820183397850968276543e-01                    8.4721359549995789439691407e-01 
                   3.9387524480834951168262137e-01                    6.6234922647233640535802124e-01                    6.3730353342709500363838515e-01 
                   2.8489532896543390272370289e-01                    5.9220806313965146383537785e-01                    7.5374018168468359668565881e-01 
                   4.1273865526135511405669831e-01                    7.4283623885934479957882104e-01                    5.2710636942684607753051296e-01 
                   3.1303064763624977029365937e-01                    6.9511418061036533977414820e-01                    6.4716928971854825736187422e-01 
                   3.3184507035364124716281253e-01                    7.7561455235315079903557489e-01                    5.3693660283129174271010697e-01 
                   3.2097587492580953449916592e-01                    4.2892877218453639986961434e-02                    9.4611557898574616398690296e-01 
                   3.7684676990046717115490083e-01                    1.7445616272801797719260719e-01                    9.0969860904686428160204059e-01 
                   2.3993631853649485807800090e-01                    8.2907742394927971818496815e-02                    9.6724188768794006065832036e-01 
                   4.2851626803955344957586249e-01                    3.1133529267288001518565466e-01                    8.4820053263467465320957217e-01 
                   2.9545853305266439603471440e-01                    2.1466318952483826043575732e-01                    9.3092640434643969538086594e-01 
                   4.7131482844443228774622412e-01                    4.4305571744577620929561590e-01                    7.6260341182491697686884891e-01 
                   3.4716325249942475705822176e-01                    3.5154655102154719337193001e-01                    8.6942089840242253728774813e-01 
                   5.0200170086884476905453312e-01                    5.5964343336569877251918115e-01                    6.5938874711010919682507847e-01 
                   3.8996681828111073864207015e-01                    4.8328238076024049307832797e-01                    7.8381376683905024105314396e-01 
                   5.1987458420322796293078227e-01                    6.5504016032697143234742043e-01                    5.4831816043090908507906533e-01 
                   4.2062719012144961228116813e-01                    5.9989270475577338714856523e-01                    6.8058909020886937391026095e-01 
                   4.3885424847328424746706332e-01                    6.9511418061036522875184573e-01                    5.6940602781436133739134675e-01 
                   4.5863497906973960116516764e-01                    4.2541863742500386769140874e-02                    8.8760585047813544967709731e-01 
                   5.1752127851576390504817482e-01                    1.7603466290808775229770333e-01                    8.3736701853980677334732263e-01 
                   3.8291301349741296844442218e-01                    8.7949203358603220137545975e-02                    9.1958825662516874288598956e-01 
                   5.6701531884887212964230230e-01                    3.1133529267287984865220096e-01                    7.6260341182491708789115137e-01 
                   4.4161998297493226806054167e-01                    2.2153801492823999019776693e-01                    8.6942089840242253728774813e-01 
                   6.0257213437741341532927208e-01                    4.3779428181615193116371643e-01                    6.6726530681650764176282564e-01 
                   4.9112347318842297649865714e-01                    3.5682208977308993436139417e-01                    7.9465447229176622290225396e-01 
                   6.2248727176408613637192957e-01                    5.4682736749631244421721021e-01                    5.5990126508944193517436361e-01 
                   5.2666588281174053776112487e-01                    4.8328238076024038205602551e-01                    6.9932909872880599788658174e-01 
                   5.4675664904022291956664503e-01                    5.9220806313965135281307539e-01                    5.9190098553954895166384631e-01 
                   5.8879100954642382692583169e-01                    4.2541863742500372891353067e-02                    8.0716499980277744974443976e-01 
                   6.4512817262658428418831136e-01                    1.7445616272801794943703158e-01                    7.4389158361262519569834240e-01 
                   5.2360679774997898050514777e-01                    8.9805595315917113863335430e-02                    8.4721359549995800541921653e-01 
                   6.8737959087784228362494332e-01                    3.0449265710222073177959601e-01                    6.5938874711010908580277601e-01 
                   5.8013523152385237935391160e-01                    2.2153801492824004570891816e-01                    7.8381376683905035207544643e-01 
                   7.1242287690309147318856731e-01                    4.2304162657635119293431103e-01                    5.5990126508944193517436361e-01 
                   6.2237756557897450093719272e-01                    3.5154655102154713786077878e-01                    6.9932909872880588686427927e-01 
                   6.4721359549995793880583506e-01                    4.7022820183397839866046297e-01                    6.0000000000000019984014443e-01 
                   7.0268672457916381279829920e-01                    4.2892877218453605292491915e-02                    7.1020530002537207714397027e-01 
                   7.5164569220894272838506822e-01                    1.6992045099127683904782771e-01                    6.3730353342709511466068761e-01 
                   6.5126083571985737830090102e-01                    8.7949203358603206259758167e-02                    7.5374018168468370770796128e-01 
                   7.8363029437639541985305414e-01                    2.9201156942358913459756309e-01                    5.4831816043090908507906533e-01 
                   7.0051281597961279068442764e-01                    2.1466318952483820492460609e-01                    6.8058909020886926288795848e-01 
                   7.3218043379242481183410973e-01                    3.3699411818138208518647048e-01                    5.9190098553954906268614877e-01 
                   7.9512878356960481340820479e-01                    4.3286202027247581980429203e-02                    6.0489381072480552514747387e-01 
                   8.3402250421858459272783648e-01                    1.6298876576810553129526227e-01                    5.2710636942684607753051296e-01 
                   7.5782466091845135380822285e-01                    8.2907742394927999574072430e-02                    6.4716928971854825736187422e-01 
                   7.9670629187054498032694028e-01                    2.0257309787470997863856326e-01                    5.6940602781436133739134675e-01 
                   8.6530415058687026874650883e-01                    4.3355069022375798681867565e-02                    4.9936866638506655080576024e-01 
                   8.4019904038763792986088674e-01                    7.5925338798613226098943585e-02                    5.3693660283129163168780451e-01 
                  -7.3760049020084858528711891e-02                   -1.4849888094367815047324093e-17                    9.9727601754406725031998349e-01 
                  -1.7546796809790815574459089e-01                    7.3980252932350970551667046e-02                    9.8170154036125301111326280e-01 
                  -2.8488673825674631912008294e-01                    1.5396381901569719530264990e-01                    9.4611557898574616398690296e-01 
                  -3.9604897239509528894529922e-01                    2.3516178614259380941220456e-01                    8.8760585047813544967709731e-01 
                  -5.0134741297111640179196002e-01                    3.1166558135371835724924949e-01                    8.0716499980277744974443976e-01 
                  -5.9369730256361041842438908e-01                    3.7832782708196832643920970e-01                    7.1020530002537218816627274e-01 
                  -6.6871568980385842628777482e-01                    4.3234569959347690648598928e-01                    6.0489381072480552514747387e-01 
                  -7.2552923331143137630760975e-01                    4.7353803083102691262595840e-01                    4.9936866638506649529460901e-01 
                  -1.7546796809790812798901527e-01                   -7.3980252932350984429454854e-02                    9.8170154036125301111326280e-01 
                  -2.8908593798254578199902198e-01                    7.1919974268879458724854149e-19                    9.5730314971839070015136031e-01 
                  -1.2917190164688568954076686e-01                   -1.4171379529381736034264154e-17                    9.9162221628245461602091382e-01 
                  -4.0741820074784812488744024e-01                    8.0366973301141828023297364e-02                    9.0969860904686428160204059e-01 
                  -2.4284450754438718922401108e-01                    7.3957256962343717598962201e-02                    9.6724188768794006065832036e-01 
                  -5.2215408801955420781126804e-01                    1.6177634136740329240389258e-01                    8.3736701853980666232502017e-01 
                  -3.6147837997178933200359552e-01                    1.5391822208579988839893815e-01                    9.1958825662516874288598956e-01 
                  -6.2446241482802622435599460e-01                    2.3805882528789118479650710e-01                    7.4389158361262530672064486e-01 
                  -4.7639320225002101949485223e-01                    2.3511410091698922708580710e-01                    8.4721359549995789439691407e-01 
                  -7.0797087390131407946824993e-01                    3.0433772028578570667534109e-01                    6.3730353342709500363838515e-01 
                  -5.7857632855325402676527347e-01                    3.1164911447295512436639342e-01                    7.5374018168468359668565881e-01 
                  -7.7054077241183083213371674e-01                    3.5836544666112596368989784e-01                    5.2710636942684607753051296e-01 
                  -6.6182497772006143588185978e-01                    3.7836438694865270893075149e-01                    6.4716928971854825736187422e-01 
                  -7.2436309675225618587290910e-01                    4.3243171553838793963464582e-01                    5.3693660283129163168780451e-01 
                  -2.8488673825674631912008294e-01                   -1.5396381901569716754707429e-01                    9.4611557898574627500920542e-01 
                  -4.0741820074784818039859147e-01                   -8.0366973301141828023297364e-02                    9.0969860904686428160204059e-01 
                  -2.4284450754438718922401108e-01                   -7.3957256962343800865689047e-02                    9.6724188768794006065832036e-01 
                  -5.2967523676140859656413795e-01                    1.4310676310599074558177880e-17                    8.4820053263467465320957217e-01 
                  -3.6520683138546161661253109e-01                    3.3962067065958220721423916e-17                    9.3092640434643969538086594e-01 
                  -6.4172332257094666374541703e-01                    8.1407699522223667121245683e-02                    7.6260341182491708789115137e-01 
                  -4.8749484927926434174594306e-01                    8.0349694133281274188718157e-02                    8.6942089840242253728774813e-01 
                  -7.3507806388270724440303638e-01                    1.5769185198674948167330001e-01                    6.5938874711010919682507847e-01 
                  -5.9955603933541057326550572e-01                    1.6176691444796284513607532e-01                    7.8381376683905035207544643e-01 
                  -8.0561031946351202570610894e-01                    2.2436400806627124215886226e-01                    5.4831816043090908507906533e-01 
                  -6.9290262991772111345056828e-01                    2.3808493388236315335682036e-01                    6.8058909020886937391026095e-01 
                  -7.6361840909067202343152303e-01                    3.0440712998630908847630394e-01                    5.6940602781436133739134675e-01 
                  -3.9604897239509517792299675e-01                   -2.3516178614259375390105333e-01                    8.8760585047813544967709731e-01 
                  -5.2215408801955420781126804e-01                   -1.6177634136740329240389258e-01                    8.3736701853980666232502017e-01 
                  -3.6147837997178927649244429e-01                   -1.5391822208579988839893815e-01                    9.1958825662516874288598956e-01 
                  -6.4172332257094688579002195e-01                   -8.1407699522223458954428565e-02                    7.6260341182491708789115137e-01 
                  -4.8749484927926439725709429e-01                   -8.0349694133281301944293773e-02                    8.6942089840242253728774813e-01 
                  -7.4482011943762105321553690e-01                   -3.9772641212843532032840602e-17                    6.6726530681650764176282564e-01 
                  -6.0706199820668615974028626e-01                    5.6277938268759818227082871e-17                    7.9465447229176622290225396e-01 
                  -8.2501984380349102643492643e-01                    7.6503795211124658859347392e-02                    5.5990126508944193517436361e-01 
                  -7.1014790565584751114158735e-01                    8.1417220314681779114174276e-02                    6.9932909872880588686427927e-01 
                  -7.9042658666321585769765079e-01                    1.5773089238715534698975773e-01                    5.9190098553954895166384631e-01 
                  -5.0134741297111629076965755e-01                   -3.1166558135371841276040072e-01                    8.0716499980277744974443976e-01 
                  -6.2446241482802633537829706e-01                   -2.3805882528789124030765834e-01                    7.4389158361262519569834240e-01 
                  -4.7639320225002113051715469e-01                   -2.3511410091698919933023149e-01                    8.4721359549995800541921653e-01 
                  -7.3507806388270735542533885e-01                   -1.5769185198674948167330001e-01                    6.5938874711010919682507847e-01 
                  -5.9955603933541057326550572e-01                   -1.6176691444796290064722655e-01                    7.8381376683905035207544643e-01 
                  -8.2501984380349113745722889e-01                   -7.6503795211124756003862046e-02                    5.5990126508944182415206114e-01 
                  -7.1014790565584762216388981e-01                   -8.1417220314681529313993735e-02                    6.9932909872880599788658174e-01 
                  -7.9999999999999993338661852e-01                    1.0432632380121643184525540e-16                    6.0000000000000008881784197e-01 
                  -5.9369730256361052944669154e-01                   -3.7832782708196832643920970e-01                    7.1020530002537207714397027e-01 
                  -7.0797087390131419049055239e-01                   -3.0433772028578576218649232e-01                    6.3730353342709500363838515e-01 
                  -5.7857632855325413778757593e-01                   -3.1164911447295512436639342e-01                    7.5374018168468359668565881e-01 
                  -8.0561031946351213672841141e-01                   -2.2436400806627121440328665e-01                    5.4831816043090897405676287e-01 
                  -6.9290262991772111345056828e-01                   -2.3808493388236320886797159e-01                    6.8058909020886926288795848e-01 
                  -7.9042658666321585769765079e-01                   -1.5773089238715537474533335e-01                    5.9190098553954884064154385e-01 
                  -6.6871568980385842628777482e-01                   -4.3234569959347685097483804e-01                    6.0489381072480563616977634e-01 
                  -7.7054077241183094315601920e-01                   -3.5836544666112585266759538e-01                    5.2710636942684607753051296e-01 
                  -6.6182497772006143588185978e-01                   -3.7836438694865281995305395e-01                    6.4716928971854825736187422e-01 
                  -7.6361840909067213445382549e-01                   -3.0440712998630925500975763e-01                    5.6940602781436122636904429e-01 
                  -7.2552923331143148732991222e-01                   -4.7353803083102685711480717e-01                    4.9936866638506649529460901e-01 
                  -7.2436309675225629689521156e-01                   -4.3243171553838793963464582e-01                    5.3693660283129152066550205e-01 
                  -2.2793108653135388946830986e-02                   -7.0149975262801672615253779e-02                    9.9727601754406725031998349e-01 
                  -1.2458198573917078633144229e-01                   -1.4401879905633216405469454e-01                    9.8170154036125301111326280e-01 
                  -2.3446313694194859111874507e-01                   -2.2336595223043126390294333e-01                    9.4611557898574616398690296e-01 
                  -3.4603801216933999240765729e-01                   -3.0399596762272607097798982e-01                    8.8760585047813544967709731e-01 
                  -4.5133645274536116076546932e-01                   -3.8049976283385089637079091e-01                    8.0716499980277744974443976e-01 
                  -5.4327370124881280144535367e-01                   -4.4772996029670242279507875e-01                    7.1020530002537218816627274e-01 
                  -6.1782970744512111238577745e-01                   -5.0238424571745798896671431e-01                    6.0489381072480541412517141e-01 
                  -6.7456229294448200040079655e-01                   -5.4368800609382850197448533e-01                    4.9936866638506660631691148e-01 
                   1.6136817517781294750722765e-02                   -1.8974110986483919139011789e-01                    9.8170154036125301111326280e-01 
                  -8.9332467671428730793259376e-02                   -2.7493706508759674367325943e-01                    9.5730314971839081117366277e-01 
                  -3.9916312804616910225874449e-02                   -1.2284977878350729352252557e-01                    9.9162221628245461602091382e-01 
                  -2.0233268150171859756092374e-01                   -3.6264297414195745261622505e-01                    9.0969860904686439262434305e-01 
                  -1.4538061098318288966169121e-01                   -2.0810480208785789302261549e-01                    9.6724188768794017168062283e-01 
                  -3.1521293052025256553605459e-01                   -4.4660640915081967206035074e-01                    8.3736701853980677334732263e-01 
                  -2.5808789060167214302055072e-01                   -2.9622302240349612789671596e-01                    9.1958825662516874288598956e-01 
                  -4.1937689558189655825160003e-01                   -5.2033482612870685102279822e-01                    7.4389158361262519569834240e-01 
                  -3.7082039324993693041321308e-01                   -3.8042260651806142357500562e-01                    8.4721359549995789439691407e-01 
                  -5.0821740359019729194045567e-01                   -5.7927478537338239483744928e-01                    6.3730353342709511466068761e-01 
                  -4.7518583918313694880453113e-01                   -4.5395391479065139161974685e-01                    7.5374018168468359668565881e-01 
                  -5.7893598679614144408844822e-01                   -6.2208680945831607012053155e-01                    5.2710636942684607753051296e-01 
                  -5.6436108115885708080838867e-01                   -5.1251193207416689823219258e-01                    6.4716928971854836838417668e-01 
                  -6.3510750790998760084704600e-01                   -5.5528149432189510825708112e-01                    5.3693660283129163168780451e-01 
                   5.8393449755184415050912605e-02                   -3.1852082541986953545531946e-01                    9.4611557898574627500920542e-01 
                  -4.9465614195779439299371916e-02                   -4.1231249521501844856885555e-01                    9.0969860904686428160204059e-01 
                  -4.7055486604786096738184398e-03                   -2.5381290060529609897699288e-01                    9.6724188768794017168062283e-01 
                  -1.6367864965884917904936913e-01                   -5.0375108544211599781448285e-01                    8.4820053263467465320957217e-01 
                  -1.1285511735993360160623666e-01                   -3.4733233678464869864654929e-01                    9.3092640434643969538086594e-01 
                  -2.7572673546838738500852628e-01                   -5.8515878496433937350218457e-01                    7.6260341182491708789115137e-01 
                  -2.2706129328532598243839402e-01                   -4.3880573208735512702460824e-01                    8.6942089840242253728774813e-01 
                  -3.7712547733063861432611930e-01                   -6.5037132050290979989881635e-01                    6.5938874711010919682507847e-01 
                  -3.3912248334147204742450299e-01                   -5.2022295240203697552772155e-01                    7.8381376683905024105314396e-01 
                  -4.6233013145158141643520366e-01                   -6.9684865250183791740568040e-01                    5.4831816043090908507906533e-01 
                  -4.4055091589219291803303236e-01                   -5.8541727066701176873664281e-01                    6.8058909020886937391026095e-01 
                  -5.2547945020676367633427617e-01                   -6.3217728755394897444119806e-01                    5.6940602781436122636904429e-01 
                   1.0126628601970233400919597e-01                   -4.4933394431398310242542493e-01                    8.8760585047813544967709731e-01 
                  -7.4960432405362350041788666e-03                   -5.4658968669148055852247126e-01                    8.3736701853980677334732263e-01 
                   3.4681965580857121445035318e-02                   -3.9134971514047528495794381e-01                    9.1958825662516874288598956e-01 
                  -1.2088008925397043802352215e-01                   -6.3547151021501202539099040e-01                    7.6260341182491708789115137e-01 
                  -7.4227092909766631545487314e-02                   -4.8846457404738102825447754e-01                    8.6942089840242253728774813e-01 
                  -2.3016207465860297198823048e-01                   -7.0836602805888404521539314e-01                    6.6726530681650764176282564e-01 
                  -1.8759247408507992438408962e-01                   -5.7735026918962584208117050e-01                    7.9465447229176622290225396e-01 
                  -3.2770458538869351450273371e-01                   -7.6099952566770168171927935e-01                    5.5990126508944204619666607e-01 
                  -2.9688014928634987033007064e-01                   -6.5023148849534406767958217e-01                    6.9932909872880577584197681e-01 
                  -3.9426624111056945976017118e-01                   -7.0299882961343040932433723e-01                    5.9190098553954906268614877e-01 
                   1.4148671135738136173110036e-01                   -5.7311968523394429819717288e-01                    8.0716499980277744974443976e-01 
                   3.3437898521340152224734510e-02                   -6.6746327147849648930844069e-01                    7.4389158361262519569834240e-01 
                   7.6393202250021066679330772e-02                   -5.2573111211913359230862852e-01                    8.4721359549995800541921653e-01 
                  -7.7177750533341055172442680e-02                   -7.4783024477963833120952586e-01                    6.5938874711010930784738093e-01 
                  -3.1423527128080532000442560e-02                   -6.2020040378607432796087551e-01                    7.8381376683905035207544643e-01 
                  -1.8218571947499348495647098e-01                   -8.0828147137653816312052868e-01                    5.5990126508944193517436361e-01 
                  -1.4201539344851765722665959e-01                   -7.0055009791935562990516928e-01                    6.9932909872880599788658174e-01 
                  -2.4721359549995794435695018e-01                   -7.6084521303612284715001124e-01                    5.9999999999999997779553951e-01 
                   1.7634858923537141683901552e-01                   -6.8154941632325194422747927e-01                    7.1020530002537207714397027e-01 
                   7.0667340474219117463228201e-02                   -7.6736584056865619896115049e-01                    6.3730353342709500363838515e-01 
                   1.1760600305109958352289823e-01                   -6.4656366009874455258454873e-01                    7.5374018168468359668565881e-01 
                  -3.5564427664530169626022627e-02                   -8.3551323533894916728570479e-01                    5.4831816043090908507906533e-01 
                   1.2313539708851540047107598e-02                   -7.3256185201558365882590351e-01                    6.8058909020886937391026095e-01 
                  -9.4244255058862247409479096e-02                   -8.0048188218454430220560880e-01                    5.9190098553954895166384631e-01 
                   2.0454068233600503079472333e-01                   -7.6958858295607834865137420e-01                    6.0489381072480563616977634e-01 
                   1.0271559972803262494878140e-01                   -8.4356883588842934695861686e-01                    5.2710636942684607753051296e-01 
                   1.5533075032421733707721501e-01                   -7.4635398334095148786815344e-01                    6.4716928971854836838417668e-01 
                   5.3537318953606506666265119e-02                   -8.2031124030329527485605468e-01                    5.6940602781436122636904429e-01 
                   2.2616056692636493652415197e-01                   -8.3635060411309880556984808e-01                    4.9936866638506649529460901e-01 
                   1.8742649392096452642952897e-01                   -8.2253899233804494972588373e-01                    5.3693660283129163168780451e-01 
                   5.9673133163177849436209499e-02                   -4.3355069022375763987398045e-02                    9.9727601754406725031998349e-01 
                   9.8472066525145965365517498e-02                   -1.6298876576810553129526227e-01                    9.8170154036125301111326280e-01 
                   1.3998055051770103007768853e-01                   -2.9201156942358902357526063e-01                    9.4611557898574616398690296e-01 
                   1.8218571947499337393416852e-01                   -4.2304162657635113742315980e-01                    8.8760585047813544967709731e-01 
                   2.2240614481267229063377044e-01                   -5.4682736749631233319490775e-01                    8.0716499980277744974443976e-01 
                   2.5793568999788801798800364e-01                   -6.5504016032697143234742043e-01                    7.1020530002537207714397027e-01 
                   2.8687593134336974998177539e-01                   -7.4283623885934468855651858e-01                    6.0489381072480563616977634e-01 
                   3.0862680874267822694889674e-01                   -8.0955569787267289694199235e-01                    4.9936866638506655080576024e-01 
                   1.8544106979415170277647462e-01                   -4.3286202027247554224853587e-02                    9.8170154036125301111326280e-01 
                   2.3387543666270158015940694e-01                   -1.6992045099127686680340332e-01                    9.5730314971839081117366277e-01 
                   1.0450226362805975499625788e-01                   -7.5925338798613198343367969e-02                    9.9162221628245461602091382e-01 
                   2.8236972654487890732610822e-01                   -3.0449265710222073177959601e-01                    9.0969860904686439262434305e-01 
                   1.5299434865155392415658753e-01                   -2.0257309787471000639413887e-01                    9.6724188768794017168062283e-01 
                   3.2734178326457902263868505e-01                   -4.3779428181615209769717012e-01                    8.3736701853980666232502017e-01 
                   2.0197129149519135737911313e-01                   -3.3699411818138208518647048e-01                    9.1958825662516874288598956e-01 
                   3.6527323926199850578910855e-01                   -5.5964343336569888354148361e-01                    7.4389158361262508467603993e-01 
                   2.4721359549995802762367703e-01                   -4.7022820183397839866046297e-01                    8.4721359549995789439691407e-01 
                   3.9387524480834956719377260e-01                   -6.6234922647233629433571878e-01                    6.3730353342709500363838515e-01 
                   2.8489532896543384721255165e-01                   -5.9220806313965157485768032e-01                    7.5374018168468348566335635e-01 
                   4.1273865526135511405669831e-01                   -7.4283623885934468855651858e-01                    5.2710636942684618855281542e-01 
                   3.1303064763624971478250814e-01                   -6.9511418061036533977414820e-01                    6.4716928971854825736187422e-01 
                   3.3184507035364130267396376e-01                   -7.7561455235315079903557489e-01                    5.3693660283129174271010697e-01 
                   3.2097587492580953449916592e-01                   -4.2892877218453639986961434e-02                    9.4611557898574616398690296e-01 
                   3.7684676990046717115490083e-01                   -1.7445616272801794943703158e-01                    9.0969860904686428160204059e-01 
                   2.3993631853649483032242529e-01                   -8.2907742394927985696284622e-02                    9.6724188768794006065832036e-01 
                   4.2851626803955339406471126e-01                   -3.1133529267287990416335219e-01                    8.4820053263467465320957217e-01 
                   2.9545853305266439603471440e-01                   -2.1466318952483823268018170e-01                    9.3092640434643969538086594e-01 
                   4.7131482844443223223507289e-01                   -4.4305571744577609827331344e-01                    7.6260341182491708789115137e-01 
                   3.4716325249942464603591930e-01                   -3.5154655102154708234962754e-01                    8.6942089840242253728774813e-01 
                   5.0200170086884476905453312e-01                   -5.5964343336569888354148361e-01                    6.5938874711010919682507847e-01 
                   3.8996681828111079415322138e-01                   -4.8328238076024049307832797e-01                    7.8381376683905035207544643e-01 
                   5.1987458420322807395308473e-01                   -6.5504016032697143234742043e-01                    5.4831816043090908507906533e-01 
                   4.2062719012144966779231936e-01                   -5.9989270475577327612626277e-01                    6.8058909020886937391026095e-01 
                   4.3885424847328435848936579e-01                   -6.9511418061036533977414820e-01                    5.6940602781436133739134675e-01 
                   4.5863497906973960116516764e-01                   -4.2541863742500310441307931e-02                    8.8760585047813544967709731e-01 
                   5.1752127851576390504817482e-01                   -1.7603466290808766903097649e-01                    8.3736701853980677334732263e-01 
                   3.8291301349741291293327095e-01                   -8.7949203358603095237455705e-02                    9.1958825662516874288598956e-01 
                   5.6701531884887212964230230e-01                   -3.1133529267287990416335219e-01                    7.6260341182491708789115137e-01 
                   4.4161998297493221254939044e-01                   -2.2153801492823996244219131e-01                    8.6942089840242253728774813e-01 
                   6.0257213437741341532927208e-01                   -4.3779428181615198667486766e-01                    6.6726530681650764176282564e-01 
                   4.9112347318842303200980837e-01                   -3.5682208977308993436139417e-01                    7.9465447229176611187995150e-01 
                   6.2248727176408624739423203e-01                   -5.4682736749631233319490775e-01                    5.5990126508944193517436361e-01 
                   5.2666588281174053776112487e-01                   -4.8328238076024038205602551e-01                    6.9932909872880599788658174e-01 
                   5.4675664904022291956664503e-01                   -5.9220806313965135281307539e-01                    5.9190098553954895166384631e-01 
                   5.8879100954642382692583169e-01                   -4.2541863742500275746838412e-02                    8.0716499980277744974443976e-01 
                   6.4512817262658428418831136e-01                   -1.7445616272801781065915350e-01                    7.4389158361262519569834240e-01 
                   5.2360679774997898050514777e-01                   -8.9805595315917030596608583e-02                    8.4721359549995800541921653e-01 
                   6.8737959087784228362494332e-01                   -3.0449265710222078729074724e-01                    6.5938874711010930784738093e-01 
                   5.8013523152385237935391160e-01                   -2.2153801492823993468661570e-01                    7.8381376683905035207544643e-01 
                   7.1242287690309158421086977e-01                   -4.2304162657635113742315980e-01                    5.5990126508944193517436361e-01 
                   6.2237756557897461195949518e-01                   -3.5154655102154708234962754e-01                    6.9932909872880588686427927e-01 
                   6.4721359549995793880583506e-01                   -4.7022820183397839866046297e-01                    5.9999999999999997779553951e-01 
                   7.0268672457916381279829920e-01                   -4.2892877218453591414704107e-02                    7.1020530002537218816627274e-01 
                   7.5164569220894272838506822e-01                   -1.6992045099127686680340332e-01                    6.3730353342709489261608269e-01 
                   6.5126083571985748932320348e-01                   -8.7949203358603136870819128e-02                    7.5374018168468359668565881e-01 
                   7.8363029437639541985305414e-01                   -2.9201156942358896806410939e-01                    5.4831816043090908507906533e-01 
                   7.0051281597961279068442764e-01                   -2.1466318952483820492460609e-01                    6.8058909020886948493256341e-01 
                   7.3218043379242481183410973e-01                   -3.3699411818138208518647048e-01                    5.9190098553954895166384631e-01 
                   7.9512878356960481340820479e-01                   -4.3286202027247547285959683e-02                    6.0489381072480552514747387e-01 
                   8.3402250421858448170553402e-01                   -1.6298876576810558680641350e-01                    5.2710636942684607753051296e-01 
                   7.5782466091845146483052531e-01                   -8.2907742394927957940709007e-02                    6.4716928971854825736187422e-01 
                   7.9670629187054486930463781e-01                   -2.0257309787471006190529010e-01                    5.6940602781436133739134675e-01 
                   8.6530415058687026874650883e-01                   -4.3355069022375715415140718e-02                    4.9936866638506655080576024e-01 
                   8.4019904038763792986088674e-01                   -7.5925338798613115076641122e-02                    5.3693660283129163168780451e-01 
                  -8.6530415058687026874650883e-01                   -4.3355069022375798681867565e-02                   -4.9936866638506655080576024e-01 
                  -8.3402250421858459272783648e-01                   -1.6298876576810553129526227e-01                   -5.2710636942684607753051296e-01 
                  -7.8363029437639541985305414e-01                   -2.9201156942358913459756309e-01                   -5.4831816043090908507906533e-01 
                  -7.1242287690309147318856731e-01                   -4.2304162657635113742315980e-01                   -5.5990126508944193517436361e-01 
                  -6.2248727176408613637192957e-01                   -5.4682736749631244421721021e-01                   -5.5990126508944193517436361e-01 
                  -5.1987458420322796293078227e-01                   -6.5504016032697143234742043e-01                   -5.4831816043090908507906533e-01 
                  -4.1273865526135511405669831e-01                   -7.4283623885934479957882104e-01                   -5.2710636942684618855281542e-01 
                  -3.0862680874267822694889674e-01                   -8.0955569787267300796429481e-01                   -4.9936866638506655080576024e-01 
                  -7.9512878356960481340820479e-01                   -4.3286202027247581980429203e-02                   -6.0489381072480552514747387e-01 
                  -7.5164569220894272838506822e-01                   -1.6992045099127683904782771e-01                   -6.3730353342709511466068761e-01 
                  -8.4019904038763792986088674e-01                   -7.5925338798613212221155777e-02                   -5.3693660283129163168780451e-01 
                  -6.8737959087784228362494332e-01                   -3.0449265710222073177959601e-01                   -6.5938874711010908580277601e-01 
                  -7.9670629187054498032694028e-01                   -2.0257309787470995088298764e-01                   -5.6940602781436133739134675e-01 
                  -6.0257213437741341532927208e-01                   -4.3779428181615193116371643e-01                   -6.6726530681650775278512810e-01 
                  -7.3218043379242481183410973e-01                   -3.3699411818138208518647048e-01                   -5.9190098553954895166384631e-01 
                  -5.0200170086884476905453312e-01                   -5.5964343336569877251918115e-01                   -6.5938874711010919682507847e-01 
                  -6.4721359549995793880583506e-01                   -4.7022820183397839866046297e-01                   -6.0000000000000008881784197e-01 
                  -3.9387524480834951168262137e-01                   -6.6234922647233640535802124e-01                   -6.3730353342709500363838515e-01 
                  -5.4675664904022291956664503e-01                   -5.9220806313965135281307539e-01                   -5.9190098553954895166384631e-01 
                  -2.8687593134336969447062415e-01                   -7.4283623885934479957882104e-01                   -6.0489381072480552514747387e-01 
                  -4.3885424847328424746706332e-01                   -6.9511418061036522875184573e-01                   -5.6940602781436133739134675e-01 
                  -3.3184507035364124716281253e-01                   -7.7561455235315091005787735e-01                   -5.3693660283129174271010697e-01 
                  -7.0268672457916381279829920e-01                   -4.2892877218453619170279723e-02                   -7.1020530002537207714397027e-01 
                  -6.4512817262658417316600890e-01                   -1.7445616272801797719260719e-01                   -7.4389158361262530672064486e-01 
                  -7.5782466091845135380822285e-01                   -8.2907742394927999574072430e-02                   -6.4716928971854825736187422e-01 
                  -5.6701531884887212964230230e-01                   -3.1133529267287990416335219e-01                   -7.6260341182491708789115137e-01 
                  -7.0051281597961279068442764e-01                   -2.1466318952483820492460609e-01                   -6.8058909020886926288795848e-01 
                  -4.7131482844443228774622412e-01                   -4.4305571744577620929561590e-01                   -7.6260341182491697686884891e-01 
                  -6.2237756557897461195949518e-01                   -3.5154655102154708234962754e-01                   -6.9932909872880588686427927e-01 
                  -3.6527323926199845027795732e-01                   -5.5964343336569888354148361e-01                   -7.4389158361262519569834240e-01 
                  -5.2666588281174053776112487e-01                   -4.8328238076024038205602551e-01                   -6.9932909872880599788658174e-01 
                  -2.5793568999788807349915487e-01                   -6.5504016032697154336972289e-01                   -7.1020530002537196612166781e-01 
                  -4.2062719012144961228116813e-01                   -5.9989270475577338714856523e-01                   -6.8058909020886937391026095e-01 
                  -3.1303064763624977029365937e-01                   -6.9511418061036533977414820e-01                   -6.4716928971854825736187422e-01 
                  -5.8879100954642382692583169e-01                   -4.2541863742500414524716490e-02                   -8.0716499980277733872213730e-01 
                  -5.1752127851576390504817482e-01                   -1.7603466290808778005327895e-01                   -8.3736701853980677334732263e-01 
                  -6.5126083571985737830090102e-01                   -8.7949203358603206259758167e-02                   -7.5374018168468370770796128e-01 
                  -4.2851626803955344957586249e-01                   -3.1133529267288007069680589e-01                   -8.4820053263467465320957217e-01 
                  -5.8013523152385237935391160e-01                   -2.2153801492824004570891816e-01                   -7.8381376683905035207544643e-01 
                  -3.2734178326457891161638258e-01                   -4.3779428181615209769717012e-01                   -8.3736701853980666232502017e-01 
                  -4.9112347318842297649865714e-01                   -3.5682208977308993436139417e-01                   -7.9465447229176622290225396e-01 
                  -2.2240614481267242941164852e-01                   -5.4682736749631244421721021e-01                   -8.0716499980277733872213730e-01 
                  -3.8996681828111073864207015e-01                   -4.8328238076024049307832797e-01                   -7.8381376683905024105314396e-01 
                  -2.8489532896543395823485412e-01                   -5.9220806313965146383537785e-01                   -7.5374018168468359668565881e-01 
                  -4.5863497906973965667631887e-01                   -4.2541863742500352074671355e-02                   -8.8760585047813544967709731e-01 
                  -3.7684676990046717115490083e-01                   -1.7445616272801794943703158e-01                   -9.0969860904686428160204059e-01 
                  -5.2360679774997898050514777e-01                   -8.9805595315917113863335430e-02                   -8.4721359549995800541921653e-01 
                  -2.8236972654487896283725945e-01                   -3.0449265710222084280189847e-01                   -9.0969860904686428160204059e-01 
                  -4.4161998297493226806054167e-01                   -2.2153801492823999019776693e-01                   -8.6942089840242253728774813e-01 
                  -1.8218571947499334617859290e-01                   -4.2304162657635124844546226e-01                   -8.8760585047813544967709731e-01 
                  -3.4716325249942475705822176e-01                   -3.5154655102154719337193001e-01                   -8.6942089840242253728774813e-01 
                  -2.4721359549995802762367703e-01                   -4.7022820183397845417161420e-01                   -8.4721359549995789439691407e-01 
                  -3.2097587492580953449916592e-01                   -4.2892877218453639986961434e-02                   -9.4611557898574616398690296e-01 
                  -2.3387543666270163567055818e-01                   -1.6992045099127689455897894e-01                   -9.5730314971839070015136031e-01 
                  -3.8291301349741296844442218e-01                   -8.7949203358603220137545975e-02                   -9.1958825662516874288598956e-01 
                  -1.3998055051770097456653730e-01                   -2.9201156942358907908641186e-01                   -9.4611557898574616398690296e-01 
                  -2.9545853305266439603471440e-01                   -2.1466318952483828819133294e-01                   -9.3092640434643969538086594e-01 
                  -2.0197129149519135737911313e-01                   -3.3699411818138214069762171e-01                   -9.1958825662516874288598956e-01 
                  -1.8544106979415170277647462e-01                   -4.3286202027247581980429203e-02                   -9.8170154036125301111326280e-01 
                  -9.8472066525145937609941882e-02                   -1.6298876576810553129526227e-01                   -9.8170154036125301111326280e-01 
                  -2.3993631853649485807800090e-01                   -8.2907742394927971818496815e-02                   -9.6724188768794006065832036e-01 
                  -1.5299434865155386864543630e-01                   -2.0257309787471006190529010e-01                   -9.6724188768794017168062283e-01 
                  -5.9673133163177842497315595e-02                   -4.3355069022375777865185853e-02                   -9.9727601754406725031998349e-01 
                  -1.0450226362805975499625788e-01                   -7.5925338798613226098943585e-02                   -9.9162221628245461602091382e-01 
                  -9.0218417509691284372763675e-01                   -7.0149975262801686493041586e-02                   -4.2560861736498162288810931e-01 
                  -8.7084394696355238441043412e-01                   -1.8974110986483916363454227e-01                   -4.5346348393691049416531769e-01 
                  -8.2011715505481785903896252e-01                   -3.1852082541986947994416823e-01                   -4.7534443907406426221839979e-01 
                  -7.4861114768445169431743125e-01                   -4.4933394431398326895887863e-01                   -4.8752472352672138189433326e-01 
                  -6.5867554254544657954539844e-01                   -5.7311968523394440921947535e-01                   -4.8752472352672143740548449e-01 
                  -5.5636144488165029109438819e-01                   -6.8154941632325194422747927e-01                   -4.7534443907406431772955102e-01 
                  -4.4956009800632307227274964e-01                   -7.6958858295607834865137420e-01                   -4.5346348393691049416531769e-01 
                  -3.4550683325272063539657097e-01                   -8.3635060411309880556984808e-01                   -4.2560861736498173391041178e-01 
                  -9.3377530892254512195904681e-01                   -1.4401879905633221956584578e-01                   -3.2760076001892490804578983e-01 
                  -8.9618866120021567489573044e-01                   -2.7493706508759674367325943e-01                   -3.4821759544454916612821194e-01 
                  -9.0478499121108080238684579e-01                   -1.2284977878350729352252557e-01                   -4.0776470118440594214703765e-01 
                  -8.3578086672442575277841570e-01                   -4.1231249521501839305770432e-01                   -3.6258619541694225851813371e-01 
                  -8.6723182995743308687508488e-01                   -2.5381290060529609897699288e-01                   -4.2835495164058495776160385e-01 
                  -7.5231616267815715204392291e-01                   -5.4658968669148055852247126e-01                   -3.6777725021502039037812892e-01 
                  -8.0699449472333861788087006e-01                   -3.9134971514047517393564135e-01                   -4.4227286367772145059262812e-01 
                  -6.5040297671542812718570303e-01                   -6.6746327147849648930844069e-01                   -3.6258619541694231402928494e-01 
                  -7.2360679774997893609622679e-01                   -5.2573111211913359230862852e-01                   -4.4721359549995792770360481e-01 
                  -5.3841821379962229165982990e-01                   -7.6736584056865630998345296e-01                   -3.4821759544454922163936317e-01 
                  -6.2157070997113650356880044e-01                   -6.4656366009874455258454873e-01                   -4.4227286367772150610377935e-01 
                  -4.2552245669630994751031494e-01                   -8.4356883588842934695861686e-01                   -3.2760076001892496355694107e-01 
                  -5.0937978656017246503751039e-01                   -7.4635398334095137684585097e-01                   -4.2835495164058501327275508e-01 
                  -3.9643102117708406417762035e-01                   -8.2253899233804494972588373e-01                   -4.0776470118440605316934011e-01 
                  -9.5108660215748785926592745e-01                   -2.2336595223043123614736771e-01                   -2.1340554486872417849774308e-01 
                  -9.0414509752784888441112798e-01                   -3.6264297414195750812737629e-01                   -2.2585773381009602300828476e-01 
                  -9.3014363037595038097293809e-01                   -2.0810480208785786526703987e-01                   -3.0253135080355048058819989e-01 
                  -8.3185293722957631690206881e-01                   -5.0375108544211610883678532e-01                   -2.3292817506350851908258903e-01 
                  -8.8311623167234365450184441e-01                   -3.4733233678464864313539806e-01                   -3.1538225882340770178657863e-01 
                  -7.3615244682513636398368817e-01                   -6.3547151021501224743559533e-01                   -2.3292817506350840806028657e-01 
                  -8.1082905705838814736097220e-01                   -4.8846457404738119478793124e-01                   -3.2242611576997864952787154e-01 
                  -6.2429016416326299498962271e-01                   -7.4783024477963833120952586e-01                   -2.2585773381009613403058722e-01 
                  -7.1511737429115407316260189e-01                   -6.2020040378607443898317797e-01                   -3.2242611576997876055017400e-01 
                  -5.0633556757621178689987573e-01                   -8.3551323533894916728570479e-01                   -2.1340554486872423400889431e-01 
                  -6.0323060581418019854282875e-01                   -7.3256185201558388087050844e-01                   -3.1538225882340775729772986e-01 
                  -4.8534961709374868643607215e-01                   -8.2031124030329527485605468e-01                   -3.0253135080355048058819989e-01 
                  -9.4865171116015867269766204e-01                   -3.0399596762272618200029228e-01                   -8.7443596575307522278386330e-02 
                  -8.8993133823457437614479204e-01                   -4.4660640915081967206035074e-01                   -9.2546899102185747887361345e-02 
                  -9.3792515476073301528003867e-01                   -2.9622302240349612789671596e-01                   -1.8041154360293246150526159e-01 
                  -8.0540197222979581503921054e-01                   -5.8515878496433937350218457e-01                   -9.4429124254189727993846759e-02 
                  -8.7917858932370307467607518e-01                   -4.3880573208735518253575947e-01                   -1.8572705123934890591996805e-01 
                  -6.9975184298338943822415104e-01                   -7.0836602805888415623769561e-01                   -9.2546899102185734009573537e-02 
                  -7.9465447229176611187995150e-01                   -5.7735026918962584208117050e-01                   -1.8759247408507995213966524e-01 
                  -5.8226684642640724742790326e-01                   -8.0828147137653816312052868e-01                   -8.7443596575307480645022906e-02 
                  -6.8901017608096148947538495e-01                   -7.0055009791935551888286682e-01                   -1.8572705123934896143111928e-01 
                  -5.7155964800630931765823561e-01                   -8.0048188218454452425021373e-01                   -1.8041154360293248926083720e-01 
                  -9.2379412125949567080596125e-01                   -3.8049976283385072983733721e-01                    4.2712433901376731237853335e-02 
                  -8.5290790888190992635742305e-01                   -5.2033482612870674000049576e-01                    4.2423668916021152475170908e-02 
                  -9.2360679774997889168730580e-01                   -3.8042260651806136806385439e-01                   -4.7213595499958002643658972e-02 
                  -7.5843086552632166252863044e-01                   -6.5037132050290968887651388e-01                    4.2423668916021360641988025e-02 
                  -8.5272453083092925041341914e-01                   -5.2022295240203675348311663e-01                   -4.7211802690428739115446888e-02 
                  -6.4734486166474936030823528e-01                   -7.6099952566770168171927935e-01                    4.2712433901376925526882644e-02 
                  -7.5826780035542151736649430e-01                   -6.5023148849534395665727970e-01                   -4.7211802690428655848720041e-02 
                  -6.4721359549995804982813752e-01                   -7.6084521303612284715001124e-01                   -4.7213595499958085910385819e-02 
                  -8.7818631681099768027110031e-01                   -4.4772996029670242279507875e-01                    1.6830530478463015531254143e-01 
                  -7.9730334157274296291717519e-01                   -5.7927478537338239483744928e-01                    1.6955266010169176005284442e-01 
                  -8.8667528111975335569638901e-01                   -4.5395391479065150264204931e-01                    8.7936278619511976106792872e-02 
                  -6.9719099240288906482732045e-01                   -6.9684865250183791740568040e-01                    1.6830530478463029409041951e-01 
                  -8.0575774727765447913441221e-01                   -5.8541727066701187975894527e-01                    8.9672024103540762252073648e-02 
                  -7.0573355911753177238665558e-01                   -7.0299882961343040932433723e-01                    8.7936278619512087129095335e-02 
                  -8.1733531685304228187050057e-01                   -5.0238424571745809998901677e-01                    2.8208695375652820258594033e-01 
                  -7.3036631358403658609290687e-01                   -6.2208680945831607012053155e-01                    2.8208695375652820258594033e-01 
                  -8.3123575816966799312268677e-01                   -5.1251193207416689823219258e-01                    2.1535699157840620943105137e-01 
                  -7.4429378828472692042339531e-01                   -6.3217728755394897444119806e-01                    2.1535699157840626494220260e-01 
                  -7.4832234196456692831844748e-01                   -5.4368800609382850197448533e-01                    3.8002240005871090744449248e-01 
                  -7.6427940955687312385435916e-01                   -5.5528149432189521927938358e-01                    3.2793207557517195516183506e-01 
                  -9.2497728375004817369386956e-01                    8.4162172294502472951587199e-17                   -3.8002240005871079642219001e-01 
                  -9.5653221205374350244454718e-01                    7.3980252932351039940606086e-02                   -2.8208695375652825809709157e-01 
                  -9.7363672219953489861410389e-01                    1.5396381901569725081380113e-01                   -1.6830530478463015531254143e-01 
                  -9.7101729249712409597350415e-01                    2.3516178614259386492335580e-01                   -4.2712433901376870015731413e-02 
                  -9.4615970259646098305950090e-01                    3.1166558135371846827155196e-01                    8.7443596575307494522810714e-02 
                  -9.0073643685304471961927675e-01                    3.7832782708196838195036094e-01                    2.1340554486872431727562116e-01 
                  -8.4009221998424066235600094e-01                    4.3234569959347685097483804e-01                    3.2760076001892490804578983e-01 
                  -7.7111545061770225828468028e-01                    4.7353803083102696813710963e-01                    4.2560861736498162288810931e-01 
                  -9.5653221205374350244454718e-01                   -7.3980252932350956673879239e-02                   -2.8208695375652809156363787e-01 
                  -9.8552112887164433630005078e-01                    6.1850338951491731117575152e-18                   -1.6955266010169178780842003e-01 
                  -9.4470130401569762934599339e-01                    1.0779136329414794811666788e-16                   -3.2793207557517217720643998e-01 
                  -9.9586212997488632314713186e-01                    8.0366973301141952923387635e-02                   -4.2423668916021131658489196e-02 
                  -9.7373080998852257206266358e-01                    7.3957256962343828621264663e-02                   -2.1535699157840609840874890e-01 
                  -9.8247823733676020729888023e-01                    1.6177634136740340342619504e-01                    9.2546899102185775642936960e-02 
                  -9.8416278725244332736821207e-01                    1.5391822208579999942124061e-01                   -8.7936278619511976106792872e-02 
                  -9.4462494132894725407112446e-01                    2.3805882528789112928535587e-01                    2.2585773381009596749713353e-01 
                  -9.7082039324993685269760135e-01                    2.3511410091698928259695833e-01                    4.7213595499957974888083356e-02 
                  -8.8663580924417173534379799e-01                    3.0433772028578559565303863e-01                    3.4821759544454938817281686e-01 
                  -9.3291291361146366778456240e-01                    3.1164911447295512436639342e-01                    1.8041154360293254477198843e-01 
                  -8.1605457867422759310471747e-01                    3.5836544666112590817874661e-01                    4.5346348393691049416531769e-01 
                  -8.7482293778224007319010980e-01                    3.7836438694865276444190272e-01                    3.0253135080355042507704866e-01 
                  -8.0419572236149017285811169e-01                    4.3243171553838788412349459e-01                    4.0776470118440599765818888e-01 
                  -9.7363672219953489861410389e-01                   -1.5396381901569730632495236e-01                   -1.6830530478463009980139020e-01 
                  -9.9586212997488632314713186e-01                   -8.0366973301141855778872980e-02                   -4.2423668916021138597383100e-02 
                  -9.7373080998852246104036112e-01                   -7.3957256962343689843386585e-02                   -2.1535699157840620943105137e-01 
                  -9.9553158688842557921816478e-01                   -9.0059995285300942686604537e-17                    9.4429124254189755749422375e-02 
                  -9.9597134903227713120799081e-01                   -5.5301553501520633065223205e-17                   -8.9672024103540720618710225e-02 
                  -9.6908062188864507735530651e-01                    8.1407699522223403443277334e-02                    2.3292817506350840806028657e-01 
                  -9.9564801628859189719378264e-01                    8.0349694133281371333232812e-02                    4.7211802690428655848720041e-02 
                  -9.1851212877678212187504414e-01                    1.5769185198674931513984632e-01                    3.6258619541694231402928494e-01 
                  -9.6919395779581796190882415e-01                    1.6176691444796284513607532e-01                    1.8572705123934885040881682e-01 
                  -8.5071055954760610440246182e-01                    2.2436400806627132542558911e-01                    4.7534443907406442875185348e-01 
                  -9.1861286463758806686286107e-01                    2.3808493388236312560124475e-01                    3.1538225882340786832003232e-01 
                  -8.5079276831581629458867155e-01                    3.0440712998630903296515271e-01                    4.2835495164058506878390631e-01 
                  -9.7101729249712409597350415e-01                   -2.3516178614259383716778018e-01                   -4.2712433901376786749004566e-02 
                  -9.8247823733676020729888023e-01                   -1.6177634136740337567061943e-01                    9.2546899102185775642936960e-02 
                  -9.8416278725244332736821207e-01                   -1.5391822208579991615451377e-01                   -8.7936278619511962229005064e-02 
                  -9.6908062188864496633300405e-01                   -8.1407699522223472832216373e-02                    2.3292817506350854683816465e-01 
                  -9.9564801628859189719378264e-01                   -8.0349694133281260310930350e-02                    4.7211802690428759932128600e-02 
                  -9.2991391764199238245680590e-01                    4.1115264800435477033039027e-17                    3.6777725021502027935582646e-01 
                  -9.8224694637684595299731427e-01                    5.3174098487302667047699233e-17                    1.8759247408507992438408962e-01 
                  -8.6975100647742165094200573e-01                    7.6503795211124700492710815e-02                    4.8752472352672154842778696e-01 
                  -9.4308675958562526719930474e-01                    8.1417220314681598702932774e-02                    3.2242611576997876055017400e-01 
                  -8.8290185164663648187399758e-01                    1.5773089238715526372303088e-01                    4.4227286367772156161493058e-01 
                  -9.4615970259646109408180337e-01                   -3.1166558135371841276040072e-01                    8.7443596575307452889447291e-02 
                  -9.4462494132894725407112446e-01                   -2.3805882528789112928535587e-01                    2.2585773381009605076386038e-01 
                  -9.7082039324993685269760135e-01                   -2.3511410091698931035253395e-01                    4.7213595499958072032598011e-02 
                  -9.1851212877678223289734660e-01                   -1.5769185198674934289542193e-01                    3.6258619541694225851813371e-01 
                  -9.6919395779581796190882415e-01                   -1.6176691444796290064722655e-01                    1.8572705123934901694227051e-01 
                  -8.6975100647742176196430819e-01                   -7.6503795211124700492710815e-02                    4.8752472352672138189433326e-01 
                  -9.4308675958562526719930474e-01                   -8.1417220314681681969659621e-02                    3.2242611576997864952787154e-01 
                  -8.9442719099991585540720962e-01                   -4.3026864506181569346059899e-17                    4.4721359549995798321475604e-01 
                  -9.0073643685304471961927675e-01                   -3.7832782708196843746151217e-01                    2.1340554486872428952004555e-01 
                  -8.8663580924417162432149553e-01                   -3.0433772028578570667534109e-01                    3.4821759544454922163936317e-01 
                  -9.3291291361146366778456240e-01                   -3.1164911447295523538869588e-01                    1.8041154360293251701641282e-01 
                  -8.5071055954760632644706675e-01                   -2.2436400806627121440328665e-01                    4.7534443907406415119609733e-01 
                  -9.1861286463758817788516353e-01                   -2.3808493388236315335682036e-01                    3.1538225882340759076427616e-01 
                  -8.8290185164663648187399758e-01                   -1.5773089238715534698975773e-01                    4.4227286367772139508147689e-01 
                  -8.4009221998424066235600094e-01                   -4.3234569959347690648598928e-01                    3.2760076001892496355694107e-01 
                  -8.1605457867422759310471747e-01                   -3.5836544666112585266759538e-01                    4.5346348393691049416531769e-01 
                  -8.7482293778224007319010980e-01                   -3.7836438694865276444190272e-01                    3.0253135080355042507704866e-01 
                  -8.5079276831581640561097402e-01                   -3.0440712998630903296515271e-01                    4.2835495164058490225045261e-01 
                  -7.7111545061770225828468028e-01                   -4.7353803083102696813710963e-01                    4.2560861736498162288810931e-01 
                  -8.0419572236149006183580923e-01                   -4.3243171553838799514579705e-01                    4.0776470118440588663588642e-01 
                  -9.0218417509691273270533429e-01                    7.0149975262801672615253779e-02                   -4.2560861736498167839926055e-01 
                  -9.3377530892254512195904681e-01                    1.4401879905633224732142139e-01                   -3.2760076001892485253463860e-01 
                  -9.5108660215748785926592745e-01                    2.2336595223043131941409456e-01                   -2.1340554486872437278677239e-01 
                  -9.4865171116015867269766204e-01                    3.0399596762272618200029228e-01                   -8.7443596575307480645022906e-02 
                  -9.2379412125949567080596125e-01                    3.8049976283385089637079091e-01                    4.2712433901376800626792374e-02 
                  -8.7818631681099768027110031e-01                    4.4772996029670247830622998e-01                    1.6830530478463009980139020e-01 
                  -8.1733531685304239289280304e-01                    5.0238424571745798896671431e-01                    2.8208695375652820258594033e-01 
                  -7.4832234196456692831844748e-01                    5.4368800609382850197448533e-01                    3.8002240005871090744449248e-01 
                  -8.7084394696355249543273658e-01                    1.8974110986483908036781543e-01                   -4.5346348393691038314301522e-01 
                  -8.9618866120021556387342798e-01                    2.7493706508759668816210819e-01                   -3.4821759544454933266166563e-01 
                  -9.0478499121108069136454333e-01                    1.2284977878350729352252557e-01                   -4.0776470118440610868049134e-01 
                  -9.0414509752784888441112798e-01                    3.6264297414195750812737629e-01                   -2.2585773381009602300828476e-01 
                  -9.3014363037595038097293809e-01                    2.0810480208785786526703987e-01                   -3.0253135080355042507704866e-01 
                  -8.8993133823457437614479204e-01                    4.4660640915081967206035074e-01                   -9.2546899102185747887361345e-02 
                  -9.3792515476073290425773621e-01                    2.9622302240349618340786719e-01                   -1.8041154360293265579429089e-01 
                  -8.5290790888190981533512058e-01                    5.2033482612870696204510068e-01                    4.2423668916021159414064812e-02 
                  -9.2360679774997889168730580e-01                    3.8042260651806147908615685e-01                   -4.7213595499957933254719933e-02 
                  -7.9730334157274285189487273e-01                    5.7927478537338239483744928e-01                    1.6955266010169184331957126e-01 
                  -8.8667528111975335569638901e-01                    4.5395391479065150264204931e-01                    8.7936278619512031617944103e-02 
                  -7.3036631358403647507060441e-01                    6.2208680945831595909822909e-01                    2.8208695375652814707478910e-01 
                  -8.3123575816966799312268677e-01                    5.1251193207416689823219258e-01                    2.1535699157840618167547575e-01 
                  -7.6427940955687323487666163e-01                    5.5528149432189510825708112e-01                    3.2793207557517217720643998e-01 
                  -8.2011715505481785903896252e-01                    3.1852082541986947994416823e-01                   -4.7534443907406431772955102e-01 
                  -8.3578086672442575277841570e-01                    4.1231249521501839305770432e-01                   -3.6258619541694236954043618e-01 
                  -8.6723182995743319789738734e-01                    2.5381290060529598795469042e-01                   -4.2835495164058484673930138e-01 
                  -8.3185293722957653894667374e-01                    5.0375108544211577576987793e-01                   -2.3292817506350846357143780e-01 
                  -8.8311623167234365450184441e-01                    3.4733233678464864313539806e-01                   -3.1538225882340786832003232e-01 
                  -8.0540197222979581503921054e-01                    5.8515878496433937350218457e-01                   -9.4429124254189811260573606e-02 
                  -8.7917858932370296365377271e-01                    4.3880573208735512702460824e-01                   -1.8572705123934898918669489e-01 
                  -7.5843086552632166252863044e-01                    6.5037132050290968887651388e-01                    4.2423668916021138597383100e-02 
                  -8.5272453083092913939111668e-01                    5.2022295240203686450541909e-01                   -4.7211802690428794626598119e-02 
                  -6.9719099240288906482732045e-01                    6.9684865250183791740568040e-01                    1.6830530478463021082369266e-01 
                  -8.0575774727765447913441221e-01                    5.8541727066701187975894527e-01                    8.9672024103540595718619954e-02 
                  -7.4429378828472692042339531e-01                    6.3217728755394897444119806e-01                    2.1535699157840615391990013e-01 
                  -7.4861114768445180533973371e-01                    4.4933394431398304691427370e-01                   -4.8752472352672149291663573e-01 
                  -7.5231616267815726306622537e-01                    5.4658968669148055852247126e-01                   -3.6777725021502027935582646e-01 
                  -8.0699449472333850685856760e-01                    3.9134971514047522944679258e-01                   -4.4227286367772156161493058e-01 
                  -7.3615244682513658602829310e-01                    6.3547151021501202539099040e-01                   -2.3292817506350851908258903e-01 
                  -8.1082905705838814736097220e-01                    4.8846457404738091723217508e-01                   -3.2242611576997876055017400e-01 
                  -6.9975184298338943822415104e-01                    7.0836602805888404521539314e-01                   -9.2546899102185636865058882e-02 
                  -7.9465447229176622290225396e-01                    5.7735026918962584208117050e-01                   -1.8759247408507984111736278e-01 
                  -6.4734486166474936030823528e-01                    7.6099952566770168171927935e-01                    4.2712433901376856137943605e-02 
                  -7.5826780035542140634419184e-01                    6.5023148849534406767958217e-01                   -4.7211802690428752993234696e-02 
                  -7.0573355911753177238665558e-01                    7.0299882961343040932433723e-01                    8.7936278619512003862368488e-02 
                  -6.5867554254544669056770090e-01                    5.7311968523394429819717288e-01                   -4.8752472352672143740548449e-01 
                  -6.5040297671542812718570303e-01                    6.6746327147849648930844069e-01                   -3.6258619541694231402928494e-01 
                  -7.2360679774997893609622679e-01                    5.2573111211913359230862852e-01                   -4.4721359549995787219245358e-01 
                  -6.2429016416326310601192517e-01                    7.4783024477963822018722340e-01                   -2.2585773381009602300828476e-01 
                  -7.1511737429115429520720681e-01                    6.2020040378607421693857304e-01                   -3.2242611576997864952787154e-01 
                  -5.8226684642640724742790326e-01                    8.0828147137653816312052868e-01                   -8.7443596575307439011659483e-02 
                  -6.8901017608096148947538495e-01                    7.0055009791935562990516928e-01                   -1.8572705123934901694227051e-01 
                  -6.4721359549995793880583506e-01                    7.6084521303612284715001124e-01                   -4.7213595499957933254719933e-02 
                  -5.5636144488165051313899312e-01                    6.8154941632325183320517681e-01                   -4.7534443907406437324070225e-01 
                  -5.3841821379962229165982990e-01                    7.6736584056865630998345296e-01                   -3.4821759544454938817281686e-01 
                  -6.2157070997113650356880044e-01                    6.4656366009874455258454873e-01                   -4.4227286367772161712608181e-01 
                  -5.0633556757621178689987573e-01                    8.3551323533894916728570479e-01                   -2.1340554486872445605349924e-01 
                  -6.0323060581418042058743367e-01                    7.3256185201558365882590351e-01                   -3.1538225882340786832003232e-01 
                  -5.7155964800630942868053808e-01                    8.0048188218454441322791126e-01                   -1.8041154360293257252756405e-01 
                  -4.4956009800632312778390087e-01                    7.6958858295607834865137420e-01                   -4.5346348393691043865416646e-01 
                  -4.2552245669630983648801248e-01                    8.4356883588842945798091932e-01                   -3.2760076001892490804578983e-01 
                  -5.0937978656017246503751039e-01                    7.4635398334095137684585097e-01                   -4.2835495164058490225045261e-01 
                  -4.8534961709374885296952584e-01                    8.2031124030329516383375221e-01                   -3.0253135080355036956589743e-01 
                  -3.4550683325272052437426851e-01                    8.3635060411309880556984808e-01                   -4.2560861736498178942156301e-01 
                  -3.9643102117708411968877158e-01                    8.2253899233804494972588373e-01                   -4.0776470118440605316934011e-01 
                  -8.6530415058687026874650883e-01                    4.3355069022375715415140718e-02                   -4.9936866638506655080576024e-01 
                  -7.9512878356960481340820479e-01                    4.3286202027247547285959683e-02                   -6.0489381072480552514747387e-01 
                  -7.0268672457916381279829920e-01                    4.2892877218453598353598011e-02                   -7.1020530002537218816627274e-01 
                  -5.8879100954642382692583169e-01                    4.2541863742500317380201835e-02                   -8.0716499980277733872213730e-01 
                  -4.5863497906973965667631887e-01                    4.2541863742500254930156700e-02                   -8.8760585047813544967709731e-01 
                  -3.2097587492580959001031715e-01                    4.2892877218453639986961434e-02                   -9.4611557898574616398690296e-01 
                  -1.8544106979415170277647462e-01                    4.3286202027247540347065780e-02                   -9.8170154036125301111326280e-01 
                  -5.9673133163177856375103403e-02                    4.3355069022375763987398045e-02                   -9.9727601754406725031998349e-01 
                  -8.3402250421858448170553402e-01                    1.6298876576810558680641350e-01                   -5.2710636942684607753051296e-01 
                  -7.5164569220894272838506822e-01                    1.6992045099127689455897894e-01                   -6.3730353342709500363838515e-01 
                  -8.4019904038763781883858428e-01                    7.5925338798613115076641122e-02                   -5.3693660283129174271010697e-01 
                  -6.4512817262658428418831136e-01                    1.7445616272801781065915350e-01                   -7.4389158361262519569834240e-01 
                  -7.5782466091845146483052531e-01                    8.2907742394927944062921199e-02                   -6.4716928971854825736187422e-01 
                  -5.1752127851576390504817482e-01                    1.7603466290808766903097649e-01                   -8.3736701853980677334732263e-01 
                  -6.5126083571985748932320348e-01                    8.7949203358603164626394744e-02                   -7.5374018168468359668565881e-01 
                  -3.7684676990046717115490083e-01                    1.7445616272801794943703158e-01                   -9.0969860904686428160204059e-01 
                  -5.2360679774997898050514777e-01                    8.9805595315917044474396391e-02                   -8.4721359549995800541921653e-01 
                  -2.3387543666270160791498256e-01                    1.6992045099127686680340332e-01                   -9.5730314971839081117366277e-01 
                  -3.8291301349741291293327095e-01                    8.7949203358603081359667897e-02                   -9.1958825662516874288598956e-01 
                  -9.8472066525145951487729690e-02                    1.6298876576810555905083788e-01                   -9.8170154036125301111326280e-01 
                  -2.3993631853649485807800090e-01                    8.2907742394927999574072430e-02                   -9.6724188768794006065832036e-01 
                  -1.0450226362805975499625788e-01                    7.5925338798613184465580161e-02                   -9.9162221628245472704321628e-01 
                  -7.8363029437639553087535660e-01                    2.9201156942358896806410939e-01                   -5.4831816043090908507906533e-01 
                  -6.8737959087784228362494332e-01                    3.0449265710222084280189847e-01                   -6.5938874711010930784738093e-01 
                  -7.9670629187054486930463781e-01                    2.0257309787471006190529010e-01                   -5.6940602781436133739134675e-01 
                  -5.6701531884887224066460476e-01                    3.1133529267287990416335219e-01                   -7.6260341182491697686884891e-01 
                  -7.0051281597961279068442764e-01                    2.1466318952483820492460609e-01                   -6.8058909020886948493256341e-01 
                  -4.2851626803955339406471126e-01                    3.1133529267287984865220096e-01                   -8.4820053263467465320957217e-01 
                  -5.8013523152385237935391160e-01                    2.2153801492823990693104008e-01                   -7.8381376683905035207544643e-01 
                  -2.8236972654487890732610822e-01                    3.0449265710222078729074724e-01                   -9.0969860904686428160204059e-01 
                  -4.4161998297493221254939044e-01                    2.2153801492823993468661570e-01                   -8.6942089840242253728774813e-01 
                  -1.3998055051770100232211291e-01                    2.9201156942358907908641186e-01                   -9.4611557898574616398690296e-01 
                  -2.9545853305266434052356317e-01                    2.1466318952483823268018170e-01                   -9.3092640434643969538086594e-01 
                  -1.5299434865155386864543630e-01                    2.0257309787470997863856326e-01                   -9.6724188768794017168062283e-01 
                  -7.1242287690309158421086977e-01                    4.2304162657635108191200857e-01                   -5.5990126508944193517436361e-01 
                  -6.0257213437741341532927208e-01                    4.3779428181615193116371643e-01                   -6.6726530681650775278512810e-01 
                  -7.3218043379242481183410973e-01                    3.3699411818138214069762171e-01                   -5.9190098553954895166384631e-01 
                  -4.7131482844443223223507289e-01                    4.4305571744577609827331344e-01                   -7.6260341182491708789115137e-01 
                  -6.2237756557897450093719272e-01                    3.5154655102154713786077878e-01                   -6.9932909872880588686427927e-01 
                  -3.2734178326457902263868505e-01                    4.3779428181615209769717012e-01                   -8.3736701853980666232502017e-01 
                  -4.9112347318842297649865714e-01                    3.5682208977308987885024294e-01                   -7.9465447229176622290225396e-01 
                  -1.8218571947499334617859290e-01                    4.2304162657635113742315980e-01                   -8.8760585047813544967709731e-01 
                  -3.4716325249942464603591930e-01                    3.5154655102154713786077878e-01                   -8.6942089840242253728774813e-01 
                  -2.0197129149519138513468874e-01                    3.3699411818138208518647048e-01                   -9.1958825662516874288598956e-01 
                  -6.2248727176408635841653449e-01                    5.4682736749631222217260529e-01                   -5.5990126508944193517436361e-01 
                  -5.0200170086884476905453312e-01                    5.5964343336569888354148361e-01                   -6.5938874711010919682507847e-01 
                  -6.4721359549995793880583506e-01                    4.7022820183397845417161420e-01                   -5.9999999999999997779553951e-01 
                  -3.6527323926199850578910855e-01                    5.5964343336569888354148361e-01                   -7.4389158361262508467603993e-01 
                  -5.2666588281174064878342733e-01                    4.8328238076024027103372305e-01                   -6.9932909872880588686427927e-01 
                  -2.2240614481267234614492168e-01                    5.4682736749631233319490775e-01                   -8.0716499980277744974443976e-01 
                  -3.8996681828111079415322138e-01                    4.8328238076024049307832797e-01                   -7.8381376683905035207544643e-01 
                  -2.4721359549995802762367703e-01                    4.7022820183397845417161420e-01                   -8.4721359549995789439691407e-01 
                  -5.1987458420322807395308473e-01                    6.5504016032697143234742043e-01                   -5.4831816043090908507906533e-01 
                  -3.9387524480834956719377260e-01                    6.6234922647233629433571878e-01                   -6.3730353342709500363838515e-01 
                  -5.4675664904022291956664503e-01                    5.9220806313965135281307539e-01                   -5.9190098553954895166384631e-01 
                  -2.5793568999788801798800364e-01                    6.5504016032697143234742043e-01                   -7.1020530002537218816627274e-01 
                  -4.2062719012144966779231936e-01                    5.9989270475577327612626277e-01                   -6.8058909020886937391026095e-01 
                  -2.8489532896543384721255165e-01                    5.9220806313965157485768032e-01                   -7.5374018168468348566335635e-01 
                  -4.1273865526135511405669831e-01                    7.4283623885934468855651858e-01                   -5.2710636942684618855281542e-01 
                  -2.8687593134336974998177539e-01                    7.4283623885934468855651858e-01                   -6.0489381072480563616977634e-01 
                  -4.3885424847328430297821455e-01                    6.9511418061036533977414820e-01                   -5.6940602781436133739134675e-01 
                  -3.1303064763624971478250814e-01                    6.9511418061036533977414820e-01                   -6.4716928971854825736187422e-01 
                  -3.0862680874267822694889674e-01                    8.0955569787267289694199235e-01                   -4.9936866638506655080576024e-01 
                  -3.3184507035364130267396376e-01                    7.7561455235315079903557489e-01                   -5.3693660283129174271010697e-01 
                  -2.2616056692636496427972759e-01                   -8.3635060411309880556984808e-01                   -4.9936866638506655080576024e-01 
                  -1.0271559972803263882656921e-01                   -8.4356883588842934695861686e-01                   -5.2710636942684607753051296e-01 
                   3.5564427664530072481507972e-02                   -8.3551323533894905626340233e-01                   -5.4831816043090919610136780e-01 
                   1.8218571947499334617859290e-01                   -8.0828147137653816312052868e-01                   -5.5990126508944193517436361e-01 
                   3.2770458538869351450273371e-01                   -7.6099952566770168171927935e-01                   -5.5990126508944193517436361e-01 
                   4.6233013145158136092405243e-01                   -6.9684865250183791740568040e-01                   -5.4831816043090897405676287e-01 
                   5.7893598679614155511075069e-01                   -6.2208680945831595909822909e-01                   -5.2710636942684607753051296e-01 
                   6.7456229294448200040079655e-01                   -5.4368800609382861299678780e-01                   -4.9936866638506655080576024e-01 
                  -2.0454068233600500303914771e-01                   -7.6958858295607834865137420e-01                   -6.0489381072480541412517141e-01 
                  -7.0667340474219131341016009e-02                   -7.6736584056865619896115049e-01                   -6.3730353342709500363838515e-01 
                  -1.8742649392096458194068020e-01                   -8.2253899233804494972588373e-01                   -5.3693660283129163168780451e-01 
                   7.7177750533340999661291448e-02                   -7.4783024477963833120952586e-01                   -6.5938874711010930784738093e-01 
                  -5.3537318953606478910689503e-02                   -8.2031124030329527485605468e-01                   -5.6940602781436133739134675e-01 
                   2.3016207465860302749938171e-01                   -7.0836602805888404521539314e-01                   -6.6726530681650764176282564e-01 
                   9.4244255058862247409479096e-02                   -8.0048188218454441322791126e-01                   -5.9190098553954895166384631e-01 
                   3.7712547733063861432611930e-01                   -6.5037132050290957785421142e-01                   -6.5938874711010919682507847e-01 
                   2.4721359549995794435695018e-01                   -7.6084521303612284715001124e-01                   -6.0000000000000008881784197e-01 
                   5.0821740359019706989585075e-01                   -5.7927478537338239483744928e-01                   -6.3730353342709500363838515e-01 
                   3.9426624111056951527132242e-01                   -7.0299882961343052034663970e-01                   -5.9190098553954884064154385e-01 
                   6.1782970744512111238577745e-01                   -5.0238424571745798896671431e-01                   -6.0489381072480552514747387e-01 
                   5.2547945020676367633427617e-01                   -6.3217728755394897444119806e-01                   -5.6940602781436122636904429e-01 
                   6.3510750790998748982474353e-01                   -5.5528149432189521927938358e-01                   -5.3693660283129163168780451e-01 
                  -1.7634858923537144459459114e-01                   -6.8154941632325194422747927e-01                   -7.1020530002537207714397027e-01 
                  -3.3437898521340131408052798e-02                   -6.6746327147849648930844069e-01                   -7.4389158361262530672064486e-01 
                  -1.5533075032421728156606378e-01                   -7.4635398334095148786815344e-01                   -6.4716928971854836838417668e-01 
                   1.2088008925397035475679530e-01                   -6.3547151021501202539099040e-01                   -7.6260341182491708789115137e-01 
                  -1.2313539708851546986001502e-02                   -7.3256185201558365882590351e-01                   -6.8058909020886937391026095e-01 
                   2.7572673546838738500852628e-01                   -5.8515878496433937350218457e-01                   -7.6260341182491708789115137e-01 
                   1.4201539344851762947108398e-01                   -7.0055009791935562990516928e-01                   -6.9932909872880599788658174e-01 
                   4.1937689558189666927390249e-01                   -5.2033482612870674000049576e-01                   -7.4389158361262530672064486e-01 
                   2.9688014928634987033007064e-01                   -6.5023148849534395665727970e-01                   -6.9932909872880588686427927e-01 
                   5.4327370124881280144535367e-01                   -4.4772996029670236728392752e-01                   -7.1020530002537218816627274e-01 
                   4.4055091589219297354418359e-01                   -5.8541727066701187975894527e-01                   -6.8058909020886926288795848e-01 
                   5.6436108115885719183069114e-01                   -5.1251193207416689823219258e-01                   -6.4716928971854825736187422e-01 
                  -1.4148671135738138948667597e-01                   -5.7311968523394440921947535e-01                   -8.0716499980277733872213730e-01 
                   7.4960432405362315347319146e-03                   -5.4658968669148055852247126e-01                   -8.3736701853980677334732263e-01 
                  -1.1760600305109959740068604e-01                   -6.4656366009874455258454873e-01                   -7.5374018168468359668565881e-01 
                   1.6367864965884917904936913e-01                   -5.0375108544211588679218039e-01                   -8.4820053263467476423187463e-01 
                   3.1423527128080532000442560e-02                   -6.2020040378607421693857304e-01                   -7.8381376683905035207544643e-01 
                   3.1521293052025256553605459e-01                   -4.4660640915081972757150197e-01                   -8.3736701853980677334732263e-01 
                   1.8759247408507992438408962e-01                   -5.7735026918962584208117050e-01                   -7.9465447229176622290225396e-01 
                   4.5133645274536116076546932e-01                   -3.8049976283385089637079091e-01                   -8.0716499980277744974443976e-01 
                   3.3912248334147210293565422e-01                   -5.2022295240203675348311663e-01                   -7.8381376683905035207544643e-01 
                   4.7518583918313689329337990e-01                   -4.5395391479065144713089808e-01                   -7.5374018168468359668565881e-01 
                  -1.0126628601970243115371062e-01                   -4.4933394431398326895887863e-01                   -8.8760585047813544967709731e-01 
                   4.9465614195779390727114588e-02                   -4.1231249521501844856885555e-01                   -9.0969860904686428160204059e-01 
                  -7.6393202250021066679330772e-02                   -5.2573111211913359230862852e-01                   -8.4721359549995800541921653e-01 
                   2.0233268150171859756092374e-01                   -3.6264297414195745261622505e-01                   -9.0969860904686439262434305e-01 
                   7.4227092909766603789911699e-02                   -4.8846457404738102825447754e-01                   -8.6942089840242253728774813e-01 
                   3.4603801216934010342995975e-01                   -3.0399596762272618200029228e-01                   -8.8760585047813544967709731e-01 
                   2.2706129328532592692724279e-01                   -4.3880573208735518253575947e-01                   -8.6942089840242253728774813e-01 
                   3.7082039324993693041321308e-01                   -3.8042260651806142357500562e-01                   -8.4721359549995800541921653e-01 
                  -5.8393449755184435867594317e-02                   -3.1852082541986953545531946e-01                   -9.4611557898574627500920542e-01 
                   8.9332467671428730793259376e-02                   -2.7493706508759679918441066e-01                   -9.5730314971839081117366277e-01 
                  -3.4681965580857079811671895e-02                   -3.9134971514047528495794381e-01                   -9.1958825662516874288598956e-01 
                   2.3446313694194864662989630e-01                   -2.2336595223043120839179210e-01                   -9.4611557898574627500920542e-01 
                   1.1285511735993360160623666e-01                   -3.4733233678464864313539806e-01                   -9.3092640434643980640316840e-01 
                   2.5808789060167214302055072e-01                   -2.9622302240349618340786719e-01                   -9.1958825662516874288598956e-01 
                  -1.6136817517781273934041053e-02                   -1.8974110986483919139011789e-01                   -9.8170154036125301111326280e-01 
                   1.2458198573917081408701790e-01                   -1.4401879905633216405469454e-01                   -9.8170154036125301111326280e-01 
                   4.7055486604786096738184398e-03                   -2.5381290060529609897699288e-01                   -9.6724188768794017168062283e-01 
                   1.4538061098318291741726682e-01                   -2.0810480208785780975588864e-01                   -9.6724188768794017168062283e-01 
                   2.2793108653135409763512698e-02                   -7.0149975262801644859678163e-02                   -9.9727601754406725031998349e-01 
                   3.9916312804616937981450064e-02                   -1.2284977878350727964473776e-01                   -9.9162221628245461602091382e-01 
                  -2.1207365106945794130943739e-01                   -8.7970567313547465282397297e-01                   -4.2560861736498162288810931e-01 
                  -8.8651060114263130484957287e-02                   -8.8685503791567688036678874e-01                   -4.5346348393691049416531769e-01 
                   4.9501168300905375174725265e-02                   -8.7840611255740275176151499e-01                   -4.7534443907406437324070225e-01 
                   1.9600840891938822729834158e-01                   -8.5082333511903851519520003e-01                   -4.8752472352672138189433326e-01 
                   3.4152727483308836786690676e-01                   -8.0354138941020203379395070e-01                   -4.8752472352672138189433326e-01 
                   4.7626687208795664973948192e-01                   -7.3974152972029161290379307e-01                   -4.7534443907406426221839979e-01 
                   5.9300052640991096630784796e-01                   -6.6537301148556360352870342e-01                   -4.5346348393691038314301522e-01 
                   6.8864920880138913439338921e-01                   -5.8704307511620423820630776e-01                   -4.2560861736498162288810931e-01 
                  -1.5158242207325595130029683e-01                   -9.3257734872418385219106085e-01                   -3.2760076001892490804578983e-01 
                  -1.5456839154375070014002524e-02                   -9.3728629155993314903128066e-01                   -3.4821759544454933266166563e-01 
                  -1.6275685590213875841847369e-01                   -8.9846433113665813419146389e-01                   -4.0776470118440599765818888e-01 
                   1.3386199393288708558991118e-01                   -9.2228640750765633615770867e-01                   -3.6258619541694220300698248e-01 
                  -2.6598960479290518349460015e-02                   -9.0321898269822320504118807e-01                   -4.2835495164058495776160385e-01 
                   2.8735920385716096081551996e-01                   -8.8440069096697171424636963e-01                   -3.6777725021502022384467523e-01 
                   1.2282068349806576912364164e-01                   -8.8843108554314764724324505e-01                   -4.4227286367772156161493058e-01 
                   4.3380972073018470025473903e-01                   -8.2482748323092758280239423e-01                   -3.6258619541694225851813371e-01 
                   2.7639320225002100839262198e-01                   -8.5065080835203987774661982e-01                   -4.4721359549995798321475604e-01 
                   5.6342790491004135500219263e-01                   -7.4919523636465945592988191e-01                   -3.4821759544454911061706071e-01 
                   4.2284266954977300922990935e-01                   -7.9094803297203353231736855e-01                   -4.4227286367772145059262812e-01 
                   6.7078796770787030290250641e-01                   -6.6537301148556349250640096e-01                   -3.2760076001892496355694107e-01 
                   5.5241780868107970281499775e-01                   -7.1508502994887690462633145e-01                   -4.2835495164058490225045261e-01 
                   6.5977714592881342436925252e-01                   -6.3120683312050840374496374e-01                   -4.0776470118440594214703765e-01 
                  -8.1468278801764701380072609e-02                   -9.7356098574684102331389113e-01                   -2.1340554486872428952004555e-01 
                   6.5497763129463870690472049e-02                   -9.7195592858071733211033916e-01                   -2.2585773381009593974155791e-01 
                  -8.9510760897807781222290657e-02                   -9.4892708121566149426229231e-01                   -3.0253135080355042507704866e-01 
                   2.2203905797582548786728296e-01                   -9.4680680288789198506549383e-01                   -2.3292817506350854683816465e-01 
                   5.7434758623945529609766680e-02                   -9.4722504154042208579511453e-01                   -3.1538225882340786832003232e-01 
                   3.7688570419024253199680174e-01                   -8.9649407763721933317668800e-01                   -2.3292817506350829703798411e-01 
                   2.1399745796304242562158038e-01                   -9.2208811284759562010293621e-01                   -3.2242611576997859401672031e-01 
                   5.1831255723270064361685172e-01                   -8.2482748323092769382469669e-01                   -2.2585773381009580096367984e-01 
                   3.6886221380087474974729389e-01                   -8.7176950342358394685504663e-01                   -3.2242611576997864952787154e-01 
                   6.3815401168241969731553809e-01                   -7.3974152972029150188149060e-01                   -2.1340554486872428952004555e-01 
                   5.1029921422499024963315151e-01                   -8.0008046019185008468355136e-01                   -3.1538225882340770178657863e-01 
                   6.3018107058526651176322275e-01                   -7.1508502994887712667093638e-01                   -3.0253135080355036956589743e-01 
                  -4.0321545563188577673829904e-03                   -9.9616131181029543562033268e-01                   -8.7443596575307550033961945e-02 
                   1.4974402830074362569234836e-01                   -9.8438396850763276724194384e-01                   -9.2546899102185734009573537e-02 
                  -8.1099765393288641979196996e-03                   -9.8355777828012669328217044e-01                   -1.8041154360293246150526159e-01 
                   3.0763617878558291440782568e-01                   -9.4680680288789198506549383e-01                   -9.4429124254189714116058951e-02 
                   1.4564792569772744279532617e-01                   -9.7174695480762152133280551e-01                   -1.8572705123934887816439243e-01 
                   4.5746091558046009240001695e-01                   -8.8440069096697171424636963e-01                   -9.2546899102185678498422305e-02 
                   3.0353099910334307987014313e-01                   -9.3417235896271577644256467e-01                   -1.8759247408507984111736278e-01 
                   5.8879100954642393794813415e-01                   -8.0354138941020203379395070e-01                   -8.7443596575307536156174137e-02 
                   4.5334688191111910393615858e-01                   -8.7176950342358405787734910e-01                   -1.8572705123934876714208997e-01 
                   5.8468186569490765425172185e-01                   -7.9094803297203353231736855e-01                   -1.8041154360293232272738351e-01 
                   7.6408696119039221095192715e-02                   -9.9616131181029543562033268e-01                    4.2712433901376703482277719e-02 
                   2.3130478856370306761647271e-01                   -9.7195592858071733211033916e-01                    4.2423668916021201047428235e-02 
                   7.6393202250021025045967349e-02                   -9.9595931395311210199139396e-01                   -4.7213595499957912438038221e-02 
                   3.8417185586964219812244892e-01                   -9.2228640750765633615770867e-01                    4.2423668916021228803003851e-02 
                   2.3125505726109976678550595e-01                   -9.7174695480762152133280551e-01                   -4.7211802690428773809916407e-02 
                   5.2371299430808171404549967e-01                   -8.5082333511903851519520003e-01                    4.2712433901376890832413125e-02 
                   3.8408925763665902053389800e-01                   -9.2208811284759562010293621e-01                   -4.7211802690428579520887098e-02 
                   5.2360679774997886948284531e-01                   -8.5065080835203998876892229e-01                   -4.7213595499957856926886990e-02 
                   1.5444200015860942709622350e-01                   -9.7356098574684102331389113e-01                    1.6830530478463009980139020e-01 
                   3.0454277713692073925599857e-01                   -9.3728629155993314903128066e-01                    1.6955266010169178780842003e-01 
                   1.5773809840115635139135009e-01                   -9.8355777828012669328217044e-01                    8.7936278619512003862368488e-02 
                   4.4729858685574241938809337e-01                   -8.7840611255740275176151499e-01                    1.6830530478463021082369266e-01 
                   3.0777207276151602455271927e-01                   -9.4722504154042208579511453e-01                    8.9672024103540665107558993e-02 
                   4.5050795458368547707905805e-01                   -8.8843108554314764724324505e-01                    8.7936278619512087129095335e-02 
                   2.2522530756319161793221895e-01                   -9.3257734872418385219106085e-01                    2.8208695375652820258594033e-01 
                   3.6594411082014360880876325e-01                   -8.8685503791567688036678874e-01                    2.8208695375652831360824280e-01 
                   2.3056183707158406370751891e-01                   -9.4892708121566160528459477e-01                    2.1535699157840615391990013e-01 
                   3.7123689939428838879820205e-01                   -9.0321898269822320504118807e-01                    2.1535699157840615391990013e-01 
                   2.8583370008954273044921024e-01                   -8.7970567313547465282397297e-01                    3.8002240005871090744449248e-01 
                   2.9192875754902430918136247e-01                   -8.9846433113665824521376635e-01                    3.2793207557517212169528875e-01 
                  -2.8583370008954278596036147e-01                   -8.7970567313547454180167051e-01                   -3.8002240005871090744449248e-01 
                  -3.6594411082014371983106571e-01                   -8.8685503791567688036678874e-01                   -2.8208695375652831360824280e-01 
                  -4.4729858685574241938809337e-01                   -8.7840611255740275176151499e-01                   -1.6830530478463007204581459e-01 
                  -5.2371299430808171404549967e-01                   -8.5082333511903851519520003e-01                   -4.2712433901376745115641143e-02 
                  -5.8879100954642393794813415e-01                   -8.0354138941020203379395070e-01                    8.7443596575307563911749753e-02 
                  -6.3815401168241969731553809e-01                   -7.3974152972029150188149060e-01                    2.1340554486872440054234801e-01 
                  -6.7078796770787019188020395e-01                   -6.6537301148556349250640096e-01                    3.2760076001892496355694107e-01 
                  -6.8864920880138902337108675e-01                   -5.8704307511620434922861023e-01                    4.2560861736498162288810931e-01 
                  -2.2522530756319159017664333e-01                   -9.3257734872418385219106085e-01                   -2.8208695375652814707478910e-01 
                  -3.0454277713692073925599857e-01                   -9.3728629155993314903128066e-01                   -1.6955266010169192658629811e-01 
                  -2.9192875754902436469251370e-01                   -8.9846433113665824521376635e-01                   -3.2793207557517217720643998e-01 
                  -3.8417185586964225363360015e-01                   -9.2228640750765633615770867e-01                   -4.2423668916021110841807484e-02 
                  -3.7123689939428838879820205e-01                   -9.0321898269822320504118807e-01                   -2.1535699157840609840874890e-01 
                  -4.5746091558046009240001695e-01                   -8.8440069096697171424636963e-01                    9.2546899102185706253997921e-02 
                  -4.5050795458368542156790681e-01                   -8.8843108554314764724324505e-01                   -8.7936278619512017740156296e-02 
                  -5.1831255723270075463915418e-01                   -8.2482748323092758280239423e-01                    2.2585773381009593974155791e-01 
                  -5.2360679774997886948284531e-01                   -8.5065080835203987774661982e-01                    4.7213595499957912438038221e-02 
                  -5.6342790491004124397989017e-01                   -7.4919523636465934490757945e-01                    3.4821759544454922163936317e-01 
                  -5.8468186569490765425172185e-01                   -7.9094803297203353231736855e-01                    1.8041154360293243374968597e-01 
                  -5.9300052640991096630784796e-01                   -6.6537301148556360352870342e-01                    4.5346348393691038314301522e-01 
                  -6.3018107058526662278552521e-01                   -7.1508502994887701564863391e-01                    3.0253135080355042507704866e-01 
                  -6.5977714592881342436925252e-01                   -6.3120683312050840374496374e-01                    4.0776470118440594214703765e-01 
                  -1.5444200015860956587410158e-01                   -9.7356098574684102331389113e-01                   -1.6830530478463012755696582e-01 
                  -2.3130478856370303986089709e-01                   -9.7195592858071733211033916e-01                   -4.2423668916021055330656253e-02 
                  -2.3056183707158414697424575e-01                   -9.4892708121566149426229231e-01                   -2.1535699157840601514202206e-01 
                  -3.0763617878558296991897691e-01                   -9.4680680288789198506549383e-01                    9.4429124254189727993846759e-02 
                  -3.0777207276151596904156804e-01                   -9.4722504154042208579511453e-01                   -8.9672024103540595718619954e-02 
                  -3.7688570419024247648565051e-01                   -8.9649407763721933317668800e-01                    2.3292817506350840806028657e-01 
                  -3.8408925763665902053389800e-01                   -9.2208811284759562010293621e-01                    4.7211802690428704420977368e-02 
                  -4.3380972073018470025473903e-01                   -8.2482748323092758280239423e-01                    3.6258619541694231402928494e-01 
                  -4.5334688191111899291385612e-01                   -8.7176950342358405787734910e-01                    1.8572705123934887816439243e-01 
                  -4.7626687208795653871717946e-01                   -7.3974152972029161290379307e-01                    4.7534443907406431772955102e-01 
                  -5.1029921422499013861084904e-01                   -8.0008046019185008468355136e-01                    3.1538225882340775729772986e-01 
                  -5.5241780868107970281499775e-01                   -7.1508502994887690462633145e-01                    4.2835495164058484673930138e-01 
                  -7.6408696119039345995282986e-02                   -9.9616131181029543562033268e-01                   -4.2712433901376807565686278e-02 
                  -1.4974402830074362569234836e-01                   -9.8438396850763265621964138e-01                    9.2546899102185789520724768e-02 
                  -1.5773809840115632363577447e-01                   -9.8355777828012669328217044e-01                   -8.7936278619511934473429449e-02 
                  -2.2203905797582546011170734e-01                   -9.4680680288789198506549383e-01                    2.3292817506350854683816465e-01 
                  -2.3125505726109973902993033e-01                   -9.7174695480762152133280551e-01                    4.7211802690428843198855446e-02 
                  -2.8735920385716096081551996e-01                   -8.8440069096697171424636963e-01                    3.6777725021502016833352400e-01 
                  -3.0353099910334313538129436e-01                   -9.3417235896271577644256467e-01                    1.8759247408507986887293839e-01 
                  -3.4152727483308847888920923e-01                   -8.0354138941020203379395070e-01                    4.8752472352672138189433326e-01 
                  -3.6886221380087458321384020e-01                   -8.7176950342358405787734910e-01                    3.2242611576997864952787154e-01 
                  -4.2284266954977295371875812e-01                   -7.9094803297203353231736855e-01                    4.4227286367772161712608181e-01 
                   4.0321545563187346020161961e-03                   -9.9616131181029543562033268e-01                    8.7443596575307452889447291e-02 
                  -6.5497763129463926201623281e-02                   -9.7195592858071733211033916e-01                    2.2585773381009613403058722e-01 
                  -7.6393202250021094434906388e-02                   -9.9595931395311210199139396e-01                    4.7213595499958072032598011e-02 
                  -1.3386199393288705783433556e-01                   -9.2228640750765622513540620e-01                    3.6258619541694231402928494e-01 
                  -1.4564792569772752606205302e-01                   -9.7174695480762152133280551e-01                    1.8572705123934901694227051e-01 
                  -1.9600840891938836607621965e-01                   -8.5082333511903851519520003e-01                    4.8752472352672143740548449e-01 
                  -2.1399745796304248113273161e-01                   -9.2208811284759562010293621e-01                    3.2242611576997864952787154e-01 
                  -2.7639320225002106390377321e-01                   -8.5065080835203987774661982e-01                    4.4721359549995798321475604e-01 
                   8.1468278801764590357770146e-02                   -9.7356098574684102331389113e-01                    2.1340554486872434503119678e-01 
                   1.5456839154374986747275678e-02                   -9.3728629155993314903128066e-01                    3.4821759544454938817281686e-01 
                   8.1099765393288884840483632e-03                   -9.8355777828012658225986797e-01                    1.8041154360293265579429089e-01 
                  -4.9501168300905486197027727e-02                   -8.7840611255740275176151499e-01                    4.7534443907406437324070225e-01 
                  -5.7434758623945703082114278e-02                   -9.4722504154042208579511453e-01                    3.1538225882340786832003232e-01 
                  -1.2282068349806572749027822e-01                   -8.8843108554314764724324505e-01                    4.4227286367772156161493058e-01 
                   1.5158242207325584027799437e-01                   -9.3257734872418385219106085e-01                    3.2760076001892496355694107e-01 
                   8.8651060114263061096018248e-02                   -8.8685503791567688036678874e-01                    4.5346348393691049416531769e-01 
                   8.9510760897807808977866273e-02                   -9.4892708121566149426229231e-01                    3.0253135080355053609935112e-01 
                   2.6598960479290466307755736e-02                   -9.0321898269822320504118807e-01                    4.2835495164058501327275508e-01 
                   2.1207365106945799682058862e-01                   -8.7970567313547454180167051e-01                    4.2560861736498162288810931e-01 
                   1.6275685590213861964059561e-01                   -8.9846433113665824521376635e-01                    4.0776470118440594214703765e-01 
                   2.1207365106945791355386177e-01                    8.7970567313547465282397297e-01                    4.2560861736498162288810931e-01 
                   8.8651060114263130484957287e-02                    8.8685503791567688036678874e-01                    4.5346348393691049416531769e-01 
                  -4.9501168300905375174725265e-02                    8.7840611255740275176151499e-01                    4.7534443907406437324070225e-01 
                  -1.9600840891938822729834158e-01                    8.5082333511903851519520003e-01                    4.8752472352672138189433326e-01 
                  -3.4152727483308836786690676e-01                    8.0354138941020203379395070e-01                    4.8752472352672138189433326e-01 
                  -4.7626687208795664973948192e-01                    7.3974152972029161290379307e-01                    4.7534443907406426221839979e-01 
                  -5.9300052640991096630784796e-01                    6.6537301148556360352870342e-01                    4.5346348393691038314301522e-01 
                  -6.8864920880138913439338921e-01                    5.8704307511620423820630776e-01                    4.2560861736498162288810931e-01 
                   1.5158242207325595130029683e-01                    9.3257734872418385219106085e-01                    3.2760076001892490804578983e-01 
                   1.5456839154375070014002524e-02                    9.3728629155993314903128066e-01                    3.4821759544454933266166563e-01 
                   1.6275685590213875841847369e-01                    8.9846433113665813419146389e-01                    4.0776470118440599765818888e-01 
                  -1.3386199393288708558991118e-01                    9.2228640750765633615770867e-01                    3.6258619541694220300698248e-01 
                   2.6598960479290518349460015e-02                    9.0321898269822320504118807e-01                    4.2835495164058495776160385e-01 
                  -2.8735920385716096081551996e-01                    8.8440069096697171424636963e-01                    3.6777725021502022384467523e-01 
                  -1.2282068349806576912364164e-01                    8.8843108554314764724324505e-01                    4.4227286367772156161493058e-01 
                  -4.3380972073018470025473903e-01                    8.2482748323092758280239423e-01                    3.6258619541694225851813371e-01 
                  -2.7639320225002100839262198e-01                    8.5065080835203987774661982e-01                    4.4721359549995798321475604e-01 
                  -5.6342790491004135500219263e-01                    7.4919523636465945592988191e-01                    3.4821759544454911061706071e-01 
                  -4.2284266954977300922990935e-01                    7.9094803297203353231736855e-01                    4.4227286367772145059262812e-01 
                  -6.7078796770787030290250641e-01                    6.6537301148556349250640096e-01                    3.2760076001892496355694107e-01 
                  -5.5241780868107970281499775e-01                    7.1508502994887690462633145e-01                    4.2835495164058490225045261e-01 
                  -6.5977714592881342436925252e-01                    6.3120683312050840374496374e-01                    4.0776470118440594214703765e-01 
                   8.1468278801764701380072609e-02                    9.7356098574684102331389113e-01                    2.1340554486872428952004555e-01 
                  -6.5497763129463870690472049e-02                    9.7195592858071733211033916e-01                    2.2585773381009593974155791e-01 
                   8.9510760897807781222290657e-02                    9.4892708121566149426229231e-01                    3.0253135080355042507704866e-01 
                  -2.2203905797582548786728296e-01                    9.4680680288789198506549383e-01                    2.3292817506350854683816465e-01 
                  -5.7434758623945529609766680e-02                    9.4722504154042208579511453e-01                    3.1538225882340786832003232e-01 
                  -3.7688570419024247648565051e-01                    8.9649407763721922215438553e-01                    2.3292817506350838030471095e-01 
                  -2.1399745796304242562158038e-01                    9.2208811284759562010293621e-01                    3.2242611576997859401672031e-01 
                  -5.1831255723270064361685172e-01                    8.2482748323092769382469669e-01                    2.2585773381009580096367984e-01 
                  -3.6886221380087474974729389e-01                    8.7176950342358394685504663e-01                    3.2242611576997864952787154e-01 
                  -6.3815401168241969731553809e-01                    7.3974152972029150188149060e-01                    2.1340554486872428952004555e-01 
                  -5.1029921422499024963315151e-01                    8.0008046019185008468355136e-01                    3.1538225882340770178657863e-01 
                  -6.3018107058526651176322275e-01                    7.1508502994887712667093638e-01                    3.0253135080355036956589743e-01 
                   4.0321545563188577673829904e-03                    9.9616131181029543562033268e-01                    8.7443596575307550033961945e-02 
                  -1.4974402830074362569234836e-01                    9.8438396850763276724194384e-01                    9.2546899102185734009573537e-02 
                   8.1099765393288641979196996e-03                    9.8355777828012669328217044e-01                    1.8041154360293246150526159e-01 
                  -3.0763617878558302543012815e-01                    9.4680680288789198506549383e-01                    9.4429124254189783504997990e-02 
                  -1.4564792569772744279532617e-01                    9.7174695480762152133280551e-01                    1.8572705123934887816439243e-01 
                  -4.5746091558046009240001695e-01                    8.8440069096697160322406717e-01                    9.2546899102185636865058882e-02 
                  -3.0353099910334313538129436e-01                    9.3417235896271577644256467e-01                    1.8759247408507984111736278e-01 
                  -5.8879100954642393794813415e-01                    8.0354138941020203379395070e-01                    8.7443596575307536156174137e-02 
                  -4.5334688191111910393615858e-01                    8.7176950342358394685504663e-01                    1.8572705123934882265324120e-01 
                  -5.8468186569490765425172185e-01                    7.9094803297203353231736855e-01                    1.8041154360293232272738351e-01 
                  -7.6408696119039207217404908e-02                    9.9616131181029543562033268e-01                   -4.2712433901376856137943605e-02 
                  -2.3130478856370306761647271e-01                    9.7195592858071733211033916e-01                   -4.2423668916021201047428235e-02 
                  -7.6393202250021025045967349e-02                    9.9595931395311210199139396e-01                    4.7213595499957912438038221e-02 
                  -3.8417185586964219812244892e-01                    9.2228640750765633615770867e-01                   -4.2423668916021228803003851e-02 
                  -2.3125505726109976678550595e-01                    9.7174695480762152133280551e-01                    4.7211802690428773809916407e-02 
                  -5.2371299430808171404549967e-01                    8.5082333511903851519520003e-01                   -4.2712433901376890832413125e-02 
                  -3.8408925763665902053389800e-01                    9.2208811284759562010293621e-01                    4.7211802690428718298765176e-02 
                  -5.2360679774997886948284531e-01                    8.5065080835203998876892229e-01                    4.7213595499957856926886990e-02 
                  -1.5444200015860945485179911e-01                    9.7356098574684091229158867e-01                   -1.6830530478463021082369266e-01 
                  -3.0454277713692073925599857e-01                    9.3728629155993314903128066e-01                   -1.6955266010169178780842003e-01 
                  -1.5773809840115629588019885e-01                    9.8355777828012669328217044e-01                   -8.7936278619512031617944103e-02 
                  -4.4729858685574241938809337e-01                    8.7840611255740275176151499e-01                   -1.6830530478463021082369266e-01 
                  -3.0777207276151602455271927e-01                    9.4722504154042208579511453e-01                   -8.9672024103540665107558993e-02 
                  -4.5050795458368547707905805e-01                    8.8843108554314764724324505e-01                   -8.7936278619512087129095335e-02 
                  -2.2522530756319170119894579e-01                    9.3257734872418385219106085e-01                   -2.8208695375652820258594033e-01 
                  -3.6594411082014360880876325e-01                    8.8685503791567688036678874e-01                   -2.8208695375652831360824280e-01 
                  -2.3056183707158411921867014e-01                    9.4892708121566149426229231e-01                   -2.1535699157840618167547575e-01 
                  -3.7123689939428838879820205e-01                    9.0321898269822320504118807e-01                   -2.1535699157840615391990013e-01 
                  -2.8583370008954278596036147e-01                    8.7970567313547454180167051e-01                   -3.8002240005871090744449248e-01 
                  -2.9192875754902442020366493e-01                    8.9846433113665824521376635e-01                   -3.2793207557517206618413752e-01 
                   2.8583370008954278596036147e-01                    8.7970567313547454180167051e-01                    3.8002240005871090744449248e-01 
                   3.6594411082014371983106571e-01                    8.8685503791567688036678874e-01                    2.8208695375652831360824280e-01 
                   4.4729858685574241938809337e-01                    8.7840611255740275176151499e-01                    1.6830530478463007204581459e-01 
                   5.2371299430808171404549967e-01                    8.5082333511903851519520003e-01                    4.2712433901376745115641143e-02 
                   5.8879100954642393794813415e-01                    8.0354138941020203379395070e-01                   -8.7443596575307563911749753e-02 
                   6.3815401168241969731553809e-01                    7.3974152972029150188149060e-01                   -2.1340554486872440054234801e-01 
                   6.7078796770787019188020395e-01                    6.6537301148556349250640096e-01                   -3.2760076001892496355694107e-01 
                   6.8864920880138913439338921e-01                    5.8704307511620434922861023e-01                   -4.2560861736498162288810931e-01 
                   2.2522530756319159017664333e-01                    9.3257734872418385219106085e-01                    2.8208695375652814707478910e-01 
                   3.0454277713692073925599857e-01                    9.3728629155993314903128066e-01                    1.6955266010169192658629811e-01 
                   2.9192875754902436469251370e-01                    8.9846433113665824521376635e-01                    3.2793207557517217720643998e-01 
                   3.8417185586964225363360015e-01                    9.2228640750765633615770867e-01                    4.2423668916021110841807484e-02 
                   3.7123689939428838879820205e-01                    9.0321898269822320504118807e-01                    2.1535699157840609840874890e-01 
                   4.5746091558046009240001695e-01                    8.8440069096697171424636963e-01                   -9.2546899102185706253997921e-02 
                   4.5050795458368542156790681e-01                    8.8843108554314764724324505e-01                    8.7936278619512017740156296e-02 
                   5.1831255723270075463915418e-01                    8.2482748323092758280239423e-01                   -2.2585773381009593974155791e-01 
                   5.2360679774997886948284531e-01                    8.5065080835203987774661982e-01                   -4.7213595499957912438038221e-02 
                   5.6342790491004124397989017e-01                    7.4919523636465934490757945e-01                   -3.4821759544454922163936317e-01 
                   5.8468186569490765425172185e-01                    7.9094803297203353231736855e-01                   -1.8041154360293243374968597e-01 
                   5.9300052640991096630784796e-01                    6.6537301148556360352870342e-01                   -4.5346348393691038314301522e-01 
                   6.3018107058526662278552521e-01                    7.1508502994887701564863391e-01                   -3.0253135080355042507704866e-01 
                   6.5977714592881342436925252e-01                    6.3120683312050840374496374e-01                   -4.0776470118440594214703765e-01 
                   1.5444200015860956587410158e-01                    9.7356098574684102331389113e-01                    1.6830530478463012755696582e-01 
                   2.3130478856370303986089709e-01                    9.7195592858071733211033916e-01                    4.2423668916021055330656253e-02 
                   2.3056183707158414697424575e-01                    9.4892708121566149426229231e-01                    2.1535699157840601514202206e-01 
                   3.0763617878558296991897691e-01                    9.4680680288789198506549383e-01                   -9.4429124254189727993846759e-02 
                   3.0777207276151596904156804e-01                    9.4722504154042208579511453e-01                    8.9672024103540595718619954e-02 
                   3.7688570419024247648565051e-01                    8.9649407763721933317668800e-01                   -2.3292817506350840806028657e-01 
                   3.8408925763665902053389800e-01                    9.2208811284759562010293621e-01                   -4.7211802690428704420977368e-02 
                   4.3380972073018470025473903e-01                    8.2482748323092758280239423e-01                   -3.6258619541694231402928494e-01 
                   4.5334688191111899291385612e-01                    8.7176950342358405787734910e-01                   -1.8572705123934887816439243e-01 
                   4.7626687208795653871717946e-01                    7.3974152972029161290379307e-01                   -4.7534443907406431772955102e-01 
                   5.1029921422499013861084904e-01                    8.0008046019185008468355136e-01                   -3.1538225882340775729772986e-01 
                   5.5241780868107970281499775e-01                    7.1508502994887690462633145e-01                   -4.2835495164058484673930138e-01 
                   7.6408696119039345995282986e-02                    9.9616131181029543562033268e-01                    4.2712433901376807565686278e-02 
                   1.4974402830074362569234836e-01                    9.8438396850763265621964138e-01                   -9.2546899102185789520724768e-02 
                   1.5773809840115632363577447e-01                    9.8355777828012669328217044e-01                    8.7936278619511934473429449e-02 
                   2.2203905797582546011170734e-01                    9.4680680288789198506549383e-01                   -2.3292817506350854683816465e-01 
                   2.3125505726109973902993033e-01                    9.7174695480762152133280551e-01                   -4.7211802690428843198855446e-02 
                   2.8735920385716096081551996e-01                    8.8440069096697171424636963e-01                   -3.6777725021502016833352400e-01 
                   3.0353099910334313538129436e-01                    9.3417235896271577644256467e-01                   -1.8759247408507986887293839e-01 
                   3.4152727483308847888920923e-01                    8.0354138941020203379395070e-01                   -4.8752472352672138189433326e-01 
                   3.6886221380087458321384020e-01                    8.7176950342358405787734910e-01                   -3.2242611576997864952787154e-01 
                   4.2284266954977295371875812e-01                    7.9094803297203353231736855e-01                   -4.4227286367772161712608181e-01 
                  -4.0321545563188083277639251e-03                    9.9616131181029543562033268e-01                   -8.7443596575307480645022906e-02 
                   6.5497763129463926201623281e-02                    9.7195592858071733211033916e-01                   -2.2585773381009613403058722e-01 
                   7.6393202250021094434906388e-02                    9.9595931395311210199139396e-01                   -4.7213595499958072032598011e-02 
                   1.3386199393288705783433556e-01                    9.2228640750765622513540620e-01                   -3.6258619541694231402928494e-01 
                   1.4564792569772752606205302e-01                    9.7174695480762152133280551e-01                   -1.8572705123934901694227051e-01 
                   1.9600840891938836607621965e-01                    8.5082333511903851519520003e-01                   -4.8752472352672143740548449e-01 
                   2.1399745796304248113273161e-01                    9.2208811284759562010293621e-01                   -3.2242611576997864952787154e-01 
                   2.7639320225002106390377321e-01                    8.5065080835203987774661982e-01                   -4.4721359549995798321475604e-01 
                  -8.1468278801764659746709185e-02                    9.7356098574684091229158867e-01                   -2.1340554486872442829792362e-01 
                  -1.5456839154374986747275678e-02                    9.3728629155993314903128066e-01                   -3.4821759544454938817281686e-01 
                  -8.1099765393288260340032281e-03                    9.8355777828012658225986797e-01                   -1.8041154360293271130544213e-01 
                   4.9501168300905486197027727e-02                    8.7840611255740275176151499e-01                   -4.7534443907406437324070225e-01 
                   5.7434758623945703082114278e-02                    9.4722504154042208579511453e-01                   -3.1538225882340786832003232e-01 
                   1.2282068349806572749027822e-01                    8.8843108554314764724324505e-01                   -4.4227286367772156161493058e-01 
                  -1.5158242207325589578914560e-01                    9.3257734872418385219106085e-01                   -3.2760076001892501906809230e-01 
                  -8.8651060114263061096018248e-02                    8.8685503791567688036678874e-01                   -4.5346348393691049416531769e-01 
                  -8.9510760897807822855654081e-02                    9.4892708121566149426229231e-01                   -3.0253135080355048058819989e-01 
                  -2.6598960479290466307755736e-02                    9.0321898269822320504118807e-01                   -4.2835495164058501327275508e-01 
                  -2.1207365106945791355386177e-01                    8.7970567313547465282397297e-01                   -4.2560861736498162288810931e-01 
                  -1.6275685590213870290732245e-01                    8.9846433113665824521376635e-01                   -4.0776470118440588663588642e-01 
                   3.4550683325272057988541974e-01                    8.3635060411309880556984808e-01                    4.2560861736498173391041178e-01 
                   4.2552245669630994751031494e-01                    8.4356883588842934695861686e-01                    3.2760076001892496355694107e-01 
                   5.0633556757621178689987573e-01                    8.3551323533894916728570479e-01                    2.1340554486872420625331870e-01 
                   5.8226684642640724742790326e-01                    8.0828147137653816312052868e-01                    8.7443596575307466767235098e-02 
                   6.4734486166474936030823528e-01                    7.6099952566770168171927935e-01                   -4.2712433901376904710200932e-02 
                   6.9719099240288906482732045e-01                    6.9684865250183791740568040e-01                   -1.6830530478463029409041951e-01 
                   7.3036631358403658609290687e-01                    6.2208680945831595909822909e-01                   -2.8208695375652820258594033e-01 
                   7.4832234196456692831844748e-01                    5.4368800609382850197448533e-01                   -3.8002240005871085193334125e-01 
                   4.4956009800632307227274964e-01                    7.6958858295607834865137420e-01                    4.5346348393691054967646892e-01 
                   5.3841821379962229165982990e-01                    7.6736584056865630998345296e-01                    3.4821759544454922163936317e-01 
                   3.9643102117708400866646912e-01                    8.2253899233804494972588373e-01                    4.0776470118440605316934011e-01 
                   6.2429016416326299498962271e-01                    7.4783024477963833120952586e-01                    2.2585773381009613403058722e-01 
                   4.8534961709374868643607215e-01                    8.2031124030329527485605468e-01                    3.0253135080355048058819989e-01 
                   6.9975184298338943822415104e-01                    7.0836602805888415623769561e-01                    9.2546899102185734009573537e-02 
                   5.7155964800630931765823561e-01                    8.0048188218454452425021373e-01                    1.8041154360293248926083720e-01 
                   7.5843086552632166252863044e-01                    6.5037132050290968887651388e-01                   -4.2423668916021346764200217e-02 
                   6.4721359549995804982813752e-01                    7.6084521303612284715001124e-01                    4.7213595499958072032598011e-02 
                   7.9730334157274296291717519e-01                    5.7927478537338239483744928e-01                   -1.6955266010169178780842003e-01 
                   7.0573355911753177238665558e-01                    7.0299882961343040932433723e-01                   -8.7936278619512101006883142e-02 
                   8.1733531685304228187050057e-01                    5.0238424571745809998901677e-01                   -2.8208695375652814707478910e-01 
                   7.4429378828472692042339531e-01                    6.3217728755394897444119806e-01                   -2.1535699157840626494220260e-01 
                   7.6427940955687323487666163e-01                    5.5528149432189510825708112e-01                   -3.2793207557517206618413752e-01 
                   5.5636144488165029109438819e-01                    6.8154941632325194422747927e-01                    4.7534443907406431772955102e-01 
                   6.5040297671542812718570303e-01                    6.6746327147849648930844069e-01                    3.6258619541694231402928494e-01 
                   5.0937978656017246503751039e-01                    7.4635398334095137684585097e-01                    4.2835495164058501327275508e-01 
                   7.3615244682513636398368817e-01                    6.3547151021501224743559533e-01                    2.3292817506350840806028657e-01 
                   6.0323060581418019854282875e-01                    7.3256185201558388087050844e-01                    3.1538225882340775729772986e-01 
                   8.0540197222979581503921054e-01                    5.8515878496433937350218457e-01                    9.4429124254189644727119912e-02 
                   6.8901017608096148947538495e-01                    7.0055009791935551888286682e-01                    1.8572705123934896143111928e-01 
                   8.5290790888190992635742305e-01                    5.2033482612870674000049576e-01                   -4.2423668916021152475170908e-02 
                   7.5826780035542151736649430e-01                    6.5023148849534395665727970e-01                    4.7211802690428655848720041e-02 
                   8.7818631681099768027110031e-01                    4.4772996029670231177277628e-01                   -1.6830530478463015531254143e-01 
                   8.0575774727765447913441221e-01                    5.8541727066701187975894527e-01                   -8.9672024103540762252073648e-02 
                   8.3123575816966799312268677e-01                    5.1251193207416689823219258e-01                   -2.1535699157840623718662698e-01 
                   6.5867554254544657954539844e-01                    5.7311968523394440921947535e-01                    4.8752472352672143740548449e-01 
                   7.5231616267815715204392291e-01                    5.4658968669148055852247126e-01                    3.6777725021502039037812892e-01 
                   6.2157070997113650356880044e-01                    6.4656366009874466360685119e-01                    4.4227286367772150610377935e-01 
                   8.3185293722957631690206881e-01                    5.0375108544211599781448285e-01                    2.3292817506350854683816465e-01 
                   7.1511737429115407316260189e-01                    6.2020040378607443898317797e-01                    3.2242611576997876055017400e-01 
                   8.8993133823457437614479204e-01                    4.4660640915081972757150197e-01                    9.2546899102185817276300384e-02 
                   7.9465447229176611187995150e-01                    5.7735026918962584208117050e-01                    1.8759247408507997989524085e-01 
                   9.2379412125949567080596125e-01                    3.8049976283385078534848844e-01                   -4.2712433901376772871216758e-02 
                   8.5272453083092925041341914e-01                    5.2022295240203675348311663e-01                    4.7211802690428718298765176e-02 
                   8.8667528111975335569638901e-01                    4.5395391479065144713089808e-01                   -8.7936278619511976106792872e-02 
                   7.4861114768445169431743125e-01                    4.4933394431398326895887863e-01                    4.8752472352672138189433326e-01 
                   8.3578086672442586380071816e-01                    4.1231249521501833754655308e-01                    3.6258619541694225851813371e-01 
                   7.2360679774997893609622679e-01                    5.2573111211913359230862852e-01                    4.4721359549995787219245358e-01 
                   9.0414509752784888441112798e-01                    3.6264297414195750812737629e-01                    2.2585773381009602300828476e-01 
                   8.1082905705838814736097220e-01                    4.8846457404738119478793124e-01                    3.2242611576997864952787154e-01 
                   9.4865171116015867269766204e-01                    3.0399596762272618200029228e-01                    8.7443596575307383500508251e-02 
                   8.7917858932370307467607518e-01                    4.3880573208735529355806193e-01                    1.8572705123934887816439243e-01 
                   9.2360679774997900270960827e-01                    3.8042260651806131255270316e-01                    4.7213595499957940193613837e-02 
                   8.2011715505481785903896252e-01                    3.1852082541986947994416823e-01                    4.7534443907406426221839979e-01 
                   8.9618866120021567489573044e-01                    2.7493706508759674367325943e-01                    3.4821759544454916612821194e-01 
                   8.0699449472333861788087006e-01                    3.9134971514047522944679258e-01                    4.4227286367772145059262812e-01 
                   9.5108660215748785926592745e-01                    2.2336595223043123614736771e-01                    2.1340554486872412298659185e-01 
                   8.8311623167234365450184441e-01                    3.4733233678464864313539806e-01                    3.1538225882340770178657863e-01 
                   9.3792515476073301528003867e-01                    2.9622302240349612789671596e-01                    1.8041154360293243374968597e-01 
                   8.7084394696355238441043412e-01                    1.8974110986483919139011789e-01                    4.5346348393691049416531769e-01 
                   9.3377530892254512195904681e-01                    1.4401879905633227507699701e-01                    3.2760076001892496355694107e-01 
                   8.6723182995743308687508488e-01                    2.5381290060529609897699288e-01                    4.2835495164058501327275508e-01 
                   9.3014363037595038097293809e-01                    2.0810480208785794853376672e-01                    3.0253135080355053609935112e-01 
                   9.0218417509691284372763675e-01                    7.0149975262801686493041586e-02                    4.2560861736498162288810931e-01 
                   9.0478499121108080238684579e-01                    1.2284977878350733515588900e-01                    4.0776470118440594214703765e-01 
                   7.2552923331143137630760975e-01                   -4.7353803083102691262595840e-01                   -4.9936866638506649529460901e-01 
                   6.6871568980385842628777482e-01                   -4.3234569959347690648598928e-01                   -6.0489381072480552514747387e-01 
                   5.9369730256361041842438908e-01                   -3.7832782708196832643920970e-01                   -7.1020530002537218816627274e-01 
                   5.0134741297111640179196002e-01                   -3.1166558135371835724924949e-01                   -8.0716499980277744974443976e-01 
                   3.9604897239509523343414799e-01                   -2.3516178614259383716778018e-01                   -8.8760585047813544967709731e-01 
                   2.8488673825674631912008294e-01                   -1.5396381901569719530264990e-01                   -9.4611557898574616398690296e-01 
                   1.7546796809790815574459089e-01                   -7.3980252932350984429454854e-02                   -9.8170154036125301111326280e-01 
                   7.3760049020084872406499699e-02                    1.3915693913898045161552981e-17                   -9.9727601754406725031998349e-01 
                   7.7054077241183083213371674e-01                   -3.5836544666112601920104908e-01                   -5.2710636942684607753051296e-01 
                   7.0797087390131407946824993e-01                   -3.0433772028578570667534109e-01                   -6.3730353342709511466068761e-01 
                   7.2436309675225618587290910e-01                   -4.3243171553838793963464582e-01                   -5.3693660283129163168780451e-01 
                   6.2446241482802622435599460e-01                   -2.3805882528789115704093149e-01                   -7.4389158361262530672064486e-01 
                   6.6182497772006143588185978e-01                   -3.7836438694865270893075149e-01                   -6.4716928971854825736187422e-01 
                   5.2215408801955420781126804e-01                   -1.6177634136740326464831696e-01                   -8.3736701853980666232502017e-01 
                   5.7857632855325402676527347e-01                   -3.1164911447295512436639342e-01                   -7.5374018168468359668565881e-01 
                   4.0741820074784812488744024e-01                   -8.0366973301141841901085172e-02                   -9.0969860904686428160204059e-01 
                   4.7639320225002101949485223e-01                   -2.3511410091698919933023149e-01                   -8.4721359549995789439691407e-01 
                   2.8908593798254578199902198e-01                    0.0000000000000000000000000e+00                   -9.5730314971839070015136031e-01 
                   3.6147837997178927649244429e-01                   -1.5391822208579986064336254e-01                   -9.1958825662516874288598956e-01 
                   1.7546796809790815574459089e-01                    7.3980252932350970551667046e-02                   -9.8170154036125301111326280e-01 
                   2.4284450754438718922401108e-01                   -7.3957256962343717598962201e-02                   -9.6724188768794006065832036e-01 
                   1.2917190164688568954076686e-01                    0.0000000000000000000000000e+00                   -9.9162221628245472704321628e-01 
                   8.0561031946351202570610894e-01                   -2.2436400806627124215886226e-01                   -5.4831816043090908507906533e-01 
                   7.3507806388270724440303638e-01                   -1.5769185198674948167330001e-01                   -6.5938874711010919682507847e-01 
                   7.6361840909067202343152303e-01                   -3.0440712998630914398745517e-01                   -5.6940602781436133739134675e-01 
                   6.4172332257094666374541703e-01                   -8.1407699522223667121245683e-02                   -7.6260341182491708789115137e-01 
                   6.9290262991772111345056828e-01                   -2.3808493388236315335682036e-01                   -6.8058909020886937391026095e-01 
                   5.2967523676140859656413795e-01                   -2.7880155668771986545883584e-17                   -8.4820053263467465320957217e-01 
                   5.9955603933541057326550572e-01                   -1.6176691444796287289165093e-01                   -7.8381376683905035207544643e-01 
                   4.0741820074784818039859147e-01                    8.0366973301141828023297364e-02                   -9.0969860904686428160204059e-01 
                   4.8749484927926434174594306e-01                   -8.0349694133281274188718157e-02                   -8.6942089840242253728774813e-01 
                   2.8488673825674626360893171e-01                    1.5396381901569716754707429e-01                   -9.4611557898574616398690296e-01 
                   3.6520683138546167212368232e-01                   -1.3933922719060773923885213e-17                   -9.3092640434643969538086594e-01 
                   2.4284450754438721697958670e-01                    7.3957256962343786987901240e-02                   -9.6724188768794006065832036e-01 
                   8.2501984380349102643492643e-01                   -7.6503795211124658859347392e-02                   -5.5990126508944193517436361e-01 
                   7.4482011943762105321553690e-01                    4.1812906480721473106680433e-17                   -6.6726530681650764176282564e-01 
                   7.9042658666321585769765079e-01                   -1.5773089238715537474533335e-01                   -5.9190098553954895166384631e-01 
                   6.4172332257094688579002195e-01                    8.1407699522223417321065142e-02                   -7.6260341182491708789115137e-01 
                   7.1014790565584751114158735e-01                   -8.1417220314681779114174276e-02                   -6.9932909872880588686427927e-01 
                   5.2215408801955420781126804e-01                    1.6177634136740332015946819e-01                   -8.3736701853980666232502017e-01 
                   6.0706199820668615974028626e-01                   -4.1822752219934408960481267e-17                   -7.9465447229176622290225396e-01 
                   3.9604897239509523343414799e-01                    2.3516178614259378165662895e-01                   -8.8760585047813544967709731e-01 
                   4.8749484927926439725709429e-01                    8.0349694133281301944293773e-02                   -8.6942089840242253728774813e-01 
                   3.6147837997178933200359552e-01                    1.5391822208579986064336254e-01                   -9.1958825662516874288598956e-01 
                   8.2501984380349113745722889e-01                    7.6503795211124756003862046e-02                   -5.5990126508944182415206114e-01 
                   7.3507806388270746644764131e-01                    1.5769185198674948167330001e-01                   -6.5938874711010908580277601e-01 
                   7.9999999999999993338661852e-01                   -9.7538637666954499412114965e-17                   -6.0000000000000008881784197e-01 
                   6.2446241482802633537829706e-01                    2.3805882528789110152978026e-01                   -7.4389158361262519569834240e-01 
                   7.1014790565584762216388981e-01                    8.1417220314681432169479081e-02                   -6.9932909872880588686427927e-01 
                   5.0134741297111640179196002e-01                    3.1166558135371835724924949e-01                   -8.0716499980277744974443976e-01 
                   5.9955603933541068428780818e-01                    1.6176691444796287289165093e-01                   -7.8381376683905024105314396e-01 
                   4.7639320225002113051715469e-01                    2.3511410091698919933023149e-01                   -8.4721359549995800541921653e-01 
                   8.0561031946351213672841141e-01                    2.2436400806627121440328665e-01                   -5.4831816043090897405676287e-01 
                   7.0797087390131419049055239e-01                    3.0433772028578559565303863e-01                   -6.3730353342709500363838515e-01 
                   7.9042658666321585769765079e-01                    1.5773089238715540250090896e-01                   -5.9190098553954884064154385e-01 
                   5.9369730256361052944669154e-01                    3.7832782708196832643920970e-01                   -7.1020530002537207714397027e-01 
                   6.9290262991772111345056828e-01                    2.3808493388236315335682036e-01                   -6.8058909020886937391026095e-01 
                   5.7857632855325413778757593e-01                    3.1164911447295512436639342e-01                   -7.5374018168468359668565881e-01 
                   7.7054077241183094315601920e-01                    3.5836544666112590817874661e-01                   -5.2710636942684596650821049e-01 
                   6.6871568980385842628777482e-01                    4.3234569959347668444138435e-01                   -6.0489381072480552514747387e-01 
                   7.6361840909067213445382549e-01                    3.0440712998630908847630394e-01                   -5.6940602781436122636904429e-01 
                   6.6182497772006143588185978e-01                    3.7836438694865276444190272e-01                   -6.4716928971854825736187422e-01 
                   7.2552923331143148732991222e-01                    4.7353803083102685711480717e-01                   -4.9936866638506649529460901e-01 
                   7.2436309675225629689521156e-01                    4.3243171553838782861234336e-01                   -5.3693660283129163168780451e-01 
                   7.7111545061770214726237782e-01                   -4.7353803083102696813710963e-01                   -4.2560861736498173391041178e-01 
                   8.1605457867422759310471747e-01                   -3.5836544666112590817874661e-01                   -4.5346348393691049416531769e-01 
                   8.5071055954760610440246182e-01                   -2.2436400806627135318116473e-01                   -4.7534443907406442875185348e-01 
                   8.6975100647742165094200573e-01                   -7.6503795211124686614923007e-02                   -4.8752472352672154842778696e-01 
                   8.6975100647742176196430819e-01                    7.6503795211124700492710815e-02                   -4.8752472352672138189433326e-01 
                   8.5071055954760632644706675e-01                    2.2436400806627124215886226e-01                   -4.7534443907406415119609733e-01 
                   8.1605457867422759310471747e-01                    3.5836544666112585266759538e-01                   -4.5346348393691049416531769e-01 
                   7.7111545061770225828468028e-01                    4.7353803083102691262595840e-01                   -4.2560861736498162288810931e-01 
                   8.4009221998424055133369848e-01                   -4.3234569959347690648598928e-01                   -3.2760076001892501906809230e-01 
                   8.8663580924417173534379799e-01                   -3.0433772028578559565303863e-01                   -3.4821759544454933266166563e-01 
                   8.0419572236149017285811169e-01                   -4.3243171553838782861234336e-01                   -4.0776470118440605316934011e-01 
                   9.1851212877678212187504414e-01                   -1.5769185198674934289542193e-01                   -3.6258619541694225851813371e-01 
                   8.5079276831581629458867155e-01                   -3.0440712998630903296515271e-01                   -4.2835495164058506878390631e-01 
                   9.2991391764199238245680590e-01                   -4.1812906480721466943704611e-17                   -3.6777725021502027935582646e-01 
                   8.8290185164663648187399758e-01                   -1.5773089238715526372303088e-01                   -4.4227286367772161712608181e-01 
                   9.1851212877678223289734660e-01                    1.5769185198674934289542193e-01                   -3.6258619541694225851813371e-01 
                   8.9442719099991585540720962e-01                    4.1802273285837645246467480e-17                   -4.4721359549995792770360481e-01 
                   8.8663580924417162432149553e-01                    3.0433772028578570667534109e-01                   -3.4821759544454922163936317e-01 
                   8.8290185164663648187399758e-01                    1.5773089238715531923418212e-01                   -4.4227286367772145059262812e-01 
                   8.4009221998424066235600094e-01                    4.3234569959347679546368681e-01                   -3.2760076001892496355694107e-01 
                   8.5079276831581640561097402e-01                    3.0440712998630897745400148e-01                   -4.2835495164058490225045261e-01 
                   8.0419572236149006183580923e-01                    4.3243171553838793963464582e-01                   -4.0776470118440594214703765e-01 
                   9.0073643685304483064157921e-01                   -3.7832782708196843746151217e-01                   -2.1340554486872423400889431e-01 
                   9.4462494132894725407112446e-01                   -2.3805882528789112928535587e-01                   -2.2585773381009596749713353e-01 
                   8.7482293778224018421241226e-01                   -3.7836438694865276444190272e-01                   -3.0253135080355048058819989e-01 
                   9.6908062188864496633300405e-01                   -8.1407699522223375687701719e-02                   -2.3292817506350849132701342e-01 
                   9.1861286463758806686286107e-01                   -2.3808493388236312560124475e-01                   -3.1538225882340781280888109e-01 
                   9.6908062188864496633300405e-01                    8.1407699522223486710004181e-02                   -2.3292817506350857459374026e-01 
                   9.4308675958562526719930474e-01                   -8.1417220314681584825144967e-02                   -3.2242611576997876055017400e-01 
                   9.4462494132894725407112446e-01                    2.3805882528789112928535587e-01                   -2.2585773381009607851943599e-01 
                   9.4308675958562526719930474e-01                    8.1417220314681681969659621e-02                   -3.2242611576997864952787154e-01 
                   9.0073643685304483064157921e-01                    3.7832782708196843746151217e-01                   -2.1340554486872426176446993e-01 
                   9.1861286463758817788516353e-01                    2.3808493388236315335682036e-01                   -3.1538225882340764627542740e-01 
                   8.7482293778224007319010980e-01                    3.7836438694865270893075149e-01                   -3.0253135080355048058819989e-01 
                   9.4615970259646098305950090e-01                   -3.1166558135371841276040072e-01                   -8.7443596575307439011659483e-02 
                   9.8247823733676020729888023e-01                   -1.6177634136740334791504381e-01                   -9.2546899102185761765149152e-02 
                   9.3291291361146355676225994e-01                   -3.1164911447295523538869588e-01                   -1.8041154360293248926083720e-01 
                   9.9553158688842557921816478e-01                    5.5760311337543985417718811e-17                   -9.4429124254189769627210183e-02 
                   9.6919395779581796190882415e-01                   -1.6176691444796290064722655e-01                   -1.8572705123934887816439243e-01 
                   9.8247823733676020729888023e-01                    1.6177634136740337567061943e-01                   -9.2546899102185761765149152e-02 
                   9.8224694637684595299731427e-01                    0.0000000000000000000000000e+00                   -1.8759247408507997989524085e-01 
                   9.4615970259646109408180337e-01                    3.1166558135371835724924949e-01                   -8.7443596575307591667325369e-02 
                   9.6919395779581796190882415e-01                    1.6176691444796287289165093e-01                   -1.8572705123934898918669489e-01 
                   9.3291291361146366778456240e-01                    3.1164911447295517987754465e-01                   -1.8041154360293248926083720e-01 
                   9.7101729249712398495120169e-01                   -2.3516178614259392043450703e-01                    4.2712433901376814504580182e-02 
                   9.9586212997488632314713186e-01                   -8.0366973301141952923387635e-02                    4.2423668916021110841807484e-02 
                   9.7082039324993685269760135e-01                   -2.3511410091698936586368518e-01                   -4.7213595499957926315826029e-02 
                   9.9586212997488632314713186e-01                    8.0366973301141855778872980e-02                    4.2423668916021124719595292e-02 
                   9.9564801628859189719378264e-01                   -8.0349694133281371333232812e-02                   -4.7211802690428794626598119e-02 
                   9.7101729249712409597350415e-01                    2.3516178614259386492335580e-01                    4.2712433901376703482277719e-02 
                   9.9564801628859189719378264e-01                    8.0349694133281274188718157e-02                   -4.7211802690428759932128600e-02 
                   9.7082039324993685269760135e-01                    2.3511410091698919933023149e-01                   -4.7213595499958127543749242e-02 
                   9.7363672219953489861410389e-01                   -1.5396381901569725081380113e-01                    1.6830530478463012755696582e-01 
                   9.8552112887164433630005078e-01                   -2.7859412159214479308693187e-17                    1.6955266010169178780842003e-01 
                   9.8416278725244332736821207e-01                   -1.5391822208579999942124061e-01                    8.7936278619511976106792872e-02 
                   9.7363672219953489861410389e-01                    1.5396381901569736183610360e-01                    1.6830530478463015531254143e-01 
                   9.9597134903227713120799081e-01                    4.1801768157182324853143549e-17                    8.9672024103540720618710225e-02 
                   9.8416278725244332736821207e-01                    1.5391822208579991615451377e-01                    8.7936278619511962229005064e-02 
                   9.5653221205374350244454718e-01                   -7.3980252932351053818393893e-02                    2.8208695375652825809709157e-01 
                   9.5653221205374350244454718e-01                    7.3980252932350942796091431e-02                    2.8208695375652814707478910e-01 
                   9.7373080998852257206266358e-01                   -7.3957256962343814743476855e-02                    2.1535699157840607065317329e-01 
                   9.7373080998852246104036112e-01                    7.3957256962343745354537816e-02                    2.1535699157840620943105137e-01 
                   9.2497728375004817369386956e-01                   -2.7831387827796090323105963e-17                    3.8002240005871079642219001e-01 
                   9.4470130401569762934599339e-01                   -4.1758295025281042993122355e-17                    3.2793207557517223271759121e-01 
                   7.4832234196456681729614502e-01                   -5.4368800609382850197448533e-01                   -3.8002240005871096295564371e-01 
                   7.3036631358403647507060441e-01                   -6.2208680945831595909822909e-01                   -2.8208695375652814707478910e-01 
                   6.9719099240288906482732045e-01                   -6.9684865250183791740568040e-01                   -1.6830530478463021082369266e-01 
                   6.4734486166474936030823528e-01                   -7.6099952566770168171927935e-01                   -4.2712433901376863076837509e-02 
                   5.8226684642640724742790326e-01                   -8.0828147137653816312052868e-01                    8.7443596575307452889447291e-02 
                   5.0633556757621178689987573e-01                   -8.3551323533894916728570479e-01                    2.1340554486872445605349924e-01 
                   4.2552245669630983648801248e-01                   -8.4356883588842945798091932e-01                    3.2760076001892490804578983e-01 
                   3.4550683325272069090772220e-01                   -8.3635060411309880556984808e-01                    4.2560861736498173391041178e-01 
                   8.1733531685304228187050057e-01                   -5.0238424571745798896671431e-01                   -2.8208695375652831360824280e-01 
                   7.9730334157274285189487273e-01                   -5.7927478537338239483744928e-01                   -1.6955266010169184331957126e-01 
                   7.6427940955687323487666163e-01                   -5.5528149432189510825708112e-01                   -3.2793207557517217720643998e-01 
                   7.5843086552632166252863044e-01                   -6.5037132050290957785421142e-01                   -4.2423668916021145536277004e-02 
                   7.4429378828472692042339531e-01                   -6.3217728755394897444119806e-01                   -2.1535699157840615391990013e-01 
                   6.9975184298338943822415104e-01                   -7.0836602805888404521539314e-01                    9.2546899102185664620634498e-02 
                   7.0573355911753177238665558e-01                   -7.0299882961343040932433723e-01                   -8.7936278619512017740156296e-02 
                   6.2429016416326321703422764e-01                   -7.4783024477963822018722340e-01                    2.2585773381009605076386038e-01 
                   6.4721359549995793880583506e-01                   -7.6084521303612284715001124e-01                    4.7213595499957926315826029e-02 
                   5.3841821379962240268213236e-01                   -7.6736584056865619896115049e-01                    3.4821759544454933266166563e-01 
                   5.7155964800630942868053808e-01                   -8.0048188218454441322791126e-01                    1.8041154360293254477198843e-01 
                   4.4956009800632312778390087e-01                   -7.6958858295607834865137420e-01                    4.5346348393691038314301522e-01 
                   4.8534961709374885296952584e-01                   -8.2031124030329516383375221e-01                    3.0253135080355036956589743e-01 
                   3.9643102117708411968877158e-01                   -8.2253899233804494972588373e-01                    4.0776470118440605316934011e-01 
                   8.7818631681099768027110031e-01                   -4.4772996029670236728392752e-01                   -1.6830530478463015531254143e-01 
                   8.5290790888190981533512058e-01                   -5.2033482612870696204510068e-01                   -4.2423668916021173291852620e-02 
                   8.3123575816966799312268677e-01                   -5.1251193207416689823219258e-01                   -2.1535699157840615391990013e-01 
                   8.0540197222979581503921054e-01                   -5.8515878496433948452448703e-01                    9.4429124254189797382785798e-02 
                   8.0575774727765447913441221e-01                   -5.8541727066701187975894527e-01                   -8.9672024103540595718619954e-02 
                   7.3615244682513658602829310e-01                   -6.3547151021501191436868794e-01                    2.3292817506350851908258903e-01 
                   7.5826780035542140634419184e-01                   -6.5023148849534406767958217e-01                    4.7211802690428725237659080e-02 
                   6.5040297671542812718570303e-01                   -6.6746327147849648930844069e-01                    3.6258619541694231402928494e-01 
                   6.8901017608096148947538495e-01                   -7.0055009791935562990516928e-01                    1.8572705123934901694227051e-01 
                   5.5636144488165040211669066e-01                   -6.8154941632325183320517681e-01                    4.7534443907406442875185348e-01 
                   6.0323060581418042058743367e-01                   -7.3256185201558365882590351e-01                    3.1538225882340786832003232e-01 
                   5.0937978656017246503751039e-01                   -7.4635398334095137684585097e-01                    4.2835495164058490225045261e-01 
                   9.2379412125949567080596125e-01                   -3.8049976283385100739309337e-01                   -4.2712433901376675726702103e-02 
                   8.8993133823457437614479204e-01                   -4.4660640915081967206035074e-01                    9.2546899102185747887361345e-02 
                   8.8667528111975324467408655e-01                   -4.5395391479065155815320054e-01                   -8.7936278619511989984580680e-02 
                   8.3185293722957653894667374e-01                   -5.0375108544211577576987793e-01                    2.3292817506350835254913534e-01 
                   8.5272453083092913939111668e-01                   -5.2022295240203686450541909e-01                    4.7211802690428718298765176e-02 
                   7.5231616267815726306622537e-01                   -5.4658968669148055852247126e-01                    3.6777725021502027935582646e-01 
                   7.9465447229176611187995150e-01                   -5.7735026918962584208117050e-01                    1.8759247408507986887293839e-01 
                   6.5867554254544657954539844e-01                   -5.7311968523394429819717288e-01                    4.8752472352672132638318203e-01 
                   7.1511737429115429520720681e-01                   -6.2020040378607421693857304e-01                    3.2242611576997864952787154e-01 
                   6.2157070997113650356880044e-01                   -6.4656366009874455258454873e-01                    4.4227286367772161712608181e-01 
                   9.4865171116015867269766204e-01                   -3.0399596762272612648914105e-01                    8.7443596575307466767235098e-02 
                   9.0414509752784888441112798e-01                   -3.6264297414195745261622505e-01                    2.2585773381009605076386038e-01 
                   9.2360679774997889168730580e-01                   -3.8042260651806153459730808e-01                    4.7213595499957961010295548e-02 
                   8.3578086672442575277841570e-01                   -4.1231249521501839305770432e-01                    3.6258619541694236954043618e-01 
                   8.7917858932370296365377271e-01                   -4.3880573208735523804691070e-01                    1.8572705123934896143111928e-01 
                   7.4861114768445180533973371e-01                   -4.4933394431398310242542493e-01                    4.8752472352672149291663573e-01 
                   8.1082905705838814736097220e-01                   -4.8846457404738091723217508e-01                    3.2242611576997876055017400e-01 
                   7.2360679774997893609622679e-01                   -5.2573111211913359230862852e-01                    4.4721359549995803872590727e-01 
                   9.5108660215748785926592745e-01                   -2.2336595223043131941409456e-01                    2.1340554486872437278677239e-01 
                   8.9618866120021556387342798e-01                   -2.7493706508759668816210819e-01                    3.4821759544454933266166563e-01 
                   9.3792515476073301528003867e-01                   -2.9622302240349623891901842e-01                    1.8041154360293265579429089e-01 
                   8.2011715505481785903896252e-01                   -3.1852082541986947994416823e-01                    4.7534443907406437324070225e-01 
                   8.8311623167234365450184441e-01                   -3.4733233678464864313539806e-01                    3.1538225882340792383118355e-01 
                   8.0699449472333850685856760e-01                   -3.9134971514047522944679258e-01                    4.4227286367772156161493058e-01 
                   9.3377530892254512195904681e-01                   -1.4401879905633224732142139e-01                    3.2760076001892485253463860e-01 
                   8.7084394696355249543273658e-01                   -1.8974110986483908036781543e-01                    4.5346348393691038314301522e-01 
                   9.3014363037595038097293809e-01                   -2.0810480208785786526703987e-01                    3.0253135080355036956589743e-01 
                   8.6723182995743319789738734e-01                   -2.5381290060529604346584165e-01                    4.2835495164058484673930138e-01 
                   9.0218417509691273270533429e-01                   -7.0149975262801672615253779e-02                    4.2560861736498173391041178e-01 
                   9.0478499121108069136454333e-01                   -1.2284977878350730740031338e-01                    4.0776470118440616419164257e-01 
                   2.2793108653135388946830986e-02                    7.0149975262801672615253779e-02                   -9.9727601754406725031998349e-01 
                   1.2458198573917078633144229e-01                    1.4401879905633216405469454e-01                   -9.8170154036125301111326280e-01 
                   2.3446313694194859111874507e-01                    2.2336595223043126390294333e-01                   -9.4611557898574616398690296e-01 
                   3.4603801216934004791880852e-01                    3.0399596762272612648914105e-01                   -8.8760585047813544967709731e-01 
                   4.5133645274536116076546932e-01                    3.8049976283385095188194214e-01                   -8.0716499980277744974443976e-01 
                   5.4327370124881280144535367e-01                    4.4772996029670242279507875e-01                   -7.1020530002537218816627274e-01 
                   6.1782970744512111238577745e-01                    5.0238424571745798896671431e-01                   -6.0489381072480541412517141e-01 
                   6.7456229294448200040079655e-01                    5.4368800609382850197448533e-01                   -4.9936866638506649529460901e-01 
                  -1.6136817517781294750722765e-02                    1.8974110986483919139011789e-01                   -9.8170154036125301111326280e-01 
                   8.9332467671428730793259376e-02                    2.7493706508759674367325943e-01                   -9.5730314971839081117366277e-01 
                   3.9916312804616910225874449e-02                    1.2284977878350729352252557e-01                   -9.9162221628245461602091382e-01 
                   2.0233268150171859756092374e-01                    3.6264297414195745261622505e-01                   -9.0969860904686439262434305e-01 
                   1.4538061098318288966169121e-01                    2.0810480208785789302261549e-01                   -9.6724188768794017168062283e-01 
                   3.1521293052025256553605459e-01                    4.4660640915081967206035074e-01                   -8.3736701853980677334732263e-01 
                   2.5808789060167214302055072e-01                    2.9622302240349612789671596e-01                   -9.1958825662516874288598956e-01 
                   4.1937689558189655825160003e-01                    5.2033482612870685102279822e-01                   -7.4389158361262519569834240e-01 
                   3.7082039324993693041321308e-01                    3.8042260651806142357500562e-01                   -8.4721359549995789439691407e-01 
                   5.0821740359019729194045567e-01                    5.7927478537338239483744928e-01                   -6.3730353342709511466068761e-01 
                   4.7518583918313694880453113e-01                    4.5395391479065139161974685e-01                   -7.5374018168468359668565881e-01 
                   5.7893598679614144408844822e-01                    6.2208680945831607012053155e-01                   -5.2710636942684607753051296e-01 
                   5.6436108115885708080838867e-01                    5.1251193207416689823219258e-01                   -6.4716928971854836838417668e-01 
                   6.3510750790998760084704600e-01                    5.5528149432189510825708112e-01                   -5.3693660283129163168780451e-01 
                  -5.8393449755184415050912605e-02                    3.1852082541986953545531946e-01                   -9.4611557898574627500920542e-01 
                   4.9465614195779439299371916e-02                    4.1231249521501844856885555e-01                   -9.0969860904686428160204059e-01 
                   4.7055486604786096738184398e-03                    2.5381290060529609897699288e-01                   -9.6724188768794017168062283e-01 
                   1.6367864965884917904936913e-01                    5.0375108544211599781448285e-01                   -8.4820053263467465320957217e-01 
                   1.1285511735993360160623666e-01                    3.4733233678464869864654929e-01                   -9.3092640434643969538086594e-01 
                   2.7572673546838727398622382e-01                    5.8515878496433937350218457e-01                   -7.6260341182491697686884891e-01 
                   2.2706129328532598243839402e-01                    4.3880573208735512702460824e-01                   -8.6942089840242253728774813e-01 
                   3.7712547733063861432611930e-01                    6.5037132050290979989881635e-01                   -6.5938874711010919682507847e-01 
                   3.3912248334147204742450299e-01                    5.2022295240203697552772155e-01                   -7.8381376683905024105314396e-01 
                   4.6233013145158141643520366e-01                    6.9684865250183791740568040e-01                   -5.4831816043090908507906533e-01 
                   4.4055091589219291803303236e-01                    5.8541727066701176873664281e-01                   -6.8058909020886937391026095e-01 
                   5.2547945020676367633427617e-01                    6.3217728755394897444119806e-01                   -5.6940602781436122636904429e-01 
                  -1.0126628601970238952034720e-01                    4.4933394431398315793657616e-01                   -8.8760585047813544967709731e-01 
                   7.4960432405362350041788666e-03                    5.4658968669148055852247126e-01                   -8.3736701853980677334732263e-01 
                  -3.4681965580857121445035318e-02                    3.9134971514047528495794381e-01                   -9.1958825662516874288598956e-01 
                   1.2088008925397038251237092e-01                    6.3547151021501202539099040e-01                   -7.6260341182491708789115137e-01 
                   7.4227092909766631545487314e-02                    4.8846457404738102825447754e-01                   -8.6942089840242253728774813e-01 
                   2.3016207465860294423265486e-01                    7.0836602805888393419309068e-01                   -6.6726530681650764176282564e-01 
                   1.8759247408507992438408962e-01                    5.7735026918962573105886804e-01                   -7.9465447229176622290225396e-01 
                   3.2770458538869351450273371e-01                    7.6099952566770168171927935e-01                   -5.5990126508944204619666607e-01 
                   2.9688014928634975930776818e-01                    6.5023148849534406767958217e-01                   -6.9932909872880588686427927e-01 
                   3.9426624111056945976017118e-01                    7.0299882961343040932433723e-01                   -5.9190098553954906268614877e-01 
                  -1.4148671135738133397552474e-01                    5.7311968523394429819717288e-01                   -8.0716499980277744974443976e-01 
                  -3.3437898521340152224734510e-02                    6.6746327147849648930844069e-01                   -7.4389158361262519569834240e-01 
                  -7.6393202250021052801542965e-02                    5.2573111211913359230862852e-01                   -8.4721359549995800541921653e-01 
                   7.7177750533341055172442680e-02                    7.4783024477963833120952586e-01                   -6.5938874711010930784738093e-01 
                   3.1423527128080532000442560e-02                    6.2020040378607432796087551e-01                   -7.8381376683905035207544643e-01 
                   1.8218571947499348495647098e-01                    8.0828147137653816312052868e-01                   -5.5990126508944193517436361e-01 
                   1.4201539344851765722665959e-01                    7.0055009791935562990516928e-01                   -6.9932909872880599788658174e-01 
                   2.4721359549995794435695018e-01                    7.6084521303612284715001124e-01                   -5.9999999999999997779553951e-01 
                  -1.7634858923537141683901552e-01                    6.8154941632325194422747927e-01                   -7.1020530002537207714397027e-01 
                  -7.0667340474219117463228201e-02                    7.6736584056865619896115049e-01                   -6.3730353342709500363838515e-01 
                  -1.1760600305109958352289823e-01                    6.4656366009874455258454873e-01                   -7.5374018168468359668565881e-01 
                   3.5564427664530169626022627e-02                    8.3551323533894916728570479e-01                   -5.4831816043090908507906533e-01 
                  -1.2313539708851540047107598e-02                    7.3256185201558365882590351e-01                   -6.8058909020886937391026095e-01 
                   9.4244255058862247409479096e-02                    8.0048188218454430220560880e-01                   -5.9190098553954895166384631e-01 
                  -2.0454068233600503079472333e-01                    7.6958858295607834865137420e-01                   -6.0489381072480563616977634e-01 
                  -1.0271559972803262494878140e-01                    8.4356883588842934695861686e-01                   -5.2710636942684607753051296e-01 
                  -1.5533075032421733707721501e-01                    7.4635398334095148786815344e-01                   -6.4716928971854836838417668e-01 
                  -5.3537318953606506666265119e-02                    8.2031124030329527485605468e-01                   -5.6940602781436122636904429e-01 
                  -2.2616056692636488101300074e-01                    8.3635060411309880556984808e-01                   -4.9936866638506655080576024e-01 
                  -1.8742649392096452642952897e-01                    8.2253899233804494972588373e-01                   -5.3693660283129163168780451e-01 
