5.408318310593815	-0.1628240354694265
5.303178888417002	-0.4773759174704793
5.100065121933617	-0.759395419596923
4.812818878668131	-0.989663378838104
4.461015515402226	-1.1524874143075303
4.068629849959928	-1.2367713370674023
3.662402316993157	-1.2367713370674023
3.2700166515508586	-1.1524874143075303
2.918213288284954	-0.989663378838104
2.630967045019468	-0.759395419596923
2.427853278536083	-0.4773759174704793
2.32271385635927	-0.1628240354694265
2.32271385635927	-0.1628240354694265
2.427853278536083	-0.4773759174704793
2.630967045019468	-0.759395419596923
2.918213288284954	-0.989663378838104
3.2700166515508586	-1.1524874143075303
3.662402316993157	-1.2367713370674023
4.068629849959928	-1.2367713370674023
4.461015515402226	-1.1524874143075303
4.812818878668131	-0.989663378838104
5.100065121933617	-0.759395419596923
5.303178888417002	-0.4773759174704793
5.408318310593815	-0.1628240354694265
5.408318310593815	-0.31384849116204105
5.303178888417003	-0.5476102404620667
5.100065121933618	-0.8054009015285043
4.812818878668132	-1.02538910287334
4.461015515402227	-1.1833074194880204
4.068629849959928	-1.2655404177937704
3.6624023169931568	-1.2655404177937704
3.270016651550858	-1.1833074194880204
2.918213288284954	-1.02538910287334
2.630967045019468	-0.8054009015285043
2.427853278536083	-0.5476102404620667
2.32271385635927	-0.31384849116204105
2.32271385635927	-0.31384849116204105
2.427853278536083	-0.5476102404620667
2.630967045019468	-0.8054009015285043
2.918213288284954	-1.02538910287334
3.270016651550858	-1.1833074194880204
3.6624023169931568	-1.2655404177937704
4.068629849959928	-1.2655404177937704
4.461015515402227	-1.1833074194880204
4.812818878668132	-1.02538910287334
5.100065121933618	-0.8054009015285043
5.303178888417003	-0.5476102404620667
5.408318310593815	-0.31384849116204105
5.408318310593815	-0.5022739767301357
5.303178888417002	-0.6735393438801759
5.100065121933617	-0.8957951130021544
4.812818878668131	-1.0978165077038184
4.461015515402226	-1.2465932461356484
4.068629849959928	-1.3249040800621175
3.662402316993157	-1.3249040800621175
3.2700166515508586	-1.2465932461356484
2.918213288284954	-1.0978165077038184
2.630967045019468	-0.8957951130021544
2.427853278536083	-0.6735393438801759
2.32271385635927	-0.5022739767301357
2.32271385635927	-0.5022739767301357
2.427853278536083	-0.6735393438801759
2.630967045019468	-0.8957951130021544
2.918213288284954	-1.0978165077038184
3.2700166515508586	-1.2465932461356484
3.662402316993157	-1.3249040800621175
4.068629849959928	-1.3249040800621175
4.461015515402226	-1.2465932461356484
4.812818878668131	-1.0978165077038184
5.100065121933617	-0.8957951130021544
5.303178888417002	-0.6735393438801759
5.408318310593815	-0.5022739767301357
5.408318310593816	-0.5958204170980473
5.303178888417003	-0.7459075475453536
5.100065121933618	-0.9514051220217016
4.812818878668132	-1.143645008871894
4.461015515402226	-1.287135401984422
4.068629849959928	-1.3631190861754638
3.6624023169931568	-1.3631190861754638
3.270016651550858	-1.287135401984422
2.918213288284954	-1.143645008871894
2.630967045019468	-0.9514051220217016
2.4278532785360825	-0.7459075475453536
2.32271385635927	-0.5958204170980473
2.32271385635927	-0.5958204170980473
2.4278532785360825	-0.7459075475453536
2.630967045019468	-0.9514051220217016
2.918213288284954	-1.143645008871894
3.270016651550858	-1.287135401984422
3.6624023169931568	-1.3631190861754638
4.068629849959928	-1.3631190861754638
4.461015515402226	-1.287135401984422
4.812818878668132	-1.143645008871894
5.100065121933618	-0.9514051220217016
5.303178888417003	-0.7459075475453536
5.408318310593816	-0.5958204170980473
5.408318310593815	-0.5638529281249375
5.303178888417002	-0.7206290478528455
5.100065121933617	-0.9317187672969262
4.812818878668131	-1.127320744704793
4.461015515402226	-1.272653015619644
4.068629849959928	-1.3494524068006277
3.6624023169931568	-1.3494524068006277
3.270016651550858	-1.272653015619644
2.918213288284954	-1.127320744704793
2.6309670450194687	-0.9317187672969262
2.427853278536083	-0.7206290478528455
2.3227138563592704	-0.5638529281249375
2.3227138563592704	-0.5638529281249375
2.427853278536083	-0.7206290478528455
2.6309670450194687	-0.9317187672969262
2.918213288284954	-1.127320744704793
3.270016651550858	-1.272653015619644
3.6624023169931568	-1.3494524068006277
4.068629849959928	-1.3494524068006277
4.461015515402226	-1.272653015619644
4.812818878668131	-1.127320744704793
5.100065121933617	-0.9317187672969262
5.303178888417002	-0.7206290478528455
5.408318310593815	-0.5638529281249375
5.408318310593815	-0.4160395251463438
5.303178888417002	-0.611935443113265
5.100065121933617	-0.8504461318991537
4.812818878668131	-1.0611365714980794
4.461015515402226	-1.214415274975864
4.068629849959928	-1.2946739203942188
3.662402316993157	-1.2946739203942188
3.2700166515508586	-1.214415274975864
2.918213288284954	-1.0611365714980794
2.630967045019468	-0.8504461318991537
2.427853278536083	-0.611935443113265
2.32271385635927	-0.4160395251463438
2.32271385635927	-0.4160395251463438
2.427853278536083	-0.611935443113265
2.630967045019468	-0.8504461318991537
2.918213288284954	-1.0611365714980794
3.2700166515508586	-1.214415274975864
3.662402316993157	-1.2946739203942188
4.068629849959928	-1.2946739203942188
4.461015515402226	-1.214415274975864
4.812818878668131	-1.0611365714980794
5.100065121933617	-0.8504461318991537
5.303178888417002	-0.611935443113265
5.408318310593815	-0.4160395251463438
5.408318310593815	-0.2135470180491424
5.303178888417002	-0.49696924348687166
5.100065121933617	-0.7718627246446861
4.812818878668131	-0.9992618604772144
4.461015515402226	-1.160740239040755
4.068629849959928	-1.2444653480843175
3.662402316993157	-1.2444653480843175
3.2700166515508586	-1.160740239040755
2.918213288284954	-0.9992618604772144
2.630967045019468	-0.7718627246446861
2.427853278536083	-0.49696924348687166
2.32271385635927	-0.2135470180491424
2.32271385635927	-0.2135470180491424
2.427853278536083	-0.49696924348687166
2.630967045019468	-0.7718627246446861
2.918213288284954	-0.9992618604772144
3.2700166515508586	-1.160740239040755
3.662402316993157	-1.2444653480843175
4.068629849959928	-1.2444653480843175
4.461015515402226	-1.160740239040755
4.812818878668131	-0.9992618604772144
5.100065121933617	-0.7718627246446861
5.303178888417002	-0.49696924348687166
5.408318310593815	-0.2135470180491424
5.408318310593815	-0.2135470180491424
5.303178888417002	-0.49696924348687166
5.100065121933617	-0.7718627246446861
4.812818878668131	-0.9992618604772144
4.461015515402226	-1.160740239040755
4.068629849959928	-1.2444653480843175
3.662402316993157	-1.2444653480843175
3.2700166515508586	-1.160740239040755
2.918213288284954	-0.9992618604772144
2.630967045019468	-0.7718627246446861
2.427853278536083	-0.49696924348687166
2.32271385635927	-0.2135470180491424
2.32271385635927	-0.2135470180491424
2.427853278536083	-0.49696924348687166
2.630967045019468	-0.7718627246446861
2.918213288284954	-0.9992618604772144
3.2700166515508586	-1.160740239040755
3.662402316993157	-1.2444653480843175
4.068629849959928	-1.2444653480843175
4.461015515402226	-1.160740239040755
4.812818878668131	-0.9992618604772144
5.100065121933617	-0.7718627246446861
5.303178888417002	-0.49696924348687166
5.408318310593815	-0.2135470180491424
5.408318310593815	-0.4160395251463438
5.303178888417002	-0.611935443113265
5.100065121933617	-0.8504461318991537
4.812818878668131	-1.0611365714980794
4.461015515402226	-1.214415274975864
4.068629849959928	-1.2946739203942188
3.662402316993157	-1.2946739203942188
3.2700166515508586	-1.214415274975864
2.918213288284954	-1.0611365714980794
2.630967045019468	-0.8504461318991537
2.427853278536083	-0.611935443113265
2.32271385635927	-0.4160395251463438
2.32271385635927	-0.4160395251463438
2.427853278536083	-0.611935443113265
2.630967045019468	-0.8504461318991537
2.918213288284954	-1.0611365714980794
3.2700166515508586	-1.214415274975864
3.662402316993157	-1.2946739203942188
4.068629849959928	-1.2946739203942188
4.461015515402226	-1.214415274975864
4.812818878668131	-1.0611365714980794
5.100065121933617	-0.8504461318991537
5.303178888417002	-0.611935443113265
5.408318310593815	-0.4160395251463438
5.408318310593815	-0.5638529281249375
5.303178888417002	-0.7206290478528455
5.100065121933617	-0.9317187672969262
4.812818878668131	-1.127320744704793
4.461015515402226	-1.272653015619644
4.068629849959928	-1.3494524068006277
3.6624023169931568	-1.3494524068006277
3.270016651550858	-1.272653015619644
2.918213288284954	-1.127320744704793
2.6309670450194687	-0.9317187672969262
2.427853278536083	-0.7206290478528455
2.3227138563592704	-0.5638529281249375
2.3227138563592704	-0.5638529281249375
2.427853278536083	-0.7206290478528455
2.6309670450194687	-0.9317187672969262
2.918213288284954	-1.127320744704793
3.270016651550858	-1.272653015619644
3.6624023169931568	-1.3494524068006277
4.068629849959928	-1.3494524068006277
4.461015515402226	-1.272653015619644
4.812818878668131	-1.127320744704793
5.100065121933617	-0.9317187672969262
5.303178888417002	-0.7206290478528455
5.408318310593815	-0.5638529281249375
5.408318310593816	-0.5958204170980473
5.303178888417003	-0.7459075475453536
5.100065121933618	-0.9514051220217016
4.812818878668132	-1.143645008871894
4.461015515402226	-1.287135401984422
4.068629849959928	-1.3631190861754638
3.6624023169931568	-1.3631190861754638
3.270016651550858	-1.287135401984422
2.918213288284954	-1.143645008871894
2.630967045019468	-0.9514051220217016
2.4278532785360825	-0.7459075475453536
2.32271385635927	-0.5958204170980473
2.32271385635927	-0.5958204170980473
2.4278532785360825	-0.7459075475453536
2.630967045019468	-0.9514051220217016
2.918213288284954	-1.143645008871894
3.270016651550858	-1.287135401984422
3.6624023169931568	-1.3631190861754638
4.068629849959928	-1.3631190861754638
4.461015515402226	-1.287135401984422
4.812818878668132	-1.143645008871894
5.100065121933618	-0.9514051220217016
5.303178888417003	-0.7459075475453536
5.408318310593816	-0.5958204170980473
5.408318310593815	-0.5022739767301357
5.303178888417002	-0.6735393438801759
5.100065121933617	-0.8957951130021544
4.812818878668131	-1.0978165077038184
4.461015515402226	-1.2465932461356484
4.068629849959928	-1.3249040800621175
3.662402316993157	-1.3249040800621175
3.2700166515508586	-1.2465932461356484
2.918213288284954	-1.0978165077038184
2.630967045019468	-0.8957951130021544
2.427853278536083	-0.6735393438801759
2.32271385635927	-0.5022739767301357
2.32271385635927	-0.5022739767301357
2.427853278536083	-0.6735393438801759
2.630967045019468	-0.8957951130021544
2.918213288284954	-1.0978165077038184
3.2700166515508586	-1.2465932461356484
3.662402316993157	-1.3249040800621175
4.068629849959928	-1.3249040800621175
4.461015515402226	-1.2465932461356484
4.812818878668131	-1.0978165077038184
5.100065121933617	-0.8957951130021544
5.303178888417002	-0.6735393438801759
5.408318310593815	-0.5022739767301357
5.408318310593815	-0.31384849116204105
5.303178888417003	-0.5476102404620667
5.100065121933618	-0.8054009015285043
4.812818878668132	-1.02538910287334
4.461015515402227	-1.1833074194880204
4.068629849959928	-1.2655404177937704
3.6624023169931568	-1.2655404177937704
3.270016651550858	-1.1833074194880204
2.918213288284954	-1.02538910287334
2.630967045019468	-0.8054009015285043
2.427853278536083	-0.5476102404620667
2.32271385635927	-0.31384849116204105
2.32271385635927	-0.31384849116204105
2.427853278536083	-0.5476102404620667
2.630967045019468	-0.8054009015285043
2.918213288284954	-1.02538910287334
3.270016651550858	-1.1833074194880204
3.6624023169931568	-1.2655404177937704
4.068629849959928	-1.2655404177937704
4.461015515402227	-1.1833074194880204
4.812818878668132	-1.02538910287334
5.100065121933618	-0.8054009015285043
5.303178888417003	-0.5476102404620667
5.408318310593815	-0.31384849116204105
5.408318310593815	-0.1628240354694265
5.303178888417002	-0.4773759174704793
5.100065121933617	-0.759395419596923
4.812818878668131	-0.989663378838104
4.461015515402226	-1.1524874143075303
4.068629849959928	-1.2367713370674023
3.662402316993157	-1.2367713370674023
3.2700166515508586	-1.1524874143075303
2.918213288284954	-0.989663378838104
2.630967045019468	-0.759395419596923
2.427853278536083	-0.4773759174704793
2.32271385635927	-0.1628240354694265
2.32271385635927	-0.1628240354694265
2.427853278536083	-0.4773759174704793
2.630967045019468	-0.759395419596923
2.918213288284954	-0.989663378838104
3.2700166515508586	-1.1524874143075303
3.662402316993157	-1.2367713370674023
4.068629849959928	-1.2367713370674023
4.461015515402226	-1.1524874143075303
4.812818878668131	-0.989663378838104
5.100065121933617	-0.759395419596923
5.303178888417002	-0.4773759174704793
5.408318310593815	-0.1628240354694265
5.408318310593815	-0.31384849116204105
5.303178888417003	-0.5476102404620667
5.100065121933618	-0.8054009015285043
4.812818878668132	-1.02538910287334
4.461015515402227	-1.1833074194880204
4.068629849959928	-1.2655404177937704
3.6624023169931568	-1.2655404177937704
3.270016651550858	-1.1833074194880204
2.918213288284954	-1.02538910287334
2.630967045019468	-0.8054009015285043
2.427853278536083	-0.5476102404620667
2.32271385635927	-0.31384849116204105
2.32271385635927	-0.31384849116204105
2.427853278536083	-0.5476102404620667
2.630967045019468	-0.8054009015285043
2.918213288284954	-1.02538910287334
3.270016651550858	-1.1833074194880204
3.6624023169931568	-1.2655404177937704
4.068629849959928	-1.2655404177937704
4.461015515402227	-1.1833074194880204
4.812818878668132	-1.02538910287334
5.100065121933618	-0.8054009015285043
5.303178888417003	-0.5476102404620667
5.408318310593815	-0.31384849116204105
5.525432256494733	-0.263239893340308
5.420292834317921	-0.520260839867897
5.217179067834536	-0.7870609749085864
4.92993282456905	-1.0110475648220116
4.578129461303146	-1.170901710245794
4.185743795860846	-1.2539485296896191
3.779516262894076	-1.2539485296896191
3.3871305974517774	-1.170901710245794
3.035327234185873	-1.0110475648220116
2.748080990920387	-0.7870609749085864
2.544967224437001	-0.520260839867897
2.439827802260189	-0.263239893340308
2.439827802260189	-0.263239893340308
2.544967224437001	-0.520260839867897
2.748080990920387	-0.7870609749085864
3.035327234185873	-1.0110475648220116
3.3871305974517774	-1.170901710245794
3.779516262894076	-1.2539485296896191
4.185743795860846	-1.2539485296896191
4.578129461303146	-1.170901710245794
4.92993282456905	-1.0110475648220116
5.217179067834536	-0.7870609749085864
5.420292834317921	-0.520260839867897
5.525432256494733	-0.263239893340308
5.600566765820381	-0.31490638923888614
5.495427343643568	-0.5482172325253062
5.292313577160183	-0.8058137320508447
5.005067333894697	-1.025713396066453
4.653263970628792	-1.1835884451929146
4.260878305186494	-1.265803186774474
3.854650772219723	-1.265803186774474
3.4622651067774246	-1.1835884451929146
3.11046174351152	-1.025713396066453
2.823215500246034	-0.8058137320508447
2.620101733762649	-0.5482172325253062
2.514962311585836	-0.31490638923888614
2.514962311585836	-0.31490638923888614
2.620101733762649	-0.5482172325253062
2.823215500246034	-0.8058137320508447
3.11046174351152	-1.025713396066453
3.4622651067774246	-1.1835884451929146
3.854650772219723	-1.265803186774474
4.260878305186494	-1.265803186774474
4.653263970628792	-1.1835884451929146
5.005067333894697	-1.025713396066453
5.292313577160183	-0.8058137320508447
5.495427343643568	-0.5482172325253062
5.600566765820381	-0.31490638923888614
5.616509427953246	-0.33225063650451053
5.511370005776433	-0.5583606231745619
5.308256239293048	-0.8127485602791863
5.021009996027562	-1.0311704138232225
4.669206632761657	-1.1883206886477913
4.276820967319359	-1.2702291758271786
3.8705934343525876	-1.2702291758271786
3.478207768910289	-1.1883206886477913
3.1264044056443847	-1.0311704138232225
2.8391581623788986	-0.8127485602791863
2.6360443958955133	-0.5583606231745619
2.530904973718701	-0.33225063650451053
2.530904973718701	-0.33225063650451053
2.6360443958955133	-0.5583606231745619
2.8391581623788986	-0.8127485602791863
3.1264044056443847	-1.0311704138232225
3.478207768910289	-1.1883206886477913
3.8705934343525876	-1.2702291758271786
4.276820967319359	-1.2702291758271786
4.669206632761657	-1.1883206886477913
5.021009996027562	-1.0311704138232225
5.308256239293048	-0.8127485602791863
5.511370005776433	-0.5583606231745619
5.616509427953246	-0.33225063650451053
5.569607971128595	-0.28680250139490027
5.464468548951782	-0.5325709106406438
5.261354782468397	-0.7952517913117892
4.974108539202911	-1.0174367851090675
4.622305175937006	-1.1764230737354142
4.229919510494708	-1.259105773345239
3.823691977527937	-1.259105773345239
3.4313063120856384	-1.1764230737354142
3.0795029488197336	-1.0174367851090675
2.792256705554248	-0.7952517913117892
2.5891429390708622	-0.5325709106406438
2.4840035168940497	-0.28680250139490027
2.4840035168940497	-0.28680250139490027
2.5891429390708622	-0.5325709106406438
2.792256705554248	-0.7952517913117892
3.0795029488197336	-1.0174367851090675
3.4313063120856384	-1.1764230737354142
3.823691977527937	-1.259105773345239
4.229919510494708	-1.259105773345239
4.622305175937006	-1.1764230737354142
4.974108539202911	-1.0174367851090675
5.261354782468397	-0.7952517913117892
5.464468548951782	-0.5325709106406438
5.569607971128595	-0.28680250139490027
5.470606953881129	-0.2673491063382246
5.365467531704315	-0.5223520314061009
5.16235376522093	-0.7884448499661121
4.875107521955444	-1.0121252301699384
4.523304158689539	-1.171832376353613
4.130918493247242	-1.2548176036081053
3.7246909602804705	-1.2548176036081053
3.332305294838172	-1.171832376353613
2.9805019315722676	-1.0121252301699384
2.693255688306782	-0.7884448499661121
2.490141921823396	-0.5223520314061009
2.3850024996465837	-0.2673491063382246
2.3850024996465837	-0.2673491063382246
2.490141921823396	-0.5223520314061009
2.693255688306782	-0.7884448499661121
2.9805019315722676	-1.0121252301699384
3.332305294838172	-1.171832376353613
3.7246909602804705	-1.2548176036081053
4.130918493247242	-1.2548176036081053
4.523304158689539	-1.171832376353613
4.875107521955444	-1.0121252301699384
5.16235376522093	-0.7884448499661121
5.365467531704315	-0.5223520314061009
5.470606953881129	-0.2673491063382246
5.342186316170647	-0.39468070966046065
5.237046893993833	-0.5976194128643393
5.033933127510448	-0.8402039034403034
4.746686884244962	-1.052945772328655
4.394883520979057	-1.2072648575142046
4.00249785553676	-1.2879691518988432
3.596270322569988	-1.2879691518988432
3.2038846571276896	-1.2072648575142046
2.852081293861785	-1.052945772328655
2.5648350505962996	-0.8402039034403034
2.361721284112914	-0.5976194128643393
2.2565818619361013	-0.39468070966046065
2.2565818619361013	-0.39468070966046065
2.361721284112914	-0.5976194128643393
2.5648350505962996	-0.8402039034403034
2.852081293861785	-1.052945772328655
3.2038846571276896	-1.2072648575142046
3.596270322569988	-1.2879691518988432
4.00249785553676	-1.2879691518988432
4.394883520979057	-1.2072648575142046
4.746686884244962	-1.052945772328655
5.033933127510448	-0.8402039034403034
5.237046893993833	-0.5976194128643393
5.342186316170647	-0.39468070966046065
5.213765678460164	-0.5925072808604717
5.108626256283351	-0.743263733762722
4.905512489799966	-0.9493337741020844
4.61826624653448	-1.1419224206395866
4.266462883268575	-1.2856050915749277
3.874077217826277	-1.361674172310546
3.467849684859506	-1.361674172310546
3.0754640194172076	-1.2856050915749277
2.723660656151303	-1.1419224206395866
2.436414412885817	-0.9493337741020844
2.2333006464024314	-0.743263733762722
2.128161224225619	-0.5925072808604717
2.128161224225619	-0.5925072808604717
2.2333006464024314	-0.743263733762722
2.436414412885817	-0.9493337741020844
2.723660656151303	-1.1419224206395866
3.0754640194172076	-1.2856050915749277
3.467849684859506	-1.361674172310546
3.874077217826277	-1.361674172310546
4.266462883268575	-1.2856050915749277
4.61826624653448	-1.1419224206395866
4.905512489799966	-0.9493337741020844
5.108626256283351	-0.743263733762722
5.213765678460164	-0.5925072808604717
5.114764661212697	-0.7598577461667976
5.009625239035884	-0.8824737358493556
4.806511472552499	-1.0618632356325004
4.519265229287014	-1.2370552660638847
4.167461866021109	-1.3708024540466777
3.7750762005788103	-1.442385339662958
3.3688486676120397	-1.442385339662958
2.976463002169741	-1.3708024540466777
2.6246596389038364	-1.2370552660638847
2.3374133956383507	-1.0618632356325004
2.134299629154965	-0.8824737358493556
2.0291602069781525	-0.7598577461667976
2.0291602069781525	-0.7598577461667976
2.134299629154965	-0.8824737358493556
2.3374133956383507	-1.0618632356325004
2.6246596389038364	-1.2370552660638847
2.976463002169741	-1.3708024540466777
3.3688486676120397	-1.442385339662958
3.7750762005788103	-1.442385339662958
4.167461866021109	-1.3708024540466777
4.519265229287014	-1.2370552660638847
4.806511472552499	-1.0618632356325004
5.009625239035884	-0.8824737358493556
5.114764661212697	-0.7598577461667976
5.067863204388047	-0.8412071719802585
4.962723782211234	-0.9534178550065323
4.759610015727849	-1.1215164925088092
4.472363772462363	-1.2886238563202714
4.120560409196458	-1.4175136965129234
3.7281747437541592	-1.4868494139811084
3.3219472107873886	-1.4868494139811084
2.92956154534509	-1.4175136965129234
2.5777581820791857	-1.2886238563202714
2.2905119388136996	-1.1215164925088092
2.0873981723303143	-0.9534178550065323
1.982258750153502	-0.8412071719802585
1.982258750153502	-0.8412071719802585
2.0873981723303143	-0.9534178550065323
2.2905119388136996	-1.1215164925088092
2.5777581820791857	-1.2886238563202714
2.92956154534509	-1.4175136965129234
3.3219472107873886	-1.4868494139811084
3.7281747437541592	-1.4868494139811084
4.120560409196458	-1.4175136965129234
4.472363772462363	-1.2886238563202714
4.759610015727849	-1.1215164925088092
4.962723782211234	-0.9534178550065323
5.067863204388047	-0.8412071719802585
5.083805866520912	-0.813446798326315
4.978666444344099	-0.9290165734590343
4.775552677860714	-1.1008475963936017
4.488306434595228	-1.2706760525775387
4.136503071329322	-1.4012177801177235
3.744117405887024	-1.4713216396737572
3.3378898729202535	-1.4713216396737572
2.945504207477955	-1.4012177801177235
2.5937008442120506	-1.2706760525775387
2.3064546009465645	-1.1008475963936017
2.103340834463179	-0.9290165734590343
1.9982014122863667	-0.813446798326315
1.9982014122863667	-0.813446798326315
2.103340834463179	-0.9290165734590343
2.3064546009465645	-1.1008475963936017
2.5937008442120506	-1.2706760525775387
2.945504207477955	-1.4012177801177235
3.3378898729202535	-1.4713216396737572
3.744117405887024	-1.4713216396737572
4.136503071329322	-1.4012177801177235
4.488306434595228	-1.2706760525775387
4.775552677860714	-1.1008475963936017
4.978666444344099	-0.9290165734590343
5.083805866520912	-0.813446798326315
5.158940375846558	-0.684285594130643
5.053800953669746	-0.8183048786295729
4.85068718718636	-1.009166245527943
4.563440943920875	-1.1921278082577516
4.21163758065497	-1.3303993189811227
3.8192519152126714	-1.4040436061603172
3.4130243822459008	-1.4040436061603172
3.020638716803602	-1.3303993189811227
2.6688353535376974	-1.1921278082577516
2.3815891102722118	-1.009166245527943
2.1784753437888265	-0.8183048786295729
2.0733359216120135	-0.684285594130643
2.0733359216120135	-0.684285594130643
2.1784753437888265	-0.8183048786295729
2.3815891102722118	-1.009166245527943
2.6688353535376974	-1.1921278082577516
3.020638716803602	-1.3303993189811227
3.4130243822459008	-1.4040436061603172
3.8192519152126714	-1.4040436061603172
4.21163758065497	-1.3303993189811227
4.563440943920875	-1.1921278082577516
4.85068718718636	-1.009166245527943
5.053800953669746	-0.8183048786295729
5.158940375846558	-0.684285594130643
5.276054321747477	-0.49242186503136837
5.170914899570665	-0.6662247317648933
4.9678011330872796	-0.8903083903565151
4.680554889821794	-1.0933440584041578
4.328751526555889	-1.2426563751784638
3.93636586111359	-1.3212005778177331
3.5301383281468195	-1.3212005778177331
3.137752662704521	-1.2426563751784638
2.7859492994386166	-1.0933440584041578
2.4987030561731305	-0.8903083903565151
2.2955892896897447	-0.6662247317648933
2.1904498675129327	-0.49242186503136837
2.1904498675129327	-0.49242186503136837
2.2955892896897447	-0.6662247317648933
2.4987030561731305	-0.8903083903565151
2.7859492994386166	-1.0933440584041578
3.137752662704521	-1.2426563751784638
3.5301383281468195	-1.3212005778177331
3.93636586111359	-1.3212005778177331
4.328751526555889	-1.2426563751784638
4.680554889821794	-1.0933440584041578
4.9678011330872796	-0.8903083903565151
5.170914899570665	-0.6662247317648933
5.276054321747477	-0.49242186503136837
5.408318310593815	-0.31384849116204105
5.303178888417003	-0.5476102404620667
5.100065121933618	-0.8054009015285043
4.812818878668132	-1.02538910287334
4.461015515402227	-1.1833074194880204
4.068629849959928	-1.2655404177937704
3.6624023169931568	-1.2655404177937704
3.270016651550858	-1.1833074194880204
2.918213288284954	-1.02538910287334
2.630967045019468	-0.8054009015285043
2.427853278536083	-0.5476102404620667
2.32271385635927	-0.31384849116204105
2.32271385635927	-0.31384849116204105
2.427853278536083	-0.5476102404620667
2.630967045019468	-0.8054009015285043
2.918213288284954	-1.02538910287334
3.270016651550858	-1.1833074194880204
3.6624023169931568	-1.2655404177937704
4.068629849959928	-1.2655404177937704
4.461015515402227	-1.1833074194880204
4.812818878668132	-1.02538910287334
5.100065121933618	-0.8054009015285043
5.303178888417003	-0.5476102404620667
5.408318310593815	-0.31384849116204105
5.408318310593815	-0.5022739767301359
5.303178888417002	-0.6735393438801759
5.100065121933617	-0.8957951130021544
4.812818878668131	-1.0978165077038184
4.461015515402226	-1.2465932461356484
4.068629849959928	-1.3249040800621175
3.662402316993157	-1.3249040800621175
3.2700166515508586	-1.2465932461356484
2.918213288284954	-1.0978165077038184
2.630967045019468	-0.8957951130021544
2.427853278536083	-0.6735393438801759
2.32271385635927	-0.5022739767301359
2.32271385635927	-0.5022739767301359
2.427853278536083	-0.6735393438801759
2.630967045019468	-0.8957951130021544
2.918213288284954	-1.0978165077038184
3.2700166515508586	-1.2465932461356484
3.662402316993157	-1.3249040800621175
4.068629849959928	-1.3249040800621175
4.461015515402226	-1.2465932461356484
4.812818878668131	-1.0978165077038184
5.100065121933617	-0.8957951130021544
5.303178888417002	-0.6735393438801759
5.408318310593815	-0.5022739767301359
5.600566765820381	-0.3149063892388861
5.495427343643568	-0.5482172325253062
5.292313577160183	-0.8058137320508447
5.005067333894697	-1.025713396066453
4.653263970628792	-1.1835884451929146
4.260878305186494	-1.265803186774474
3.854650772219723	-1.265803186774474
3.4622651067774246	-1.1835884451929146
3.11046174351152	-1.025713396066453
2.823215500246034	-0.8058137320508447
2.620101733762649	-0.5482172325253062
2.514962311585836	-0.3149063892388861
2.514962311585836	-0.3149063892388861
2.620101733762649	-0.5482172325253062
2.823215500246034	-0.8058137320508447
3.11046174351152	-1.025713396066453
3.4622651067774246	-1.1835884451929146
3.854650772219723	-1.265803186774474
4.260878305186494	-1.265803186774474
4.653263970628792	-1.1835884451929146
5.005067333894697	-1.025713396066453
5.292313577160183	-0.8058137320508447
5.495427343643568	-0.5482172325253062
5.600566765820381	-0.3149063892388861
5.691643937278893	-0.17520107784034675
5.58650451510208	-0.4817380177343823
5.3833907486186945	-0.7621451006564675
5.096144505353209	-0.9917748507413982
4.744341142087304	-1.1543010834644172
4.3519554766450055	-1.2384615825052308
3.945727943678235	-1.2384615825052308
3.5533422782359363	-1.1543010834644172
3.2015389149700315	-0.9917748507413982
2.914292671704546	-0.7621451006564675
2.7111789052211606	-0.4817380177343823
2.6060394830443476	-0.17520107784034675
2.6060394830443476	-0.17520107784034675
2.7111789052211606	-0.4817380177343823
2.914292671704546	-0.7621451006564675
3.2015389149700315	-0.9917748507413982
3.5533422782359363	-1.1543010834644172
3.945727943678235	-1.2384615825052308
4.3519554766450055	-1.2384615825052308
4.744341142087304	-1.1543010834644172
5.096144505353209	-0.9917748507413982
5.3833907486186945	-0.7621451006564675
5.58650451510208	-0.4817380177343823
5.691643937278893	-0.17520107784034675
5.6606851425871065	-0.23168198641119253
5.555545720410294	-0.5050273684481553
5.352431953926908	-0.7770754658369248
5.065185710661423	-1.003293815247627
4.713382347395518	-1.16421308893095
4.320996681953219	-1.2477051801176338
3.9147691489864487	-1.2477051801176338
3.52238348354415	-1.16421308893095
3.1705801202782453	-1.003293815247627
2.8833338770127597	-0.7770754658369248
2.6802201105293744	-0.5050273684481553
2.5750806883525614	-0.23168198641119253
2.5750806883525614	-0.23168198641119253
2.6802201105293744	-0.5050273684481553
2.8833338770127597	-0.7770754658369248
3.1705801202782453	-1.003293815247627
3.52238348354415	-1.16421308893095
3.9147691489864487	-1.2477051801176338
4.320996681953219	-1.2477051801176338
4.713382347395518	-1.16421308893095
5.065185710661423	-1.003293815247627
5.352431953926908	-0.7770754658369248
5.555545720410294	-0.5050273684481553
5.6606851425871065	-0.23168198641119253
5.514782668514989	-0.4074901055972842
5.4096432463381765	-0.6061553317540964
5.206529479854791	-0.8462965927722524
4.9192832365893056	-1.057813841394784
4.567479873323401	-1.2115130043752704
4.175094207881102	-1.2919519572432354
3.7688666749143316	-1.2919519572432354
3.376481009472033	-1.2115130043752704
3.0246776462061282	-1.057813841394784
2.737431402940643	-0.8462965927722524
2.5343176364572573	-0.6061553317540964
2.429178214280445	-0.4074901055972842
2.429178214280445	-0.4074901055972842
2.5343176364572573	-0.6061553317540964
2.737431402940643	-0.8462965927722524
3.0246776462061282	-1.057813841394784
3.376481009472033	-1.2115130043752704
3.7688666749143316	-1.2919519572432354
4.175094207881102	-1.2919519572432354
4.567479873323401	-1.2115130043752704
4.9192832365893056	-1.057813841394784
5.206529479854791	-0.8462965927722524
5.4096432463381765	-0.6061553317540964
5.514782668514989	-0.4074901055972842
5.287361013557041	-0.5954691179597452
5.182221591380228	-0.7456269647068765
4.979107824896842	-0.9511851592734164
4.691861581631358	-1.1434620270610039
4.340058218365453	-1.2869728218010141
3.947672552923154	-1.3629655696710383
3.5414450199563827	-1.3629655696710383
3.149059354514084	-1.2869728218010141
2.7972559912481803	-1.1434620270610039
2.5100097479826946	-0.9511851592734164
2.3068959814993084	-0.7456269647068765
2.2017565593224964	-0.5954691179597452
2.2017565593224964	-0.5954691179597452
2.3068959814993084	-0.7456269647068765
2.5100097479826946	-0.9511851592734164
2.7972559912481803	-1.1434620270610039
3.149059354514084	-1.2869728218010141
3.5414450199563827	-1.3629655696710383
3.947672552923154	-1.3629655696710383
4.340058218365453	-1.2869728218010141
4.691861581631358	-1.1434620270610039
4.979107824896842	-0.9511851592734164
5.182221591380228	-0.7456269647068765
5.287361013557041	-0.5954691179597452
5.030519738136076	-0.7662295234641033
4.925380315959263	-0.8879660932052865
4.7222665494758775	-1.0664320978882174
4.435020306210392	-1.2409792985842794
4.083216942944487	-1.374344664281393
3.6908312775021894	-1.4457521766516443
3.284603744535418	-1.4457521766516443
2.8922180790931193	-1.374344664281393
2.5404147158272155	-1.2409792985842794
2.25316847256173	-1.0664320978882174
2.0500547060783436	-0.8879660932052865
1.9449152839015313	-0.7662295234641033
1.9449152839015313	-0.7662295234641033
2.0500547060783436	-0.8879660932052865
2.25316847256173	-1.0664320978882174
2.5404147158272155	-1.2409792985842794
2.8922180790931193	-1.374344664281393
3.284603744535418	-1.4457521766516443
3.6908312775021894	-1.4457521766516443
4.083216942944487	-1.374344664281393
4.435020306210392	-1.2409792985842794
4.7222665494758775	-1.0664320978882174
4.925380315959263	-0.8879660932052865
5.030519738136076	-0.7662295234641033
4.803098083178128	-0.9001957164537112
4.697958661001315	-1.0058471195842056
4.49484489451793	-1.1664141908858312
4.207598651252444	-1.3278833777136883
3.855795287986539	-1.4532955313811156
3.4634096225442406	-1.5210009867145224
3.05718208957747	-1.5210009867145224
2.6647964241351714	-1.4532955313811156
2.3129930608692666	-1.3278833777136883
2.025746817603781	-1.1664141908858312
1.8226330511203954	-1.0058471195842056
1.717493628943583	-0.9001957164537112
1.717493628943583	-0.9001957164537112
1.8226330511203954	-1.0058471195842056
2.025746817603781	-1.1664141908858312
2.3129930608692666	-1.3278833777136883
2.6647964241351714	-1.4532955313811156
3.05718208957747	-1.5210009867145224
3.4634096225442406	-1.5210009867145224
3.855795287986539	-1.4532955313811156
4.207598651252444	-1.3278833777136883
4.49484489451793	-1.1664141908858312
4.697958661001315	-1.0058471195842056
4.803098083178128	-0.9001957164537112
4.657195609106011	-0.9808966816112685
4.552056186929198	-1.0786725175187468
4.3489424204458125	-1.2297674726444165
4.061696177180327	-1.3838642407702793
3.709892813914422	-1.504617517379984
3.3175071484721235	-1.5701114526239655
2.911279615505352	-1.5701114526239655
2.5188939500630534	-1.504617517379984
2.1670905867971495	-1.3838642407702793
1.8798443435316639	-1.2297674726444165
1.676730577048278	-1.0786725175187468
1.5715911548714656	-0.9808966816112685
1.5715911548714656	-0.9808966816112685
1.676730577048278	-1.0786725175187468
1.8798443435316639	-1.2297674726444165
2.1670905867971495	-1.3838642407702793
2.5188939500630534	-1.504617517379984
2.911279615505352	-1.5701114526239655
3.3175071484721235	-1.5701114526239655
3.709892813914422	-1.504617517379984
4.061696177180327	-1.3838642407702793
4.3489424204458125	-1.2297674726444165
4.552056186929198	-1.0786725175187468
4.657195609106011	-0.9808966816112685
4.6262368144142245	-0.9976134361947686
4.521097392237412	-1.0938960956738837
4.317983625754026	-1.243142109677961
4.030737382488541	-1.3957630547349493
3.678934019222636	-1.5155685869293551
3.2865483537803373	-1.580608819961876
2.8803208208135667	-1.580608819961876
2.487935155371268	-1.5155685869293551
2.1361317921053633	-1.3957630547349493
1.8488855488398777	-1.243142109677961
1.645771782356492	-1.0938960956738837
1.5406323601796794	-0.9976134361947686
1.5406323601796794	-0.9976134361947686
1.645771782356492	-1.0938960956738837
1.8488855488398777	-1.243142109677961
2.1361317921053633	-1.3957630547349493
2.487935155371268	-1.5155685869293551
2.8803208208135667	-1.580608819961876
3.2865483537803373	-1.580608819961876
3.678934019222636	-1.5155685869293551
4.030737382488541	-1.3957630547349493
4.317983625754026	-1.243142109677961
4.521097392237412	-1.0938960956738837
4.6262368144142245	-0.9976134361947686
4.717313985872736	-0.9480478576479524
4.612174563695923	-1.048890289994671
4.409060797212538	-1.2037294036323571
4.121814553947052	-1.360777967663195
3.7700111906811475	-1.4834117142592544
3.377625525238849	-1.5498020564110158
2.9713979922720783	-1.5498020564110158
2.5790123268297798	-1.4834117142592544
2.227208963563875	-1.360777967663195
1.9399627202983896	-1.2037294036323571
1.736848953815004	-1.048890289994671
1.6317095316381915	-0.9480478576479524
1.6317095316381915	-0.9480478576479524
1.736848953815004	-1.048890289994671
1.9399627202983896	-1.2037294036323571
2.227208963563875	-1.360777967663195
2.5790123268297798	-1.4834117142592544
2.9713979922720783	-1.5498020564110158
3.377625525238849	-1.5498020564110158
3.7700111906811475	-1.4834117142592544
4.121814553947052	-1.360777967663195
4.409060797212538	-1.2037294036323571
4.612174563695923	-1.048890289994671
4.717313985872736	-0.9480478576479524
4.909562441099302	-0.8389362967757544
4.804423018922489	-0.9514148464797307
4.601309252439104	-1.1198142019219324
4.314063009173618	-1.2871425899777071
3.9622596459077135	-1.4161672513013868
3.569873980465415	-1.4855658126494287
3.1636464474986443	-1.4855658126494287
2.7712607820563457	-1.4161672513013868
2.419457418790441	-1.2871425899777071
2.1322111755249553	-1.1198142019219324
1.9290974090415698	-0.9514148464797307
1.8239579868647573	-0.8389362967757544
1.8239579868647573	-0.8389362967757544
1.9290974090415698	-0.9514148464797307
2.1322111755249553	-1.1198142019219324
2.419457418790441	-1.2871425899777071
2.7712607820563457	-1.4161672513013868
3.1636464474986443	-1.4855658126494287
3.569873980465415	-1.4855658126494287
3.9622596459077135	-1.4161672513013868
4.314063009173618	-1.2871425899777071
4.601309252439104	-1.1198142019219324
4.804423018922489	-0.9514148464797307
4.909562441099302	-0.8389362967757544
5.158940375846558	-0.6842855941306429
5.053800953669746	-0.8183048786295728
4.85068718718636	-1.009166245527943
4.563440943920875	-1.1921278082577516
4.21163758065497	-1.3303993189811227
3.8192519152126714	-1.4040436061603172
3.4130243822459008	-1.4040436061603172
3.020638716803602	-1.3303993189811227
2.6688353535376974	-1.1921278082577516
2.3815891102722118	-1.009166245527943
2.1784753437888265	-0.8183048786295728
2.0733359216120135	-0.6842855941306429
2.0733359216120135	-0.6842855941306429
2.1784753437888265	-0.8183048786295728
2.3815891102722118	-1.009166245527943
2.6688353535376974	-1.1921278082577516
3.020638716803602	-1.3303993189811227
3.4130243822459008	-1.4040436061603172
3.8192519152126714	-1.4040436061603172
4.21163758065497	-1.3303993189811227
4.563440943920875	-1.1921278082577516
4.85068718718636	-1.009166245527943
5.053800953669746	-0.8183048786295728
5.158940375846558	-0.6842855941306429
5.408318310593815	-0.5022739767301359
5.303178888417002	-0.6735393438801759
5.100065121933617	-0.8957951130021544
4.812818878668131	-1.0978165077038184
4.461015515402226	-1.2465932461356484
4.068629849959928	-1.3249040800621175
3.662402316993157	-1.3249040800621175
3.2700166515508586	-1.2465932461356484
2.918213288284954	-1.0978165077038184
2.630967045019468	-0.8957951130021544
2.427853278536083	-0.6735393438801759
2.32271385635927	-0.5022739767301359
2.32271385635927	-0.5022739767301359
2.427853278536083	-0.6735393438801759
2.630967045019468	-0.8957951130021544
2.918213288284954	-1.0978165077038184
3.2700166515508586	-1.2465932461356484
3.662402316993157	-1.3249040800621175
4.068629849959928	-1.3249040800621175
4.461015515402226	-1.2465932461356484
4.812818878668131	-1.0978165077038184
5.100065121933617	-0.8957951130021544
5.303178888417002	-0.6735393438801759
5.408318310593815	-0.5022739767301359
5.408318310593816	-0.5958204170980473
5.303178888417003	-0.7459075475453536
5.100065121933618	-0.9514051220217016
4.812818878668132	-1.143645008871894
4.461015515402226	-1.287135401984422
4.068629849959928	-1.3631190861754638
3.6624023169931568	-1.3631190861754638
3.270016651550858	-1.287135401984422
2.918213288284954	-1.143645008871894
2.630967045019468	-0.9514051220217016
2.4278532785360825	-0.7459075475453536
2.32271385635927	-0.5958204170980473
2.32271385635927	-0.5958204170980473
2.4278532785360825	-0.7459075475453536
2.630967045019468	-0.9514051220217016
2.918213288284954	-1.143645008871894
3.270016651550858	-1.287135401984422
3.6624023169931568	-1.3631190861754638
4.068629849959928	-1.3631190861754638
4.461015515402226	-1.287135401984422
4.812818878668132	-1.143645008871894
5.100065121933618	-0.9514051220217016
5.303178888417003	-0.7459075475453536
5.408318310593816	-0.5958204170980473
5.616509427953246	-0.33225063650451053
5.511370005776433	-0.5583606231745619
5.308256239293048	-0.8127485602791863
5.021009996027562	-1.0311704138232225
4.669206632761657	-1.188320688647791
4.276820967319359	-1.2702291758271784
3.8705934343525876	-1.2702291758271784
3.478207768910289	-1.188320688647791
3.1264044056443847	-1.0311704138232225
2.8391581623788986	-0.8127485602791863
2.6360443958955133	-0.5583606231745619
2.530904973718701	-0.33225063650451053
2.530904973718701	-0.33225063650451053
2.6360443958955133	-0.5583606231745619
2.8391581623788986	-0.8127485602791863
3.1264044056443847	-1.0311704138232225
3.478207768910289	-1.188320688647791
3.8705934343525876	-1.2702291758271784
4.276820967319359	-1.2702291758271784
4.669206632761657	-1.188320688647791
5.021009996027562	-1.0311704138232225
5.308256239293048	-0.8127485602791863
5.511370005776433	-0.5583606231745619
5.616509427953246	-0.33225063650451053
5.6606851425871065	-0.23168198641119253
5.555545720410294	-0.5050273684481553
5.352431953926908	-0.7770754658369248
5.065185710661423	-1.003293815247627
4.713382347395518	-1.16421308893095
4.320996681953219	-1.2477051801176338
3.9147691489864487	-1.2477051801176338
3.52238348354415	-1.16421308893095
3.1705801202782453	-1.003293815247627
2.8833338770127597	-0.7770754658369248
2.6802201105293744	-0.5050273684481553
2.5750806883525614	-0.23168198641119253
2.5750806883525614	-0.23168198641119253
2.6802201105293744	-0.5050273684481553
2.8833338770127597	-0.7770754658369248
3.1705801202782453	-1.003293815247627
3.52238348354415	-1.16421308893095
3.9147691489864487	-1.2477051801176338
4.320996681953219	-1.2477051801176338
4.713382347395518	-1.16421308893095
5.065185710661423	-1.003293815247627
5.352431953926908	-0.7770754658369248
5.555545720410294	-0.5050273684481553
5.6606851425871065	-0.23168198641119253
5.530725330647855	-0.46444817729150706
5.425585908471042	-0.6458236674539235
5.222472141987657	-0.8751467569314537
4.935225898722171	-1.0810337859087045
4.583422535456266	-1.2318391465609912
4.191036870013967	-1.3110315721043273
3.784809337047196	-1.3110315721043273
3.3924236716048974	-1.2318391465609912
3.040620308338993	-1.0810337859087045
2.7533740650735075	-0.8751467569314537
2.5502602985901217	-0.6458236674539235
2.445120876413309	-0.46444817729150706
2.445120876413309	-0.46444817729150706
2.5502602985901217	-0.6458236674539235
2.7533740650735075	-0.8751467569314537
3.040620308338993	-1.0810337859087045
3.3924236716048974	-1.2318391465609912
3.784809337047196	-1.3110315721043273
4.191036870013967	-1.3110315721043273
4.583422535456266	-1.2318391465609912
4.935225898722171	-1.0810337859087045
5.222472141987657	-0.8751467569314537
5.425585908471042	-0.6458236674539235
5.530725330647855	-0.46444817729150706
5.256402218865255	-0.7140656283794541
5.151262796688442	-0.8433657698099783
4.948149030205057	-1.029591889250873
4.660902786939571	-1.2094675103199952
4.309099423673667	-1.3459588757624257
3.9167137582313676	-1.4187957553143036
3.5104862252645965	-1.4187957553143036
3.118100559822298	-1.3459588757624257
2.7662971965563936	-1.2094675103199952
2.479050953290908	-1.029591889250873
2.275937186807522	-0.8433657698099783
2.1707977646307097	-0.7140656283794541
2.1707977646307097	-0.7140656283794541
2.275937186807522	-0.8433657698099783
2.479050953290908	-1.029591889250873
2.7662971965563936	-1.2094675103199952
3.118100559822298	-1.3459588757624257
3.5104862252645965	-1.4187957553143036
3.9167137582313676	-1.4187957553143036
4.309099423673667	-1.3459588757624257
4.660902786939571	-1.2094675103199952
4.948149030205057	-1.029591889250873
5.151262796688442	-0.8433657698099783
5.256402218865255	-0.7140656283794541
4.9005599261968245	-0.891478339222681
4.7954205040200115	-0.9980529692142909
4.592306737536626	-1.1596996878853885
4.305060494271141	-1.3219892458677314
3.9532571310052353	-1.4479120149076523
3.5608714655629368	-1.515857942872013
3.1546439325961653	-1.515857942872013
2.7622582671538667	-1.4479120149076523
2.410454903887963	-1.3219892458677314
2.123208660622477	-1.1596996878853885
1.9200948941390914	-0.9980529692142909
1.814955471962279	-0.891478339222681
1.814955471962279	-0.891478339222681
1.9200948941390914	-0.9980529692142909
2.123208660622477	-1.1596996878853885
2.410454903887963	-1.3219892458677314
2.7622582671538667	-1.4479120149076523
3.1546439325961653	-1.515857942872013
3.5608714655629368	-1.515857942872013
3.9532571310052353	-1.4479120149076523
4.305060494271141	-1.3219892458677314
4.592306737536626	-1.1596996878853885
4.7954205040200115	-0.9980529692142909
4.9005599261968245	-0.891478339222681
4.544717633528393	-0.9850423748381314
4.43957821135158	-1.0824438000566026
4.2364644448681945	-1.2330767279472041
3.949218201602709	-1.3868058325207062
3.597414838336804	-1.5073234735243306
3.205029172894506	-1.5727047255895452
2.798801639927735	-1.5727047255895452
2.4064159744854363	-1.5073234735243306
2.054612611219532	-1.3868058325207062
1.7673663679540463	-1.2330767279472041
1.5642526014706606	-1.0824438000566026
1.459113179293848	-0.9850423748381314
1.459113179293848	-0.9850423748381314
1.5642526014706606	-1.0824438000566026
1.7673663679540463	-1.2330767279472041
2.054612611219532	-1.3868058325207062
2.4064159744854363	-1.5073234735243306
2.798801639927735	-1.5727047255895452
3.205029172894506	-1.5727047255895452
3.597414838336804	-1.5073234735243306
3.949218201602709	-1.3868058325207062
4.2364644448681945	-1.2330767279472041
4.43957821135158	-1.0824438000566026
4.544717633528393	-0.9850423748381314
4.270394521745794	-1.0154177650753935
4.165255099568981	-1.1101573481650875
3.962141333085595	-1.2574748404675715
3.6748950898201094	-1.4085436360004648
3.3230917265542046	-1.5273469845589818
2.9307060611119065	-1.5919060623339707
2.5244785281451354	-1.5919060623339707
2.132092862702837	-1.5273469845589818
1.7802894994369325	-1.4085436360004648
1.4930432561714468	-1.2574748404675715
1.289929489688061	-1.1101573481650875
1.1847900675112486	-1.0154177650753935
1.1847900675112486	-1.0154177650753935
1.289929489688061	-1.1101573481650875
1.4930432561714468	-1.2574748404675715
1.7802894994369325	-1.4085436360004648
2.132092862702837	-1.5273469845589818
2.5244785281451354	-1.5919060623339707
2.9307060611119065	-1.5919060623339707
3.3230917265542046	-1.5273469845589818
3.6748950898201094	-1.4085436360004648
3.962141333085595	-1.2574748404675715
4.165255099568981	-1.1101573481650875
4.270394521745794	-1.0154177650753935
4.140434709806541	-1.018425565470034
4.035295287629728	-1.1129091303683296
3.832181521146343	-1.2599049048167075
3.544935277880857	-1.4107134965292074
3.1931319146149524	-1.5293482945404122
2.800746249172654	-1.5938263098806906
2.3945187162058827	-1.5938263098806906
2.002133050763584	-1.5293482945404122
1.65032968749768	-1.4107134965292074
1.3630834442321942	-1.2599049048167075
1.1599696777488087	-1.1129091303683296
1.0548302555719962	-1.018425565470034
1.0548302555719962	-1.018425565470034
1.1599696777488087	-1.1129091303683296
1.3630834442321942	-1.2599049048167075
1.65032968749768	-1.4107134965292074
2.002133050763584	-1.5293482945404122
2.3945187162058827	-1.5938263098806906
2.800746249172654	-1.5938263098806906
3.1931319146149524	-1.5293482945404122
3.544935277880857	-1.4107134965292074
3.832181521146343	-1.2599049048167075
4.035295287629728	-1.1129091303683296
4.140434709806541	-1.018425565470034
4.184610424440402	-1.0182074008154252
4.079471002263589	-1.1127094908957758
3.8763572357802034	-1.2597285611803606
3.5891109925147178	-1.4105560066732576
3.237307629248813	-1.5292030227167392
2.844921963806515	-1.5936869155327356
2.438694430839744	-1.5936869155327356
2.046308765397445	-1.5292030227167392
1.694505402131541	-1.4105560066732576
1.4072591588660555	-1.2597285611803606
1.2041453923826697	-1.1127094908957758
1.0990059702058572	-1.0182074008154252
1.0990059702058572	-1.0182074008154252
1.2041453923826697	-1.1127094908957758
1.4072591588660555	-1.2597285611803606
1.694505402131541	-1.4105560066732576
2.046308765397445	-1.5292030227167392
2.438694430839744	-1.5936869155327356
2.844921963806515	-1.5936869155327356
3.237307629248813	-1.5292030227167392
3.5891109925147178	-1.4105560066732576
3.8763572357802034	-1.2597285611803606
4.079471002263589	-1.1127094908957758
4.184610424440402	-1.0182074008154252
4.392801541799833	-1.0059734465877193
4.28766211962302	-1.1015256126363144
4.084548353139635	-1.2498609170695005
3.7973021098741486	-1.4017505170772289
3.445498746608244	-1.5210845304749776
3.0531130811659457	-1.5858985619845034
2.6468855481991747	-1.5858985619845034
2.254499882756876	-1.5210845304749776
1.9026965194909717	-1.4017505170772289
1.615450276225486	-1.2498609170695005
1.4123365097421003	-1.1015256126363144
1.3071970875652879	-1.0059734465877193
1.3071970875652879	-1.0059734465877193
1.4123365097421003	-1.1015256126363144
1.615450276225486	-1.2498609170695005
1.9026965194909717	-1.4017505170772289
2.254499882756876	-1.5210845304749776
2.6468855481991747	-1.5858985619845034
3.0531130811659457	-1.5858985619845034
3.445498746608244	-1.5210845304749776
3.7973021098741486	-1.4017505170772289
4.084548353139635	-1.2498609170695005
4.28766211962302	-1.1015256126363144
4.392801541799833	-1.0059734465877193
4.717313985872736	-0.9480478576479523
4.612174563695923	-1.048890289994671
4.409060797212538	-1.2037294036323571
4.121814553947052	-1.360777967663195
3.7700111906811475	-1.4834117142592544
3.377625525238849	-1.5498020564110158
2.9713979922720783	-1.5498020564110158
2.5790123268297798	-1.4834117142592544
2.227208963563875	-1.360777967663195
1.9399627202983896	-1.2037294036323571
1.736848953815004	-1.048890289994671
1.6317095316381915	-0.9480478576479523
1.6317095316381915	-0.9480478576479523
1.736848953815004	-1.048890289994671
1.9399627202983896	-1.2037294036323571
2.227208963563875	-1.360777967663195
2.5790123268297798	-1.4834117142592544
2.9713979922720783	-1.5498020564110158
3.377625525238849	-1.5498020564110158
3.7700111906811475	-1.4834117142592544
4.121814553947052	-1.360777967663195
4.409060797212538	-1.2037294036323571
4.612174563695923	-1.048890289994671
4.717313985872736	-0.9480478576479523
5.083805866520912	-0.8134467983263148
4.978666444344099	-0.9290165734590342
4.775552677860714	-1.1008475963936017
4.488306434595228	-1.2706760525775387
4.136503071329322	-1.4012177801177232
3.744117405887024	-1.4713216396737572
3.3378898729202535	-1.4713216396737572
2.945504207477955	-1.4012177801177232
2.5937008442120506	-1.2706760525775387
2.3064546009465645	-1.1008475963936017
2.103340834463179	-0.9290165734590342
1.9982014122863667	-0.8134467983263148
1.9982014122863667	-0.8134467983263148
2.103340834463179	-0.9290165734590342
2.3064546009465645	-1.1008475963936017
2.5937008442120506	-1.2706760525775387
2.945504207477955	-1.4012177801177232
3.3378898729202535	-1.4713216396737572
3.744117405887024	-1.4713216396737572
4.136503071329322	-1.4012177801177232
4.488306434595228	-1.2706760525775387
4.775552677860714	-1.1008475963936017
4.978666444344099	-0.9290165734590342
5.083805866520912	-0.8134467983263148
5.408318310593816	-0.5958204170980473
5.303178888417003	-0.7459075475453536
5.100065121933618	-0.9514051220217016
4.812818878668132	-1.143645008871894
4.461015515402226	-1.287135401984422
4.068629849959928	-1.3631190861754638
3.6624023169931568	-1.3631190861754638
3.270016651550858	-1.287135401984422
2.918213288284954	-1.143645008871894
2.630967045019468	-0.9514051220217016
2.4278532785360825	-0.7459075475453536
2.32271385635927	-0.5958204170980473
2.32271385635927	-0.5958204170980473
2.4278532785360825	-0.7459075475453536
2.630967045019468	-0.9514051220217016
2.918213288284954	-1.143645008871894
3.270016651550858	-1.287135401984422
3.6624023169931568	-1.3631190861754638
4.068629849959928	-1.3631190861754638
4.461015515402226	-1.287135401984422
4.812818878668132	-1.143645008871894
5.100065121933618	-0.9514051220217016
5.303178888417003	-0.7459075475453536
5.408318310593816	-0.5958204170980473
5.408318310593815	-0.5638529281249375
5.303178888417002	-0.7206290478528455
5.100065121933617	-0.9317187672969263
4.812818878668131	-1.127320744704793
4.461015515402226	-1.272653015619644
4.068629849959928	-1.3494524068006277
3.6624023169931568	-1.3494524068006277
3.270016651550858	-1.272653015619644
2.918213288284954	-1.127320744704793
2.6309670450194687	-0.9317187672969263
2.427853278536083	-0.7206290478528455
2.3227138563592704	-0.5638529281249375
2.3227138563592704	-0.5638529281249375
2.427853278536083	-0.7206290478528455
2.6309670450194687	-0.9317187672969263
2.918213288284954	-1.127320744704793
3.270016651550858	-1.272653015619644
3.6624023169931568	-1.3494524068006277
4.068629849959928	-1.3494524068006277
4.461015515402226	-1.272653015619644
4.812818878668131	-1.127320744704793
5.100065121933617	-0.9317187672969263
5.303178888417002	-0.7206290478528455
5.408318310593815	-0.5638529281249375
5.569607971128595	-0.2868025013949002
5.464468548951782	-0.5325709106406438
5.261354782468397	-0.7952517913117892
4.974108539202911	-1.0174367851090675
4.622305175937006	-1.1764230737354142
4.229919510494708	-1.259105773345239
3.823691977527937	-1.259105773345239
3.4313063120856384	-1.1764230737354142
3.0795029488197336	-1.0174367851090675
2.792256705554248	-0.7952517913117892
2.5891429390708622	-0.5325709106406438
2.4840035168940497	-0.2868025013949002
2.4840035168940497	-0.2868025013949002
2.5891429390708622	-0.5325709106406438
2.792256705554248	-0.7952517913117892
3.0795029488197336	-1.0174367851090675
3.4313063120856384	-1.1764230737354142
3.823691977527937	-1.259105773345239
4.229919510494708	-1.259105773345239
4.622305175937006	-1.1764230737354142
4.974108539202911	-1.0174367851090675
5.261354782468397	-0.7952517913117892
5.464468548951782	-0.5325709106406438
5.569607971128595	-0.2868025013949002
5.514782668514989	-0.40749010559728427
5.4096432463381765	-0.6061553317540964
5.206529479854791	-0.8462965927722524
4.9192832365893056	-1.057813841394784
4.567479873323401	-1.2115130043752704
4.175094207881102	-1.2919519572432354
3.7688666749143316	-1.2919519572432354
3.376481009472033	-1.2115130043752704
3.0246776462061282	-1.057813841394784
2.737431402940643	-0.8462965927722524
2.5343176364572573	-0.6061553317540964
2.429178214280445	-0.40749010559728427
2.429178214280445	-0.40749010559728427
2.5343176364572573	-0.6061553317540964
2.737431402940643	-0.8462965927722524
3.0246776462061282	-1.057813841394784
3.376481009472033	-1.2115130043752704
3.7688666749143316	-1.2919519572432354
4.175094207881102	-1.2919519572432354
4.567479873323401	-1.2115130043752704
4.9192832365893056	-1.057813841394784
5.206529479854791	-0.8462965927722524
5.4096432463381765	-0.6061553317540964
5.514782668514989	-0.40749010559728427
5.256402218865255	-0.7140656283794541
5.151262796688442	-0.8433657698099782
4.948149030205057	-1.029591889250873
4.660902786939571	-1.2094675103199952
4.309099423673667	-1.3459588757624257
3.9167137582313676	-1.4187957553143036
3.5104862252645965	-1.4187957553143036
3.118100559822298	-1.3459588757624257
2.7662971965563936	-1.2094675103199952
2.479050953290908	-1.029591889250873
2.275937186807522	-0.8433657698099782
2.1707977646307097	-0.7140656283794541
2.1707977646307097	-0.7140656283794541
2.275937186807522	-0.8433657698099782
2.479050953290908	-1.029591889250873
2.7662971965563936	-1.2094675103199952
3.118100559822298	-1.3459588757624257
3.5104862252645965	-1.4187957553143036
3.9167137582313676	-1.4187957553143036
4.309099423673667	-1.3459588757624257
4.660902786939571	-1.2094675103199952
4.948149030205057	-1.029591889250873
5.151262796688442	-0.8433657698099782
5.256402218865255	-0.7140656283794541
4.8536584693721725	-0.9369423579269754
4.7485190471953596	-1.0388633606649111
4.545405280711974	-1.195002392824382
4.258159037446489	-1.3530642700790174
3.906355674180584	-1.4763389027213463
3.5139700087382857	-1.5430335886631572
3.1077424757715146	-1.5430335886631572
2.715356810329216	-1.4763389027213463
2.363553447063312	-1.3530642700790174
2.0763072037978265	-1.195002392824382
1.8731934373144408	-1.0388633606649111
1.7680540151376283	-0.9369423579269754
1.7680540151376283	-0.9369423579269754
1.8731934373144408	-1.0388633606649111
2.0763072037978265	-1.195002392824382
2.363553447063312	-1.3530642700790174
2.715356810329216	-1.4763389027213463
3.1077424757715146	-1.5430335886631572
3.5139700087382857	-1.5430335886631572
3.906355674180584	-1.4763389027213463
4.258159037446489	-1.3530642700790174
4.545405280711974	-1.195002392824382
4.7485190471953596	-1.0388633606649111
4.8536584693721725	-0.9369423579269754
4.398815159456276	-1.023398388004176
4.293675737279463	-1.1174615700881074
4.090561970796077	-1.2639280032295288
3.8033157275305918	-1.4143076742548804
3.451512364264687	-1.5326642927204424
3.0591266988223884	-1.5970084327374374
2.652899165855618	-1.5970084327374374
2.260513500413319	-1.5326642927204424
1.9087101371474149	-1.4143076742548804
1.6214638938819292	-1.2639280032295288
1.4183501273985435	-1.1174615700881074
1.313210705221731	-1.023398388004176
1.313210705221731	-1.023398388004176
1.4183501273985435	-1.1174615700881074
1.6214638938819292	-1.2639280032295288
1.9087101371474149	-1.4143076742548804
2.260513500413319	-1.5326642927204424
2.652899165855618	-1.5970084327374374
3.0591266988223884	-1.5970084327374374
3.451512364264687	-1.5326642927204424
3.8033157275305918	-1.4143076742548804
4.090561970796077	-1.2639280032295288
4.293675737279463	-1.1174615700881074
4.398815159456276	-1.023398388004176
3.9960714099631938	-0.9897034810996445
3.890931987786381	-1.0866872045602576
3.6878182213029955	-1.2368034270970436
3.40057197803751	-1.3901204686599855
3.048768614771605	-1.5103736471851799
2.656382949329307	-1.5756283363045027
2.250155416362536	-1.5756283363045027
1.8577697509202376	-1.5103736471851799
1.5059663876543332	-1.3901204686599855
1.2187201443888473	-1.2368034270970436
1.0156063779054618	-1.0866872045602576
0.9104669557286493	-0.9897034810996445
0.9104669557286493	-0.9897034810996445
1.0156063779054618	-1.0866872045602576
1.2187201443888473	-1.2368034270970436
1.5059663876543332	-1.3901204686599855
1.8577697509202376	-1.5103736471851799
2.250155416362536	-1.5756283363045027
2.656382949329307	-1.5756283363045027
3.048768614771605	-1.5103736471851799
3.40057197803751	-1.3901204686599855
3.6878182213029955	-1.2368034270970436
3.890931987786381	-1.0866872045602576
3.9960714099631938	-0.9897034810996445
3.737690960313459	-0.9100694459054757
3.632551538136646	-1.0146933016556936
3.429437771653261	-1.174051162917927
3.1421915283877753	-1.3345966931089717
2.7903881651218705	-1.4594320710404467
2.3980024996795724	-1.5268654394004864
1.9917749667128013	-1.5268654394004864
1.5993893012705027	-1.4594320710404467
1.2475859380045984	-1.3345966931089717
0.9603396947391126	-1.174051162917927
0.757225928255727	-1.0146933016556936
0.6520865060789145	-0.9100694459054757
0.6520865060789145	-0.9100694459054757
0.757225928255727	-1.0146933016556936
0.9603396947391126	-1.174051162917927
1.2475859380045984	-1.3345966931089717
1.5993893012705027	-1.4594320710404467
1.9917749667128013	-1.5268654394004864
2.3980024996795724	-1.5268654394004864
2.7903881651218705	-1.4594320710404467
3.1421915283877753	-1.3345966931089717
3.429437771653261	-1.174051162917927
3.632551538136646	-1.0146933016556936
3.737690960313459	-0.9100694459054757
3.6828656576998537	-0.8861669078191545
3.577726235523041	-0.9933115767814219
3.3746124690396555	-1.1556217050973037
3.08736622577417	-1.3184133363253214
2.735562862508265	-1.4446478332536516
2.343177197065967	-1.5127403816183076
1.9369496640991961	-1.5127403816183076
1.5445639986568975	-1.4446478332536516
1.192760635390993	-1.3184133363253214
0.9055143921255073	-1.1556217050973037
0.7024006256421216	-0.9933115767814219
0.5972612034653091	-0.8861669078191545
0.5972612034653091	-0.8861669078191545
0.7024006256421216	-0.9933115767814219
0.9055143921255073	-1.1556217050973037
1.192760635390993	-1.3184133363253214
1.5445639986568975	-1.4446478332536516
1.9369496640991961	-1.5127403816183076
2.343177197065967	-1.5127403816183076
2.735562862508265	-1.4446478332536516
3.08736622577417	-1.3184133363253214
3.3746124690396555	-1.1556217050973037
3.577726235523041	-0.9933115767814219
3.6828656576998537	-0.8861669078191545
3.8441553182346335	-0.9490874778502241
3.7390158960578206	-1.04983005323068
3.5359021295744353	-1.204548370714243
3.2486558863089496	-1.3615024706179577
2.896852523043045	-1.4840763505368608
2.5044668576007467	-1.550438232977064
2.0982393246339757	-1.550438232977064
1.7058536591916773	-1.4840763505368608
1.354050295925773	-1.3615024706179577
1.066804052660287	-1.204548370714243
0.8636902861769015	-1.04983005323068
0.758550864000089	-0.9490874778502241
0.758550864000089	-0.9490874778502241
0.8636902861769015	-1.04983005323068
1.066804052660287	-1.204548370714243
1.354050295925773	-1.3615024706179577
1.7058536591916773	-1.4840763505368608
2.0982393246339757	-1.550438232977064
2.5044668576007467	-1.550438232977064
2.896852523043045	-1.4840763505368608
3.2486558863089496	-1.3615024706179577
3.5359021295744353	-1.204548370714243
3.7390158960578206	-1.04983005323068
3.8441553182346335	-0.9490874778502241
4.184610424440402	-1.0182074008154252
4.079471002263589	-1.1127094908957758
3.8763572357802034	-1.2597285611803606
3.5891109925147178	-1.4105560066732576
3.237307629248813	-1.529203022716739
2.844921963806515	-1.5936869155327356
2.438694430839744	-1.5936869155327356
2.046308765397445	-1.529203022716739
1.694505402131541	-1.4105560066732576
1.4072591588660555	-1.2597285611803606
1.2041453923826697	-1.1127094908957758
1.0990059702058572	-1.0182074008154252
1.0990059702058572	-1.0182074008154252
1.2041453923826697	-1.1127094908957758
1.4072591588660555	-1.2597285611803606
1.694505402131541	-1.4105560066732576
2.046308765397445	-1.529203022716739
2.438694430839744	-1.5936869155327356
2.844921963806515	-1.5936869155327356
3.237307629248813	-1.529203022716739
3.5891109925147178	-1.4105560066732576
3.8763572357802034	-1.2597285611803606
4.079471002263589	-1.1127094908957758
4.184610424440402	-1.0182074008154252
4.6262368144142245	-0.9976134361947686
4.521097392237412	-1.0938960956738837
4.317983625754026	-1.243142109677961
4.030737382488541	-1.3957630547349493
3.678934019222636	-1.5155685869293551
3.2865483537803373	-1.580608819961876
2.8803208208135667	-1.580608819961876
2.487935155371268	-1.5155685869293551
2.1361317921053633	-1.3957630547349493
1.8488855488398777	-1.243142109677961
1.645771782356492	-1.0938960956738837
1.5406323601796794	-0.9976134361947686
1.5406323601796794	-0.9976134361947686
1.645771782356492	-1.0938960956738837
1.8488855488398777	-1.243142109677961
2.1361317921053633	-1.3957630547349493
2.487935155371268	-1.5155685869293551
2.8803208208135667	-1.580608819961876
3.2865483537803373	-1.580608819961876
3.678934019222636	-1.5155685869293551
4.030737382488541	-1.3957630547349493
4.317983625754026	-1.243142109677961
4.521097392237412	-1.0938960956738837
4.6262368144142245	-0.9976134361947686
5.067863204388047	-0.8412071719802585
4.962723782211234	-0.9534178550065323
4.759610015727849	-1.1215164925088092
4.472363772462363	-1.2886238563202714
4.120560409196458	-1.4175136965129234
3.7281747437541592	-1.4868494139811084
3.3219472107873886	-1.4868494139811084
2.92956154534509	-1.4175136965129234
2.5777581820791857	-1.2886238563202714
2.2905119388136996	-1.1215164925088092
2.0873981723303143	-0.9534178550065323
1.982258750153502	-0.8412071719802585
1.982258750153502	-0.8412071719802585
2.0873981723303143	-0.9534178550065323
2.2905119388136996	-1.1215164925088092
2.5777581820791857	-1.2886238563202714
2.92956154534509	-1.4175136965129234
3.3219472107873886	-1.4868494139811084
3.7281747437541592	-1.4868494139811084
4.120560409196458	-1.4175136965129234
4.472363772462363	-1.2886238563202714
4.759610015727849	-1.1215164925088092
4.962723782211234	-0.9534178550065323
5.067863204388047	-0.8412071719802585
5.408318310593815	-0.5638529281249375
5.303178888417002	-0.7206290478528455
5.100065121933617	-0.9317187672969263
4.812818878668131	-1.127320744704793
4.461015515402226	-1.272653015619644
4.068629849959928	-1.3494524068006277
3.6624023169931568	-1.3494524068006277
3.270016651550858	-1.272653015619644
2.918213288284954	-1.127320744704793
2.6309670450194687	-0.9317187672969263
2.427853278536083	-0.7206290478528455
2.3227138563592704	-0.5638529281249375
2.3227138563592704	-0.5638529281249375
2.427853278536083	-0.7206290478528455
2.6309670450194687	-0.9317187672969263
2.918213288284954	-1.127320744704793
3.270016651550858	-1.272653015619644
3.6624023169931568	-1.3494524068006277
4.068629849959928	-1.3494524068006277
4.461015515402226	-1.272653015619644
4.812818878668131	-1.127320744704793
5.100065121933617	-0.9317187672969263
5.303178888417002	-0.7206290478528455
5.408318310593815	-0.5638529281249375
5.408318310593815	-0.4160395251463438
5.303178888417002	-0.611935443113265
5.100065121933617	-0.8504461318991539
4.812818878668131	-1.0611365714980794
4.461015515402226	-1.2144152749758639
4.068629849959928	-1.2946739203942188
3.662402316993157	-1.2946739203942188
3.2700166515508586	-1.2144152749758639
2.918213288284954	-1.0611365714980794
2.630967045019468	-0.8504461318991539
2.427853278536083	-0.611935443113265
2.32271385635927	-0.4160395251463438
2.32271385635927	-0.4160395251463438
2.427853278536083	-0.611935443113265
2.630967045019468	-0.8504461318991539
2.918213288284954	-1.0611365714980794
3.2700166515508586	-1.2144152749758639
3.662402316993157	-1.2946739203942188
4.068629849959928	-1.2946739203942188
4.461015515402226	-1.2144152749758639
4.812818878668131	-1.0611365714980794
5.100065121933617	-0.8504461318991539
5.303178888417002	-0.611935443113265
5.408318310593815	-0.4160395251463438
5.470606953881129	-0.2673491063382247
5.365467531704315	-0.5223520314061009
5.16235376522093	-0.7884448499661122
4.875107521955444	-1.0121252301699384
4.523304158689539	-1.171832376353613
4.130918493247242	-1.2548176036081053
3.7246909602804705	-1.2548176036081053
3.332305294838172	-1.171832376353613
2.9805019315722676	-1.0121252301699384
2.693255688306782	-0.7884448499661122
2.490141921823396	-0.5223520314061009
2.3850024996465837	-0.2673491063382247
2.3850024996465837	-0.2673491063382247
2.490141921823396	-0.5223520314061009
2.693255688306782	-0.7884448499661122
2.9805019315722676	-1.0121252301699384
3.332305294838172	-1.171832376353613
3.7246909602804705	-1.2548176036081053
4.130918493247242	-1.2548176036081053
4.523304158689539	-1.171832376353613
4.875107521955444	-1.0121252301699384
5.16235376522093	-0.7884448499661122
5.365467531704315	-0.5223520314061009
5.470606953881129	-0.2673491063382247
5.287361013557041	-0.5954691179597452
5.182221591380228	-0.7456269647068766
4.979107824896842	-0.9511851592734165
4.691861581631358	-1.143462027061004
4.340058218365453	-1.2869728218010141
3.947672552923154	-1.3629655696710383
3.5414450199563827	-1.3629655696710383
3.149059354514084	-1.2869728218010141
2.7972559912481803	-1.143462027061004
2.5100097479826946	-0.9511851592734165
2.3068959814993084	-0.7456269647068766
2.2017565593224964	-0.5954691179597452
2.2017565593224964	-0.5954691179597452
2.3068959814993084	-0.7456269647068766
2.5100097479826946	-0.9511851592734165
2.7972559912481803	-1.143462027061004
3.149059354514084	-1.2869728218010141
3.5414450199563827	-1.3629655696710383
3.947672552923154	-1.3629655696710383
4.340058218365453	-1.2869728218010141
4.691861581631358	-1.143462027061004
4.979107824896842	-0.9511851592734165
5.182221591380228	-0.7456269647068766
5.287361013557041	-0.5954691179597452
4.9005599261968245	-0.8914783392226809
4.7954205040200115	-0.9980529692142908
4.592306737536626	-1.1596996878853882
4.305060494271141	-1.3219892458677311
3.9532571310052353	-1.4479120149076523
3.5608714655629368	-1.5158579428720127
3.1546439325961653	-1.5158579428720127
2.7622582671538667	-1.4479120149076523
2.410454903887963	-1.3219892458677311
2.123208660622477	-1.1596996878853882
1.9200948941390914	-0.9980529692142908
1.814955471962279	-0.8914783392226809
1.814955471962279	-0.8914783392226809
1.9200948941390914	-0.9980529692142908
2.123208660622477	-1.1596996878853882
2.410454903887963	-1.3219892458677311
2.7622582671538667	-1.4479120149076523
3.1546439325961653	-1.5158579428720127
3.5608714655629368	-1.5158579428720127
3.9532571310052353	-1.4479120149076523
4.305060494271141	-1.3219892458677311
4.592306737536626	-1.1596996878853882
4.7954205040200115	-0.9980529692142908
4.9005599261968245	-0.8914783392226809
4.398815159456276	-1.023398388004176
4.293675737279463	-1.1174615700881076
4.090561970796077	-1.2639280032295288
3.8033157275305918	-1.4143076742548804
3.451512364264687	-1.5326642927204424
3.0591266988223884	-1.5970084327374376
2.652899165855618	-1.5970084327374376
2.260513500413319	-1.5326642927204424
1.9087101371474149	-1.4143076742548804
1.6214638938819292	-1.2639280032295288
1.4183501273985435	-1.1174615700881076
1.313210705221731	-1.023398388004176
1.313210705221731	-1.023398388004176
1.4183501273985435	-1.1174615700881076
1.6214638938819292	-1.2639280032295288
1.9087101371474149	-1.4143076742548804
2.260513500413319	-1.5326642927204424
2.652899165855618	-1.5970084327374376
3.0591266988223884	-1.5970084327374376
3.451512364264687	-1.5326642927204424
3.8033157275305918	-1.4143076742548804
4.090561970796077	-1.2639280032295288
4.293675737279463	-1.1174615700881076
4.398815159456276	-1.023398388004176
3.8970703927157277	-0.9697616654050053
3.791930970538915	-1.0685568715530878
3.5888172040555295	-1.220904346976997
3.301570960790044	-1.3759940496149656
2.949767597524139	-1.497382136029343
2.5573819320818405	-1.5631792479923823
2.1511543991150694	-1.5631792479923823
1.7587687336727709	-1.497382136029343
1.4069653704068665	-1.3759940496149656
1.1197191271413809	-1.220904346976997
0.9166053606579952	-1.0685568715530878
0.8114659384811828	-0.9697616654050053
0.8114659384811828	-0.9697616654050053
0.9166053606579952	-1.0685568715530878
1.1197191271413809	-1.220904346976997
1.4069653704068665	-1.3759940496149656
1.7587687336727709	-1.497382136029343
2.1511543991150694	-1.5631792479923823
2.5573819320818405	-1.5631792479923823
2.949767597524139	-1.497382136029343
3.301570960790044	-1.3759940496149656
3.5888172040555295	-1.220904346976997
3.791930970538915	-1.0685568715530878
3.8970703927157277	-0.9697616654050053
3.5102693053555107	-0.7826956901398722
3.405129883178698	-0.9022131917777325
3.2020161166953125	-1.078323828977997
2.914769873429827	-1.2512132033551413
2.562966510163922	-1.3835924678077136
2.1705808447216235	-1.4545460518761417
1.7643533117548524	-1.4545460518761417
1.371967646312554	-1.3835924678077136
1.0201642830466497	-1.2512132033551413
0.7329180397811639	-1.078323828977997
0.5298042732977782	-0.9022131917777325
0.42466485112096575	-0.7826956901398722
0.42466485112096575	-0.7826956901398722
0.5298042732977782	-0.9022131917777325
0.7329180397811639	-1.078323828977997
1.0201642830466497	-1.2512132033551413
1.371967646312554	-1.3835924678077136
1.7643533117548524	-1.4545460518761417
2.1705808447216235	-1.4545460518761417
2.562966510163922	-1.3835924678077136
2.914769873429827	-1.2512132033551413
3.2020161166953125	-1.078323828977997
3.405129883178698	-0.9022131917777325
3.5102693053555107	-0.7826956901398722
3.327023365031423	-0.6186422884794068
3.22188394285461	-0.7642606761761791
3.0187701763712247	-0.9658612829352233
2.731523933105739	-1.1556990170376287
2.3797205698398343	-1.2978574092348303
1.9873349043975361	-1.3732479582216675
1.581107371430765	-1.3732479582216675
1.1887217059884665	-1.2978574092348303
0.8369183427225622	-1.1556990170376287
0.5496720994570763	-0.9658612829352233
0.3465583329736907	-0.7642606761761791
0.24141891079687822	-0.6186422884794068
0.24141891079687822	-0.6186422884794068
0.3465583329736907	-0.7642606761761791
0.5496720994570763	-0.9658612829352233
0.8369183427225622	-1.1556990170376287
1.1887217059884665	-1.2978574092348303
1.581107371430765	-1.3732479582216675
1.9873349043975361	-1.3732479582216675
2.3797205698398343	-1.2978574092348303
2.731523933105739	-1.1556990170376287
3.0187701763712247	-0.9658612829352233
3.22188394285461	-0.7642606761761791
3.327023365031423	-0.6186422884794068
3.3893120083187367	-0.6828201274119616
3.2841725861419238	-0.8170798164519304
3.0810588196585385	-1.0081731315489049
2.793812576393053	-1.191287229548605
2.442009213127148	-1.329646155941345
2.0496235476848494	-1.4033299683480818
1.6433960147180784	-1.4033299683480818
1.2510103492757798	-1.329646155941345
0.8992069860098755	-1.191287229548605
0.6119607427443897	-1.0081731315489049
0.4088469762610041	-0.8170798164519304
0.3037075540841916	-0.6828201274119616
0.3037075540841916	-0.6828201274119616
0.4088469762610041	-0.8170798164519304
0.6119607427443897	-1.0081731315489049
0.8992069860098755	-1.191287229548605
1.2510103492757798	-1.329646155941345
1.6433960147180784	-1.4033299683480818
2.0496235476848494	-1.4033299683480818
2.442009213127148	-1.329646155941345
2.793812576393053	-1.191287229548605
3.0810588196585385	-1.0081731315489049
3.2841725861419238	-0.8170798164519304
3.3893120083187367	-0.6828201274119616
3.6828656576998537	-0.8861669078191543
3.577726235523041	-0.9933115767814218
3.3746124690396555	-1.1556217050973037
3.08736622577417	-1.3184133363253212
2.735562862508265	-1.4446478332536514
2.343177197065967	-1.5127403816183074
1.9369496640991961	-1.5127403816183074
1.5445639986568975	-1.4446478332536514
1.192760635390993	-1.3184133363253212
0.9055143921255073	-1.1556217050973037
0.7024006256421216	-0.9933115767814218
0.5972612034653091	-0.8861669078191543
0.5972612034653091	-0.8861669078191543
0.7024006256421216	-0.9933115767814218
0.9055143921255073	-1.1556217050973037
1.192760635390993	-1.3184133363253212
1.5445639986568975	-1.4446478332536514
1.9369496640991961	-1.5127403816183074
2.343177197065967	-1.5127403816183074
2.735562862508265	-1.4446478332536514
3.08736622577417	-1.3184133363253212
3.3746124690396555	-1.1556217050973037
3.577726235523041	-0.9933115767814218
3.6828656576998537	-0.8861669078191543
4.140434709806541	-1.018425565470034
4.035295287629728	-1.1129091303683296
3.832181521146343	-1.2599049048167072
3.544935277880857	-1.4107134965292074
3.1931319146149524	-1.5293482945404122
2.800746249172654	-1.5938263098806906
2.3945187162058827	-1.5938263098806906
2.002133050763584	-1.5293482945404122
1.65032968749768	-1.4107134965292074
1.3630834442321942	-1.2599049048167072
1.1599696777488087	-1.1129091303683296
1.0548302555719962	-1.018425565470034
1.0548302555719962	-1.018425565470034
1.1599696777488087	-1.1129091303683296
1.3630834442321942	-1.2599049048167072
1.65032968749768	-1.4107134965292074
2.002133050763584	-1.5293482945404122
2.3945187162058827	-1.5938263098806906
2.800746249172654	-1.5938263098806906
3.1931319146149524	-1.5293482945404122
3.544935277880857	-1.4107134965292074
3.832181521146343	-1.2599049048167072
4.035295287629728	-1.1129091303683296
4.140434709806541	-1.018425565470034
4.657195609106011	-0.9808966816112684
4.552056186929198	-1.0786725175187468
4.3489424204458125	-1.2297674726444165
4.061696177180327	-1.3838642407702793
3.709892813914422	-1.504617517379984
3.3175071484721235	-1.5701114526239655
2.911279615505352	-1.5701114526239655
2.5188939500630534	-1.504617517379984
2.1670905867971495	-1.3838642407702793
1.8798443435316639	-1.2297674726444165
1.676730577048278	-1.0786725175187468
1.5715911548714656	-0.9808966816112684
1.5715911548714656	-0.9808966816112684
1.676730577048278	-1.0786725175187468
1.8798443435316639	-1.2297674726444165
2.1670905867971495	-1.3838642407702793
2.5188939500630534	-1.504617517379984
2.911279615505352	-1.5701114526239655
3.3175071484721235	-1.5701114526239655
3.709892813914422	-1.504617517379984
4.061696177180327	-1.3838642407702793
4.3489424204458125	-1.2297674726444165
4.552056186929198	-1.0786725175187468
4.657195609106011	-0.9808966816112684
5.114764661212697	-0.7598577461667975
5.009625239035884	-0.8824737358493555
4.806511472552499	-1.0618632356325002
4.519265229287014	-1.2370552660638847
4.167461866021109	-1.3708024540466774
3.7750762005788103	-1.4423853396629578
3.3688486676120397	-1.4423853396629578
2.976463002169741	-1.3708024540466774
2.6246596389038364	-1.2370552660638847
2.3374133956383507	-1.0618632356325002
2.134299629154965	-0.8824737358493555
2.0291602069781525	-0.7598577461667975
2.0291602069781525	-0.7598577461667975
2.134299629154965	-0.8824737358493555
2.3374133956383507	-1.0618632356325002
2.6246596389038364	-1.2370552660638847
2.976463002169741	-1.3708024540466774
3.3688486676120397	-1.4423853396629578
3.7750762005788103	-1.4423853396629578
4.167461866021109	-1.3708024540466774
4.519265229287014	-1.2370552660638847
4.806511472552499	-1.0618632356325002
5.009625239035884	-0.8824737358493555
5.114764661212697	-0.7598577461667975
5.408318310593815	-0.4160395251463438
5.303178888417002	-0.611935443113265
5.100065121933617	-0.8504461318991539
4.812818878668131	-1.0611365714980794
4.461015515402226	-1.2144152749758639
4.068629849959928	-1.2946739203942188
3.662402316993157	-1.2946739203942188
3.2700166515508586	-1.2144152749758639
2.918213288284954	-1.0611365714980794
2.630967045019468	-0.8504461318991539
2.427853278536083	-0.611935443113265
2.32271385635927	-0.4160395251463438
2.32271385635927	-0.4160395251463438
2.427853278536083	-0.611935443113265
2.630967045019468	-0.8504461318991539
2.918213288284954	-1.0611365714980794
3.2700166515508586	-1.2144152749758639
3.662402316993157	-1.2946739203942188
4.068629849959928	-1.2946739203942188
4.461015515402226	-1.2144152749758639
4.812818878668131	-1.0611365714980794
5.100065121933617	-0.8504461318991539
5.303178888417002	-0.611935443113265
5.408318310593815	-0.4160395251463438
5.408318310593815	-0.2135470180491424
5.303178888417002	-0.49696924348687166
5.100065121933617	-0.7718627246446861
4.812818878668131	-0.9992618604772144
4.461015515402226	-1.1607402390407549
4.068629849959928	-1.2444653480843175
3.662402316993157	-1.2444653480843175
3.2700166515508586	-1.1607402390407549
2.918213288284954	-0.9992618604772144
2.630967045019468	-0.7718627246446861
2.427853278536083	-0.49696924348687166
2.32271385635927	-0.2135470180491424
2.32271385635927	-0.2135470180491424
2.427853278536083	-0.49696924348687166
2.630967045019468	-0.7718627246446861
2.918213288284954	-0.9992618604772144
3.2700166515508586	-1.1607402390407549
3.662402316993157	-1.2444653480843175
4.068629849959928	-1.2444653480843175
4.461015515402226	-1.1607402390407549
4.812818878668131	-0.9992618604772144
5.100065121933617	-0.7718627246446861
5.303178888417002	-0.49696924348687166
5.408318310593815	-0.2135470180491424
5.342186316170647	-0.39468070966046065
5.237046893993833	-0.5976194128643393
5.033933127510448	-0.8402039034403033
4.746686884244962	-1.0529457723286553
4.394883520979057	-1.2072648575142046
4.00249785553676	-1.2879691518988432
3.596270322569988	-1.2879691518988432
3.2038846571276896	-1.2072648575142046
2.852081293861785	-1.0529457723286553
2.5648350505962996	-0.8402039034403033
2.361721284112914	-0.5976194128643393
2.2565818619361013	-0.39468070966046065
2.2565818619361013	-0.39468070966046065
2.361721284112914	-0.5976194128643393
2.5648350505962996	-0.8402039034403033
2.852081293861785	-1.0529457723286553
3.2038846571276896	-1.2072648575142046
3.596270322569988	-1.2879691518988432
4.00249785553676	-1.2879691518988432
4.394883520979057	-1.2072648575142046
4.746686884244962	-1.0529457723286553
5.033933127510448	-0.8402039034403033
5.237046893993833	-0.5976194128643393
5.342186316170647	-0.39468070966046065
5.030519738136076	-0.7662295234641032
4.925380315959263	-0.8879660932052865
4.7222665494758775	-1.0664320978882174
4.435020306210392	-1.2409792985842794
4.083216942944487	-1.374344664281393
3.6908312775021894	-1.4457521766516443
3.284603744535418	-1.4457521766516443
2.8922180790931193	-1.374344664281393
2.5404147158272155	-1.2409792985842794
2.25316847256173	-1.0664320978882174
2.0500547060783436	-0.8879660932052865
1.9449152839015313	-0.7662295234641032
1.9449152839015313	-0.7662295234641032
2.0500547060783436	-0.8879660932052865
2.25316847256173	-1.0664320978882174
2.5404147158272155	-1.2409792985842794
2.8922180790931193	-1.374344664281393
3.284603744535418	-1.4457521766516443
3.6908312775021894	-1.4457521766516443
4.083216942944487	-1.374344664281393
4.435020306210392	-1.2409792985842794
4.7222665494758775	-1.0664320978882174
4.925380315959263	-0.8879660932052865
5.030519738136076	-0.7662295234641032
4.544717633528393	-0.9850423748381313
4.43957821135158	-1.0824438000566028
4.2364644448681945	-1.2330767279472041
3.949218201602709	-1.3868058325207062
3.597414838336804	-1.5073234735243306
3.205029172894506	-1.572704725589545
2.798801639927735	-1.572704725589545
2.4064159744854363	-1.5073234735243306
2.054612611219532	-1.3868058325207062
1.7673663679540463	-1.2330767279472041
1.5642526014706606	-1.0824438000566028
1.459113179293848	-0.9850423748381313
1.459113179293848	-0.9850423748381313
1.5642526014706606	-1.0824438000566028
1.7673663679540463	-1.2330767279472041
2.054612611219532	-1.3868058325207062
2.4064159744854363	-1.5073234735243306
2.798801639927735	-1.572704725589545
3.205029172894506	-1.572704725589545
3.597414838336804	-1.5073234735243306
3.949218201602709	-1.3868058325207062
4.2364644448681945	-1.2330767279472041
4.43957821135158	-1.0824438000566028
4.544717633528393	-0.9850423748381313
3.9960714099631938	-0.9897034810996445
3.890931987786381	-1.0866872045602576
3.6878182213029955	-1.2368034270970436
3.40057197803751	-1.3901204686599855
3.048768614771605	-1.51037364718518
2.656382949329307	-1.5756283363045027
2.250155416362536	-1.5756283363045027
1.8577697509202376	-1.51037364718518
1.5059663876543332	-1.3901204686599855
1.2187201443888473	-1.2368034270970436
1.0156063779054618	-1.0866872045602576
0.9104669557286493	-0.9897034810996445
0.9104669557286493	-0.9897034810996445
1.0156063779054618	-1.0866872045602576
1.2187201443888473	-1.2368034270970436
1.5059663876543332	-1.3901204686599855
1.8577697509202376	-1.51037364718518
2.250155416362536	-1.5756283363045027
2.656382949329307	-1.5756283363045027
3.048768614771605	-1.51037364718518
3.40057197803751	-1.3901204686599855
3.6878182213029955	-1.2368034270970436
3.890931987786381	-1.0866872045602576
3.9960714099631938	-0.9897034810996445
3.5102693053555107	-0.782695690139872
3.405129883178698	-0.9022131917777323
3.2020161166953125	-1.0783238289779968
2.914769873429827	-1.251213203355141
2.562966510163922	-1.3835924678077134
2.1705808447216235	-1.4545460518761415
1.7643533117548524	-1.4545460518761415
1.371967646312554	-1.3835924678077134
1.0201642830466497	-1.251213203355141
0.7329180397811639	-1.0783238289779968
0.5298042732977782	-0.9022131917777323
0.42466485112096575	-0.782695690139872
0.42466485112096575	-0.782695690139872
0.5298042732977782	-0.9022131917777323
0.7329180397811639	-1.0783238289779968
1.0201642830466497	-1.251213203355141
1.371967646312554	-1.3835924678077134
1.7643533117548524	-1.4545460518761415
2.1705808447216235	-1.4545460518761415
2.562966510163922	-1.3835924678077134
2.914769873429827	-1.251213203355141
3.2020161166953125	-1.0783238289779968
3.405129883178698	-0.9022131917777323
3.5102693053555107	-0.782695690139872
3.1986027273209405	-0.4378758129281312
3.0934633051441276	-0.62698590702001
2.8903495386607423	-0.8613390530596586
2.6031032953952566	-1.0698865194188472
2.251299932129352	-1.2220682473406221
1.8589142666870537	-1.301855176742948
1.4526867337202827	-1.301855176742948
1.0603010682779843	-1.2220682473406221
0.70849770501208	-1.0698865194188472
0.4212514617465941	-0.8613390530596586
0.21813769526320848	-0.62698590702001
0.11299827308639601	-0.4378758129281312
0.11299827308639601	-0.4378758129281312
0.21813769526320848	-0.62698590702001
0.4212514617465941	-0.8613390530596586
0.70849770501208	-1.0698865194188472
1.0603010682779843	-1.2220682473406221
1.4526867337202827	-1.301855176742948
1.8589142666870537	-1.301855176742948
2.251299932129352	-1.2220682473406221
2.6031032953952566	-1.0698865194188472
2.8903495386607423	-0.8613390530596586
3.0934633051441276	-0.62698590702001
3.1986027273209405	-0.4378758129281312
3.132470732897772	-0.2894540614673495
3.027331310720959	-0.5340035147395351
2.8242175442375737	-0.7962119004876665
2.536971300972088	-1.018187404452956
2.1851679377061832	-1.1770723118443709
1.7927822722638849	-1.2597123986707779
1.3865547392971138	-1.2597123986707779
0.9941690738548155	-1.1770723118443709
0.6423657105889111	-1.018187404452956
0.35511946732342525	-0.7962119004876665
0.15200570084003961	-0.5340035147395351
0.046866278663227144	-0.2894540614673495
0.046866278663227144	-0.2894540614673495
0.15200570084003961	-0.5340035147395351
0.35511946732342525	-0.7962119004876665
0.6423657105889111	-1.018187404452956
0.9941690738548155	-1.1770723118443709
1.3865547392971138	-1.2597123986707779
1.7927822722638849	-1.2597123986707779
2.1851679377061832	-1.1770723118443709
2.536971300972088	-1.018187404452956
2.8242175442375737	-0.7962119004876665
3.027331310720959	-0.5340035147395351
3.132470732897772	-0.2894540614673495
3.327023365031423	-0.6186422884794068
3.22188394285461	-0.764260676176179
3.0187701763712247	-0.9658612829352232
2.731523933105739	-1.1556990170376285
2.3797205698398343	-1.2978574092348303
1.9873349043975361	-1.3732479582216675
1.581107371430765	-1.3732479582216675
1.1887217059884665	-1.2978574092348303
0.8369183427225622	-1.1556990170376285
0.5496720994570763	-0.9658612829352232
0.3465583329736907	-0.764260676176179
0.24141891079687822	-0.6186422884794068
0.24141891079687822	-0.6186422884794068
0.3465583329736907	-0.764260676176179
0.5496720994570763	-0.9658612829352232
0.8369183427225622	-1.1556990170376285
1.1887217059884665	-1.2978574092348303
1.581107371430765	-1.3732479582216675
1.9873349043975361	-1.3732479582216675
2.3797205698398343	-1.2978574092348303
2.731523933105739	-1.1556990170376285
3.0187701763712247	-0.9658612829352232
3.22188394285461	-0.764260676176179
3.327023365031423	-0.6186422884794068
3.737690960313459	-0.9100694459054756
3.632551538136646	-1.0146933016556934
3.429437771653261	-1.174051162917927
3.1421915283877753	-1.3345966931089717
2.7903881651218705	-1.4594320710404467
2.3980024996795724	-1.5268654394004864
1.9917749667128013	-1.5268654394004864
1.5993893012705027	-1.4594320710404467
1.2475859380045984	-1.3345966931089717
0.9603396947391126	-1.174051162917927
0.757225928255727	-1.0146933016556934
0.6520865060789145	-0.9100694459054756
0.6520865060789145	-0.9100694459054756
0.757225928255727	-1.0146933016556934
0.9603396947391126	-1.174051162917927
1.2475859380045984	-1.3345966931089717
1.5993893012705027	-1.4594320710404467
1.9917749667128013	-1.5268654394004864
2.3980024996795724	-1.5268654394004864
2.7903881651218705	-1.4594320710404467
3.1421915283877753	-1.3345966931089717
3.429437771653261	-1.174051162917927
3.632551538136646	-1.0146933016556934
3.737690960313459	-0.9100694459054756
4.270394521745794	-1.0154177650753935
4.165255099568981	-1.1101573481650877
3.962141333085595	-1.2574748404675715
3.6748950898201094	-1.4085436360004648
3.3230917265542046	-1.5273469845589818
2.9307060611119065	-1.5919060623339707
2.5244785281451354	-1.5919060623339707
2.132092862702837	-1.5273469845589818
1.7802894994369325	-1.4085436360004648
1.4930432561714468	-1.2574748404675715
1.289929489688061	-1.1101573481650877
1.1847900675112486	-1.0154177650753935
1.1847900675112486	-1.0154177650753935
1.289929489688061	-1.1101573481650877
1.4930432561714468	-1.2574748404675715
1.7802894994369325	-1.4085436360004648
2.132092862702837	-1.5273469845589818
2.5244785281451354	-1.5919060623339707
2.9307060611119065	-1.5919060623339707
3.3230917265542046	-1.5273469845589818
3.6748950898201094	-1.4085436360004648
3.962141333085595	-1.2574748404675715
4.165255099568981	-1.1101573481650877
4.270394521745794	-1.0154177650753935
4.803098083178128	-0.9001957164537111
4.697958661001315	-1.0058471195842056
4.49484489451793	-1.166414190885831
4.207598651252444	-1.3278833777136883
3.855795287986539	-1.4532955313811153
3.4634096225442406	-1.5210009867145224
3.05718208957747	-1.5210009867145224
2.6647964241351714	-1.4532955313811153
2.3129930608692666	-1.3278833777136883
2.025746817603781	-1.166414190885831
1.8226330511203954	-1.0058471195842056
1.717493628943583	-0.9001957164537111
1.717493628943583	-0.9001957164537111
1.8226330511203954	-1.0058471195842056
2.025746817603781	-1.166414190885831
2.3129930608692666	-1.3278833777136883
2.6647964241351714	-1.4532955313811153
3.05718208957747	-1.5210009867145224
3.4634096225442406	-1.5210009867145224
3.855795287986539	-1.4532955313811153
4.207598651252444	-1.3278833777136883
4.49484489451793	-1.166414190885831
4.697958661001315	-1.0058471195842056
4.803098083178128	-0.9001957164537111
5.213765678460164	-0.5925072808604717
5.108626256283351	-0.743263733762722
4.905512489799966	-0.9493337741020844
4.61826624653448	-1.1419224206395866
4.266462883268575	-1.2856050915749277
3.874077217826277	-1.361674172310546
3.467849684859506	-1.361674172310546
3.0754640194172076	-1.2856050915749277
2.723660656151303	-1.1419224206395866
2.436414412885817	-0.9493337741020844
2.2333006464024314	-0.743263733762722
2.128161224225619	-0.5925072808604717
2.128161224225619	-0.5925072808604717
2.2333006464024314	-0.743263733762722
2.436414412885817	-0.9493337741020844
2.723660656151303	-1.1419224206395866
3.0754640194172076	-1.2856050915749277
3.467849684859506	-1.361674172310546
3.874077217826277	-1.361674172310546
4.266462883268575	-1.2856050915749277
4.61826624653448	-1.1419224206395866
4.905512489799966	-0.9493337741020844
5.108626256283351	-0.743263733762722
5.213765678460164	-0.5925072808604717
5.408318310593815	-0.2135470180491424
5.303178888417002	-0.49696924348687166
5.100065121933617	-0.7718627246446861
4.812818878668131	-0.9992618604772144
4.461015515402226	-1.1607402390407549
4.068629849959928	-1.2444653480843175
3.662402316993157	-1.2444653480843175
3.2700166515508586	-1.1607402390407549
2.918213288284954	-0.9992618604772144
2.630967045019468	-0.7718627246446861
2.427853278536083	-0.49696924348687166
2.32271385635927	-0.2135470180491424
2.32271385635927	-0.2135470180491424
2.427853278536083	-0.49696924348687166
2.630967045019468	-0.7718627246446861
2.918213288284954	-0.9992618604772144
3.2700166515508586	-1.1607402390407549
3.662402316993157	-1.2444653480843175
4.068629849959928	-1.2444653480843175
4.461015515402226	-1.1607402390407549
4.812818878668131	-0.9992618604772144
5.100065121933617	-0.7718627246446861
5.303178888417002	-0.49696924348687166
5.408318310593815	-0.2135470180491424
5.408318310593815	-0.2135470180491424
5.303178888417002	-0.49696924348687166
5.100065121933617	-0.7718627246446861
4.812818878668131	-0.9992618604772144
4.461015515402226	-1.1607402390407549
4.068629849959928	-1.2444653480843175
3.662402316993157	-1.2444653480843175
3.2700166515508586	-1.1607402390407549
2.918213288284954	-0.9992618604772144
2.630967045019468	-0.7718627246446861
2.427853278536083	-0.49696924348687166
2.32271385635927	-0.2135470180491424
2.32271385635927	-0.2135470180491424
2.427853278536083	-0.49696924348687166
2.630967045019468	-0.7718627246446861
2.918213288284954	-0.9992618604772144
3.2700166515508586	-1.1607402390407549
3.662402316993157	-1.2444653480843175
4.068629849959928	-1.2444653480843175
4.461015515402226	-1.1607402390407549
4.812818878668131	-0.9992618604772144
5.100065121933617	-0.7718627246446861
5.303178888417002	-0.49696924348687166
5.408318310593815	-0.2135470180491424
5.213765678460164	-0.5925072808604717
5.108626256283351	-0.743263733762722
4.905512489799966	-0.9493337741020844
4.61826624653448	-1.1419224206395866
4.266462883268575	-1.2856050915749277
3.874077217826277	-1.361674172310546
3.467849684859506	-1.361674172310546
3.0754640194172076	-1.2856050915749277
2.723660656151303	-1.1419224206395866
2.436414412885817	-0.9493337741020844
2.2333006464024314	-0.743263733762722
2.128161224225619	-0.5925072808604717
2.128161224225619	-0.5925072808604717
2.2333006464024314	-0.743263733762722
2.436414412885817	-0.9493337741020844
2.723660656151303	-1.1419224206395866
3.0754640194172076	-1.2856050915749277
3.467849684859506	-1.361674172310546
3.874077217826277	-1.361674172310546
4.266462883268575	-1.2856050915749277
4.61826624653448	-1.1419224206395866
4.905512489799966	-0.9493337741020844
5.108626256283351	-0.743263733762722
5.213765678460164	-0.5925072808604717
4.803098083178128	-0.9001957164537111
4.697958661001315	-1.0058471195842056
4.49484489451793	-1.166414190885831
4.207598651252444	-1.3278833777136883
3.855795287986539	-1.4532955313811153
3.4634096225442406	-1.5210009867145224
3.05718208957747	-1.5210009867145224
2.6647964241351714	-1.4532955313811153
2.3129930608692666	-1.3278833777136883
2.025746817603781	-1.166414190885831
1.8226330511203954	-1.0058471195842056
1.717493628943583	-0.9001957164537111
1.717493628943583	-0.9001957164537111
1.8226330511203954	-1.0058471195842056
2.025746817603781	-1.166414190885831
2.3129930608692666	-1.3278833777136883
2.6647964241351714	-1.4532955313811153
3.05718208957747	-1.5210009867145224
3.4634096225442406	-1.5210009867145224
3.855795287986539	-1.4532955313811153
4.207598651252444	-1.3278833777136883
4.49484489451793	-1.166414190885831
4.697958661001315	-1.0058471195842056
4.803098083178128	-0.9001957164537111
4.270394521745794	-1.0154177650753935
4.165255099568981	-1.1101573481650877
3.962141333085595	-1.2574748404675715
3.6748950898201094	-1.4085436360004648
3.3230917265542046	-1.5273469845589818
2.9307060611119065	-1.5919060623339707
2.5244785281451354	-1.5919060623339707
2.132092862702837	-1.5273469845589818
1.7802894994369325	-1.4085436360004648
1.4930432561714468	-1.2574748404675715
1.289929489688061	-1.1101573481650877
1.1847900675112486	-1.0154177650753935
1.1847900675112486	-1.0154177650753935
1.289929489688061	-1.1101573481650877
1.4930432561714468	-1.2574748404675715
1.7802894994369325	-1.4085436360004648
2.132092862702837	-1.5273469845589818
2.5244785281451354	-1.5919060623339707
2.9307060611119065	-1.5919060623339707
3.3230917265542046	-1.5273469845589818
3.6748950898201094	-1.4085436360004648
3.962141333085595	-1.2574748404675715
4.165255099568981	-1.1101573481650877
4.270394521745794	-1.0154177650753935
3.737690960313459	-0.9100694459054756
3.632551538136646	-1.0146933016556934
3.429437771653261	-1.174051162917927
3.1421915283877753	-1.3345966931089717
2.7903881651218705	-1.4594320710404467
2.3980024996795724	-1.5268654394004864
1.9917749667128013	-1.5268654394004864
1.5993893012705027	-1.4594320710404467
1.2475859380045984	-1.3345966931089717
0.9603396947391126	-1.174051162917927
0.757225928255727	-1.0146933016556934
0.6520865060789145	-0.9100694459054756
0.6520865060789145	-0.9100694459054756
0.757225928255727	-1.0146933016556934
0.9603396947391126	-1.174051162917927
1.2475859380045984	-1.3345966931089717
1.5993893012705027	-1.4594320710404467
1.9917749667128013	-1.5268654394004864
2.3980024996795724	-1.5268654394004864
2.7903881651218705	-1.4594320710404467
3.1421915283877753	-1.3345966931089717
3.429437771653261	-1.174051162917927
3.632551538136646	-1.0146933016556934
3.737690960313459	-0.9100694459054756
3.327023365031423	-0.6186422884794068
3.22188394285461	-0.764260676176179
3.0187701763712247	-0.9658612829352232
2.731523933105739	-1.1556990170376285
2.3797205698398343	-1.2978574092348303
1.9873349043975361	-1.3732479582216675
1.581107371430765	-1.3732479582216675
1.1887217059884665	-1.2978574092348303
0.8369183427225622	-1.1556990170376285
0.5496720994570763	-0.9658612829352232
0.3465583329736907	-0.764260676176179
0.24141891079687822	-0.6186422884794068
0.24141891079687822	-0.6186422884794068
0.3465583329736907	-0.764260676176179
0.5496720994570763	-0.9658612829352232
0.8369183427225622	-1.1556990170376285
1.1887217059884665	-1.2978574092348303
1.581107371430765	-1.3732479582216675
1.9873349043975361	-1.3732479582216675
2.3797205698398343	-1.2978574092348303
2.731523933105739	-1.1556990170376285
3.0187701763712247	-0.9658612829352232
3.22188394285461	-0.764260676176179
3.327023365031423	-0.6186422884794068
3.132470732897772	-0.2894540614673495
3.027331310720959	-0.5340035147395351
2.8242175442375737	-0.7962119004876665
2.536971300972088	-1.018187404452956
2.1851679377061832	-1.1770723118443709
1.7927822722638849	-1.2597123986707779
1.3865547392971138	-1.2597123986707779
0.9941690738548155	-1.1770723118443709
0.6423657105889111	-1.018187404452956
0.35511946732342525	-0.7962119004876665
0.15200570084003961	-0.5340035147395351
0.046866278663227144	-0.2894540614673495
0.046866278663227144	-0.2894540614673495
0.15200570084003961	-0.5340035147395351
0.35511946732342525	-0.7962119004876665
0.6423657105889111	-1.018187404452956
0.9941690738548155	-1.1770723118443709
1.3865547392971138	-1.2597123986707779
1.7927822722638849	-1.2597123986707779
2.1851679377061832	-1.1770723118443709
2.536971300972088	-1.018187404452956
2.8242175442375737	-0.7962119004876665
3.027331310720959	-0.5340035147395351
3.132470732897772	-0.2894540614673495
3.1986027273209405	-0.4378758129281312
3.0934633051441276	-0.62698590702001
2.8903495386607423	-0.8613390530596586
2.6031032953952566	-1.0698865194188472
2.251299932129352	-1.2220682473406221
1.8589142666870537	-1.301855176742948
1.4526867337202827	-1.301855176742948
1.0603010682779843	-1.2220682473406221
0.70849770501208	-1.0698865194188472
0.4212514617465941	-0.8613390530596586
0.21813769526320848	-0.62698590702001
0.11299827308639601	-0.4378758129281312
0.11299827308639601	-0.4378758129281312
0.21813769526320848	-0.62698590702001
0.4212514617465941	-0.8613390530596586
0.70849770501208	-1.0698865194188472
1.0603010682779843	-1.2220682473406221
1.4526867337202827	-1.301855176742948
1.8589142666870537	-1.301855176742948
2.251299932129352	-1.2220682473406221
2.6031032953952566	-1.0698865194188472
2.8903495386607423	-0.8613390530596586
3.0934633051441276	-0.62698590702001
3.1986027273209405	-0.4378758129281312
3.5102693053555107	-0.782695690139872
3.405129883178698	-0.9022131917777323
3.2020161166953125	-1.0783238289779968
2.914769873429827	-1.251213203355141
2.562966510163922	-1.3835924678077134
2.1705808447216235	-1.4545460518761415
1.7643533117548524	-1.4545460518761415
1.371967646312554	-1.3835924678077134
1.0201642830466497	-1.251213203355141
0.7329180397811639	-1.0783238289779968
0.5298042732977782	-0.9022131917777323
0.42466485112096575	-0.782695690139872
0.42466485112096575	-0.782695690139872
0.5298042732977782	-0.9022131917777323
0.7329180397811639	-1.0783238289779968
1.0201642830466497	-1.251213203355141
1.371967646312554	-1.3835924678077134
1.7643533117548524	-1.4545460518761415
2.1705808447216235	-1.4545460518761415
2.562966510163922	-1.3835924678077134
2.914769873429827	-1.251213203355141
3.2020161166953125	-1.0783238289779968
3.405129883178698	-0.9022131917777323
3.5102693053555107	-0.782695690139872
3.9960714099631938	-0.9897034810996445
3.890931987786381	-1.0866872045602576
3.6878182213029955	-1.2368034270970436
3.40057197803751	-1.3901204686599855
3.048768614771605	-1.51037364718518
2.656382949329307	-1.5756283363045027
2.250155416362536	-1.5756283363045027
1.8577697509202376	-1.51037364718518
1.5059663876543332	-1.3901204686599855
1.2187201443888473	-1.2368034270970436
1.0156063779054618	-1.0866872045602576
0.9104669557286493	-0.9897034810996445
0.9104669557286493	-0.9897034810996445
1.0156063779054618	-1.0866872045602576
1.2187201443888473	-1.2368034270970436
1.5059663876543332	-1.3901204686599855
1.8577697509202376	-1.51037364718518
2.250155416362536	-1.5756283363045027
2.656382949329307	-1.5756283363045027
3.048768614771605	-1.51037364718518
3.40057197803751	-1.3901204686599855
3.6878182213029955	-1.2368034270970436
3.890931987786381	-1.0866872045602576
3.9960714099631938	-0.9897034810996445
4.544717633528393	-0.9850423748381313
4.43957821135158	-1.0824438000566028
4.2364644448681945	-1.2330767279472041
3.949218201602709	-1.3868058325207062
3.597414838336804	-1.5073234735243306
3.205029172894506	-1.572704725589545
2.798801639927735	-1.572704725589545
2.4064159744854363	-1.5073234735243306
2.054612611219532	-1.3868058325207062
1.7673663679540463	-1.2330767279472041
1.5642526014706606	-1.0824438000566028
1.459113179293848	-0.9850423748381313
1.459113179293848	-0.9850423748381313
1.5642526014706606	-1.0824438000566028
1.7673663679540463	-1.2330767279472041
2.054612611219532	-1.3868058325207062
2.4064159744854363	-1.5073234735243306
2.798801639927735	-1.572704725589545
3.205029172894506	-1.572704725589545
3.597414838336804	-1.5073234735243306
3.949218201602709	-1.3868058325207062
4.2364644448681945	-1.2330767279472041
4.43957821135158	-1.0824438000566028
4.544717633528393	-0.9850423748381313
5.030519738136076	-0.7662295234641032
4.925380315959263	-0.8879660932052865
4.7222665494758775	-1.0664320978882174
4.435020306210392	-1.2409792985842794
4.083216942944487	-1.374344664281393
3.6908312775021894	-1.4457521766516443
3.284603744535418	-1.4457521766516443
2.8922180790931193	-1.374344664281393
2.5404147158272155	-1.2409792985842794
2.25316847256173	-1.0664320978882174
2.0500547060783436	-0.8879660932052865
1.9449152839015313	-0.7662295234641032
1.9449152839015313	-0.7662295234641032
2.0500547060783436	-0.8879660932052865
2.25316847256173	-1.0664320978882174
2.5404147158272155	-1.2409792985842794
2.8922180790931193	-1.374344664281393
3.284603744535418	-1.4457521766516443
3.6908312775021894	-1.4457521766516443
4.083216942944487	-1.374344664281393
4.435020306210392	-1.2409792985842794
4.7222665494758775	-1.0664320978882174
4.925380315959263	-0.8879660932052865
5.030519738136076	-0.7662295234641032
5.342186316170647	-0.39468070966046065
5.237046893993833	-0.5976194128643393
5.033933127510448	-0.8402039034403033
4.746686884244962	-1.0529457723286553
4.394883520979057	-1.2072648575142046
4.00249785553676	-1.2879691518988432
3.596270322569988	-1.2879691518988432
3.2038846571276896	-1.2072648575142046
2.852081293861785	-1.0529457723286553
2.5648350505962996	-0.8402039034403033
2.361721284112914	-0.5976194128643393
2.2565818619361013	-0.39468070966046065
2.2565818619361013	-0.39468070966046065
2.361721284112914	-0.5976194128643393
2.5648350505962996	-0.8402039034403033
2.852081293861785	-1.0529457723286553
3.2038846571276896	-1.2072648575142046
3.596270322569988	-1.2879691518988432
4.00249785553676	-1.2879691518988432
4.394883520979057	-1.2072648575142046
4.746686884244962	-1.0529457723286553
5.033933127510448	-0.8402039034403033
5.237046893993833	-0.5976194128643393
5.342186316170647	-0.39468070966046065
5.408318310593815	-0.2135470180491424
5.303178888417002	-0.49696924348687166
5.100065121933617	-0.7718627246446861
4.812818878668131	-0.9992618604772144
4.461015515402226	-1.1607402390407549
4.068629849959928	-1.2444653480843175
3.662402316993157	-1.2444653480843175
3.2700166515508586	-1.1607402390407549
2.918213288284954	-0.9992618604772144
2.630967045019468	-0.7718627246446861
2.427853278536083	-0.49696924348687166
2.32271385635927	-0.2135470180491424
2.32271385635927	-0.2135470180491424
2.427853278536083	-0.49696924348687166
2.630967045019468	-0.7718627246446861
2.918213288284954	-0.9992618604772144
3.2700166515508586	-1.1607402390407549
3.662402316993157	-1.2444653480843175
4.068629849959928	-1.2444653480843175
4.461015515402226	-1.1607402390407549
4.812818878668131	-0.9992618604772144
5.100065121933617	-0.7718627246446861
5.303178888417002	-0.49696924348687166
5.408318310593815	-0.2135470180491424
5.408318310593815	-0.4160395251463438
5.303178888417002	-0.611935443113265
5.100065121933617	-0.8504461318991539
4.812818878668131	-1.0611365714980794
4.461015515402226	-1.2144152749758639
4.068629849959928	-1.2946739203942188
3.662402316993157	-1.2946739203942188
3.2700166515508586	-1.2144152749758639
2.918213288284954	-1.0611365714980794
2.630967045019468	-0.8504461318991539
2.427853278536083	-0.611935443113265
2.32271385635927	-0.4160395251463438
2.32271385635927	-0.4160395251463438
2.427853278536083	-0.611935443113265
2.630967045019468	-0.8504461318991539
2.918213288284954	-1.0611365714980794
3.2700166515508586	-1.2144152749758639
3.662402316993157	-1.2946739203942188
4.068629849959928	-1.2946739203942188
4.461015515402226	-1.2144152749758639
4.812818878668131	-1.0611365714980794
5.100065121933617	-0.8504461318991539
5.303178888417002	-0.611935443113265
5.408318310593815	-0.4160395251463438
5.114764661212697	-0.7598577461667975
5.009625239035884	-0.8824737358493555
4.806511472552499	-1.0618632356325002
4.519265229287014	-1.2370552660638847
4.167461866021109	-1.3708024540466774
3.7750762005788103	-1.4423853396629578
3.3688486676120397	-1.4423853396629578
2.976463002169741	-1.3708024540466774
2.6246596389038364	-1.2370552660638847
2.3374133956383507	-1.0618632356325002
2.134299629154965	-0.8824737358493555
2.0291602069781525	-0.7598577461667975
2.0291602069781525	-0.7598577461667975
2.134299629154965	-0.8824737358493555
2.3374133956383507	-1.0618632356325002
2.6246596389038364	-1.2370552660638847
2.976463002169741	-1.3708024540466774
3.3688486676120397	-1.4423853396629578
3.7750762005788103	-1.4423853396629578
4.167461866021109	-1.3708024540466774
4.519265229287014	-1.2370552660638847
4.806511472552499	-1.0618632356325002
5.009625239035884	-0.8824737358493555
5.114764661212697	-0.7598577461667975
4.657195609106011	-0.9808966816112684
4.552056186929198	-1.0786725175187468
4.3489424204458125	-1.2297674726444165
4.061696177180327	-1.3838642407702793
3.709892813914422	-1.504617517379984
3.3175071484721235	-1.5701114526239655
2.911279615505352	-1.5701114526239655
2.5188939500630534	-1.504617517379984
2.1670905867971495	-1.3838642407702793
1.8798443435316639	-1.2297674726444165
1.676730577048278	-1.0786725175187468
1.5715911548714656	-0.9808966816112684
1.5715911548714656	-0.9808966816112684
1.676730577048278	-1.0786725175187468
1.8798443435316639	-1.2297674726444165
2.1670905867971495	-1.3838642407702793
2.5188939500630534	-1.504617517379984
2.911279615505352	-1.5701114526239655
3.3175071484721235	-1.5701114526239655
3.709892813914422	-1.504617517379984
4.061696177180327	-1.3838642407702793
4.3489424204458125	-1.2297674726444165
4.552056186929198	-1.0786725175187468
4.657195609106011	-0.9808966816112684
4.140434709806541	-1.018425565470034
4.035295287629728	-1.1129091303683296
3.832181521146343	-1.2599049048167072
3.544935277880857	-1.4107134965292074
3.1931319146149524	-1.5293482945404122
2.800746249172654	-1.5938263098806906
2.3945187162058827	-1.5938263098806906
2.002133050763584	-1.5293482945404122
1.65032968749768	-1.4107134965292074
1.3630834442321942	-1.2599049048167072
1.1599696777488087	-1.1129091303683296
1.0548302555719962	-1.018425565470034
1.0548302555719962	-1.018425565470034
1.1599696777488087	-1.1129091303683296
1.3630834442321942	-1.2599049048167072
1.65032968749768	-1.4107134965292074
2.002133050763584	-1.5293482945404122
2.3945187162058827	-1.5938263098806906
2.800746249172654	-1.5938263098806906
3.1931319146149524	-1.5293482945404122
3.544935277880857	-1.4107134965292074
3.832181521146343	-1.2599049048167072
4.035295287629728	-1.1129091303683296
4.140434709806541	-1.018425565470034
3.6828656576998537	-0.8861669078191543
3.577726235523041	-0.9933115767814218
3.3746124690396555	-1.1556217050973037
3.08736622577417	-1.3184133363253212
2.735562862508265	-1.4446478332536514
2.343177197065967	-1.5127403816183074
1.9369496640991961	-1.5127403816183074
1.5445639986568975	-1.4446478332536514
1.192760635390993	-1.3184133363253212
0.9055143921255073	-1.1556217050973037
0.7024006256421216	-0.9933115767814218
0.5972612034653091	-0.8861669078191543
0.5972612034653091	-0.8861669078191543
0.7024006256421216	-0.9933115767814218
0.9055143921255073	-1.1556217050973037
1.192760635390993	-1.3184133363253212
1.5445639986568975	-1.4446478332536514
1.9369496640991961	-1.5127403816183074
2.343177197065967	-1.5127403816183074
2.735562862508265	-1.4446478332536514
3.08736622577417	-1.3184133363253212
3.3746124690396555	-1.1556217050973037
3.577726235523041	-0.9933115767814218
3.6828656576998537	-0.8861669078191543
3.3893120083187367	-0.6828201274119616
3.2841725861419238	-0.8170798164519304
3.0810588196585385	-1.0081731315489049
2.793812576393053	-1.191287229548605
2.442009213127148	-1.329646155941345
2.0496235476848494	-1.4033299683480818
1.6433960147180784	-1.4033299683480818
1.2510103492757798	-1.329646155941345
0.8992069860098755	-1.191287229548605
0.6119607427443897	-1.0081731315489049
0.4088469762610041	-0.8170798164519304
0.3037075540841916	-0.6828201274119616
0.3037075540841916	-0.6828201274119616
0.4088469762610041	-0.8170798164519304
0.6119607427443897	-1.0081731315489049
0.8992069860098755	-1.191287229548605
1.2510103492757798	-1.329646155941345
1.6433960147180784	-1.4033299683480818
2.0496235476848494	-1.4033299683480818
2.442009213127148	-1.329646155941345
2.793812576393053	-1.191287229548605
3.0810588196585385	-1.0081731315489049
3.2841725861419238	-0.8170798164519304
3.3893120083187367	-0.6828201274119616
3.327023365031423	-0.6186422884794068
3.22188394285461	-0.7642606761761791
3.0187701763712247	-0.9658612829352233
2.731523933105739	-1.1556990170376287
2.3797205698398343	-1.2978574092348303
1.9873349043975361	-1.3732479582216675
1.581107371430765	-1.3732479582216675
1.1887217059884665	-1.2978574092348303
0.8369183427225622	-1.1556990170376287
0.5496720994570763	-0.9658612829352233
0.3465583329736907	-0.7642606761761791
0.24141891079687822	-0.6186422884794068
0.24141891079687822	-0.6186422884794068
0.3465583329736907	-0.7642606761761791
0.5496720994570763	-0.9658612829352233
0.8369183427225622	-1.1556990170376287
1.1887217059884665	-1.2978574092348303
1.581107371430765	-1.3732479582216675
1.9873349043975361	-1.3732479582216675
2.3797205698398343	-1.2978574092348303
2.731523933105739	-1.1556990170376287
3.0187701763712247	-0.9658612829352233
3.22188394285461	-0.7642606761761791
3.327023365031423	-0.6186422884794068
3.5102693053555107	-0.7826956901398722
3.405129883178698	-0.9022131917777325
3.2020161166953125	-1.078323828977997
2.914769873429827	-1.2512132033551413
2.562966510163922	-1.3835924678077136
2.1705808447216235	-1.4545460518761417
1.7643533117548524	-1.4545460518761417
1.371967646312554	-1.3835924678077136
1.0201642830466497	-1.2512132033551413
0.7329180397811639	-1.078323828977997
0.5298042732977782	-0.9022131917777325
0.42466485112096575	-0.7826956901398722
0.42466485112096575	-0.7826956901398722
0.5298042732977782	-0.9022131917777325
0.7329180397811639	-1.078323828977997
1.0201642830466497	-1.2512132033551413
1.371967646312554	-1.3835924678077136
1.7643533117548524	-1.4545460518761417
2.1705808447216235	-1.4545460518761417
2.562966510163922	-1.3835924678077136
2.914769873429827	-1.2512132033551413
3.2020161166953125	-1.078323828977997
3.405129883178698	-0.9022131917777325
3.5102693053555107	-0.7826956901398722
3.8970703927157277	-0.9697616654050053
3.791930970538915	-1.0685568715530878
3.5888172040555295	-1.220904346976997
3.301570960790044	-1.3759940496149656
2.949767597524139	-1.497382136029343
2.5573819320818405	-1.5631792479923823
2.1511543991150694	-1.5631792479923823
1.7587687336727709	-1.497382136029343
1.4069653704068665	-1.3759940496149656
1.1197191271413809	-1.220904346976997
0.9166053606579952	-1.0685568715530878
0.8114659384811828	-0.9697616654050053
0.8114659384811828	-0.9697616654050053
0.9166053606579952	-1.0685568715530878
1.1197191271413809	-1.220904346976997
1.4069653704068665	-1.3759940496149656
1.7587687336727709	-1.497382136029343
2.1511543991150694	-1.5631792479923823
2.5573819320818405	-1.5631792479923823
2.949767597524139	-1.497382136029343
3.301570960790044	-1.3759940496149656
3.5888172040555295	-1.220904346976997
3.791930970538915	-1.0685568715530878
3.8970703927157277	-0.9697616654050053
4.398815159456276	-1.023398388004176
4.293675737279463	-1.1174615700881076
4.090561970796077	-1.2639280032295288
3.8033157275305918	-1.4143076742548804
3.451512364264687	-1.5326642927204424
3.0591266988223884	-1.5970084327374376
2.652899165855618	-1.5970084327374376
2.260513500413319	-1.5326642927204424
1.9087101371474149	-1.4143076742548804
1.6214638938819292	-1.2639280032295288
1.4183501273985435	-1.1174615700881076
1.313210705221731	-1.023398388004176
1.313210705221731	-1.023398388004176
1.4183501273985435	-1.1174615700881076
1.6214638938819292	-1.2639280032295288
1.9087101371474149	-1.4143076742548804
2.260513500413319	-1.5326642927204424
2.652899165855618	-1.5970084327374376
3.0591266988223884	-1.5970084327374376
3.451512364264687	-1.5326642927204424
3.8033157275305918	-1.4143076742548804
4.090561970796077	-1.2639280032295288
4.293675737279463	-1.1174615700881076
4.398815159456276	-1.023398388004176
4.9005599261968245	-0.8914783392226809
4.7954205040200115	-0.9980529692142908
4.592306737536626	-1.1596996878853882
4.305060494271141	-1.3219892458677311
3.9532571310052353	-1.4479120149076523
3.5608714655629368	-1.5158579428720127
3.1546439325961653	-1.5158579428720127
2.7622582671538667	-1.4479120149076523
2.410454903887963	-1.3219892458677311
2.123208660622477	-1.1596996878853882
1.9200948941390914	-0.9980529692142908
1.814955471962279	-0.8914783392226809
1.814955471962279	-0.8914783392226809
1.9200948941390914	-0.9980529692142908
2.123208660622477	-1.1596996878853882
2.410454903887963	-1.3219892458677311
2.7622582671538667	-1.4479120149076523
3.1546439325961653	-1.5158579428720127
3.5608714655629368	-1.5158579428720127
3.9532571310052353	-1.4479120149076523
4.305060494271141	-1.3219892458677311
4.592306737536626	-1.1596996878853882
4.7954205040200115	-0.9980529692142908
4.9005599261968245	-0.8914783392226809
5.287361013557041	-0.5954691179597452
5.182221591380228	-0.7456269647068766
4.979107824896842	-0.9511851592734165
4.691861581631358	-1.143462027061004
4.340058218365453	-1.2869728218010141
3.947672552923154	-1.3629655696710383
3.5414450199563827	-1.3629655696710383
3.149059354514084	-1.2869728218010141
2.7972559912481803	-1.143462027061004
2.5100097479826946	-0.9511851592734165
2.3068959814993084	-0.7456269647068766
2.2017565593224964	-0.5954691179597452
2.2017565593224964	-0.5954691179597452
2.3068959814993084	-0.7456269647068766
2.5100097479826946	-0.9511851592734165
2.7972559912481803	-1.143462027061004
3.149059354514084	-1.2869728218010141
3.5414450199563827	-1.3629655696710383
3.947672552923154	-1.3629655696710383
4.340058218365453	-1.2869728218010141
4.691861581631358	-1.143462027061004
4.979107824896842	-0.9511851592734165
5.182221591380228	-0.7456269647068766
5.287361013557041	-0.5954691179597452
5.470606953881129	-0.2673491063382247
5.365467531704315	-0.5223520314061009
5.16235376522093	-0.7884448499661122
4.875107521955444	-1.0121252301699384
4.523304158689539	-1.171832376353613
4.130918493247242	-1.2548176036081053
3.7246909602804705	-1.2548176036081053
3.332305294838172	-1.171832376353613
2.9805019315722676	-1.0121252301699384
2.693255688306782	-0.7884448499661122
2.490141921823396	-0.5223520314061009
2.3850024996465837	-0.2673491063382247
2.3850024996465837	-0.2673491063382247
2.490141921823396	-0.5223520314061009
2.693255688306782	-0.7884448499661122
2.9805019315722676	-1.0121252301699384
3.332305294838172	-1.171832376353613
3.7246909602804705	-1.2548176036081053
4.130918493247242	-1.2548176036081053
4.523304158689539	-1.171832376353613
4.875107521955444	-1.0121252301699384
5.16235376522093	-0.7884448499661122
5.365467531704315	-0.5223520314061009
5.470606953881129	-0.2673491063382247
5.408318310593815	-0.4160395251463438
5.303178888417002	-0.611935443113265
5.100065121933617	-0.8504461318991539
4.812818878668131	-1.0611365714980794
4.461015515402226	-1.2144152749758639
4.068629849959928	-1.2946739203942188
3.662402316993157	-1.2946739203942188
3.2700166515508586	-1.2144152749758639
2.918213288284954	-1.0611365714980794
2.630967045019468	-0.8504461318991539
2.427853278536083	-0.611935443113265
2.32271385635927	-0.4160395251463438
2.32271385635927	-0.4160395251463438
2.427853278536083	-0.611935443113265
2.630967045019468	-0.8504461318991539
2.918213288284954	-1.0611365714980794
3.2700166515508586	-1.2144152749758639
3.662402316993157	-1.2946739203942188
4.068629849959928	-1.2946739203942188
4.461015515402226	-1.2144152749758639
4.812818878668131	-1.0611365714980794
5.100065121933617	-0.8504461318991539
5.303178888417002	-0.611935443113265
5.408318310593815	-0.4160395251463438
5.408318310593815	-0.5638529281249375
5.303178888417002	-0.7206290478528455
5.100065121933617	-0.9317187672969263
4.812818878668131	-1.127320744704793
4.461015515402226	-1.272653015619644
4.068629849959928	-1.3494524068006277
3.6624023169931568	-1.3494524068006277
3.270016651550858	-1.272653015619644
2.918213288284954	-1.127320744704793
2.6309670450194687	-0.9317187672969263
2.427853278536083	-0.7206290478528455
2.3227138563592704	-0.5638529281249375
2.3227138563592704	-0.5638529281249375
2.427853278536083	-0.7206290478528455
2.6309670450194687	-0.9317187672969263
2.918213288284954	-1.127320744704793
3.270016651550858	-1.272653015619644
3.6624023169931568	-1.3494524068006277
4.068629849959928	-1.3494524068006277
4.461015515402226	-1.272653015619644
4.812818878668131	-1.127320744704793
5.100065121933617	-0.9317187672969263
5.303178888417002	-0.7206290478528455
5.408318310593815	-0.5638529281249375
5.067863204388047	-0.8412071719802585
4.962723782211234	-0.9534178550065323
4.759610015727849	-1.1215164925088092
4.472363772462363	-1.2886238563202714
4.120560409196458	-1.4175136965129234
3.7281747437541592	-1.4868494139811084
3.3219472107873886	-1.4868494139811084
2.92956154534509	-1.4175136965129234
2.5777581820791857	-1.2886238563202714
2.2905119388136996	-1.1215164925088092
2.0873981723303143	-0.9534178550065323
1.982258750153502	-0.8412071719802585
1.982258750153502	-0.8412071719802585
2.0873981723303143	-0.9534178550065323
2.2905119388136996	-1.1215164925088092
2.5777581820791857	-1.2886238563202714
2.92956154534509	-1.4175136965129234
3.3219472107873886	-1.4868494139811084
3.7281747437541592	-1.4868494139811084
4.120560409196458	-1.4175136965129234
4.472363772462363	-1.2886238563202714
4.759610015727849	-1.1215164925088092
4.962723782211234	-0.9534178550065323
5.067863204388047	-0.8412071719802585
4.6262368144142245	-0.9976134361947686
4.521097392237412	-1.0938960956738837
4.317983625754026	-1.243142109677961
4.030737382488541	-1.3957630547349493
3.678934019222636	-1.5155685869293551
3.2865483537803373	-1.580608819961876
2.8803208208135667	-1.580608819961876
2.487935155371268	-1.5155685869293551
2.1361317921053633	-1.3957630547349493
1.8488855488398777	-1.243142109677961
1.645771782356492	-1.0938960956738837
1.5406323601796794	-0.9976134361947686
1.5406323601796794	-0.9976134361947686
1.645771782356492	-1.0938960956738837
1.8488855488398777	-1.243142109677961
2.1361317921053633	-1.3957630547349493
2.487935155371268	-1.5155685869293551
2.8803208208135667	-1.580608819961876
3.2865483537803373	-1.580608819961876
3.678934019222636	-1.5155685869293551
4.030737382488541	-1.3957630547349493
4.317983625754026	-1.243142109677961
4.521097392237412	-1.0938960956738837
4.6262368144142245	-0.9976134361947686
4.184610424440402	-1.0182074008154252
4.079471002263589	-1.1127094908957758
3.8763572357802034	-1.2597285611803606
3.5891109925147178	-1.4105560066732576
3.237307629248813	-1.529203022716739
2.844921963806515	-1.5936869155327356
2.438694430839744	-1.5936869155327356
2.046308765397445	-1.529203022716739
1.694505402131541	-1.4105560066732576
1.4072591588660555	-1.2597285611803606
1.2041453923826697	-1.1127094908957758
1.0990059702058572	-1.0182074008154252
1.0990059702058572	-1.0182074008154252
1.2041453923826697	-1.1127094908957758
1.4072591588660555	-1.2597285611803606
1.694505402131541	-1.4105560066732576
2.046308765397445	-1.529203022716739
2.438694430839744	-1.5936869155327356
2.844921963806515	-1.5936869155327356
3.237307629248813	-1.529203022716739
3.5891109925147178	-1.4105560066732576
3.8763572357802034	-1.2597285611803606
4.079471002263589	-1.1127094908957758
4.184610424440402	-1.0182074008154252
3.8441553182346335	-0.9490874778502241
3.7390158960578206	-1.04983005323068
3.5359021295744353	-1.204548370714243
3.2486558863089496	-1.3615024706179577
2.896852523043045	-1.4840763505368608
2.5044668576007467	-1.550438232977064
2.0982393246339757	-1.550438232977064
1.7058536591916773	-1.4840763505368608
1.354050295925773	-1.3615024706179577
1.066804052660287	-1.204548370714243
0.8636902861769015	-1.04983005323068
0.758550864000089	-0.9490874778502241
0.758550864000089	-0.9490874778502241
0.8636902861769015	-1.04983005323068
1.066804052660287	-1.204548370714243
1.354050295925773	-1.3615024706179577
1.7058536591916773	-1.4840763505368608
2.0982393246339757	-1.550438232977064
2.5044668576007467	-1.550438232977064
2.896852523043045	-1.4840763505368608
3.2486558863089496	-1.3615024706179577
3.5359021295744353	-1.204548370714243
3.7390158960578206	-1.04983005323068
3.8441553182346335	-0.9490874778502241
3.6828656576998537	-0.8861669078191545
3.577726235523041	-0.9933115767814219
3.3746124690396555	-1.1556217050973037
3.08736622577417	-1.3184133363253214
2.735562862508265	-1.4446478332536516
2.343177197065967	-1.5127403816183076
1.9369496640991961	-1.5127403816183076
1.5445639986568975	-1.4446478332536516
1.192760635390993	-1.3184133363253214
0.9055143921255073	-1.1556217050973037
0.7024006256421216	-0.9933115767814219
0.5972612034653091	-0.8861669078191545
0.5972612034653091	-0.8861669078191545
0.7024006256421216	-0.9933115767814219
0.9055143921255073	-1.1556217050973037
1.192760635390993	-1.3184133363253214
1.5445639986568975	-1.4446478332536516
1.9369496640991961	-1.5127403816183076
2.343177197065967	-1.5127403816183076
2.735562862508265	-1.4446478332536516
3.08736622577417	-1.3184133363253214
3.3746124690396555	-1.1556217050973037
3.577726235523041	-0.9933115767814219
3.6828656576998537	-0.8861669078191545
3.737690960313459	-0.9100694459054757
3.632551538136646	-1.0146933016556936
3.429437771653261	-1.174051162917927
3.1421915283877753	-1.3345966931089717
2.7903881651218705	-1.4594320710404467
2.3980024996795724	-1.5268654394004864
1.9917749667128013	-1.5268654394004864
1.5993893012705027	-1.4594320710404467
1.2475859380045984	-1.3345966931089717
0.9603396947391126	-1.174051162917927
0.757225928255727	-1.0146933016556936
0.6520865060789145	-0.9100694459054757
0.6520865060789145	-0.9100694459054757
0.757225928255727	-1.0146933016556936
0.9603396947391126	-1.174051162917927
1.2475859380045984	-1.3345966931089717
1.5993893012705027	-1.4594320710404467
1.9917749667128013	-1.5268654394004864
2.3980024996795724	-1.5268654394004864
2.7903881651218705	-1.4594320710404467
3.1421915283877753	-1.3345966931089717
3.429437771653261	-1.174051162917927
3.632551538136646	-1.0146933016556936
3.737690960313459	-0.9100694459054757
3.9960714099631938	-0.9897034810996445
3.890931987786381	-1.0866872045602576
3.6878182213029955	-1.2368034270970436
3.40057197803751	-1.3901204686599855
3.048768614771605	-1.5103736471851799
2.656382949329307	-1.5756283363045027
2.250155416362536	-1.5756283363045027
1.8577697509202376	-1.5103736471851799
1.5059663876543332	-1.3901204686599855
1.2187201443888473	-1.2368034270970436
1.0156063779054618	-1.0866872045602576
0.9104669557286493	-0.9897034810996445
0.9104669557286493	-0.9897034810996445
1.0156063779054618	-1.0866872045602576
1.2187201443888473	-1.2368034270970436
1.5059663876543332	-1.3901204686599855
1.8577697509202376	-1.5103736471851799
2.250155416362536	-1.5756283363045027
2.656382949329307	-1.5756283363045027
3.048768614771605	-1.5103736471851799
3.40057197803751	-1.3901204686599855
3.6878182213029955	-1.2368034270970436
3.890931987786381	-1.0866872045602576
3.9960714099631938	-0.9897034810996445
4.398815159456276	-1.023398388004176
4.293675737279463	-1.1174615700881074
4.090561970796077	-1.2639280032295288
3.8033157275305918	-1.4143076742548804
3.451512364264687	-1.5326642927204424
3.0591266988223884	-1.5970084327374374
2.652899165855618	-1.5970084327374374
2.260513500413319	-1.5326642927204424
1.9087101371474149	-1.4143076742548804
1.6214638938819292	-1.2639280032295288
1.4183501273985435	-1.1174615700881074
1.313210705221731	-1.023398388004176
1.313210705221731	-1.023398388004176
1.4183501273985435	-1.1174615700881074
1.6214638938819292	-1.2639280032295288
1.9087101371474149	-1.4143076742548804
2.260513500413319	-1.5326642927204424
2.652899165855618	-1.5970084327374374
3.0591266988223884	-1.5970084327374374
3.451512364264687	-1.5326642927204424
3.8033157275305918	-1.4143076742548804
4.090561970796077	-1.2639280032295288
4.293675737279463	-1.1174615700881074
4.398815159456276	-1.023398388004176
4.8536584693721725	-0.9369423579269754
4.7485190471953596	-1.0388633606649111
4.545405280711974	-1.195002392824382
4.258159037446489	-1.3530642700790174
3.906355674180584	-1.4763389027213463
3.5139700087382857	-1.5430335886631572
3.1077424757715146	-1.5430335886631572
2.715356810329216	-1.4763389027213463
2.363553447063312	-1.3530642700790174
2.0763072037978265	-1.195002392824382
1.8731934373144408	-1.0388633606649111
1.7680540151376283	-0.9369423579269754
1.7680540151376283	-0.9369423579269754
1.8731934373144408	-1.0388633606649111
2.0763072037978265	-1.195002392824382
2.363553447063312	-1.3530642700790174
2.715356810329216	-1.4763389027213463
3.1077424757715146	-1.5430335886631572
3.5139700087382857	-1.5430335886631572
3.906355674180584	-1.4763389027213463
4.258159037446489	-1.3530642700790174
4.545405280711974	-1.195002392824382
4.7485190471953596	-1.0388633606649111
4.8536584693721725	-0.9369423579269754
5.256402218865255	-0.7140656283794541
5.151262796688442	-0.8433657698099782
4.948149030205057	-1.029591889250873
4.660902786939571	-1.2094675103199952
4.309099423673667	-1.3459588757624257
3.9167137582313676	-1.4187957553143036
3.5104862252645965	-1.4187957553143036
3.118100559822298	-1.3459588757624257
2.7662971965563936	-1.2094675103199952
2.479050953290908	-1.029591889250873
2.275937186807522	-0.8433657698099782
2.1707977646307097	-0.7140656283794541
2.1707977646307097	-0.7140656283794541
2.275937186807522	-0.8433657698099782
2.479050953290908	-1.029591889250873
2.7662971965563936	-1.2094675103199952
3.118100559822298	-1.3459588757624257
3.5104862252645965	-1.4187957553143036
3.9167137582313676	-1.4187957553143036
4.309099423673667	-1.3459588757624257
4.660902786939571	-1.2094675103199952
4.948149030205057	-1.029591889250873
5.151262796688442	-0.8433657698099782
5.256402218865255	-0.7140656283794541
5.514782668514989	-0.40749010559728427
5.4096432463381765	-0.6061553317540964
5.206529479854791	-0.8462965927722524
4.9192832365893056	-1.057813841394784
4.567479873323401	-1.2115130043752704
4.175094207881102	-1.2919519572432354
3.7688666749143316	-1.2919519572432354
3.376481009472033	-1.2115130043752704
3.0246776462061282	-1.057813841394784
2.737431402940643	-0.8462965927722524
2.5343176364572573	-0.6061553317540964
2.429178214280445	-0.40749010559728427
2.429178214280445	-0.40749010559728427
2.5343176364572573	-0.6061553317540964
2.737431402940643	-0.8462965927722524
3.0246776462061282	-1.057813841394784
3.376481009472033	-1.2115130043752704
3.7688666749143316	-1.2919519572432354
4.175094207881102	-1.2919519572432354
4.567479873323401	-1.2115130043752704
4.9192832365893056	-1.057813841394784
5.206529479854791	-0.8462965927722524
5.4096432463381765	-0.6061553317540964
5.514782668514989	-0.40749010559728427
5.569607971128595	-0.2868025013949002
5.464468548951782	-0.5325709106406438
5.261354782468397	-0.7952517913117892
4.974108539202911	-1.0174367851090675
4.622305175937006	-1.1764230737354142
4.229919510494708	-1.259105773345239
3.823691977527937	-1.259105773345239
3.4313063120856384	-1.1764230737354142
3.0795029488197336	-1.0174367851090675
2.792256705554248	-0.7952517913117892
2.5891429390708622	-0.5325709106406438
2.4840035168940497	-0.2868025013949002
2.4840035168940497	-0.2868025013949002
2.5891429390708622	-0.5325709106406438
2.792256705554248	-0.7952517913117892
3.0795029488197336	-1.0174367851090675
3.4313063120856384	-1.1764230737354142
3.823691977527937	-1.259105773345239
4.229919510494708	-1.259105773345239
4.622305175937006	-1.1764230737354142
4.974108539202911	-1.0174367851090675
5.261354782468397	-0.7952517913117892
5.464468548951782	-0.5325709106406438
5.569607971128595	-0.2868025013949002
5.408318310593815	-0.5638529281249375
5.303178888417002	-0.7206290478528455
5.100065121933617	-0.9317187672969263
4.812818878668131	-1.127320744704793
4.461015515402226	-1.272653015619644
4.068629849959928	-1.3494524068006277
3.6624023169931568	-1.3494524068006277
3.270016651550858	-1.272653015619644
2.918213288284954	-1.127320744704793
2.6309670450194687	-0.9317187672969263
2.427853278536083	-0.7206290478528455
2.3227138563592704	-0.5638529281249375
2.3227138563592704	-0.5638529281249375
2.427853278536083	-0.7206290478528455
2.6309670450194687	-0.9317187672969263
2.918213288284954	-1.127320744704793
3.270016651550858	-1.272653015619644
3.6624023169931568	-1.3494524068006277
4.068629849959928	-1.3494524068006277
4.461015515402226	-1.272653015619644
4.812818878668131	-1.127320744704793
5.100065121933617	-0.9317187672969263
5.303178888417002	-0.7206290478528455
5.408318310593815	-0.5638529281249375
5.408318310593816	-0.5958204170980473
5.303178888417003	-0.7459075475453536
5.100065121933618	-0.9514051220217016
4.812818878668132	-1.143645008871894
4.461015515402226	-1.287135401984422
4.068629849959928	-1.3631190861754638
3.6624023169931568	-1.3631190861754638
3.270016651550858	-1.287135401984422
2.918213288284954	-1.143645008871894
2.630967045019468	-0.9514051220217016
2.4278532785360825	-0.7459075475453536
2.32271385635927	-0.5958204170980473
2.32271385635927	-0.5958204170980473
2.4278532785360825	-0.7459075475453536
2.630967045019468	-0.9514051220217016
2.918213288284954	-1.143645008871894
3.270016651550858	-1.287135401984422
3.6624023169931568	-1.3631190861754638
4.068629849959928	-1.3631190861754638
4.461015515402226	-1.287135401984422
4.812818878668132	-1.143645008871894
5.100065121933618	-0.9514051220217016
5.303178888417003	-0.7459075475453536
5.408318310593816	-0.5958204170980473
5.083805866520912	-0.8134467983263148
4.978666444344099	-0.9290165734590342
4.775552677860714	-1.1008475963936017
4.488306434595228	-1.2706760525775387
4.136503071329322	-1.4012177801177232
3.744117405887024	-1.4713216396737572
3.3378898729202535	-1.4713216396737572
2.945504207477955	-1.4012177801177232
2.5937008442120506	-1.2706760525775387
2.3064546009465645	-1.1008475963936017
2.103340834463179	-0.9290165734590342
1.9982014122863667	-0.8134467983263148
1.9982014122863667	-0.8134467983263148
2.103340834463179	-0.9290165734590342
2.3064546009465645	-1.1008475963936017
2.5937008442120506	-1.2706760525775387
2.945504207477955	-1.4012177801177232
3.3378898729202535	-1.4713216396737572
3.744117405887024	-1.4713216396737572
4.136503071329322	-1.4012177801177232
4.488306434595228	-1.2706760525775387
4.775552677860714	-1.1008475963936017
4.978666444344099	-0.9290165734590342
5.083805866520912	-0.8134467983263148
4.717313985872736	-0.9480478576479523
4.612174563695923	-1.048890289994671
4.409060797212538	-1.2037294036323571
4.121814553947052	-1.360777967663195
3.7700111906811475	-1.4834117142592544
3.377625525238849	-1.5498020564110158
2.9713979922720783	-1.5498020564110158
2.5790123268297798	-1.4834117142592544
2.227208963563875	-1.360777967663195
1.9399627202983896	-1.2037294036323571
1.736848953815004	-1.048890289994671
1.6317095316381915	-0.9480478576479523
1.6317095316381915	-0.9480478576479523
1.736848953815004	-1.048890289994671
1.9399627202983896	-1.2037294036323571
2.227208963563875	-1.360777967663195
2.5790123268297798	-1.4834117142592544
2.9713979922720783	-1.5498020564110158
3.377625525238849	-1.5498020564110158
3.7700111906811475	-1.4834117142592544
4.121814553947052	-1.360777967663195
4.409060797212538	-1.2037294036323571
4.612174563695923	-1.048890289994671
4.717313985872736	-0.9480478576479523
4.392801541799833	-1.0059734465877193
4.28766211962302	-1.1015256126363144
4.084548353139635	-1.2498609170695005
3.7973021098741486	-1.4017505170772289
3.445498746608244	-1.5210845304749776
3.0531130811659457	-1.5858985619845034
2.6468855481991747	-1.5858985619845034
2.254499882756876	-1.5210845304749776
1.9026965194909717	-1.4017505170772289
1.615450276225486	-1.2498609170695005
1.4123365097421003	-1.1015256126363144
1.3071970875652879	-1.0059734465877193
1.3071970875652879	-1.0059734465877193
1.4123365097421003	-1.1015256126363144
1.615450276225486	-1.2498609170695005
1.9026965194909717	-1.4017505170772289
2.254499882756876	-1.5210845304749776
2.6468855481991747	-1.5858985619845034
3.0531130811659457	-1.5858985619845034
3.445498746608244	-1.5210845304749776
3.7973021098741486	-1.4017505170772289
4.084548353139635	-1.2498609170695005
4.28766211962302	-1.1015256126363144
4.392801541799833	-1.0059734465877193
4.184610424440402	-1.0182074008154252
4.079471002263589	-1.1127094908957758
3.8763572357802034	-1.2597285611803606
3.5891109925147178	-1.4105560066732576
3.237307629248813	-1.5292030227167392
2.844921963806515	-1.5936869155327356
2.438694430839744	-1.5936869155327356
2.046308765397445	-1.5292030227167392
1.694505402131541	-1.4105560066732576
1.4072591588660555	-1.2597285611803606
1.2041453923826697	-1.1127094908957758
1.0990059702058572	-1.0182074008154252
1.0990059702058572	-1.0182074008154252
1.2041453923826697	-1.1127094908957758
1.4072591588660555	-1.2597285611803606
1.694505402131541	-1.4105560066732576
2.046308765397445	-1.5292030227167392
2.438694430839744	-1.5936869155327356
2.844921963806515	-1.5936869155327356
3.237307629248813	-1.5292030227167392
3.5891109925147178	-1.4105560066732576
3.8763572357802034	-1.2597285611803606
4.079471002263589	-1.1127094908957758
4.184610424440402	-1.0182074008154252
4.140434709806541	-1.018425565470034
4.035295287629728	-1.1129091303683296
3.832181521146343	-1.2599049048167075
3.544935277880857	-1.4107134965292074
3.1931319146149524	-1.5293482945404122
2.800746249172654	-1.5938263098806906
2.3945187162058827	-1.5938263098806906
2.002133050763584	-1.5293482945404122
1.65032968749768	-1.4107134965292074
1.3630834442321942	-1.2599049048167075
1.1599696777488087	-1.1129091303683296
1.0548302555719962	-1.018425565470034
1.0548302555719962	-1.018425565470034
1.1599696777488087	-1.1129091303683296
1.3630834442321942	-1.2599049048167075
1.65032968749768	-1.4107134965292074
2.002133050763584	-1.5293482945404122
2.3945187162058827	-1.5938263098806906
2.800746249172654	-1.5938263098806906
3.1931319146149524	-1.5293482945404122
3.544935277880857	-1.4107134965292074
3.832181521146343	-1.2599049048167075
4.035295287629728	-1.1129091303683296
4.140434709806541	-1.018425565470034
4.270394521745794	-1.0154177650753935
4.165255099568981	-1.1101573481650875
3.962141333085595	-1.2574748404675715
3.6748950898201094	-1.4085436360004648
3.3230917265542046	-1.5273469845589818
2.9307060611119065	-1.5919060623339707
2.5244785281451354	-1.5919060623339707
2.132092862702837	-1.5273469845589818
1.7802894994369325	-1.4085436360004648
1.4930432561714468	-1.2574748404675715
1.289929489688061	-1.1101573481650875
1.1847900675112486	-1.0154177650753935
1.1847900675112486	-1.0154177650753935
1.289929489688061	-1.1101573481650875
1.4930432561714468	-1.2574748404675715
1.7802894994369325	-1.4085436360004648
2.132092862702837	-1.5273469845589818
2.5244785281451354	-1.5919060623339707
2.9307060611119065	-1.5919060623339707
3.3230917265542046	-1.5273469845589818
3.6748950898201094	-1.4085436360004648
3.962141333085595	-1.2574748404675715
4.165255099568981	-1.1101573481650875
4.270394521745794	-1.0154177650753935
4.544717633528393	-0.9850423748381314
4.43957821135158	-1.0824438000566026
4.2364644448681945	-1.2330767279472041
3.949218201602709	-1.3868058325207062
3.597414838336804	-1.5073234735243306
3.205029172894506	-1.5727047255895452
2.798801639927735	-1.5727047255895452
2.4064159744854363	-1.5073234735243306
2.054612611219532	-1.3868058325207062
1.7673663679540463	-1.2330767279472041
1.5642526014706606	-1.0824438000566026
1.459113179293848	-0.9850423748381314
1.459113179293848	-0.9850423748381314
1.5642526014706606	-1.0824438000566026
1.7673663679540463	-1.2330767279472041
2.054612611219532	-1.3868058325207062
2.4064159744854363	-1.5073234735243306
2.798801639927735	-1.5727047255895452
3.205029172894506	-1.5727047255895452
3.597414838336804	-1.5073234735243306
3.949218201602709	-1.3868058325207062
4.2364644448681945	-1.2330767279472041
4.43957821135158	-1.0824438000566026
4.544717633528393	-0.9850423748381314
4.9005599261968245	-0.891478339222681
4.7954205040200115	-0.9980529692142909
4.592306737536626	-1.1596996878853885
4.305060494271141	-1.3219892458677314
3.9532571310052353	-1.4479120149076523
3.5608714655629368	-1.515857942872013
3.1546439325961653	-1.515857942872013
2.7622582671538667	-1.4479120149076523
2.410454903887963	-1.3219892458677314
2.123208660622477	-1.1596996878853885
1.9200948941390914	-0.9980529692142909
1.814955471962279	-0.891478339222681
1.814955471962279	-0.891478339222681
1.9200948941390914	-0.9980529692142909
2.123208660622477	-1.1596996878853885
2.410454903887963	-1.3219892458677314
2.7622582671538667	-1.4479120149076523
3.1546439325961653	-1.515857942872013
3.5608714655629368	-1.515857942872013
3.9532571310052353	-1.4479120149076523
4.305060494271141	-1.3219892458677314
4.592306737536626	-1.1596996878853885
4.7954205040200115	-0.9980529692142909
4.9005599261968245	-0.891478339222681
5.256402218865255	-0.7140656283794541
5.151262796688442	-0.8433657698099783
4.948149030205057	-1.029591889250873
4.660902786939571	-1.2094675103199952
4.309099423673667	-1.3459588757624257
3.9167137582313676	-1.4187957553143036
3.5104862252645965	-1.4187957553143036
3.118100559822298	-1.3459588757624257
2.7662971965563936	-1.2094675103199952
2.479050953290908	-1.029591889250873
2.275937186807522	-0.8433657698099783
2.1707977646307097	-0.7140656283794541
2.1707977646307097	-0.7140656283794541
2.275937186807522	-0.8433657698099783
2.479050953290908	-1.029591889250873
2.7662971965563936	-1.2094675103199952
3.118100559822298	-1.3459588757624257
3.5104862252645965	-1.4187957553143036
3.9167137582313676	-1.4187957553143036
4.309099423673667	-1.3459588757624257
4.660902786939571	-1.2094675103199952
4.948149030205057	-1.029591889250873
5.151262796688442	-0.8433657698099783
5.256402218865255	-0.7140656283794541
5.530725330647855	-0.46444817729150706
5.425585908471042	-0.6458236674539235
5.222472141987657	-0.8751467569314537
4.935225898722171	-1.0810337859087045
4.583422535456266	-1.2318391465609912
4.191036870013967	-1.3110315721043273
3.784809337047196	-1.3110315721043273
3.3924236716048974	-1.2318391465609912
3.040620308338993	-1.0810337859087045
2.7533740650735075	-0.8751467569314537
2.5502602985901217	-0.6458236674539235
2.445120876413309	-0.46444817729150706
2.445120876413309	-0.46444817729150706
2.5502602985901217	-0.6458236674539235
2.7533740650735075	-0.8751467569314537
3.040620308338993	-1.0810337859087045
3.3924236716048974	-1.2318391465609912
3.784809337047196	-1.3110315721043273
4.191036870013967	-1.3110315721043273
4.583422535456266	-1.2318391465609912
4.935225898722171	-1.0810337859087045
5.222472141987657	-0.8751467569314537
5.425585908471042	-0.6458236674539235
5.530725330647855	-0.46444817729150706
5.6606851425871065	-0.23168198641119253
5.555545720410294	-0.5050273684481553
5.352431953926908	-0.7770754658369248
5.065185710661423	-1.003293815247627
4.713382347395518	-1.16421308893095
4.320996681953219	-1.2477051801176338
3.9147691489864487	-1.2477051801176338
3.52238348354415	-1.16421308893095
3.1705801202782453	-1.003293815247627
2.8833338770127597	-0.7770754658369248
2.6802201105293744	-0.5050273684481553
2.5750806883525614	-0.23168198641119253
2.5750806883525614	-0.23168198641119253
2.6802201105293744	-0.5050273684481553
2.8833338770127597	-0.7770754658369248
3.1705801202782453	-1.003293815247627
3.52238348354415	-1.16421308893095
3.9147691489864487	-1.2477051801176338
4.320996681953219	-1.2477051801176338
4.713382347395518	-1.16421308893095
5.065185710661423	-1.003293815247627
5.352431953926908	-0.7770754658369248
5.555545720410294	-0.5050273684481553
5.6606851425871065	-0.23168198641119253
5.616509427953246	-0.33225063650451053
5.511370005776433	-0.5583606231745619
5.308256239293048	-0.8127485602791863
5.021009996027562	-1.0311704138232225
4.669206632761657	-1.188320688647791
4.276820967319359	-1.2702291758271784
3.8705934343525876	-1.2702291758271784
3.478207768910289	-1.188320688647791
3.1264044056443847	-1.0311704138232225
2.8391581623788986	-0.8127485602791863
2.6360443958955133	-0.5583606231745619
2.530904973718701	-0.33225063650451053
2.530904973718701	-0.33225063650451053
2.6360443958955133	-0.5583606231745619
2.8391581623788986	-0.8127485602791863
3.1264044056443847	-1.0311704138232225
3.478207768910289	-1.188320688647791
3.8705934343525876	-1.2702291758271784
4.276820967319359	-1.2702291758271784
4.669206632761657	-1.188320688647791
5.021009996027562	-1.0311704138232225
5.308256239293048	-0.8127485602791863
5.511370005776433	-0.5583606231745619
5.616509427953246	-0.33225063650451053
5.408318310593816	-0.5958204170980473
5.303178888417003	-0.7459075475453536
5.100065121933618	-0.9514051220217016
4.812818878668132	-1.143645008871894
4.461015515402226	-1.287135401984422
4.068629849959928	-1.3631190861754638
3.6624023169931568	-1.3631190861754638
3.270016651550858	-1.287135401984422
2.918213288284954	-1.143645008871894
2.630967045019468	-0.9514051220217016
2.4278532785360825	-0.7459075475453536
2.32271385635927	-0.5958204170980473
2.32271385635927	-0.5958204170980473
2.4278532785360825	-0.7459075475453536
2.630967045019468	-0.9514051220217016
2.918213288284954	-1.143645008871894
3.270016651550858	-1.287135401984422
3.6624023169931568	-1.3631190861754638
4.068629849959928	-1.3631190861754638
4.461015515402226	-1.287135401984422
4.812818878668132	-1.143645008871894
5.100065121933618	-0.9514051220217016
5.303178888417003	-0.7459075475453536
5.408318310593816	-0.5958204170980473
5.408318310593815	-0.5022739767301359
5.303178888417002	-0.6735393438801759
5.100065121933617	-0.8957951130021544
4.812818878668131	-1.0978165077038184
4.461015515402226	-1.2465932461356484
4.068629849959928	-1.3249040800621175
3.662402316993157	-1.3249040800621175
3.2700166515508586	-1.2465932461356484
2.918213288284954	-1.0978165077038184
2.630967045019468	-0.8957951130021544
2.427853278536083	-0.6735393438801759
2.32271385635927	-0.5022739767301359
2.32271385635927	-0.5022739767301359
2.427853278536083	-0.6735393438801759
2.630967045019468	-0.8957951130021544
2.918213288284954	-1.0978165077038184
3.2700166515508586	-1.2465932461356484
3.662402316993157	-1.3249040800621175
4.068629849959928	-1.3249040800621175
4.461015515402226	-1.2465932461356484
4.812818878668131	-1.0978165077038184
5.100065121933617	-0.8957951130021544
5.303178888417002	-0.6735393438801759
5.408318310593815	-0.5022739767301359
5.158940375846558	-0.6842855941306429
5.053800953669746	-0.8183048786295728
4.85068718718636	-1.009166245527943
4.563440943920875	-1.1921278082577516
4.21163758065497	-1.3303993189811227
3.8192519152126714	-1.4040436061603172
3.4130243822459008	-1.4040436061603172
3.020638716803602	-1.3303993189811227
2.6688353535376974	-1.1921278082577516
2.3815891102722118	-1.009166245527943
2.1784753437888265	-0.8183048786295728
2.0733359216120135	-0.6842855941306429
2.0733359216120135	-0.6842855941306429
2.1784753437888265	-0.8183048786295728
2.3815891102722118	-1.009166245527943
2.6688353535376974	-1.1921278082577516
3.020638716803602	-1.3303993189811227
3.4130243822459008	-1.4040436061603172
3.8192519152126714	-1.4040436061603172
4.21163758065497	-1.3303993189811227
4.563440943920875	-1.1921278082577516
4.85068718718636	-1.009166245527943
5.053800953669746	-0.8183048786295728
5.158940375846558	-0.6842855941306429
4.909562441099302	-0.8389362967757544
4.804423018922489	-0.9514148464797307
4.601309252439104	-1.1198142019219324
4.314063009173618	-1.2871425899777071
3.9622596459077135	-1.4161672513013868
3.569873980465415	-1.4855658126494287
3.1636464474986443	-1.4855658126494287
2.7712607820563457	-1.4161672513013868
2.419457418790441	-1.2871425899777071
2.1322111755249553	-1.1198142019219324
1.9290974090415698	-0.9514148464797307
1.8239579868647573	-0.8389362967757544
1.8239579868647573	-0.8389362967757544
1.9290974090415698	-0.9514148464797307
2.1322111755249553	-1.1198142019219324
2.419457418790441	-1.2871425899777071
2.7712607820563457	-1.4161672513013868
3.1636464474986443	-1.4855658126494287
3.569873980465415	-1.4855658126494287
3.9622596459077135	-1.4161672513013868
4.314063009173618	-1.2871425899777071
4.601309252439104	-1.1198142019219324
4.804423018922489	-0.9514148464797307
4.909562441099302	-0.8389362967757544
4.717313985872736	-0.9480478576479524
4.612174563695923	-1.048890289994671
4.409060797212538	-1.2037294036323571
4.121814553947052	-1.360777967663195
3.7700111906811475	-1.4834117142592544
3.377625525238849	-1.5498020564110158
2.9713979922720783	-1.5498020564110158
2.5790123268297798	-1.4834117142592544
2.227208963563875	-1.360777967663195
1.9399627202983896	-1.2037294036323571
1.736848953815004	-1.048890289994671
1.6317095316381915	-0.9480478576479524
1.6317095316381915	-0.9480478576479524
1.736848953815004	-1.048890289994671
1.9399627202983896	-1.2037294036323571
2.227208963563875	-1.360777967663195
2.5790123268297798	-1.4834117142592544
2.9713979922720783	-1.5498020564110158
3.377625525238849	-1.5498020564110158
3.7700111906811475	-1.4834117142592544
4.121814553947052	-1.360777967663195
4.409060797212538	-1.2037294036323571
4.612174563695923	-1.048890289994671
4.717313985872736	-0.9480478576479524
4.6262368144142245	-0.9976134361947686
4.521097392237412	-1.0938960956738837
4.317983625754026	-1.243142109677961
4.030737382488541	-1.3957630547349493
3.678934019222636	-1.5155685869293551
3.2865483537803373	-1.580608819961876
2.8803208208135667	-1.580608819961876
2.487935155371268	-1.5155685869293551
2.1361317921053633	-1.3957630547349493
1.8488855488398777	-1.243142109677961
1.645771782356492	-1.0938960956738837
1.5406323601796794	-0.9976134361947686
1.5406323601796794	-0.9976134361947686
1.645771782356492	-1.0938960956738837
1.8488855488398777	-1.243142109677961
2.1361317921053633	-1.3957630547349493
2.487935155371268	-1.5155685869293551
2.8803208208135667	-1.580608819961876
3.2865483537803373	-1.580608819961876
3.678934019222636	-1.5155685869293551
4.030737382488541	-1.3957630547349493
4.317983625754026	-1.243142109677961
4.521097392237412	-1.0938960956738837
4.6262368144142245	-0.9976134361947686
4.657195609106011	-0.9808966816112685
4.552056186929198	-1.0786725175187468
4.3489424204458125	-1.2297674726444165
4.061696177180327	-1.3838642407702793
3.709892813914422	-1.504617517379984
3.3175071484721235	-1.5701114526239655
2.911279615505352	-1.5701114526239655
2.5188939500630534	-1.504617517379984
2.1670905867971495	-1.3838642407702793
1.8798443435316639	-1.2297674726444165
1.676730577048278	-1.0786725175187468
1.5715911548714656	-0.9808966816112685
1.5715911548714656	-0.9808966816112685
1.676730577048278	-1.0786725175187468
1.8798443435316639	-1.2297674726444165
2.1670905867971495	-1.3838642407702793
2.5188939500630534	-1.504617517379984
2.911279615505352	-1.5701114526239655
3.3175071484721235	-1.5701114526239655
3.709892813914422	-1.504617517379984
4.061696177180327	-1.3838642407702793
4.3489424204458125	-1.2297674726444165
4.552056186929198	-1.0786725175187468
4.657195609106011	-0.9808966816112685
4.803098083178128	-0.9001957164537112
4.697958661001315	-1.0058471195842056
4.49484489451793	-1.1664141908858312
4.207598651252444	-1.3278833777136883
3.855795287986539	-1.4532955313811156
3.4634096225442406	-1.5210009867145224
3.05718208957747	-1.5210009867145224
2.6647964241351714	-1.4532955313811156
2.3129930608692666	-1.3278833777136883
2.025746817603781	-1.1664141908858312
1.8226330511203954	-1.0058471195842056
1.717493628943583	-0.9001957164537112
1.717493628943583	-0.9001957164537112
1.8226330511203954	-1.0058471195842056
2.025746817603781	-1.1664141908858312
2.3129930608692666	-1.3278833777136883
2.6647964241351714	-1.4532955313811156
3.05718208957747	-1.5210009867145224
3.4634096225442406	-1.5210009867145224
3.855795287986539	-1.4532955313811156
4.207598651252444	-1.3278833777136883
4.49484489451793	-1.1664141908858312
4.697958661001315	-1.0058471195842056
4.803098083178128	-0.9001957164537112
5.030519738136076	-0.7662295234641033
4.925380315959263	-0.8879660932052865
4.7222665494758775	-1.0664320978882174
4.435020306210392	-1.2409792985842794
4.083216942944487	-1.374344664281393
3.6908312775021894	-1.4457521766516443
3.284603744535418	-1.4457521766516443
2.8922180790931193	-1.374344664281393
2.5404147158272155	-1.2409792985842794
2.25316847256173	-1.0664320978882174
2.0500547060783436	-0.8879660932052865
1.9449152839015313	-0.7662295234641033
1.9449152839015313	-0.7662295234641033
2.0500547060783436	-0.8879660932052865
2.25316847256173	-1.0664320978882174
2.5404147158272155	-1.2409792985842794
2.8922180790931193	-1.374344664281393
3.284603744535418	-1.4457521766516443
3.6908312775021894	-1.4457521766516443
4.083216942944487	-1.374344664281393
4.435020306210392	-1.2409792985842794
4.7222665494758775	-1.0664320978882174
4.925380315959263	-0.8879660932052865
5.030519738136076	-0.7662295234641033
5.287361013557041	-0.5954691179597452
5.182221591380228	-0.7456269647068765
4.979107824896842	-0.9511851592734164
4.691861581631358	-1.1434620270610039
4.340058218365453	-1.2869728218010141
3.947672552923154	-1.3629655696710383
3.5414450199563827	-1.3629655696710383
3.149059354514084	-1.2869728218010141
2.7972559912481803	-1.1434620270610039
2.5100097479826946	-0.9511851592734164
2.3068959814993084	-0.7456269647068765
2.2017565593224964	-0.5954691179597452
2.2017565593224964	-0.5954691179597452
2.3068959814993084	-0.7456269647068765
2.5100097479826946	-0.9511851592734164
2.7972559912481803	-1.1434620270610039
3.149059354514084	-1.2869728218010141
3.5414450199563827	-1.3629655696710383
3.947672552923154	-1.3629655696710383
4.340058218365453	-1.2869728218010141
4.691861581631358	-1.1434620270610039
4.979107824896842	-0.9511851592734164
5.182221591380228	-0.7456269647068765
5.287361013557041	-0.5954691179597452
5.514782668514989	-0.4074901055972842
5.4096432463381765	-0.6061553317540964
5.206529479854791	-0.8462965927722524
4.9192832365893056	-1.057813841394784
4.567479873323401	-1.2115130043752704
4.175094207881102	-1.2919519572432354
3.7688666749143316	-1.2919519572432354
3.376481009472033	-1.2115130043752704
3.0246776462061282	-1.057813841394784
2.737431402940643	-0.8462965927722524
2.5343176364572573	-0.6061553317540964
2.429178214280445	-0.4074901055972842
2.429178214280445	-0.4074901055972842
2.5343176364572573	-0.6061553317540964
2.737431402940643	-0.8462965927722524
3.0246776462061282	-1.057813841394784
3.376481009472033	-1.2115130043752704
3.7688666749143316	-1.2919519572432354
4.175094207881102	-1.2919519572432354
4.567479873323401	-1.2115130043752704
4.9192832365893056	-1.057813841394784
5.206529479854791	-0.8462965927722524
5.4096432463381765	-0.6061553317540964
5.514782668514989	-0.4074901055972842
5.6606851425871065	-0.23168198641119253
5.555545720410294	-0.5050273684481553
5.352431953926908	-0.7770754658369248
5.065185710661423	-1.003293815247627
4.713382347395518	-1.16421308893095
4.320996681953219	-1.2477051801176338
3.9147691489864487	-1.2477051801176338
3.52238348354415	-1.16421308893095
3.1705801202782453	-1.003293815247627
2.8833338770127597	-0.7770754658369248
2.6802201105293744	-0.5050273684481553
2.5750806883525614	-0.23168198641119253
2.5750806883525614	-0.23168198641119253
2.6802201105293744	-0.5050273684481553
2.8833338770127597	-0.7770754658369248
3.1705801202782453	-1.003293815247627
3.52238348354415	-1.16421308893095
3.9147691489864487	-1.2477051801176338
4.320996681953219	-1.2477051801176338
4.713382347395518	-1.16421308893095
5.065185710661423	-1.003293815247627
5.352431953926908	-0.7770754658369248
5.555545720410294	-0.5050273684481553
5.6606851425871065	-0.23168198641119253
5.691643937278893	-0.17520107784034675
5.58650451510208	-0.4817380177343823
5.3833907486186945	-0.7621451006564675
5.096144505353209	-0.9917748507413982
4.744341142087304	-1.1543010834644172
4.3519554766450055	-1.2384615825052308
3.945727943678235	-1.2384615825052308
3.5533422782359363	-1.1543010834644172
3.2015389149700315	-0.9917748507413982
2.914292671704546	-0.7621451006564675
2.7111789052211606	-0.4817380177343823
2.6060394830443476	-0.17520107784034675
2.6060394830443476	-0.17520107784034675
2.7111789052211606	-0.4817380177343823
2.914292671704546	-0.7621451006564675
3.2015389149700315	-0.9917748507413982
3.5533422782359363	-1.1543010834644172
3.945727943678235	-1.2384615825052308
4.3519554766450055	-1.2384615825052308
4.744341142087304	-1.1543010834644172
5.096144505353209	-0.9917748507413982
5.3833907486186945	-0.7621451006564675
5.58650451510208	-0.4817380177343823
5.691643937278893	-0.17520107784034675
5.600566765820381	-0.3149063892388861
5.495427343643568	-0.5482172325253062
5.292313577160183	-0.8058137320508447
5.005067333894697	-1.025713396066453
4.653263970628792	-1.1835884451929146
4.260878305186494	-1.265803186774474
3.854650772219723	-1.265803186774474
3.4622651067774246	-1.1835884451929146
3.11046174351152	-1.025713396066453
2.823215500246034	-0.8058137320508447
2.620101733762649	-0.5482172325253062
2.514962311585836	-0.3149063892388861
2.514962311585836	-0.3149063892388861
2.620101733762649	-0.5482172325253062
2.823215500246034	-0.8058137320508447
3.11046174351152	-1.025713396066453
3.4622651067774246	-1.1835884451929146
3.854650772219723	-1.265803186774474
4.260878305186494	-1.265803186774474
4.653263970628792	-1.1835884451929146
5.005067333894697	-1.025713396066453
5.292313577160183	-0.8058137320508447
5.495427343643568	-0.5482172325253062
5.600566765820381	-0.3149063892388861
5.408318310593815	-0.5022739767301359
5.303178888417002	-0.6735393438801759
5.100065121933617	-0.8957951130021544
4.812818878668131	-1.0978165077038184
4.461015515402226	-1.2465932461356484
4.068629849959928	-1.3249040800621175
3.662402316993157	-1.3249040800621175
3.2700166515508586	-1.2465932461356484
2.918213288284954	-1.0978165077038184
2.630967045019468	-0.8957951130021544
2.427853278536083	-0.6735393438801759
2.32271385635927	-0.5022739767301359
2.32271385635927	-0.5022739767301359
2.427853278536083	-0.6735393438801759
2.630967045019468	-0.8957951130021544
2.918213288284954	-1.0978165077038184
3.2700166515508586	-1.2465932461356484
3.662402316993157	-1.3249040800621175
4.068629849959928	-1.3249040800621175
4.461015515402226	-1.2465932461356484
4.812818878668131	-1.0978165077038184
5.100065121933617	-0.8957951130021544
5.303178888417002	-0.6735393438801759
5.408318310593815	-0.5022739767301359
5.408318310593815	-0.31384849116204105
5.303178888417003	-0.5476102404620667
5.100065121933618	-0.8054009015285043
4.812818878668132	-1.02538910287334
4.461015515402227	-1.1833074194880204
4.068629849959928	-1.2655404177937704
3.6624023169931568	-1.2655404177937704
3.270016651550858	-1.1833074194880204
2.918213288284954	-1.02538910287334
2.630967045019468	-0.8054009015285043
2.427853278536083	-0.5476102404620667
2.32271385635927	-0.31384849116204105
2.32271385635927	-0.31384849116204105
2.427853278536083	-0.5476102404620667
2.630967045019468	-0.8054009015285043
2.918213288284954	-1.02538910287334
3.270016651550858	-1.1833074194880204
3.6624023169931568	-1.2655404177937704
4.068629849959928	-1.2655404177937704
4.461015515402227	-1.1833074194880204
4.812818878668132	-1.02538910287334
5.100065121933618	-0.8054009015285043
5.303178888417003	-0.5476102404620667
5.408318310593815	-0.31384849116204105
5.276054321747477	-0.49242186503136837
5.170914899570665	-0.6662247317648933
4.9678011330872796	-0.8903083903565151
4.680554889821794	-1.0933440584041578
4.328751526555889	-1.2426563751784638
3.93636586111359	-1.3212005778177331
3.5301383281468195	-1.3212005778177331
3.137752662704521	-1.2426563751784638
2.7859492994386166	-1.0933440584041578
2.4987030561731305	-0.8903083903565151
2.2955892896897447	-0.6662247317648933
2.1904498675129327	-0.49242186503136837
2.1904498675129327	-0.49242186503136837
2.2955892896897447	-0.6662247317648933
2.4987030561731305	-0.8903083903565151
2.7859492994386166	-1.0933440584041578
3.137752662704521	-1.2426563751784638
3.5301383281468195	-1.3212005778177331
3.93636586111359	-1.3212005778177331
4.328751526555889	-1.2426563751784638
4.680554889821794	-1.0933440584041578
4.9678011330872796	-0.8903083903565151
5.170914899570665	-0.6662247317648933
5.276054321747477	-0.49242186503136837
5.158940375846558	-0.684285594130643
5.053800953669746	-0.8183048786295729
4.85068718718636	-1.009166245527943
4.563440943920875	-1.1921278082577516
4.21163758065497	-1.3303993189811227
3.8192519152126714	-1.4040436061603172
3.4130243822459008	-1.4040436061603172
3.020638716803602	-1.3303993189811227
2.6688353535376974	-1.1921278082577516
2.3815891102722118	-1.009166245527943
2.1784753437888265	-0.8183048786295729
2.0733359216120135	-0.684285594130643
2.0733359216120135	-0.684285594130643
2.1784753437888265	-0.8183048786295729
2.3815891102722118	-1.009166245527943
2.6688353535376974	-1.1921278082577516
3.020638716803602	-1.3303993189811227
3.4130243822459008	-1.4040436061603172
3.8192519152126714	-1.4040436061603172
4.21163758065497	-1.3303993189811227
4.563440943920875	-1.1921278082577516
4.85068718718636	-1.009166245527943
5.053800953669746	-0.8183048786295729
5.158940375846558	-0.684285594130643
5.083805866520912	-0.813446798326315
4.978666444344099	-0.9290165734590343
4.775552677860714	-1.1008475963936017
4.488306434595228	-1.2706760525775387
4.136503071329322	-1.4012177801177235
3.744117405887024	-1.4713216396737572
3.3378898729202535	-1.4713216396737572
2.945504207477955	-1.4012177801177235
2.5937008442120506	-1.2706760525775387
2.3064546009465645	-1.1008475963936017
2.103340834463179	-0.9290165734590343
1.9982014122863667	-0.813446798326315
1.9982014122863667	-0.813446798326315
2.103340834463179	-0.9290165734590343
2.3064546009465645	-1.1008475963936017
2.5937008442120506	-1.2706760525775387
2.945504207477955	-1.4012177801177235
3.3378898729202535	-1.4713216396737572
3.744117405887024	-1.4713216396737572
4.136503071329322	-1.4012177801177235
4.488306434595228	-1.2706760525775387
4.775552677860714	-1.1008475963936017
4.978666444344099	-0.9290165734590343
5.083805866520912	-0.813446798326315
5.067863204388047	-0.8412071719802585
4.962723782211234	-0.9534178550065323
4.759610015727849	-1.1215164925088092
4.472363772462363	-1.2886238563202714
4.120560409196458	-1.4175136965129234
3.7281747437541592	-1.4868494139811084
3.3219472107873886	-1.4868494139811084
2.92956154534509	-1.4175136965129234
2.5777581820791857	-1.2886238563202714
2.2905119388136996	-1.1215164925088092
2.0873981723303143	-0.9534178550065323
1.982258750153502	-0.8412071719802585
1.982258750153502	-0.8412071719802585
2.0873981723303143	-0.9534178550065323
2.2905119388136996	-1.1215164925088092
2.5777581820791857	-1.2886238563202714
2.92956154534509	-1.4175136965129234
3.3219472107873886	-1.4868494139811084
3.7281747437541592	-1.4868494139811084
4.120560409196458	-1.4175136965129234
4.472363772462363	-1.2886238563202714
4.759610015727849	-1.1215164925088092
4.962723782211234	-0.9534178550065323
5.067863204388047	-0.8412071719802585
5.114764661212697	-0.7598577461667976
5.009625239035884	-0.8824737358493556
4.806511472552499	-1.0618632356325004
4.519265229287014	-1.2370552660638847
4.167461866021109	-1.3708024540466777
3.7750762005788103	-1.442385339662958
3.3688486676120397	-1.442385339662958
2.976463002169741	-1.3708024540466777
2.6246596389038364	-1.2370552660638847
2.3374133956383507	-1.0618632356325004
2.134299629154965	-0.8824737358493556
2.0291602069781525	-0.7598577461667976
2.0291602069781525	-0.7598577461667976
2.134299629154965	-0.8824737358493556
2.3374133956383507	-1.0618632356325004
2.6246596389038364	-1.2370552660638847
2.976463002169741	-1.3708024540466777
3.3688486676120397	-1.442385339662958
3.7750762005788103	-1.442385339662958
4.167461866021109	-1.3708024540466777
4.519265229287014	-1.2370552660638847
4.806511472552499	-1.0618632356325004
5.009625239035884	-0.8824737358493556
5.114764661212697	-0.7598577461667976
5.213765678460164	-0.5925072808604717
5.108626256283351	-0.743263733762722
4.905512489799966	-0.9493337741020844
4.61826624653448	-1.1419224206395866
4.266462883268575	-1.2856050915749277
3.874077217826277	-1.361674172310546
3.467849684859506	-1.361674172310546
3.0754640194172076	-1.2856050915749277
2.723660656151303	-1.1419224206395866
2.436414412885817	-0.9493337741020844
2.2333006464024314	-0.743263733762722
2.128161224225619	-0.5925072808604717
2.128161224225619	-0.5925072808604717
2.2333006464024314	-0.743263733762722
2.436414412885817	-0.9493337741020844
2.723660656151303	-1.1419224206395866
3.0754640194172076	-1.2856050915749277
3.467849684859506	-1.361674172310546
3.874077217826277	-1.361674172310546
4.266462883268575	-1.2856050915749277
4.61826624653448	-1.1419224206395866
4.905512489799966	-0.9493337741020844
5.108626256283351	-0.743263733762722
5.213765678460164	-0.5925072808604717
5.342186316170647	-0.39468070966046065
5.237046893993833	-0.5976194128643393
5.033933127510448	-0.8402039034403034
4.746686884244962	-1.052945772328655
4.394883520979057	-1.2072648575142046
4.00249785553676	-1.2879691518988432
3.596270322569988	-1.2879691518988432
3.2038846571276896	-1.2072648575142046
2.852081293861785	-1.052945772328655
2.5648350505962996	-0.8402039034403034
2.361721284112914	-0.5976194128643393
2.2565818619361013	-0.39468070966046065
2.2565818619361013	-0.39468070966046065
2.361721284112914	-0.5976194128643393
2.5648350505962996	-0.8402039034403034
2.852081293861785	-1.052945772328655
3.2038846571276896	-1.2072648575142046
3.596270322569988	-1.2879691518988432
4.00249785553676	-1.2879691518988432
4.394883520979057	-1.2072648575142046
4.746686884244962	-1.052945772328655
5.033933127510448	-0.8402039034403034
5.237046893993833	-0.5976194128643393
5.342186316170647	-0.39468070966046065
5.470606953881129	-0.2673491063382246
5.365467531704315	-0.5223520314061009
5.16235376522093	-0.7884448499661121
4.875107521955444	-1.0121252301699384
4.523304158689539	-1.171832376353613
4.130918493247242	-1.2548176036081053
3.7246909602804705	-1.2548176036081053
3.332305294838172	-1.171832376353613
2.9805019315722676	-1.0121252301699384
2.693255688306782	-0.7884448499661121
2.490141921823396	-0.5223520314061009
2.3850024996465837	-0.2673491063382246
2.3850024996465837	-0.2673491063382246
2.490141921823396	-0.5223520314061009
2.693255688306782	-0.7884448499661121
2.9805019315722676	-1.0121252301699384
3.332305294838172	-1.171832376353613
3.7246909602804705	-1.2548176036081053
4.130918493247242	-1.2548176036081053
4.523304158689539	-1.171832376353613
4.875107521955444	-1.0121252301699384
5.16235376522093	-0.7884448499661121
5.365467531704315	-0.5223520314061009
5.470606953881129	-0.2673491063382246
5.569607971128595	-0.28680250139490027
5.464468548951782	-0.5325709106406438
5.261354782468397	-0.7952517913117892
4.974108539202911	-1.0174367851090675
4.622305175937006	-1.1764230737354142
4.229919510494708	-1.259105773345239
3.823691977527937	-1.259105773345239
3.4313063120856384	-1.1764230737354142
3.0795029488197336	-1.0174367851090675
2.792256705554248	-0.7952517913117892
2.5891429390708622	-0.5325709106406438
2.4840035168940497	-0.28680250139490027
2.4840035168940497	-0.28680250139490027
2.5891429390708622	-0.5325709106406438
2.792256705554248	-0.7952517913117892
3.0795029488197336	-1.0174367851090675
3.4313063120856384	-1.1764230737354142
3.823691977527937	-1.259105773345239
4.229919510494708	-1.259105773345239
4.622305175937006	-1.1764230737354142
4.974108539202911	-1.0174367851090675
5.261354782468397	-0.7952517913117892
5.464468548951782	-0.5325709106406438
5.569607971128595	-0.28680250139490027
5.616509427953246	-0.33225063650451053
5.511370005776433	-0.5583606231745619
5.308256239293048	-0.8127485602791863
5.021009996027562	-1.0311704138232225
4.669206632761657	-1.1883206886477913
4.276820967319359	-1.2702291758271786
3.8705934343525876	-1.2702291758271786
3.478207768910289	-1.1883206886477913
3.1264044056443847	-1.0311704138232225
2.8391581623788986	-0.8127485602791863
2.6360443958955133	-0.5583606231745619
2.530904973718701	-0.33225063650451053
2.530904973718701	-0.33225063650451053
2.6360443958955133	-0.5583606231745619
2.8391581623788986	-0.8127485602791863
3.1264044056443847	-1.0311704138232225
3.478207768910289	-1.1883206886477913
3.8705934343525876	-1.2702291758271786
4.276820967319359	-1.2702291758271786
4.669206632761657	-1.1883206886477913
5.021009996027562	-1.0311704138232225
5.308256239293048	-0.8127485602791863
5.511370005776433	-0.5583606231745619
5.616509427953246	-0.33225063650451053
5.600566765820381	-0.31490638923888614
5.495427343643568	-0.5482172325253062
5.292313577160183	-0.8058137320508447
5.005067333894697	-1.025713396066453
4.653263970628792	-1.1835884451929146
4.260878305186494	-1.265803186774474
3.854650772219723	-1.265803186774474
3.4622651067774246	-1.1835884451929146
3.11046174351152	-1.025713396066453
2.823215500246034	-0.8058137320508447
2.620101733762649	-0.5482172325253062
2.514962311585836	-0.31490638923888614
2.514962311585836	-0.31490638923888614
2.620101733762649	-0.5482172325253062
2.823215500246034	-0.8058137320508447
3.11046174351152	-1.025713396066453
3.4622651067774246	-1.1835884451929146
3.854650772219723	-1.265803186774474
4.260878305186494	-1.265803186774474
4.653263970628792	-1.1835884451929146
5.005067333894697	-1.025713396066453
5.292313577160183	-0.8058137320508447
5.495427343643568	-0.5482172325253062
5.600566765820381	-0.31490638923888614
5.525432256494733	-0.263239893340308
5.420292834317921	-0.520260839867897
5.217179067834536	-0.7870609749085864
4.92993282456905	-1.0110475648220116
4.578129461303146	-1.170901710245794
4.185743795860846	-1.2539485296896191
3.779516262894076	-1.2539485296896191
3.3871305974517774	-1.170901710245794
3.035327234185873	-1.0110475648220116
2.748080990920387	-0.7870609749085864
2.544967224437001	-0.520260839867897
2.439827802260189	-0.263239893340308
2.439827802260189	-0.263239893340308
2.544967224437001	-0.520260839867897
2.748080990920387	-0.7870609749085864
3.035327234185873	-1.0110475648220116
3.3871305974517774	-1.170901710245794
3.779516262894076	-1.2539485296896191
4.185743795860846	-1.2539485296896191
4.578129461303146	-1.170901710245794
4.92993282456905	-1.0110475648220116
5.217179067834536	-0.7870609749085864
5.420292834317921	-0.520260839867897
5.525432256494733	-0.263239893340308
5.408318310593815	-0.31384849116204105
5.303178888417003	-0.5476102404620667
5.100065121933618	-0.8054009015285043
4.812818878668132	-1.02538910287334
4.461015515402227	-1.1833074194880204
4.068629849959928	-1.2655404177937704
3.6624023169931568	-1.2655404177937704
3.270016651550858	-1.1833074194880204
2.918213288284954	-1.02538910287334
2.630967045019468	-0.8054009015285043
2.427853278536083	-0.5476102404620667
2.32271385635927	-0.31384849116204105
2.32271385635927	-0.31384849116204105
2.427853278536083	-0.5476102404620667
2.630967045019468	-0.8054009015285043
2.918213288284954	-1.02538910287334
3.270016651550858	-1.1833074194880204
3.6624023169931568	-1.2655404177937704
4.068629849959928	-1.2655404177937704
4.461015515402227	-1.1833074194880204
4.812818878668132	-1.02538910287334
5.100065121933618	-0.8054009015285043
5.303178888417003	-0.5476102404620667
5.408318310593815	-0.31384849116204105
5.408318310593815	-0.1628240354694265
5.303178888417002	-0.4773759174704793
5.100065121933617	-0.759395419596923
4.812818878668131	-0.989663378838104
4.461015515402226	-1.1524874143075303
4.068629849959928	-1.2367713370674023
3.662402316993157	-1.2367713370674023
3.2700166515508586	-1.1524874143075303
2.918213288284954	-0.989663378838104
2.630967045019468	-0.759395419596923
2.427853278536083	-0.4773759174704793
2.32271385635927	-0.1628240354694265
2.32271385635927	-0.1628240354694265
2.427853278536083	-0.4773759174704793
2.630967045019468	-0.759395419596923
2.918213288284954	-0.989663378838104
3.2700166515508586	-1.1524874143075303
3.662402316993157	-1.2367713370674023
4.068629849959928	-1.2367713370674023
4.461015515402226	-1.1524874143075303
4.812818878668131	-0.989663378838104
5.100065121933617	-0.759395419596923
5.303178888417002	-0.4773759174704793
5.408318310593815	-0.1628240354694265
5.408318310593815	-0.31384849116204105
5.303178888417003	-0.5476102404620667
5.100065121933618	-0.8054009015285043
4.812818878668132	-1.02538910287334
4.461015515402227	-1.1833074194880204
4.068629849959928	-1.2655404177937704
3.6624023169931568	-1.2655404177937704
3.270016651550858	-1.1833074194880204
2.918213288284954	-1.02538910287334
2.630967045019468	-0.8054009015285043
2.427853278536083	-0.5476102404620667
2.32271385635927	-0.31384849116204105
2.32271385635927	-0.31384849116204105
2.427853278536083	-0.5476102404620667
2.630967045019468	-0.8054009015285043
2.918213288284954	-1.02538910287334
3.270016651550858	-1.1833074194880204
3.6624023169931568	-1.2655404177937704
4.068629849959928	-1.2655404177937704
4.461015515402227	-1.1833074194880204
4.812818878668132	-1.02538910287334
5.100065121933618	-0.8054009015285043
5.303178888417003	-0.5476102404620667
5.408318310593815	-0.31384849116204105
5.408318310593815	-0.5022739767301357
5.303178888417002	-0.6735393438801759
5.100065121933617	-0.8957951130021544
4.812818878668131	-1.0978165077038184
4.461015515402226	-1.2465932461356484
4.068629849959928	-1.3249040800621175
3.662402316993157	-1.3249040800621175
3.2700166515508586	-1.2465932461356484
2.918213288284954	-1.0978165077038184
2.630967045019468	-0.8957951130021544
2.427853278536083	-0.6735393438801759
2.32271385635927	-0.5022739767301357
2.32271385635927	-0.5022739767301357
2.427853278536083	-0.6735393438801759
2.630967045019468	-0.8957951130021544
2.918213288284954	-1.0978165077038184
3.2700166515508586	-1.2465932461356484
3.662402316993157	-1.3249040800621175
4.068629849959928	-1.3249040800621175
4.461015515402226	-1.2465932461356484
4.812818878668131	-1.0978165077038184
5.100065121933617	-0.8957951130021544
5.303178888417002	-0.6735393438801759
5.408318310593815	-0.5022739767301357
5.408318310593816	-0.5958204170980473
5.303178888417003	-0.7459075475453536
5.100065121933618	-0.9514051220217016
4.812818878668132	-1.143645008871894
4.461015515402226	-1.287135401984422
4.068629849959928	-1.3631190861754638
3.6624023169931568	-1.3631190861754638
3.270016651550858	-1.287135401984422
2.918213288284954	-1.143645008871894
2.630967045019468	-0.9514051220217016
2.4278532785360825	-0.7459075475453536
2.32271385635927	-0.5958204170980473
2.32271385635927	-0.5958204170980473
2.4278532785360825	-0.7459075475453536
2.630967045019468	-0.9514051220217016
2.918213288284954	-1.143645008871894
3.270016651550858	-1.287135401984422
3.6624023169931568	-1.3631190861754638
4.068629849959928	-1.3631190861754638
4.461015515402226	-1.287135401984422
4.812818878668132	-1.143645008871894
5.100065121933618	-0.9514051220217016
5.303178888417003	-0.7459075475453536
5.408318310593816	-0.5958204170980473
5.408318310593815	-0.5638529281249375
5.303178888417002	-0.7206290478528455
5.100065121933617	-0.9317187672969262
4.812818878668131	-1.127320744704793
4.461015515402226	-1.272653015619644
4.068629849959928	-1.3494524068006277
3.6624023169931568	-1.3494524068006277
3.270016651550858	-1.272653015619644
2.918213288284954	-1.127320744704793
2.6309670450194687	-0.9317187672969262
2.427853278536083	-0.7206290478528455
2.3227138563592704	-0.5638529281249375
2.3227138563592704	-0.5638529281249375
2.427853278536083	-0.7206290478528455
2.6309670450194687	-0.9317187672969262
2.918213288284954	-1.127320744704793
3.270016651550858	-1.272653015619644
3.6624023169931568	-1.3494524068006277
4.068629849959928	-1.3494524068006277
4.461015515402226	-1.272653015619644
4.812818878668131	-1.127320744704793
5.100065121933617	-0.9317187672969262
5.303178888417002	-0.7206290478528455
5.408318310593815	-0.5638529281249375
5.408318310593815	-0.4160395251463438
5.303178888417002	-0.611935443113265
5.100065121933617	-0.8504461318991537
4.812818878668131	-1.0611365714980794
4.461015515402226	-1.214415274975864
4.068629849959928	-1.2946739203942188
3.662402316993157	-1.2946739203942188
3.2700166515508586	-1.214415274975864
2.918213288284954	-1.0611365714980794
2.630967045019468	-0.8504461318991537
2.427853278536083	-0.611935443113265
2.32271385635927	-0.4160395251463438
2.32271385635927	-0.4160395251463438
2.427853278536083	-0.611935443113265
2.630967045019468	-0.8504461318991537
2.918213288284954	-1.0611365714980794
3.2700166515508586	-1.214415274975864
3.662402316993157	-1.2946739203942188
4.068629849959928	-1.2946739203942188
4.461015515402226	-1.214415274975864
4.812818878668131	-1.0611365714980794
5.100065121933617	-0.8504461318991537
5.303178888417002	-0.611935443113265
5.408318310593815	-0.4160395251463438
5.408318310593815	-0.2135470180491424
5.303178888417002	-0.49696924348687166
5.100065121933617	-0.7718627246446861
4.812818878668131	-0.9992618604772144
4.461015515402226	-1.160740239040755
4.068629849959928	-1.2444653480843175
3.662402316993157	-1.2444653480843175
3.2700166515508586	-1.160740239040755
2.918213288284954	-0.9992618604772144
2.630967045019468	-0.7718627246446861
2.427853278536083	-0.49696924348687166
2.32271385635927	-0.2135470180491424
2.32271385635927	-0.2135470180491424
2.427853278536083	-0.49696924348687166
2.630967045019468	-0.7718627246446861
2.918213288284954	-0.9992618604772144
3.2700166515508586	-1.160740239040755
3.662402316993157	-1.2444653480843175
4.068629849959928	-1.2444653480843175
4.461015515402226	-1.160740239040755
4.812818878668131	-0.9992618604772144
5.100065121933617	-0.7718627246446861
5.303178888417002	-0.49696924348687166
5.408318310593815	-0.2135470180491424
5.408318310593815	-0.2135470180491424
5.303178888417002	-0.49696924348687166
5.100065121933617	-0.7718627246446861
4.812818878668131	-0.9992618604772144
4.461015515402226	-1.160740239040755
4.068629849959928	-1.2444653480843175
3.662402316993157	-1.2444653480843175
3.2700166515508586	-1.160740239040755
2.918213288284954	-0.9992618604772144
2.630967045019468	-0.7718627246446861
2.427853278536083	-0.49696924348687166
2.32271385635927	-0.2135470180491424
2.32271385635927	-0.2135470180491424
2.427853278536083	-0.49696924348687166
2.630967045019468	-0.7718627246446861
2.918213288284954	-0.9992618604772144
3.2700166515508586	-1.160740239040755
3.662402316993157	-1.2444653480843175
4.068629849959928	-1.2444653480843175
4.461015515402226	-1.160740239040755
4.812818878668131	-0.9992618604772144
5.100065121933617	-0.7718627246446861
5.303178888417002	-0.49696924348687166
5.408318310593815	-0.2135470180491424
5.408318310593815	-0.4160395251463438
5.303178888417002	-0.611935443113265
5.100065121933617	-0.8504461318991537
4.812818878668131	-1.0611365714980794
4.461015515402226	-1.214415274975864
4.068629849959928	-1.2946739203942188
3.662402316993157	-1.2946739203942188
3.2700166515508586	-1.214415274975864
2.918213288284954	-1.0611365714980794
2.630967045019468	-0.8504461318991537
2.427853278536083	-0.611935443113265
2.32271385635927	-0.4160395251463438
2.32271385635927	-0.4160395251463438
2.427853278536083	-0.611935443113265
2.630967045019468	-0.8504461318991537
2.918213288284954	-1.0611365714980794
3.2700166515508586	-1.214415274975864
3.662402316993157	-1.2946739203942188
4.068629849959928	-1.2946739203942188
4.461015515402226	-1.214415274975864
4.812818878668131	-1.0611365714980794
5.100065121933617	-0.8504461318991537
5.303178888417002	-0.611935443113265
5.408318310593815	-0.4160395251463438
5.408318310593815	-0.5638529281249375
5.303178888417002	-0.7206290478528455
5.100065121933617	-0.9317187672969262
4.812818878668131	-1.127320744704793
4.461015515402226	-1.272653015619644
4.068629849959928	-1.3494524068006277
3.6624023169931568	-1.3494524068006277
3.270016651550858	-1.272653015619644
2.918213288284954	-1.127320744704793
2.6309670450194687	-0.9317187672969262
2.427853278536083	-0.7206290478528455
2.3227138563592704	-0.5638529281249375
2.3227138563592704	-0.5638529281249375
2.427853278536083	-0.7206290478528455
2.6309670450194687	-0.9317187672969262
2.918213288284954	-1.127320744704793
3.270016651550858	-1.272653015619644
3.6624023169931568	-1.3494524068006277
4.068629849959928	-1.3494524068006277
4.461015515402226	-1.272653015619644
4.812818878668131	-1.127320744704793
5.100065121933617	-0.9317187672969262
5.303178888417002	-0.7206290478528455
5.408318310593815	-0.5638529281249375
5.408318310593816	-0.5958204170980473
5.303178888417003	-0.7459075475453536
5.100065121933618	-0.9514051220217016
4.812818878668132	-1.143645008871894
4.461015515402226	-1.287135401984422
4.068629849959928	-1.3631190861754638
3.6624023169931568	-1.3631190861754638
3.270016651550858	-1.287135401984422
2.918213288284954	-1.143645008871894
2.630967045019468	-0.9514051220217016
2.4278532785360825	-0.7459075475453536
2.32271385635927	-0.5958204170980473
2.32271385635927	-0.5958204170980473
2.4278532785360825	-0.7459075475453536
2.630967045019468	-0.9514051220217016
2.918213288284954	-1.143645008871894
3.270016651550858	-1.287135401984422
3.6624023169931568	-1.3631190861754638
4.068629849959928	-1.3631190861754638
4.461015515402226	-1.287135401984422
4.812818878668132	-1.143645008871894
5.100065121933618	-0.9514051220217016
5.303178888417003	-0.7459075475453536
5.408318310593816	-0.5958204170980473
5.408318310593815	-0.5022739767301357
5.303178888417002	-0.6735393438801759
5.100065121933617	-0.8957951130021544
4.812818878668131	-1.0978165077038184
4.461015515402226	-1.2465932461356484
4.068629849959928	-1.3249040800621175
3.662402316993157	-1.3249040800621175
3.2700166515508586	-1.2465932461356484
2.918213288284954	-1.0978165077038184
2.630967045019468	-0.8957951130021544
2.427853278536083	-0.6735393438801759
2.32271385635927	-0.5022739767301357
2.32271385635927	-0.5022739767301357
2.427853278536083	-0.6735393438801759
2.630967045019468	-0.8957951130021544
2.918213288284954	-1.0978165077038184
3.2700166515508586	-1.2465932461356484
3.662402316993157	-1.3249040800621175
4.068629849959928	-1.3249040800621175
4.461015515402226	-1.2465932461356484
4.812818878668131	-1.0978165077038184
5.100065121933617	-0.8957951130021544
5.303178888417002	-0.6735393438801759
5.408318310593815	-0.5022739767301357
5.408318310593815	-0.31384849116204105
5.303178888417003	-0.5476102404620667
5.100065121933618	-0.8054009015285043
4.812818878668132	-1.02538910287334
4.461015515402227	-1.1833074194880204
4.068629849959928	-1.2655404177937704
3.6624023169931568	-1.2655404177937704
3.270016651550858	-1.1833074194880204
2.918213288284954	-1.02538910287334
2.630967045019468	-0.8054009015285043
2.427853278536083	-0.5476102404620667
2.32271385635927	-0.31384849116204105
2.32271385635927	-0.31384849116204105
2.427853278536083	-0.5476102404620667
2.630967045019468	-0.8054009015285043
2.918213288284954	-1.02538910287334
3.270016651550858	-1.1833074194880204
3.6624023169931568	-1.2655404177937704
4.068629849959928	-1.2655404177937704
4.461015515402227	-1.1833074194880204
4.812818878668132	-1.02538910287334
5.100065121933618	-0.8054009015285043
5.303178888417003	-0.5476102404620667
5.408318310593815	-0.31384849116204105
5.408318310593815	-0.1628240354694265
5.303178888417002	-0.4773759174704793
5.100065121933617	-0.759395419596923
4.812818878668131	-0.989663378838104
4.461015515402226	-1.1524874143075303
4.068629849959928	-1.2367713370674023
3.662402316993157	-1.2367713370674023
3.2700166515508586	-1.1524874143075303
2.918213288284954	-0.989663378838104
2.630967045019468	-0.759395419596923
2.427853278536083	-0.4773759174704793
2.32271385635927	-0.1628240354694265
2.32271385635927	-0.1628240354694265
2.427853278536083	-0.4773759174704793
2.630967045019468	-0.759395419596923
2.918213288284954	-0.989663378838104
3.2700166515508586	-1.1524874143075303
3.662402316993157	-1.2367713370674023
4.068629849959928	-1.2367713370674023
4.461015515402226	-1.1524874143075303
4.812818878668131	-0.989663378838104
5.100065121933617	-0.759395419596923
5.303178888417002	-0.4773759174704793
5.408318310593815	-0.1628240354694265